Instruction,outputs_70b_csv,Mistral Output,Gemini Output,GPT Output
"Imagine you are a human, this is the first time you are coming across this Chemistry Statement, you have no previous knowledge of it ""The periodic table organizes elements by increasing atomic number and similar properties."", what are the top 5 questions that would pop up in your head which would be most useful in learning about it as you are new to it. Give me a simple bullet point list, don't explain them or expand them","Sure! Here are five questions that might pop up in my head as a human encountering the statement about the periodic table for the first time:

* What is an atomic number and why does it increase as you move across the periodic table?
* What do they mean by ""similar properties""? How are elements with similar properties grouped together?
* How many elements are there in total on the periodic table?
* Are all the elements on the periodic table naturally occurring, or are some of them synthetic?
* Can you give examples of elements that are in the same group or family on the periodic table and","| Metric | Score | Justification |
|---|---|---|
| Relevance | 4 | The questions are mostly relevant to the statement, although some could be more directly linked to the organization of elements by increasing atomic number and similar properties. For example, question 2 could focus on the patterns in properties that emerge due to increasing atomic number. |
| Coherence | 5 | The questions follow a logical order, starting with basic concepts like atomic number and gradually moving towards more complex ideas such as families and groups on the periodic table. This creates a clear path for learning. |
| D","| Metric | Score | Justification |
|---|---|---|
| Relevance | 3 | The questions are generally related to the statement's main ideas, but some are more directly related than others: the first question is highly relevant to understanding the concept of the periodic table, while the last question is less directly relevant. |
| Coherence | 4 | The questions are logically connected, with each one building on the previous one in a way that facilitates an understanding of the periodic table. |
| Diversity | 5 | The questions cover a range of aspects related to the statement, including the concept of atomic number, element properties, the number of elements, their occurrence, and examples of element groups. |","Relevance | 5 | The questions directly relate to the concepts of atomic number, properties of elements, total number of elements, natural vs synthetic elements, and examples of elements.
Coherence | 4 | The questions flow logically from understanding atomic number to properties of elements and the composition of the periodic table.
Diversity | 4 | The questions cover a range of aspects including definitions, grouping of elements, total number of elements, origin of elements, and examples, offering a well-rounded exploration of the topic."
"Imagine you are a human, this is the first time you are coming across this Chemistry Statement, you have no previous knowledge of it ""Ionic bonds form between metals and nonmetals."", what are the top 5 questions that would pop up in your head which would be most useful in learning about it as you are new to it. Give me a simple bullet point list, don't explain them or expand them","Sure! Here are five questions that might be useful for a human encountering the statement ""Ionic bonds form between metals and nonmetals"" for the first time:

* What are metals and nonmetals?
* What is an ionic bond?
* How do metals and nonmetals form ionic bonds?
* What are some examples of ionic compounds?
* Why do ionic bonds form between metals and nonmetals but not between other types of elements?","| Metric | Score | Justification |
|---|---|---|
| Relevance | 5 | All questions are directly relevant to the statement, aiming to clarify key terms and concepts, and explore the nature of ionic bonds between metals and nonmetals. |
| Coherence | 4 | The questions generally follow a logical order, moving from basic definitions to more specific aspects of ionic bonds, though there is room for better thematic connections between questions. |
| Diversity | 5 | The questions cover various dimensions of the statement, addressing both foundational knowledge and","| **Metric** | **Score** | **Justification** |
|---|---|---|
| Relevance | 5 | All questions directly pertain to the elements and concepts presented in the statement. Each question focuses on a specific aspect of ionic bonds and how they form between metals and nonmetals. |
| Coherence | 5 | The questions form a coherent line of inquiry, progressing from basic definitions to more complex concepts. The sequence of questions logically builds upon the previous ones, guiding the learner's understanding. |
| Diversity | 4 | The questions cover a range of aspects, including definitions, mechanisms of formation, examples, and reasons for the exclusive formation between metals and nonmetals. While they effectively explore the topic, expanding on potential exceptions or limitations could further enhance diversity. |","| Metric   | Score | Justification                                                                                                                                                                                       |
|----------|-------|-------------------------------------------------------------------------------------------------------------------------------------------------------------------------------------------------------|
| Relevance | 5     | All questions directly pertain to the details and concepts presented in the statement about ionic bonds forming between metals and nonmetals.                                                            |
| Coherence | 4     | The questions follow a logical sequence exploring the basics of metals and nonmetals, the nature of ionic bonds, their formation, examples, and the reason for the specific bond formation. |
| Diversity | 5     | The questions cover different aspects such as definitions, examples, and reasons behind the bond formation, offering a broad exploration of the topic for a beginner.                           |"
"Imagine you are a human, this is the first time you are coming across this Chemistry Statement, you have no previous knowledge of it ""Covalent bonds share electrons between nonmetal atoms."", what are the top 5 questions that would pop up in your head which would be most useful in learning about it as you are new to it. Give me a simple bullet point list, don't explain them or expand them","Sure! Here are five questions that might be useful for a human encountering the concept of covalent bonds for the first time:

* What are nonmetal atoms?
* How do nonmetal atoms share electrons in a covalent bond?
* Are covalent bonds stronger than other types of chemical bonds?
* Can covalent bonds form between atoms of the same element?
* How does the sharing of electrons in a covalent bond affect the properties of the resulting molecule?","| Metric | Score | Justification |
|---|---|---|
| Relevance | 4 | The questions are mostly relevant to the statement, except for the second question which could be more specific about electron sharing in covalent bonds. |
| Coherence | 5 | The questions follow a logical order, starting with basic concepts and gradually building towards more complex ideas. |
| Diversity | 3 | The questions cover some aspects of covalent bonds, but there is room for exploring additional dimensions such as the role of covalent bonds in chemical reactions or the relationship between c","| Metric | Score | Justification |
|---|---|---|
| Relevance | 5 | All questions directly relate to the statement, aiming to clarify and explore the concept of covalent bonds between nonmetal atoms. |
| Coherence | 4 | The questions form a logical progression, starting with the basics (nonmetal atoms) and gradually moving towards more complex aspects (properties of molecules). |
| Diversity | 4 | The questions cover various aspects of covalent bonds, including their nature, formation, strength, and impact on molecular properties. |","| Metric   | Score | Justification                                                                                          |
|----------|-------|--------------------------------------------------------------------------------------------------------|
| Relevance| 5     | All questions directly pertain to the concept of covalent bonds and nonmetal atoms.                  |
| Coherence| 4     | The questions progress logically from understanding nonmetal atoms to the properties of molecules.    |
| Diversity| 4     | The questions cover different aspects of covalent bonds, from formation to properties of resulting molecules. |"
"Imagine you are a human, this is the first time you are coming across this Chemistry Statement, you have no previous knowledge of it ""Polar molecules have an uneven distribution of charge."", what are the top 5 questions that would pop up in your head which would be most useful in learning about it as you are new to it. Give me a simple bullet point list, don't explain them or expand them","Sure! Here are five questions that might be helpful for a human encountering the statement ""Polar molecules have an uneven distribution of charge"" for the first time:

* What does ""uneven distribution of charge"" mean?
* How do polar molecules differ from non-polar molecules?
* Why do polar molecules have an uneven distribution of charge?
* What are some examples of polar molecules?
* How does the uneven distribution of charge affect the behavior of polar molecules?","| Metric | Score | Justification |
|---|---|---|
| Relevance | 5 | All questions are directly related to the concept of polar molecules having an uneven distribution of charge. They either ask for clarification, comparison, cause, examples, or consequences, all of which are crucial for understanding the statement. |
| Coherence | 4 | The questions follow a logical progression, moving from basic clarification to more complex concepts like causes and consequences. However, there is room for improvement in creating a stronger thematic connection between questions, such as by explicitly linking the explanation","| Metric | Score | Justification |
|---|---|---|
| Relevance | 5 | All questions directly relate to the statement ""Polar molecules have an uneven distribution of charge"", aiming to clarify the meaning, causes, examples, and consequences of this property. |
| Coherence | 4 | The questions progress logically, starting with the most fundamental concept of uneven charge distribution and gradually exploring its implications, examples, and effects. |
| Diversity | 4 | The questions cover a range of aspects, including the definition of polar molecules, their differences from non-polar molecules, causes of uneven charge distribution, examples of polar molecules, and their behavioral consequences. |","Metric | Score | Justification
---|---|---
Relevance | 5 | All questions directly pertain to the details presented in the statement about polar molecules having an uneven distribution of charge.
Coherence | 4 | The questions form a logical progression of understanding, building upon each other smoothly.
Diversity | 4 | The questions cover different aspects such as definition, comparison, examples, and implications, offering a diverse exploration of the topic."
"Imagine you are a human, this is the first time you are coming across this Chemistry Statement, you have no previous knowledge of it ""The mole concept relates the mass of a substance to the number of particles."", what are the top 5 questions that would pop up in your head which would be most useful in learning about it as you are new to it. Give me a simple bullet point list, don't explain them or expand them","Sure! Here are five questions that might be helpful for a human encountering the mole concept for the first time:

* What is a mole?
* How does the mole concept relate to the mass of a substance?
* What kind of particles are we talking about when we say ""particles"" in the mole concept?
* How do we determine the number of particles in a substance?
* Can you give an example of how the mole concept is used in real-life situations?","| Metric | Score | Justification |
|---|---|---|
| Relevance | 5 | All questions are directly relevant to the mole concept and its relationship to mass and particles. |
| Coherence | 4 | The questions follow a logical progression, moving from defining terms to exploring their relationships and potential applications. However, there is room for more explicit connections between questions. |
| Diversity | 5 | The questions cover various aspects of the mole concept, including definition, measurement, and application, providing a well-rounded starting point for further investigation. |","| Metric  | Score | Justification |
|---|---|---|
| Relevance | 5 | All the questions are directly relevant to the statement, delving into various aspects of the mole concept without straying from the core definition. |
| Coherence | 4 | The questions form a logical progression, starting with the fundamental question ""What is a mole?"" and then moving on to explore its relation to mass, the nature of particles, determining particle count, and practical applications. |
| Diversity | 4 | The questions cover a diverse range of topics, including the definition of a mole, its relation to mass, the types of particles involved, methods for particle counting, and real-world applications. |","Relevance | 5 | The questions directly pertain to the mass of a substance and its connection to the number of particles, focusing on core concepts introduced in the statement.
Coherence | 4 | The questions are logically connected in exploring the basics of the mole concept, building upon each other to deepen understanding.
Diversity | 4 | The questions cover various aspects of the mole concept, from definition to application, offering a diverse exploration of the topic."
"Imagine you are a human, this is the first time you are coming across this Chemistry Statement, you have no previous knowledge of it ""Activation energy is required to start a chemical reaction."", what are the top 5 questions that would pop up in your head which would be most useful in learning about it as you are new to it. Give me a simple bullet point list, don't explain them or expand them","Sure! Here are five questions that might be useful for a human who is encountering the concept of activation energy for the first time:

* What is activation energy, and how is it defined?
* Why is activation energy required to start a chemical reaction?
* How much activation energy is needed to start a particular reaction?
* Is activation energy the same as the energy released during a reaction?
* Are there any factors that can affect the amount of activation energy required for a reaction?","| Metric | Score | Justification |
|---|---|---|
| Coherence | 4 | The questions follow a logical order, starting with defining activation energy before moving onto its role in reactions and then exploring more specific aspects like the amount required and influencing factors. However, the last two questions could potentially be rephrased to better connect to the preceding questions. |
| Relevance | 5 | All questions are highly relevant to the initial statement, focusing on the definition, purpose, and contributing factors related to activation energy. They effectively address various aspects of the concept while remaining closely tied","| Metric | Score | Justification |
|---|---|---|
| Relevance | 5 | All questions directly relate to the concept of activation energy presented in the statement. |
| Coherence | 4 | The questions follow a logical progression, building on each other to explore different aspects of activation energy. |
| Diversity | 3 | The questions cover a range of aspects, including definition, purpose, measurement, comparison, and potential factors influencing activation energy. While the questions address multiple dimensions, they primarily focus on theoretical aspects rather than including practical applications or broader implications. |","| Metric   | Score | Justification                                                                                                    |
|----------|-------|------------------------------------------------------------------------------------------------------------------|
| Relevance| 4     | Questions directly pertain to the concept of activation energy and its necessity for chemical reactions.        |
| Coherence| 4     | The questions build upon each other logically in exploring the definition, importance, amount, and influencing factors of activation energy. |
| Diversity| 3     | While the questions cover different aspects of activation energy, there could be more variety in exploring its implications or real-world applications.   |"
"Imagine you are a human, this is the first time you are coming across this Chemistry Statement, you have no previous knowledge of it ""Catalysts speed up chemical reactions without being consumed."", what are the top 5 questions that would pop up in your head which would be most useful in learning about it as you are new to it. Give me a simple bullet point list, don't explain them or expand them","Sure! Here are five questions that might be useful for a human encountering the concept of catalysts for the first time:

* What is a chemical reaction?
* What does it mean for a substance to be consumed in a chemical reaction?
* How do catalysts speed up chemical reactions?
* Are there different types of catalysts?
* Can catalysts be reused or do they get used up in the reaction?","| Metric | Score | Justification |
|---|---|---|
| Coherence | 4 | The questions follow a logical order, starting with foundational concepts like chemical reactions and gradually moving towards more specific aspects of catalysts. However, the transition between some questions could be smoother, hence the score of 4. |
| Relevance | 5 | All questions are highly relevant to the initial statement, addressing key aspects such as the role of catalysts, their consumption, and potential reusability. This demonstrates a strong focus on the core concept. |
| D","| Metric | Score | Justification |
|---|---|---|
| Relevance | 5 | All questions are directly related to the statement ""Catalysts speed up chemical reactions without being consumed."" They aim to clarify key concepts and explore the implications of the statement. |
| Coherence | 4 | The questions follow a logical sequence, starting with basic definitions and gradually progressing to more complex concepts. Each question builds upon the previous one, forming a coherent line of inquiry. |
| Diversity | 4 | The questions cover a range of aspects related to catalysts, including their role in chemical reactions, types of catalysts, and their reusability. They provide a broad exploration of the topic, offering a variety of perspectives. |","| Metric    | Score | Justification                                                                                      |
|-----------|-------|----------------------------------------------------------------------------------------------------|
| Relevance | 5     | All questions directly relate to the concept of catalysts and their role in chemical reactions.     |
| Coherence | 4     | The questions form a logical progression from basic definitions to more specific aspects of catalysts. |
| Diversity | 4     | The questions cover different aspects such as types of catalysts and their reuse, offering a diverse exploration of the topic. |"
"Imagine you are a human, this is the first time you are coming across this Chemistry Statement, you have no previous knowledge of it ""Equilibrium is achieved when the rates of the forward and reverse reactions are equal."", what are the top 5 questions that would pop up in your head which would be most useful in learning about it as you are new to it. Give me a simple bullet point list, don't explain them or expand them","Sure! Here are five questions that might be helpful for a human encountering the chemistry statement about equilibrium for the first time:

* What does it mean for the rates of the forward and reverse reactions to be equal?
* Can you give an example of a chemical reaction that reaches equilibrium?
* How do the concentrations of the reactants and products change over time during equilibrium?
* Is equilibrium a static state or can it be dynamic?
* How does temperature affect the equilibrium of a chemical reaction?","| Metric | Score | Justification |
|---|---|---|
| Relevance | 4 | The questions are mostly relevant, though some could be more specific to the statement. For instance, asking for an example of a chemical reaction reaching equilibrium. |
| Coherence | 5 | The questions follow a logical order, starting with basic concepts and gradually moving towards more complex ideas like the dynamic nature of equilibrium and its temperature dependence. |
| Diversity | 4 | The questions cover various aspects of the concept, but there is room for further diversification. For example, asking about the","| Metric | Score | Justification |
|---|---|---|
| Relevance | 4 | The questions directly target the specific elements and concepts from the statement, including rates of reactions, equal rates, and examples of chemical reactions reaching equilibrium. |
| Coherence | 4 | The questions follow a logical sequence, delving into related aspects of equilibrium in a structured way, moving from the definition of equilibrium to its dynamics and the influence of temperature. |
| Diversity | 3 | The questions cover a range of aspects, including the definition of equilibrium, dynamics of equilibrium, and the impact of temperature. However, they could be further improved by expanding the exploration to include the concept of equilibrium constant and its significance. |","| Metric   | Score | Justification                                                                                  |
|----------|-------|-----------------------------------------------------------------------------------------------|
| Relevance | 5     | The questions directly address key aspects of the statement regarding equilibrium in chemistry. |
| Coherence | 4     | The questions flow logically from defining equilibrium to exploring its dynamics and factors affecting it.                   |
| Diversity | 5     | The questions cover various dimensions of equilibrium, including examples, concentrations, dynamics, and temperature effects.    |"
"Imagine you are a human, this is the first time you are coming across this Chemistry Statement, you have no previous knowledge of it ""Le Chatelier's Principle predicts the effect of a change on a system at equilibrium."", what are the top 5 questions that would pop up in your head which would be most useful in learning about it as you are new to it. Give me a simple bullet point list, don't explain them or expand them","Sure! Here are five questions that might be helpful for a human encountering Le Chatelier's Principle for the first time:

* What does ""equilibrium"" mean in this context?
* What kind of changes can affect a system at equilibrium?
* How does Le Chatelier's Principle predict the effect of a change on a system?
* Are there any limitations or exceptions to Le Chatelier's Principle?
* Can you give an example of how Le Chatelier's Principle applies to a real-world situation?","| Metric | Score | Justification |
|---|---|---|
| Relevance | 5 | All questions are directly related to the principle and its application, providing a comprehensive overview of the concept. |
| Coherence | 4 | The questions follow a logical order, moving from basic definitions to more complex applications, although some may argue that examples could come earlier to anchor understanding. |
| Diversity | 5 | A wide range of aspects are covered, from defining key terms to exploring limitations and real-world applications, offering a holistic introduction to the topic. |","| Metric | Score | Justification |
|---|---|---|
| Relevance | 5 | Each question directly pertains to the given statement, aiming to clarify key concepts such as equilibrium, applicable changes, and the principle's predictive nature. |
| Coherence | 4 | The questions form a logical sequence, with each question building upon the previous one to deepen understanding. The progression facilitates a structured exploration of the principle. |
| Diversity | 5 | The questions cover a range of aspects, including the definition of equilibrium, types of changes, predictive abilities, limitations, and practical applications. They provide a comprehensive exploration of the topic. |","| Metric   | Score | Justification                                                                                                                                                             |
|----------|-------|---------------------------------------------------------------------------------------------------------------------------------------------------------------------------|
| Relevance | 5     | All questions directly pertain to the details and concepts introduced in the statement about Le Chatelier's Principle.                                                       |
| Coherence | 4     | The questions progress logically in exploring the concept of Le Chatelier's Principle, with a slight disconnect between the third and fourth questions.                |
| Diversity | 4     | The questions cover a range of aspects related to the topic, including definitions, effects of changes on equilibrium, limitations, and real-world applications. |"
"Imagine you are a human, this is the first time you are coming across this Chemistry Statement, you have no previous knowledge of it ""Solubility rules determine which compounds dissolve in water."", what are the top 5 questions that would pop up in your head which would be most useful in learning about it as you are new to it. Give me a simple bullet point list, don't explain them or expand them","Sure! Here are five questions that might pop up in my head as a human encountering the concept of solubility rules for the first time:

* What are solubility rules?
* Why do some compounds dissolve in water while others don't?
* How do solubility rules determine which compounds dissolve in water?
* Are there any exceptions to the solubility rules?
* Can solubility rules be applied to other solvents besides water?","| Metric | Score | Justification |
|---|---|---|
| Relevance | 5 | All questions are directly related to the provided statement, exploring various aspects of solubility rules and their application in determining compound solubility in water. |
| Coherence | 4 | The questions generally follow a logical order, moving from basic concepts to more specific inquiries. However, the last question could be better integrated into the sequence to maintain a clear line of inquiry. |
| Diversity | 5 | The questions cover a wide range of aspects related to the statement,","| Metric | Score | Justification |
|---|---|---|
| Relevance | 5 | All questions directly address the core concepts of solubility rules and their relationship to compounds dissolving in water. |
| Coherence | 4 | The questions form a logical sequence, progressing from basic definitions to more nuanced aspects of solubility rules. |
| Diversity | 3 | While the questions cover several key aspects, they primarily focus on the theoretical underpinnings of solubility rules rather than practical applications or implications. |","| Metric    | Score | Justification                                                                                                                     |
|-----------|-------|------------------------------------------------------------------------------------------------------------------------------------|
| Relevance | 5     | All questions directly pertain to the concept of solubility rules and aim to clarify various aspects related to it.              |
| Coherence | 4     | The questions progress logically from defining solubility rules to exploring exceptions and applications, forming a coherent path. |
| Diversity | 4     | The questions cover different dimensions of understanding solubility rules, from definitions to exceptions and broader applications. |"
"Imagine you are a human, this is the first time you are coming across this Chemistry Statement, you have no previous knowledge of it ""The structure of the atom includes a nucleus composed of protons and neutrons, surrounded by electrons."", what are the top 5 questions that would pop up in your head which would be most useful in learning about it as you are new to it. Give me a simple bullet point list, don't explain them or expand them","Sure, here are five questions that might pop up in a human's head when encountering the chemistry statement about the structure of the atom for the first time:

* What are protons and neutrons, and how do they differ?
* What role do electrons play in the structure of an atom?
* How do the protons, neutrons, and electrons interact with each other?
* What is the difference between the nucleus and the electron cloud?
* How does the structure of an atom relate to its chemical properties and behavior?","| Metric | Score | Justification |
|---|---|---|
| Coherence | 4 | The questions follow a logical order, starting with understanding the components and then moving towards interactions and relationships. However, there is no explicit connection made between the structure of the atom and its chemical properties, which could have been explored more deeply. |
| Relevance | 5 | All questions are highly relevant to the initial statement, focusing on the key components and their roles, as well as their interactions and broader implications. |
| Diversity | 4 | The questions cover various aspects of the atom","| Metric | Score | Justification |
|---|---|---|
| Coherence | 4 | The questions logically connect to one another, progressively building upon each other to facilitate a structured exploration of the statement. |
| Relevance | 5 | All questions directly pertain to the specific elements and concepts presented in the statement, aiming to clarify and delve into the immediate context. |
| Diversity | 3 | While the questions encompass a range of aspects related to the statement, they could benefit from further diversity in perspective, such as exploring the historical context or practical applications. |","| Metric   | Score | Justification                                                                                                                                                                      |
|----------|-------|-------------------------------------------------------------------------------------------------------------------------------------------------------------------------------------|
| Relevance | 5     | All questions directly pertain to details of the statement about the structure of the atom and aim to clarify its components and interactions.                                   |
| Coherence | 4     | The questions form a logical progression from defining protons and neutrons to understanding their interactions and implications, but could be slightly more interconnected.     |
| Diversity | 5     | The questions cover various aspects of the atom's structure, interactions, and relationship to chemical properties, offering a well-rounded exploration of the topic.               |"
"Imagine you are a human, this is the first time you are coming across this Chemistry Statement, you have no previous knowledge of it ""Different isotopes of an element have the same number of protons but different numbers of neutrons."", what are the top 5 questions that would pop up in your head which would be most useful in learning about it as you are new to it. Give me a simple bullet point list, don't explain them or expand them","Sure, here are five questions that might pop up in my head as a human encountering the chemistry statement for the first time:

* What does it mean for isotopes to have the same number of protons?
* Why do different isotopes of the same element have different numbers of neutrons?
* How does the number of neutrons affect the properties of an element?
* Are there any examples of elements with different isotopes that have different properties?
* How does this information relate to the periodic table and the way elements are organized on it?","| Metric | Score | Justification |
| --- | --- | --- |
| Relevance | 4 | The questions are mostly relevant to the statement, although some could be more directly linked to the concept of isotopes having the same number of protons but different numbers of neutrons. |
| Coherence | 5 | The questions follow a logical progression, moving from basic definitions to more complex implications and examples, creating a clear line of inquiry. |
| Diversity | 4 | The questions cover various aspects of the statement, such as definitions, causes, effects","| Metric | Score | Justification |
|---|---|---|
| Coherence | 4 | The questions are logically connected and form a coherent line of inquiry. They start with a basic question about the definition of isotopes, then move on to more specific questions about the number of protons and neutrons, and finally to questions about the implications of this information for the periodic table. |
| Relevance | 5 | All of the questions are directly relevant to the statement. They focus on the key concepts of isotopes, protons, neutrons, and the periodic table. |
| Diversity | 4 | The questions cover a range of aspects of the statement, including the definition of isotopes, the difference between protons and neutrons, the effects of neutron number on element properties, and the relationship between isotopes and the periodic table. |","| Metric   | Score | Justification                                                                                                      |
|----------|-------|--------------------------------------------------------------------------------------------------------------------|
| Relevance | 4     | All questions directly pertain to the statement and aim to clarify or expand upon its content.                   |
| Coherence | 4     | The questions progress logically from understanding isotopes to their impact on properties and periodic table.    |
| Diversity | 3     | While exploring different aspects of isotopes, a wider range of implications or applications could be included.   |"
"Imagine you are a human, this is the first time you are coming across this Chemistry Statement, you have no previous knowledge of it ""The octet rule guides the formation of chemical bonds."", what are the top 5 questions that would pop up in your head which would be most useful in learning about it as you are new to it. Give me a simple bullet point list, don't explain them or expand them","Sure! Here are five questions that might be useful for a human encountering the octet rule for the first time:

* What is an octet?
* How does the octet rule guide the formation of chemical bonds?
* Are there any exceptions to the octet rule?
* Can you give me an example of how the octet rule works in a real-world situation?
* How does the octet rule relate to other concepts in chemistry, such as electronegativity and molecular geometry?","| Metric | Score | Justification |
|---|---|---|
| Relevance | 4 | The questions are mostly relevant to the statement, however, some questions like ""How does the octet rule relate to other concepts in chemistry, such as electronegativity and molecular geometry?"" may lead to discussions beyond the scope of the initial statement. |
| Coherence | 5 | The questions follow a logical order, starting with basic concepts and gradually moving towards more complex ideas. They also build upon each other well, creating a coherent line of inquiry. |
| Diversity","| Metric | Score | Justification |
|---|---|---|
| Relevance | 4 | The questions are highly relevant to the statement as they directly address the concept of the octet rule and its application in guiding chemical bond formation. |
| Coherence | 3 | The questions are logically connected, with each subsequent question building on the previous one. However, the transition from question 4 to 5 could be smoother to maintain a better flow of inquiry. |
| Diversity | 4 | The questions cover a range of aspects related to the octet rule, including its definition, mechanism, exceptions, practical applications, and theoretical connections. |","| Metric   | Score | Justification                                                                                          |
|----------|-------|--------------------------------------------------------------------------------------------------------|
| Relevance | 5     | All questions directly pertain to the octet rule and its implications in chemistry.                   |
| Coherence | 4     | The questions form a logical progression in understanding the octet rule and its applications.         |
| Diversity | 4     | The questions cover various aspects of the octet rule, including exceptions, examples, and connections to other concepts. |"
"Imagine you are a human, this is the first time you are coming across this Chemistry Statement, you have no previous knowledge of it ""Endothermic reactions absorb energy, while exothermic reactions release energy."", what are the top 5 questions that would pop up in your head which would be most useful in learning about it as you are new to it. Give me a simple bullet point list, don't explain them or expand them","Sure! Here are five questions that might be helpful for a human encountering the statement about endothermic and exothermic reactions for the first time:

* What does ""endothermic"" mean?
* What does ""exothermic"" mean?
* Can you give an example of an endothermic reaction?
* Can you give an example of an exothermic reaction?
* How do I know whether a reaction is endothermic or exothermic?","| Metric | Score | Justification |
|---|---|---|
| Relevance | 5 | All questions are directly relevant to the statement, aiming to clarify key terms and concepts, providing examples, and offering guidance on identifying types of reactions. |
| Coherence | 4 | The questions follow a logical progression, moving from basic definitions to more complex applications, though some may argue that the order could be rearranged for better flow. |
| Diversity | 5 | The questions cover various aspects of the topic, addressing both conceptual understanding and practical application, making","| Metric | Score | Justification |
|---|---|---|
| Relevance | 5 | The questions are directly related to the statement and aim to clarify its key concepts. |
| Coherence | 4 | The questions form a coherent line of inquiry, starting with definitions and progressing to examples and identification. |
| Diversity | 3 | The questions cover different aspects of the statement, including definitions, examples, and a practical application. However, they could explore a wider range of implications or theoretical underpinnings. |","Relevance | 5 
- The questions directly pertain to the details and concepts presented in the statement, helping to clarify and expand upon the topic.

Coherence | 4
- The questions form a coherent line of inquiry by starting with defining the terms and then moving on to examples and identification of the reactions.

Diversity | 4
- The questions cover various aspects of the statement, including definitions, examples, and how to distinguish between the two types of reactions. 

Overall, this set of questions effectively meets the criteria for relevance, coherence, and diversity, providing a solid foundation for understanding endothermic and exothermic reactions."
"Imagine you are a human, this is the first time you are coming across this Chemistry Statement, you have no previous knowledge of it ""The concept of molarity measures the concentration of a solution."", what are the top 5 questions that would pop up in your head which would be most useful in learning about it as you are new to it. Give me a simple bullet point list, don't explain them or expand them","Sure, here are five questions that might be useful for someone who is new to the concept of molarity:

* What does molarity mean?
* How do I calculate molarity?
* What units are used to express molarity?
* How does molarity differ from other measures of concentration, such as percent concentration or parts per million?
* Can you give an example of how molarity is used in real-world applications?","| Metric | Score | Justification |
|---|---|---|
| Coherence | 4 | The questions follow a logical order, starting with defining the term before moving onto calculations, units, comparisons, and finally real-world application. This provides a comprehensive introduction to the topic. |
| Relevance | 5 | All questions relate directly to the provided statement, covering essential aspects of molarity without deviating into tangential topics. |
| Diversity | 5 | The questions cover various dimensions of molarity, including definition, calculation, unit usage, comparison with","| Metric | Score | Justification |
|---|---|---|
| Relevance | 5 | All five questions directly relate to the concept of molarity, seeking clarification on its meaning, calculation, units, and applications. |
| Coherence | 4 | The questions follow a logical progression, from defining molarity to exploring its calculation, units, comparison with other concentration measures, and finally, its real-world applications. |
| Diversity | 5 | The questions cover a diverse range of aspects related to molarity, including its definition, calculation, units, comparison with other concentration measures, and its use in real-world applications. |","| Metric   | Score | Justification                                                                                                                                   |
|----------|-------|--------------------------------------------------------------------------------------------------------------------------------------------------|
| Relevance | 5     | All questions directly address key aspects of molarity and its understanding.                                                                  |
| Coherence | 4     | The questions progress logically from defining molarity to calculation, units, comparison with other measures, and real-world applications.       |
| Diversity | 4     | The questions cover a range of aspects including definition, calculation, comparison, units, and practical applications, offering a varied exploration. |"
"Imagine you are a human, this is the first time you are coming across this Chemistry Statement, you have no previous knowledge of it ""Buffer solutions resist changes in pH when small amounts of acid or base are added."", what are the top 5 questions that would pop up in your head which would be most useful in learning about it as you are new to it. Give me a simple bullet point list, don't explain them or expand them","Sure! Here are five questions that might be useful for a human who is encountering the concept of buffer solutions for the first time:

* What is a buffer solution?
* How does a buffer solution resist changes in pH?
* What happens when a small amount of acid or base is added to a buffer solution?
* Why is it important for a solution to resist changes in pH?
* Can buffer solutions be used in real-world applications, such as in medicine or industry?","| Metric | Score | Justification |
|---|---|---|
| Relevance | 5 | All questions are directly related to the provided statement, aiming to clarify and expand upon its various components. |
| Coherence | 4 | The questions generally follow a logical order, moving from basic definitions to more complex applications and implications. However, some connections between questions could be made clearer. |
| Diversity | 5 | The questions cover a wide range of aspects related to the statement, exploring both foundational and applied dimensions of buffer solutions. |","| Metric | Score | Justification |
|---|---|---|
| Relevance | 4 | All five questions directly relate to key concepts presented in the statement about buffer solutions, such as pH resistance, acid/base addition, and importance of pH stability. |
| Coherence | 4 | The questions progress logically, starting with a basic definition and gradually exploring the properties and applications of buffer solutions. Each question builds upon the previous one, guiding the learner's understanding. |
| Diversity | 3 | The questions cover a diverse range of aspects related to buffer solutions, including their definition, mechanism of action, effects of acid/base addition, importance in maintaining pH stability, and potential applications. |","Relevance | 4 | The questions directly relate to the concept of buffer solutions and how they resist changes in pH.
Coherence | 5 | The questions progress logically from defining what buffer solutions are to their properties and applications.
Diversity | 4 | The questions cover a range of aspects from defining buffer solutions to their practical uses, providing a well-rounded exploration.

(Note: There could be minor improvements in further diversifying the questions to explore different angles of the concept.)"
"Imagine you are a human, this is the first time you are coming across this Chemistry Statement, you have no previous knowledge of it ""The ideal gas law relates the pressure, volume, temperature, and number of moles of a gas."", what are the top 5 questions that would pop up in your head which would be most useful in learning about it as you are new to it. Give me a simple bullet point list, don't explain them or expand them","Sure! Here are five questions that might be helpful for a human encountering the ideal gas law for the first time:

* What is an ideal gas?
* How do the pressure and volume of a gas relate to each other?
* What is the significance of the temperature in the ideal gas law?
* What is a mole, and how does it relate to the amount of gas present?
* Can you give an example of how to use the ideal gas law to solve a problem?","| Metric | Score | Justification |
| --- | --- | --- |
| Relevance | 5 | All questions are directly relevant to the statement, addressing various components such as defining ideal gas, relationships between variables, and practical application. |
| Coherence | 4 | The questions follow a logical order, starting with basic concepts like ideal gas and moving towards more complex ideas like using the ideal gas law to solve problems. However, there is room for better thematic connections between questions. |
| Diversity | 5 | The questions cover a wide range of aspects related to the","| Metric | Score | Justification |
|---|---|---|
| Relevance | 5 | All questions directly relate to the key elements of the statement: pressure, volume, temperature, number of moles, and their relationships. They effectively probe the core concepts of the ideal gas law. |
| Coherence | 5 | The questions follow a logical sequence, starting with basic definitions and gradually progressing to more complex aspects. They build upon each other, creating a coherent line of inquiry that facilitates understanding. |
| Diversity | 4 | While the questions cover various aspects of the ideal gas law, they could benefit from exploring more advanced or practical applications to enhance the diversity of exploration. |","| Metric   | Score | Justification                                                                                                                                                                      |
|----------|-------|------------------------------------------------------------------------------------------------------------------------------------------------------------------------------------|
| Relevance | 5     | All questions directly pertain to the details in the statement about the ideal gas law and aim to clarify its components.                                                           |
| Coherence | 4     | The questions progress logically from defining an ideal gas to practical application, but the connection could be smoother between the pressure and volume relationship.             |
| Diversity | 4     | The questions cover various aspects such as definitions, relationships between variables, and application examples, offering a broad exploration of the ideal gas law.       |"
"Imagine you are a human, this is the first time you are coming across this Chemistry Statement, you have no previous knowledge of it ""Transition metals can form complexes with specific colors."", what are the top 5 questions that would pop up in your head which would be most useful in learning about it as you are new to it. Give me a simple bullet point list, don't explain them or expand them","Sure! Here are five questions that might be useful for learning about transition metals and their ability to form complexes with specific colors:

* What are transition metals?
* What are complexes?
* How do transition metals form complexes?
* Why do different complexes have different colors?
* Are there any common examples of transition metal complexes with specific colors?","| Metric | Score | Justification |
| --- | --- | --- |
| Relevance | 5 | All questions are directly relevant to the statement, exploring various aspects of transition metals forming complexes with specific colors. |
| Coherence | 4 | The questions follow a logical progression, moving from basic definitions to more specific aspects of the topic, though some may argue that the order could be rearranged for better flow. |
| Diversity | 5 | The questions cover a wide range of aspects related to the statement, providing a comprehensive exploration of the topic without","| Metric | Score | Justification |
|---|---|---|
| Relevance | 4 | The questions are highly relevant to the statement and focus on key concepts such as the definition of transition metals and complexes, their formation, and the relationship between their structure and color. |
| Coherence | 4 | The questions flow logically from one to the next, building upon each other to develop a coherent understanding of transition metal complexes. |
| Diversity | 4 | The questions cover a broad range of aspects related to the statement, from the fundamental concepts of transition metals and complexes to the practical applications of their colors. |","| Metric   | Score | Justification                                                                                                                                            |
|----------|-------|-----------------------------------------------------------------------------------------------------------------------------------------------------------|
| Relevance | 5     | All questions directly address the key elements of the statement regarding transition metals and their formation of colored complexes.                |
| Coherence | 4     | The questions follow a logical progression from defining transition metals to exploring the colors of their complexes, maintaining a coherent theme. |
| Diversity | 4     | The questions cover a range of aspects related to transition metal complexes, such as formation, properties, and examples, providing a diverse view.   |"
"Imagine you are a human, this is the first time you are coming across this Chemistry Statement, you have no previous knowledge of it ""Enthalpy changes indicate the heat absorbed or released in a reaction."", what are the top 5 questions that would pop up in your head which would be most useful in learning about it as you are new to it. Give me a simple bullet point list, don't explain them or expand them","Sure! Here are five questions that might be helpful for a human encountering the concept of enthalpy changes for the first time:

* What is enthalpy, and how is it different from other thermodynamic properties like temperature or energy?
* How do enthalpy changes relate to the heat transferred between systems or surroundings?
* Can enthalpy changes be positive or negative, and what does that mean for a reaction?
* How can enthalpy changes be measured or calculated, and what units are used to express them?
* Are there any real-world examples or applications of","

| Metric | Score | Justification                                                                                                                                                                                                                                                                                                                                                                                                                                                                                                                                                                                                                                                                                                                                                                                                                                                                                                                                                                                                                                                                                                                                                                                                                                                                                                                                                                                                                                                                                                                                                                                                                                                                                                                                                                                                                                                                                                                                                                ","| Metric | Score | Justification |
|---|---|---|
| Coherence | 5 | The questions form a logical progression, starting with the basics of enthalpy and then delving into its relationship with heat transfer and reactions. |
| Relevance | 5 | All questions are directly relevant to the statement, exploring different aspects of enthalpy changes. |
| Diversity | 4 | The questions cover a range of topics, from the definition of enthalpy to its measurement and applications. However, they could delve deeper into the implications of enthalpy changes on chemical reactions. |","| Metric   | Score | Justification                                                                                                                   |
|----------|-------|----------------------------------------------------------------------------------------------------------------------------------|
| Relevance | 5     | All questions directly address the statement about enthalpy changes, focusing on key aspects of the concept.                      |
| Coherence | 4     | The questions progress logically from defining enthalpy to its measurement and real-world applications, forming a coherent line of inquiry. |
| Diversity | 4     | The questions cover different aspects of enthalpy changes, including definitions, calculations, applications, and examples, offering a broad exploration.       |"
"Imagine you are a human, this is the first time you are coming across this Chemistry Statement, you have no previous knowledge of it ""The rate of a chemical reaction can be influenced by temperature, concentration, surface area, and the presence of a catalyst."", what are the top 5 questions that would pop up in your head which would be most useful in learning about it as you are new to it. Give me a simple bullet point list, don't explain them or expand them","Sure! Here are five questions that might be useful for a human who is encountering the chemistry statement for the first time:

* What is a chemical reaction?
* How does temperature affect the rate of a chemical reaction?
* What is concentration and how does it influence the rate of a chemical reaction?
* What is surface area and how does it relate to the rate of a chemical reaction?
* What is a catalyst and how does it influence the rate of a chemical reaction?","| Metric | Score | Justification |
|---|---|---|
| Relevance | 5 | All questions are directly relevant to the provided statement, addressing various components such as defining a chemical reaction, explaining the effects of temperature, concentration, surface area, and catalysts. |
| Coherence | 4 | The questions follow a logical order, starting with a basic definition before moving onto more specific factors influencing the rate of a chemical reaction. However, there is room for improvement in creating a stronger link between the questions, perhaps by explicitly connecting the definition of a chemical reaction to the factors affecting","| Metric | Score | Justification |
| ----------- | ----------- | ----------- |
| Relevance | 5 | All questions directly relate to the specific concepts mentioned in the statement, covering different aspects of factors influencing reaction rate. |
| Coherence | 4 | The questions follow a logical progression, starting with a basic definition and moving on to explore each factor mentioned in the statement. |
| Diversity | 4 | The questions cover a range of aspects, including the nature of chemical reactions and the influence of temperature, concentration, surface area, and catalysts. |","| Metric    | Score | Justification                                                                                      |
|-----------|-------|----------------------------------------------------------------------------------------------------|
| Relevance | 5     | All questions directly address elements mentioned in the statement.                               |
| Coherence | 4     | Questions flow logically from general concepts to specific influences on chemical reaction rates. |
| Diversity | 5     | Each question explores a different aspect (definition, temperature, concentration, surface area, catalyst) of the statement.  |"
"Imagine you are a human, this is the first time you are coming across this Chemistry Statement, you have no previous knowledge of it ""Alloys are mixtures of metals that have different properties from their component elements."", what are the top 5 questions that would pop up in your head which would be most useful in learning about it as you are new to it. Give me a simple bullet point list, don't explain them or expand them","Sure, here are five questions that might pop up in my head as a human encountering the concept of alloys for the first time:

* What are some examples of alloys and how are they used?
* How do the properties of an alloy differ from those of its component elements?
* Can any metals be combined to form an alloy, or are there specific combinations that work better than others?
* How does the proportion of each metal in an alloy affect its properties?
* Are there any specific advantages or disadvantages to using alloys compared to pure metals?","| Metric | Score | Justification |
|---|---|---|
| Relevance | 4 | The questions are mostly relevant to the statement, however, the first question could be more specific to ensure direct relevance. |
| Coherence | 5 | The questions follow a logical order, starting with basic curiosity and gradually moving towards more specific aspects of the topic. |
| Diversity | 5 | The questions cover various dimensions of the topic, such as examples, differences, combinations, proportions, and advantages/disadvantages. |","| Metric | Score | Justification |
|---|---|---|
| Relevance | 4 | The questions directly explore key details and concepts introduced in the statement. They delve into specific examples, differences in properties, and factors influencing alloy formation, which are all crucial aspects of understanding alloys. |
| Coherence | 4 | The questions form a logical progression, starting with concrete examples and gradually moving towards more abstract concepts. Each question builds upon the previous one, creating a structured line of inquiry that facilitates a deeper understanding of alloys. |
| Diversity | 4 | The questions cover a diverse range of aspects, including practical applications, property comparisons, formation criteria, and advantages/disadvantages. They collectively offer a broad exploration of the topic, providing a comprehensive initial understanding for a beginner. |","| Metric    | Score | Justification                                                                                                                   |
|-----------|-------|----------------------------------------------------------------------------------------------------------------------------------|
| Relevance | 5     | All questions directly pertain to understanding the concept of alloys and explore essential aspects related to the statement.    |
| Coherence | 4     | The questions form a logical progression in exploring the properties and uses of alloys, but the sequence could be slightly improved.    |
| Diversity | 5     | The questions cover various aspects of alloys, including examples, properties, combinations, proportions, and advantages/disadvantages. |"
"Imagine you are a human, this is the first time you are coming across this Chemistry Statement, you have no previous knowledge of it ""Distillation separates substances based on differences in boiling points."", what are the top 5 questions that would pop up in your head which would be most useful in learning about it as you are new to it. Give me a simple bullet point list, don't explain them or expand them","Sure! Here are five questions that might be useful for a human who is encountering the statement ""Distillation separates substances based on differences in boiling points"" for the first time:

* What is distillation?
* What are boiling points?
* How does distillation separate substances?
* What kinds of substances can be separated using distillation?
* Are there any limitations or challenges to using distillation for separation?","| Metric | Score | Justification |
|---|---|---|
| Relevance | 5 | All questions are directly related to the concept of distillation and its mechanism, addressing both fundamental and more nuanced aspects of the process. |
| Coherence | 4 | The questions follow a logical order, moving from basic definitions to more complex considerations like limitations and challenges, although some connections could be made clearer between questions. |
| Diversity | 5 | A wide range of aspects are addressed, including the definition of distillation, boiling points, the separation process","| Metric | Score | Justification |
|---|---|---|
| Relevance | 5 | All questions directly target the key concepts and details presented in the statement, delving into the process of distillation and its applications. |
| Coherence | 4 | The questions form a logical progression, starting with basic definitions and gradually moving towards more specific aspects of distillation. |
| Diversity | 4 | The questions cover a range of topics, including the nature of distillation, boiling points, types of substances involved, and potential limitations, providing a comprehensive exploration of the statement. |","| Metric   | Score | Justification                                                                                              |
|----------|-------|------------------------------------------------------------------------------------------------------------|
| Relevance | 5     | All questions directly relate to the statement ""Distillation separates substances based on differences in boiling points.""                                                                                             |
| Coherence | 4     | The questions flow logically from defining distillation to understanding its application and limitations.                                                            |
| Diversity | 5     | The questions cover a range of aspects from the basic definition of distillation to its practical implications.                                                         |"
"Imagine you are a human, this is the first time you are coming across this Chemistry Statement, you have no previous knowledge of it ""Acid-base titrations determine the concentration of an acid or base in a solution."", what are the top 5 questions that would pop up in your head which would be most useful in learning about it as you are new to it. Give me a simple bullet point list, don't explain them or expand them","Sure! Here are five questions that might be helpful for someone who is new to acid-base titrations:

* What is an acid, and how does it differ from a base?
* What is a titration, and how is it used to determine the concentration of an acid or base?
* How do I perform an acid-base titration, step by step?
* What equipment do I need to perform an acid-base titration?
* How do I calculate the concentration of the acid or base in the solution after the titration is complete?","

| Metric | Score | Justification                                                                                                                                                                                                                                                                                                                                                                                                                                                                                                                                                                                                                                                                                                                                                                                                                                                                                                                                                                                                                                                                                                                                                                                                                                                                                                                                                                                                                                                                                                                                                                                                                                                                                                                                                                                                                                                                                                                                                                ","| Metric        | Score | Justification                                                                                                                                                                                                                                                                                                                                                                                                                                                                                                                                                                                   |
|---------------|-------|---------------------------------------------------------------------------------------------------------------------------------------------------------------------------------------------------------------------------------------------------------------------------------------------------------------------------------------------------------------------------------------------------------------------------------------------------------------------------------------------------------------------------------------------------------------------------------------------------------------------------------------------------- |
| Relevance      | 5      | All five questions are highly relevant to the statement, directly addressing the basic concepts of acids, bases, titrations, and the steps involved in determining concentration. |
| Coherence      | 3      | The questions form a somewhat coherent line of inquiry, building upon each other logically. However, they could be re-ordered for better flow, starting with the definition of acids and bases before moving to titrations. |
| Diversity      | 4      | The questions cover a diverse range of aspects, including definitions, procedures, equipment, and calculations. They provide a well-rounded introduction to the topic, although they could expand on the theoretical underpinnings of acid-base reactions. |","| Metric    | Score | Justification                                                                                                                     |
|-----------|-------|-----------------------------------------------------------------------------------------------------------------------------------|
| Relevance | 5     | All questions directly address the key components of acid-base titrations, focusing on the definition, process, equipment, and calculation involved. |
| Coherence | 4     | The questions flow logically from understanding the basic concepts to practical steps and calculations, forming a coherent progression of inquiry. One question on the connection between acid and base properties could enhance coherence. |
| Diversity | 5     | The questions cover a broad range of aspects, including theory, practice, equipment, and calculation, offering a comprehensive exploration of acid-base titrations. |"
"Imagine you are a human, this is the first time you are coming across this Chemistry Statement, you have no previous knowledge of it ""Electronegativity differences between atoms lead to bond polarity."", what are the top 5 questions that would pop up in your head which would be most useful in learning about it as you are new to it. Give me a simple bullet point list, don't explain them or expand them","Sure! Here are five questions that might be helpful for a human encountering the statement ""Electronegativity differences between atoms lead to bond polarity"" for the first time:

* What is electronegativity and how is it different between atoms?
* How does electronegativity difference lead to bond polarity?
* Are all bonds polar? If not, why not?
* How can I determine the polarity of a bond?
* What are some examples of polar and nonpolar bonds?","| Metric | Score | Justification |
|---|---|---|
| Relevance | 5 | All questions are directly related to the concept of electronegativity differences leading to bond polarity. They focus on understanding the underlying principles and practical implications. |
| Coherence | 4 | The questions follow a logical progression, starting with the basics of electronegativity and then moving on to its relationship with bond polarity. However, there is room for better thematic connections between questions. |
| Diversity | 5 | The questions cover various aspects of the","| Metric | Score | Justification |
|---|---|---|
| Relevance | 5 | All questions are directly related to understanding the concept of electronegativity and its impact on bond polarity |
| Coherence | 4 | Questions logically progress from fundamental concepts (electronegativity and its difference) to implications (bond polarity) and examples |
| Diversity | 4 | Questions cover a range of aspects, including definition, mechanism, and practical applications in determining bond polarity |","| Metric   | Score | Justification                                                                                                      |
|----------|-------|--------------------------------------------------------------------------------------------------------------------|
| Relevance | 5     | All questions directly address the statement and aim to clarify its key concepts.                                |
| Coherence | 4     | The questions flow logically and build upon each other, but the progression could be slightly more structured.    |
| Diversity | 4     | The questions cover various aspects of the statement, from definitions to examples, offering a broad exploration. |"
"Imagine you are a human, this is the first time you are coming across this Chemistry Statement, you have no previous knowledge of it ""The periodic table trends include atomic radius, ionization energy, and electron affinity."", what are the top 5 questions that would pop up in your head which would be most useful in learning about it as you are new to it. Give me a simple bullet point list, don't explain them or expand them","Sure, here are five questions that might pop up in a human's head when encountering the statement about periodic table trends for the first time:

* What is atomic radius and how does it relate to the periodic table?
* What is ionization energy and why is it important in understanding the periodic table?
* What is electron affinity and how does it fit into the context of the periodic table?
* How do these trends change as you move across a period or down a group in the periodic table?
* Can you give an example of how these trends can be used to predict properties","| Metric | Score | Justification |
| --- | --- | --- |
| Coherence | 4 | The questions follow a logical order, starting with basic definitions and then moving towards more complex concepts like changes across periods/groups and practical applications. However, there is some room for improvement in terms of making the connections between questions even clearer. |
| Relevance | 5 | All questions are highly relevant to the initial statement, focusing on the key concepts mentioned and exploring them further. They are all directly related to the periodic table trends and aim to clarify or expand upon the given information","| Metric | Score | Justification |
|---|---|---|
| Relevance | 5 | The questions directly pertain to the concepts mentioned in the statement, with each question focusing on a specific aspect of the periodic table trends. |
| Coherence | 3 | The questions follow a logical progression, building upon each other to provide a deeper understanding of the topic, however, the connection between the 4th and 5th question could be stronger. |
| Diversity | 4 | The questions cover a range of aspects, including definitions, relationships, and applications, providing a comprehensive exploration of the periodic table trends. |","Metric | Score | Justification
Relevance | 5 | All questions directly pertain to the details mentioned in the statement about periodic table trends, focusing on key concepts such as atomic radius, ionization energy, and electron affinity.
Coherence | 4 | The questions form a logical progression from defining the terms to understanding their variations across the periodic table, but the connection could be made clearer between some questions.
Diversity | 4 | The questions cover a range of aspects related to the statement, including definitions, variations, and practical applications, offering a good exploration of the topic while maintaining relevance."
"Imagine you are a human, this is the first time you are coming across this Chemistry Statement, you have no previous knowledge of it ""Hydration shells form when ions dissolve in water."", what are the top 5 questions that would pop up in your head which would be most useful in learning about it as you are new to it. Give me a simple bullet point list, don't explain them or expand them","Sure! Here are five questions that might be useful for a human who is encountering the concept of hydration shells for the first time:

* What are ions and how do they dissolve in water?
* What is a hydration shell and how does it form?
* Why is it important for ions to dissolve in water?
* How does the formation of hydration shells affect the properties of the solution?
* Are there any specific types of ions or molecules that are more likely to form hydration shells than others?","| Metric | Score | Justification |
|---|---|---|
| Relevance | 5 | All questions are directly relevant to the concept of hydration shells and the process of ions dissolving in water. They address various aspects such as ion behavior, hydration shell formation, and impact on solutions. |
| Coherence | 4 | The questions generally follow a logical order, starting with basic concepts like ions and dissolution before moving onto hydration shells and their effects. However, some connections could be stronger, such as explicitly linking ion dissolution to hy","| Metric | Score | Justification |
|---|---|---|
| Relevance | 4 | The questions directly relate to the statement about hydration shells forming when ions dissolve in water. They explore different aspects of the statement, such as the nature of ions, the process of hydration shell formation, and its significance. |
| Coherence | 3 | The questions follow a logical progression, starting with basic concepts (ions and dissolution) and moving towards more specific aspects (hydration shell formation and its effects). However, the connection between the last two questions could be stronger. |
| Diversity | 4 | The questions cover a range of aspects related to hydration shells, including their formation, properties, and potential variations. They provide a well-rounded exploration of the topic. |","| Metric   | Score | Justification |
|----------|-------|---------------|
| Relevance | 5     | The questions directly address the concept of hydration shells, ions, and their interaction with water, all of which are integral to the given statement. |
| Coherence | 4     | The questions flow logically from defining ions to explaining hydration shells and their implications. The progression is easy to follow but could be improved with a clearer link between the last two questions. |
| Diversity | 4     | The questions cover a range of aspects related to hydration shells, such as definitions, importance, effects on properties, and specificity of certain ions. However, there could be more variety in exploring different angles of the topic. |"
"Imagine you are a human, this is the first time you are coming across this Chemistry Statement, you have no previous knowledge of it ""Redox reactions involve the transfer of electrons between species."", what are the top 5 questions that would pop up in your head which would be most useful in learning about it as you are new to it. Give me a simple bullet point list, don't explain them or expand them","Sure! Here are five questions that might be helpful for a human encountering the statement ""Redox reactions involve the transfer of electrons between species"" for the first time:

* What does ""reduction"" mean in this context?
* What does ""oxidation"" mean in this context?
* How do electrons get transferred between species?
* What are some examples of redox reactions?
* Why are redox reactions important in chemistry?","| Metric | Score | Justification |
|---|---|---|
| Relevance | 5 | All questions are directly related to the concept of redox reactions and electron transfer. |
| Coherence | 4 | The questions follow a logical progression, starting with basic terminology and gradually moving towards more complex ideas like examples and importance. However, there is room for better connection between questions. |
| Diversity | 5 | The questions cover various aspects of redox reactions, such as definitions, mechanisms, examples, and significance, providing a comprehensive introduction to the topic. |","| Metric | Score | Justification |
|---|---|---|
| Relevance | 5 | The questions directly address the key concepts mentioned in the statement and explore different aspects of redox reactions, such as the meaning of reduction and oxidation, the mechanism of electron transfer, examples, and their significance in chemistry. |
| Coherence | 4 | The questions follow a logical sequence, starting with basic definitions and progressing to more advanced concepts. Each question builds upon the previous one, guiding the learner's understanding of redox reactions in a structured way. |
| Diversity | 5 | The questions cover a wide range of aspects related to redox reactions, including definitions, mechanisms, examples, and their importance in chemistry. They collectively provide a comprehensive exploration of the topic. |","| Metric   | Score | Justification                                                                                                      |
|----------|-------|---------------------------------------------------------------------------------------------------------------------|
| Relevance | 5     | All questions directly address different aspects of the statement, focusing on key terms and concepts.            |
| Coherence | 4     | The questions progress logically from defining basic terms to examples and significance, forming a coherent path. |
| Diversity | 5     | Each question explores a distinct facet of redox reactions, ensuring a broad understanding of the topic.          |"
"Imagine you are a human, this is the first time you are coming across this Chemistry Statement, you have no previous knowledge of it ""The solubility product constant (Ksp) predicts the solubility of ionic compounds."", what are the top 5 questions that would pop up in your head which would be most useful in learning about it as you are new to it. Give me a simple bullet point list, don't explain them or expand them","Sure! Here are five questions that might be helpful for a human who is encountering the concept of the solubility product constant (Ksp) for the first time:

* What does ""solubility"" mean in this context?
* What is an ""ionic compound""?
* How does Ksp relate to the solubility of ionic compounds?
* Is Ksp a measure of the maximum amount of substance that can dissolve, or is it something else?
* Can you give me an example of how Ksp is used in real-world applications?","| Metric | Score | Justification |
| --- | --- | --- |
| Relevance | 5 | All questions are directly relevant to the statement, aiming to clarify key terms and understand the relationship between Ksp and solubility. |
| Coherence | 4 | The questions follow a logical progression, moving from basic term definitions to more complex relationships and applications, though they could benefit from stronger connections between each other. |
| Diversity | 5 | The questions cover various aspects of the statement, exploring both foundational concepts and practical implications, providing a well","| Metric | Score | Justification |
|---|---|---|
| Relevance | 4 | The questions focus on defining key terms (""solubility"" and ""ionic compound""), understanding the relationship between Ksp and solubility, and exploring the practical applications of Ksp, all of which are directly relevant to the statement. |
| Coherence | 5 | The questions follow a logical progression, starting with basic definitions and gradually building towards more complex concepts. Each question naturally leads to the next, facilitating a structured inquiry. |
| Diversity | 3 | The questions cover a range of aspects related to Ksp, including its definition, relationship to solubility, real-world applications, and underlying assumptions. However, they could benefit from exploring additional perspectives, such as the factors that influence Ksp or its limitations. |","| Metric    | Score | Justification                                                                                                             |
|-----------|-------|---------------------------------------------------------------------------------------------------------------------------|
| Relevance  | 5     | All questions directly pertain to understanding the concept of solubility product constant and its relation to ionic compounds. |
| Coherence  | 4     | The questions flow logically, building upon each other to deepen understanding progressively.                               |
| Diversity  | 5     | The questions cover various aspects from definitions to real-world applications, offering a broad exploration of the topic. |"
"Imagine you are a human, this is the first time you are coming across this Chemistry Statement, you have no previous knowledge of it ""Dalton’s law of partial pressures describes the pressure contributions of individual gas components in a mixture."", what are the top 5 questions that would pop up in your head which would be most useful in learning about it as you are new to it. Give me a simple bullet point list, don't explain them or expand them","Sure! Here are five questions that might be helpful for a human encountering Dalton's law of partial pressures for the first time:

* What does ""partial pressure"" mean?
* How do the pressure contributions of individual gas components add up to the total pressure of the mixture?
* Are there any assumptions or limitations to Dalton's law?
* Can you give an example of how Dalton's law applies to a real-world situation?
* How does Dalton's law relate to other concepts in chemistry, such as ideal gas behavior and stoichiometry?","

| Metric | Score | Justification                                                                                                                                                                                                                                                                                                                                                                                                                                                                                                                                                                                                                                                                                                                                                                                                                                                                                                                                                                                                                                                                                                                                                                                                                                                                                                                                                                                                                                                                                                                                                                                                                                                                                                                                                                                                                                                                                                                                                                ","| Metric | Score | Justification |
|---|---|---|
| Relevance | 5 | All questions directly relate to the components and concepts introduced in the statement about Dalton's Law of Partial Pressures. |
| Coherence | 3 | The questions form a coherent line of inquiry, starting with the definition of partial pressure and progressing to the application and theoretical underpinnings of Dalton's law. However, the connection between the fourth and fifth questions could be smoother. |
| Diversity | 4 | The questions cover a range of aspects, including the definition, assumptions, application, and theoretical connections of Dalton's law, providing a diverse exploration of the topic. |","| Metric   | Score | Justification                                                                                                                                    |
|----------|-------|---------------------------------------------------------------------------------------------------------------------------------------------------|
| Relevance | 4     | The questions directly address the key elements of Dalton's law of partial pressures and aim to clarify its concepts and applications.            |
| Coherence | 4     | The questions progress logically from defining partial pressure to real-world examples and connections to other chemistry concepts.           |
| Diversity | 4     | The questions cover a good range of aspects, from basic definitions to practical applications, offering a broad exploration of Dalton's law. |"
"Imagine you are a human, this is the first time you are coming across this Chemistry Statement, you have no previous knowledge of it ""Molecular geometry affects the physical and chemical properties of substances."", what are the top 5 questions that would pop up in your head which would be most useful in learning about it as you are new to it. Give me a simple bullet point list, don't explain them or expand them","Sure, here are five questions that might be useful for a human who is encountering the statement ""Molecular geometry affects the physical and chemical properties of substances"" for the first time:

* What do you mean by ""molecular geometry""?
* How does molecular geometry affect physical properties?
* How does molecular geometry affect chemical properties?
* Can you give an example of how molecular geometry affects a substance's properties?
* Is there a way to predict how a substance's molecular geometry will affect its properties?","| Metric | Score | Justification |
|---|---|---|
| Relevance | 5 | All questions are directly related to the statement, aiming to clarify and expand upon the concept of molecular geometry affecting the properties of substances. |
| Coherence | 4 | The questions generally follow a logical order, moving from basic clarification to more specific aspects of the topic, although some may argue that the transition between questions could be smoother. |
| Diversity | 5 | The questions cover various dimensions of the topic, including definitions, implications, examples, and predictions","| Metric | Score | Justification |
|---|---|---|
| Relevance | 5 | All questions directly relate to the statement by exploring the definition, impact, and predictability of molecular geometry on properties. |
| Coherence | 4 | The questions follow a logical progression, starting with a definition, then examining physical and chemical effects, followed by an example, and finally asking about prediction. |
| Diversity | 4 | The questions cover a range of aspects, from basic definition to practical applications and theoretical considerations. |","Relevance	| Score	| Justification
Coherence	| Score	| Justification
Diversity	| Score	| Justification

Relevance	| 5	| The questions directly address the key concepts introduced in the statement, focusing on molecular geometry and its impact on properties.
Coherence	| 4	| The questions flow logically from defining molecular geometry to exploring its effects on physical and chemical properties.
Diversity	| 4	| The questions cover various aspects of the topic, including definitions, examples, and predictions related to molecular geometry and properties."
"Imagine you are a human, this is the first time you are coming across this Chemistry Statement, you have no previous knowledge of it ""Phase diagrams illustrate the conditions of temperature and pressure under which different phases of a substance exist."", what are the top 5 questions that would pop up in your head which would be most useful in learning about it as you are new to it. Give me a simple bullet point list, don't explain them or expand them","Sure! Here are five questions that might be helpful for a human encountering the concept of phase diagrams for the first time:

* What are the different phases of a substance?
* How do temperature and pressure affect the phases of a substance?
* What does a phase diagram look like and how do I read it?
* Can you give an example of a substance and its phase diagram?
* How is this relevant to my everyday life or other fields of study?","| Metric | Score | Justification |
|---|---|---|
| Relevance | 5 | All questions are directly related to the statement, exploring various aspects of phase diagrams, such as the relationship between temperature, pressure, and phases, as well as practical applications. |
| Coherence | 4 | The questions generally follow a logical order, moving from basic concepts to more specific applications. However, some connections could be made clearer, such as explicitly linking the second question to the first. |
| Diversity | 5 | The questions cover multiple dimensions of phase diagrams","| Metric | Score | Justification |
|---|---|---|
| Relevance | 5 | All questions directly relate to the statement, aiming to clarify the different phases of a substance, the influence of temperature and pressure, and the interpretation and application of phase diagrams. |
| Coherence | 4 | The questions logically progress from defining phases, to understanding their dependence on temperature and pressure, to interpreting phase diagrams, and finally exploring their relevance. |
| Diversity | 4 | The questions cover a range of aspects, including the definition of phases, the impact of temperature and pressure, the interpretation of phase diagrams, and their practical relevance, providing a broad exploration of the statement. |","| Metric   | Score | Justification                                                                                                               |
|----------|-------|-----------------------------------------------------------------------------------------------------------------------------|
| Relevance | 4     | The questions directly relate to the details of the statement about phase diagrams.                                        |
| Coherence | 4     | The questions flow logically and build upon each other to deepen understanding of the topic.                               |
| Diversity | 3     | While the questions cover different aspects of phase diagrams, there could be a wider range of perspectives explored.        |"
"Imagine you are a human, this is the first time you are coming across this Chemistry Statement, you have no previous knowledge of it ""The Henderson-Hasselbalch equation relates pH, pKa, and buffer concentrations."", what are the top 5 questions that would pop up in your head which would be most useful in learning about it as you are new to it. Give me a simple bullet point list, don't explain them or expand them","Sure! Here are five questions that might be useful for a human encountering the Henderson-Hasselbalch equation for the first time:

* What is pH and how is it measured?
* What is pKa and how is it related to pH?
* What are buffers and why are they important in chemistry?
* How do the concentrations of buffers relate to pH and pKa?
* Can you give an example of how the Henderson-Hasselbalch equation is used in real-world applications?","| Metric | Score | Justification |
| --- | --- | --- |
| Coherence | 4 | The questions follow a logical order, starting with basic concepts like pH and moving towards more complex ideas such as the relationship between pH, pKa, and buffer concentrations. However, the final question about real-world applications may seem disconnected from the rest of the questions, causing a slight dip in coherence. |
| Relevance | 5 | All questions are highly relevant to the Henderson-Hasselbalch equation, addressing fundamental concepts required to understand","| Metric | Score | Justification |
| --- | --- | --- |
| Relevance | 5 | All questions are directly relevant to the provided chemistry statement, exploring different aspects of pH, pKa, and buffer concentrations. |
| Coherence | 4 | The questions logically connect to each other, progressing from fundamental concepts (pH and pKa) to the role of buffers and their relationship with pH and pKa. |
| Diversity | 4 | The questions cover a diverse range of aspects, including definitions, relationships, and practical applications of the equation. Each question brings a unique perspective to understanding the statement. |","| Metric    | Score | Justification                                                                                   |
|-----------|-------|--------------------------------------------------------------------------------------------------|
| Relevance | 5     | All questions directly pertain to the details and concepts presented in the statement.         |
| Coherence | 4     | The questions form a logical progression in understanding the Henderson-Hasselbalch equation.   |
| Diversity | 4     | The questions cover various aspects such as pH, pKa, buffers, concentrations, and real-world applications. |"
"Imagine you are a human, this is the first time you are coming across this Chemistry Statement, you have no previous knowledge of it ""Chromophores and auxochromes influence the color of organic compounds."", what are the top 5 questions that would pop up in your head which would be most useful in learning about it as you are new to it. Give me a simple bullet point list, don't explain them or expand them","Sure! Here are five questions that might be useful for learning about chromophores and auxochromes:

* What are chromophores and auxochromes?
* How do they influence the color of organic compounds?
* Are there any specific examples of chromophores and auxochromes in organic compounds?
* How do the structures of chromophores and auxochromes relate to their color-influencing properties?
* Can the presence of chromophores and auxochromes affect the physical and chemical properties of an organic comp","| Metric | Score | Justification |
| --- | --- | --- |
| Coherence | 4 | The questions follow a logical order, starting with defining terms, followed by exploring their impact, providing examples, discussing structure-property relationships, and ending with potential effects on other properties. |
| Relevance | 5 | All questions directly relate to the statement, aiming to clarify and expand upon the roles of chromophores and auxochromes in organic compounds. |
| Diversity | 5 | The questions cover various aspects of the topic, such as","| Metric | Score | Justification |
|---|---|---|
| Relevance | 4 | The questions directly relate to the statement, focusing on the influence of chromophores and auxochromes on the color of organic compounds. |
| Coherence | 4 | The questions logically progress from defining chromophores and auxochromes to exploring their impact on color and the relationship between their structures and properties. |
| Diversity | 3 | While the questions cover essential aspects of chromophores and auxochromes, they could benefit from exploring broader implications or applications. |","| Metric   | Score | Justification                                                                                                 |
|----------|-------|---------------------------------------------------------------------------------------------------------------|
| Relevance | 5     | All questions directly pertain to the details and concepts presented in the statement.                       |
| Coherence | 4     | The questions form a logical progression in exploring the topic, but could benefit from clearer sequencing. |
| Diversity | 4     | The questions cover different aspects of chromophores and auxochromes, offering a broad exploration of the topic. |"
"Imagine you are a human, this is the first time you are coming across this Chemistry Statement, you have no previous knowledge of it ""The common ion effect influences the solubility of ionic compounds in solution."", what are the top 5 questions that would pop up in your head which would be most useful in learning about it as you are new to it. Give me a simple bullet point list, don't explain them or expand them","Sure! Here are five questions that might be helpful for a human encountering the chemistry statement about the common ion effect for the first time:

* What is an ionic compound?
* What does it mean for an ionic compound to be soluble in solution?
* What is a common ion, and how does it influence the solubility of ionic compounds?
* Are there any examples of ionic compounds that demonstrate the common ion effect?
* How does the common ion effect compare to other factors that affect the solubility of ionic compounds, such as","| Metric | Score | Justification |
| --- | --- | --- |
| Coherence | 4 | The questions follow a logical order, starting with foundational concepts like ionic compounds and solubility before moving onto more specific aspects of the common ion effect. However, the last question could potentially be split into two separate questions to further enhance clarity and focus. |
| Relevance | 5 | All questions are highly relevant to the original statement, exploring various facets of the common ion effect and its impact on the solubility of ionic compounds. They effectively address essential","| Metric | Score | Justification |
|---|---|---|
| Relevance | 5 | All questions directly pertain to the concepts and elements of the statement, clarifying key terms and their relationships. |
| Coherence | 4 | The questions logically progress a beginner's understanding, starting with basic definitions and moving towards more specific aspects of the common ion effect. However, the connection between question 4 and 5 could be stronger. |
| Diversity | 4 | The questions cover a range of aspects, including definitions, factors that influence solubility, and practical examples. Further expansion on theoretical underpinnings or applications could enhance diversity. |","| Metric    | Score | Justification                                                                                   |
|-----------|-------|-------------------------------------------------------------------------------------------------|
| Relevance  | 5     | All questions directly address key concepts introduced in the statement about the common ion effect. |
| Coherence | 4     | Questions progress logically from defining terms to exploring examples and comparisons.           |
| Diversity  | 4     | The questions cover various aspects of the common ion effect, including definitions, examples, and comparisons. |"
"Imagine you are a human, this is the first time you are coming across this Chemistry Statement, you have no previous knowledge of it ""Fractional crystallization separates compounds based on differences in solubility."", what are the top 5 questions that would pop up in your head which would be most useful in learning about it as you are new to it. Give me a simple bullet point list, don't explain them or expand them","Sure! Here are five questions that might be helpful for a human who is encountering the concept of fractional crystallization for the first time:

* What does ""fractional"" mean in this context?
* What is solubility, and how does it relate to crystallization?
* How does fractional crystallization separate compounds differently than other methods?
* Can you give an example of a situation where fractional crystallization would be useful?
* Is there a way to predict or control the outcome of fractional crystallization?","| Metric | Score | Justification |
|---|---|---|
| Coherence | 4 | The questions follow a logical order, starting with basic terminology and gradually moving towards more complex ideas like application and control. However, the transition between some questions could be smoother. |
| Relevance | 5 | All questions are highly relevant to the statement, focusing on key terms and exploring the practical uses and mechanisms behind fractional crystallization. |
| Diversity | 4 | The questions cover various aspects of the topic, such as definition, comparison, examples, and prediction","| Metric | Score | Justification |
|---|---|---|
| Relevance | 4 | All questions are directly related to the statement, exploring the meaning of ""fractional,"" solubility, and crystallization, as well as the applications and control of fractional crystallization. |
| Coherence | 3 | The questions follow a logical sequence, starting with fundamental concepts and gradually moving towards more specific applications and implications. |
| Diversity | 4 | The questions cover a range of aspects, from definitions and mechanisms to applications and control, providing a well-rounded exploration of the statement. |","| Metric   | Score | Justification                                                                                                    |
|----------|-------|------------------------------------------------------------------------------------------------------------------|
| Relevance | 5     | All questions directly pertain to the concept of fractional crystallization and its key components                  |
| Coherence | 4     | The questions flow logically and build upon one another, though a slightly clearer progression could enhance coherence |
| Diversity | 5     | Each question tackles a different aspect of the statement, offering a well-rounded exploration of the topic         |"
"Imagine you are a human, this is the first time you are coming across this Chemistry Statement, you have no previous knowledge of it ""Raoult's law relates the vapor pressure of a solution to the mole fraction of the solvent."", what are the top 5 questions that would pop up in your head which would be most useful in learning about it as you are new to it. Give me a simple bullet point list, don't explain them or expand them","Sure! Here are five questions that might be helpful for a human encountering Raoult's Law for the first time:

* What is vapor pressure, and how is it related to the mole fraction of the solvent?
* How does Raoult's Law differ from other laws or principles in chemistry, such as Boyle's Law or Henry's Law?
* Are there any limitations or assumptions involved in using Raoult's Law, and if so, what are they?
* Can Raoult's Law be applied to all types of solutions, or are","| Metric | Score | Justification |
| --- | --- | --- |
| Coherence | 4 | The questions follow a logical order, starting with understanding the basic concept, comparing it to other laws, addressing its limitations, and finally considering its applicability. However, the last question could be more specific about the conditions under which Raoult's Law may not apply. |
| Relevance | 5 | All questions are highly relevant to the original statement, focusing on understanding the concept, its differences from other laws, and its limitations. They also address the applicability of the law","| Metric | Score | Justification |
|---|---|---|
| Relevance | 3 | The questions are generally relevant to the statement but could benefit from being more specific and directly related to the key concepts of Raoult's Law. |
| Coherence | 2 | The questions lack a clear logical sequence and do not build upon one another to form a cohesive line of inquiry. |
| Diversity | 4 | The questions cover a range of aspects related to Raoult's Law, including its definition, limitations, and applications. |","| Metric   | Score | Justification                                                                                                                    |
|----------|-------|----------------------------------------------------------------------------------------------------------------------------------|
| Relevance | 5     | All questions directly pertain to Raoult's Law and its key components.                                                            |
| Coherence | 4     | Questions progress logically from understanding key terms to limitations and applications of Raoult's Law.                      |
| Diversity | 4     | The questions cover a range of aspects including definitions, comparisons, limitations, and applicability of Raoult's Law.     |"
"Imagine you are a human, this is the first time you are coming across this Chemistry Statement, you have no previous knowledge of it ""The kinetic molecular theory explains the behavior of gases in terms of particle motion."", what are the top 5 questions that would pop up in your head which would be most useful in learning about it as you are new to it. Give me a simple bullet point list, don't explain them or expand them","Sure! Here are five questions that might be helpful for a human encountering the kinetic molecular theory for the first time:

* What does ""kinetic"" mean in this context?
* How do the particles in a gas move?
* What is the relationship between the motion of the particles and the behavior of the gas?
* How does the kinetic molecular theory explain the different properties of gases, such as pressure and temperature?
* Can you give an example of how the kinetic molecular theory can be used to predict the behavior of a gas in a specific situation?","| Metric | Score | Justification |
| --- | --- | --- |
| Coherence | 4 | The questions follow a logical progression, moving from basic terminology to more complex concepts like the relationship between particle motion and gas behavior. However, the last question could potentially be broken down into simpler steps for a true beginner. |
| Relevance | 5 | All questions are directly relevant to the statement, exploring various aspects of the kinetic molecular theory and its application to gas behavior. |
| Diversity | 5 | A wide range of aspects are covered,","| Metric   | Score | Justification                                                                                         |
|---------|-------|------------------------------------------------------------------------------------------------------------------------|
| Relevance | 5     | All questions directly target the elements and concepts presented in the statement, seeking to clarify the meaning of terms, understand particle behavior, explore the relationship between particle motion and gas behavior, and examine the theory's explanatory power and applicability. |
| Coherence | 5     | The questions logically connect and build upon each other. They follow a structured inquiry path, starting with basic definitions and progressing to more complex concepts and applications, fostering a comprehensive understanding. |
| Diversity | 4     | The questions cover a wide range of aspects, including definitions, particle motion, the relationship between motion and behavior, explanatory power, and predictive applications. While they address multiple dimensions, they could delve deeper into theoretical underpinnings or implications for a more comprehensive exploration. |","| Metric   | Score | Justification                                                                                                                      |
|----------|-------|------------------------------------------------------------------------------------------------------------------------------------|
| Relevance | 5     | All questions directly relate to the details and concepts of the kinetic molecular theory and its application to gas behavior.   |
| Coherence | 4     | The questions follow a logical progression from understanding basic terms to applying the theory in specific scenarios.           |
| Diversity | 4     | The questions cover various aspects of the kinetic molecular theory, including definitions, particle motion, and practical examples. |"
"Imagine you are a human, this is the first time you are coming across this Chemistry Statement, you have no previous knowledge of it ""Ligands bind to central metal atoms in coordination compounds."", what are the top 5 questions that would pop up in your head which would be most useful in learning about it as you are new to it. Give me a simple bullet point list, don't explain them or expand them","Sure! Here are five questions that might be useful for a human encountering the statement ""Ligands bind to central metal atoms in coordination compounds"" for the first time:

* What is a ligand?
* What is a central metal atom?
* What is a coordination compound?
* How do ligands bind to central metal atoms?
* Why is this important in chemistry?","| Metric | Score | Justification |
|---|---|---|
| Relevance | 5 | All questions are directly related to the statement, aiming to clarify its components and significance. |
| Coherence | 4 | The questions follow a logical order, moving from basic definitions to broader implications, though some connections could be clearer. |
| Diversity | 5 | The questions cover various aspects of the statement, providing a well-rounded exploration of the concept. |","| Metric | Score | Justification |
|---|---|---|
| Relevance | 5 | All five questions directly target the key concepts presented in the statement, namely ligands, central metal atoms, and coordination compounds, and the relationship between them. |
| Coherence | 4 | The questions exhibit an intuitive order that logically progresses from defining the fundamental concepts involved to exploring the nature of their interactions and the broader significance of coordination compounds. |
| Diversity | 5 | The questions cover a comprehensive range of aspects, including the nature of ligands, central metal atoms, coordination compounds, the binding mechanism, and the importance of coordination compounds in chemistry. |","```
| Metric     | Score | Justification                                                                                      |
|------------|-------|-----------------------------------------------------------------------------------------------------|
| Relevance  | 5     | All questions directly address components of the statement, seeking to clarify and explore them.    |
| Coherence  | 4     | The questions progress logically from defining the key terms to understanding their interaction.   |
| Diversity  | 4     | The questions cover a range of aspects involved in the statement, offering a broad exploration.     |
```"
"Imagine you are a human, this is the first time you are coming across this Chemistry Statement, you have no previous knowledge of it ""The Beer-Lambert law relates the absorption of light to the properties of the material through which the light is traveling."", what are the top 5 questions that would pop up in your head which would be most useful in learning about it as you are new to it. Give me a simple bullet point list, don't explain them or expand them","Sure! Here are five questions that might be helpful for a human encountering the Beer-Lambert law for the first time:

* What is meant by ""absorption of light""?
* What do we mean by ""properties of the material""?
* How does the Beer-Lambert law relate to these properties?
* Is this law only applicable to certain types of materials or can it be applied generally?
* Are there any real-world applications of the Beer-Lambert law that I should know about?","| Metric | Score | Justification |
|---|---|---|
| Relevance | 4 | The questions are mostly relevant to the statement, though some could be more specific to the Beer-Lambert law. For example, asking about the relationship between the law and the properties of the material could be refined to ask about how the concentration of the material affects light absorption according to the Beer-Lambert law. |
| Coherence | 5 | The questions follow a logical order, starting with basic terms and gradually building towards more complex ideas like applications. This structure helps guide","| Metric | Score | Justification |
|---|---|---|
| Relevance | 5 | All questions directly relate to the statement and aim to clarify its key concepts. |
| Coherence | 4 | The questions follow a logical sequence, with each question building upon the previous one to develop understanding. |
| Diversity | 4 | The questions cover a range of aspects, including definitions, implications, and applications. |","| Metric    | Score | Justification                                                                                                      |
|-----------|-------|--------------------------------------------------------------------------------------------------------------------|
| Relevance | 5     | All questions directly address key elements of the statement, focusing on light absorption, material properties, and the Beer-Lambert law.                                                               |
| Coherence | 4     | The questions flow logically, building upon each other to guide understanding of the concept from basic definitions to real-world applications.                                                |
| Diversity | 4     | The questions cover a range of aspects - from defining terms to practical applications - providing a well-rounded exploration of the Beer-Lambert law.                                                                 |"
"Imagine you are a human, this is the first time you are coming across this Chemistry Statement, you have no previous knowledge of it ""Galvanic cells produce electrical energy from spontaneous redox reactions."", what are the top 5 questions that would pop up in your head which would be most useful in learning about it as you are new to it. Give me a simple bullet point list, don't explain them or expand them","Sure! Here are five questions that might be helpful for a human encountering the statement ""Galvanic cells produce electrical energy from spontaneous redox reactions"" for the first time:

* What is a galvanic cell?
* What is a redox reaction?
* How does a galvanic cell produce electrical energy?
* What is the difference between a galvanic cell and a battery?
* Can galvanic cells be used to power devices in everyday life?","| Metric | Score | Justification |
| --- | --- | --- |
| Relevance | 5 | All questions are directly related to the statement, aiming to clarify its components and implications. |
| Coherence | 4 | The questions follow a logical order, moving from basic definitions to more complex implications, though some connections could be clearer. |
| Diversity | 5 | The questions cover various aspects of the statement, providing a well-rounded exploration of the topic. |","| Metric | Score | Justification |
|---|---|---|
| Relevance | 5 | All questions are directly related to the statement and aim to clarify key concepts. |
| Coherence | 5 | Questions logically progress in understanding, starting with the basics and moving towards more specific and practical applications. |
| Diversity | 4 | Questions cover a range of aspects, including definitions, mechanisms, comparisons, and real-life applications. |","Relevance     | 5 | The questions directly pertain to the core concepts introduced in the statement about galvanic cells and redox reactions.

Coherence     | 4 | The questions flow logically from defining basic terms to exploring applications, but the connection between a galvanic cell and a battery could be clarified.

Diversity     | 5 | The questions cover a broad range of aspects, from definitions to practical applications of galvanic cells, offering a well-rounded exploration of the topic."
"Imagine you are a human, this is the first time you are coming across this Chemistry Statement, you have no previous knowledge of it ""Electrophoresis separates DNA fragments by size."", what are the top 5 questions that would pop up in your head which would be most useful in learning about it as you are new to it. Give me a simple bullet point list, don't explain them or expand them","Sure, here are five questions that might pop up in my head as a human encountering the concept of electrophoresis for the first time:

* What does ""electrophoresis"" mean?
* How does it separate DNA fragments by size?
* What is the purpose of separating DNA fragments by size?
* Are there different types of electrophoresis?
* How is electrophoresis used in real-world applications?","| Metric | Score | Justification |
|---|---|---|
| Relevance | 5 | All questions are directly related to the concept of electrophoresis and its process, purpose, and application. |
| Coherence | 4 | The questions generally follow a logical order, moving from basic understanding to more complex applications, though some connections could be clearer. |
| Diversity | 4 | The questions cover various aspects of electrophoresis, such as definition, mechanism, purpose, and usage, but could benefit from exploring additional dimensions like limitations or challenges. |","| Metric | Score | Justification |
|---|---|---|
| Coherence | 4 | The questions logically connect to one another, forming a coherent line of inquiry that progresses understanding. The first question establishes the basic concept, while subsequent questions explore the mechanism, purpose, types, and applications of electrophoresis. |
| Relevance | 5 | Each question directly pertains to the elements and concepts presented in the statement. They focus on clarifying and expanding upon the statement's content, without straying into peripheral topics. |
| Diversity | 4 | The questions cover a range of aspects related to electrophoresis, including its definition, mechanism, purpose, types, and applications. They collectively offer a broad exploration of the topic, providing a multi-dimensional understanding. |","|Mteric  | Score | Justification |
|---------|-------|---------------|
| Relevance | 5 | The questions directly address the key elements of the statement, focusing on understanding electrophoresis and its relevance to DNA fragments. |
| Coherence | 4 | The questions progress logically from defining electrophoresis to exploring its applications, forming a coherent line of inquiry. |
| Diversity | 4 | The questions cover various aspects of electrophoresis, from definitions to applications, offering a diverse exploration of the topic. |"
"Imagine you are a human, this is the first time you are coming across this Chemistry Statement, you have no previous knowledge of it ""The Tyndall effect demonstrates the scattering of light by colloidal particles."", what are the top 5 questions that would pop up in your head which would be most useful in learning about it as you are new to it. Give me a simple bullet point list, don't explain them or expand them","Sure, here are five questions that might be useful for learning about the Tyndall effect:

* What is meant by ""colloidal particles""?
* How does the Tyndall effect demonstrate the scattering of light?
* What is the difference between the Tyndall effect and other types of light scattering?
* Can the Tyndall effect be observed in all types of materials, or are certain materials more suitable for demonstrating this phenomenon?
* Are there any practical applications of the Tyndall effect in fields such as medicine, technology, or environmental science?","| Metric | Score | Justification |
|---|---|---|
| Coherence | 4 | The questions follow a logical order, starting with basic terminology and gradually moving towards more complex topics like the differences between the Tyndall effect and other types of light scattering, and potential applications. However, the last question could potentially be split into multiple questions to further explore various practical uses. |
| Relevance | 5 | All questions are highly relevant to the Tyndall effect, focusing on essential aspects such as the nature of colloidal particles, the mechanism of light scattering, and real-","| Metric | Score | Justification |
|---|---|---|
| Relevance | 5 | Each question directly addresses aspects related to the definition, mechanism, and characteristics of the Tyndall effect, demonstrating a clear alignment with the provided statement. |
| Coherence | 4 | The questions form a coherent line of inquiry, logically progressing from the definition and description of colloidal particles (question 1) to the specific scattering process involved in the Tyndall effect (question 2) and its comparison with other types of scattering (question 3). The final two questions explore practical aspects and applications, providing a broader perspective. |
| Diversity | 4 | The questions cover diverse aspects of the Tyndall effect, including its fundamental definition and scattering mechanism (questions 1 and 2), its unique characteristics compared to other scattering phenomena (question 3), and its potential applications (question 5). While question 4 on specific suitable materials could be more specific, the overall range of topics covered demonstrates a comprehensive exploration. |","| Metric   | Score | Justification                                                                                                                                                                     |
|----------|-------|------------------------------------------------------------------------------------------------------------------------------------------------------------------------------------|
| Relevance | 5     | All questions directly pertain to the details and concepts in the statement about the Tyndall effect and colloidal particles.                                                    |
| Coherence | 4     | The questions form a logical progression of understanding, moving from defining terms to practical applications while maintaining thematic connection.                           |
| Diversity | 5     | Each question explores a different aspect of the Tyndall effect, covering definitions, demonstrations, comparisons, material suitability, and practical implications.        |"
"Imagine you are a human, this is the first time you are coming across this Chemistry Statement, you have no previous knowledge of it ""Supercooling water allows it to remain liquid below its normal freezing point."", what are the top 5 questions that would pop up in your head which would be most useful in learning about it as you are new to it. Give me a simple bullet point list, don't explain them or expand them","Sure! Here are five questions that might pop up in my head as a human encountering the concept of supercooling water for the first time:

* What does ""supercooling"" mean, and how does it differ from regular cooling?
* Why does water need to be cooled below its normal freezing point in order to freeze?
* How far below its normal freezing point can water be supercooled before it freezes?
* Are there any other substances that can be supercooled, or is this unique to water?
* What practical applications","| Metric | Score | Justification |
|---|---|---|
| Relevance | 4 | The questions are mostly relevant to the concept of supercooling water, however some questions like ""How far below its normal freezing point can water be supercooled before it freezes?"" could be rephrased to focus more on the process of supercooling itself instead of the temperature threshold. |
| Coherence | 5 | The questions follow a logical progression, starting with basic definitions and gradually moving towards more complex topics such as applications and comparisons with other substances","| Metric | Score | Justification |
|---|---|---|
| Relevance | 5 | All five questions are directly relevant to the statement about supercooling water, seeking to clarify key concepts, their implications, and potential applications. |
| Coherence | 4 | The questions flow logically from one another, starting with the definition of supercooling and progressing to the conditions, limitations, and broader applications of this phenomenon. |
| Diversity | 4 | The questions cover a diverse range of aspects, including the definition, mechanism, limits, and practical uses of supercooling water. They offer a comprehensive exploration without straying too far from the scope of the initial statement. |","| Metric   | Score | Justification                                                                                                   |
|----------|-------|-----------------------------------------------------------------------------------------------------------------|
| Relevance | 5     | All questions directly address the concept of supercooling water and its implications.                         |
| Coherence | 4     | The questions flow logically from defining supercooling to exploring its applications, forming a coherent sequence. |
| Diversity | 4     | The questions cover different aspects of supercooling water, including definitions, reasons, limits, comparisons, and applications. |"
"Imagine you are a human, this is the first time you are coming across this Chemistry Statement, you have no previous knowledge of it ""The extraction of metals from ores involves chemical reduction processes."", what are the top 5 questions that would pop up in your head which would be most useful in learning about it as you are new to it. Give me a simple bullet point list, don't explain them or expand them","Sure! Here are five questions that might be useful for learning about the extraction of metals from ores:

* What are ores and how do they contain metals?
* What is chemical reduction and how does it relate to metal extraction?
* Can you give an example of a metal that is extracted from an ore using a chemical reduction process?
* How does the chemical reduction process work to extract the metal from the ore?
* Are there different methods for extracting metals from ores, and if so, what are some examples?","| Metric | Score | Justification |
|---|---|---|
| Relevance | 4 | The questions are mostly relevant to the topic, however, the second question could be more specific to avoid confusion. |
| Coherence | 5 | The questions follow a logical order, starting with basic concepts and moving towards more specific processes. |
| Diversity | 5 | The questions cover various aspects of the topic, such as definitions, examples, and mechanisms. |","| Metric | Score | Justification |
|---|---|---|
| Relevance | 5 | All questions are directly relevant to the statement, exploring different aspects of metal extraction from ores. |
| Coherence | 4 | The questions form a logical sequence, building upon each other to provide a structured understanding of the topic. |
| Diversity | 5 | The questions cover a wide range of topics, from the definition of ores to specific examples and different methods of extraction. |","| Metric   | Score | Justification                                                                                       |
|----------|-------|-----------------------------------------------------------------------------------------------------|
| Relevance|   5   | All questions directly pertain to the extraction of metals from ores through chemical reduction.       |
| Coherence|   4   | The questions form a logical progression from defining ores to understanding the extraction process.     |
| Diversity|   5   | The questions cover various aspects such as definition, examples, process explanation, and methods. |"
"Imagine you are a human, this is the first time you are coming across this Chemistry Statement, you have no previous knowledge of it ""The structure of proteins is determined by amino acid sequences and chemical bonding."", what are the top 5 questions that would pop up in your head which would be most useful in learning about it as you are new to it. Give me a simple bullet point list, don't explain them or expand them","Sure, here are five questions that might be useful for a human encountering the statement ""The structure of proteins is determined by amino acid sequences and chemical bonding"" for the first time:

* What are amino acids and how do they relate to proteins?
* What are the different types of chemical bonds that can form in proteins?
* How do the sequences of amino acids determine the structure of a protein?
* Are there any specific rules or patterns that govern how amino acids are arranged in proteins?
* Can the structure of a protein be changed or","| Metric | Score | Justification |
|---|---|---|
| Relevance | 4 | The questions are mostly relevant to the statement, though some could be more specific to the concept of protein structure determination. |
| Coherence | 5 | The questions follow a logical order, moving from basic concepts to more complex ideas. |
| Diversity | 4 | The questions cover various aspects of protein structure determination, but could benefit from exploring additional dimensions such as biological function or real-world applications. |","| Metric | Score | Justification |
|---|---|---|
| Relevance | 5 | All questions directly pertain to the statement, exploring aspects of amino acid composition, chemical bonding, and structural determination. |
| Coherence | 4 | The questions follow a logical progression, starting with basic concepts of amino acids and chemical bonds, then moving to their relationship in protein structure. The final question prompts further exploration. |
| Diversity | 4 | The questions cover a range of aspects, including the nature of amino acids, chemical interactions, structural determination, and potential dynamics. |","| Metric   | Score | Justification                                                                                                      |
|----------|-------|--------------------------------------------------------------------------------------------------------------------|
| Relevance | 4     | The questions directly address the components of the statement regarding amino acids, chemical bonding, and protein structure.                                      |
| Coherence | 3     | The questions flow logically from defining amino acids to understanding their role in protein structure and bonding, but the last question could lead to a broader inquiry.            |
| Diversity | 4     | The questions cover distinct aspects like amino acids, chemical bonds, sequence influence, rules, and structural changes in proteins, offering a varied exploration. |"
"Imagine you are a human, this is the first time you are coming across this Chemistry Statement, you have no previous knowledge of it ""Surfactants reduce surface tension, allowing liquids to spread or emulsify."", what are the top 5 questions that would pop up in your head which would be most useful in learning about it as you are new to it. Give me a simple bullet point list, don't explain them or expand them","Sure! Here are five questions that might be useful for a human who is encountering the statement about surfactants for the first time:

* What is surface tension and why does it matter?
* What are surfactants and how do they work?
* How do surfactants reduce surface tension?
* What are some examples of surfactants and where are they used?
* Are there any safety concerns or potential negative impacts associated with using surfactants?","| Metric | Score | Justification |
|---|---|---|
| Relevance | 4 | The questions are mostly relevant to the topic of surfactants reducing surface tension, however, the last question may stray slightly off-topic by introducing safety concerns. |
| Coherence | 5 | The questions follow a logical progression, starting with basic concepts like surface tension and surfactants, then moving on to more specific questions about how surfactants work and where they are used. |
| Diversity | 5 | The questions cover a wide range of aspects related to the","| Metric | Score | Justification |
|---|---|---|
| Relevance | 5 | All 5 questions directly relate to the statement and explore various aspects of surfactants and their properties. |
| Coherence | 4 | The questions follow a logical sequence, starting with foundational concepts and progressing to more specific inquiries and implications. While there could be a stronger connection between Q4 and Q5, overall, they form a coherent line of inquiry. |
| Diversity | 5 | The questions cover a wide range of aspects, including definitions, mechanisms, applications, and potential concerns. Each question adds a new dimension to understanding the statement. |","| Metric    | Score | Justification                                                                                                          |
|-----------|-------|------------------------------------------------------------------------------------------------------------------------|
| Relevance | 5     | All questions directly relate to the statement about surfactants reducing surface tension.                          |
| Coherence | 4     | The questions progress logically from defining surface tension to exploring surfactants and their applications.      |
| Diversity | 5     | Each question addresses a different aspect such as definitions, mechanisms, examples, and potential drawbacks.       |"
"Imagine you are a human, this is the first time you are coming across this Chemistry Statement, you have no previous knowledge of it ""The Corrosion of metals involves electrochemical reactions."", what are the top 5 questions that would pop up in your head which would be most useful in learning about it as you are new to it. Give me a simple bullet point list, don't explain them or expand them","Sure, here are five questions that might be useful for a human who is encountering the statement ""The Corrosion of metals involves electrochemical reactions"" for the first time:

* What is corrosion?
* What are electrochemical reactions?
* How do electrochemical reactions relate to corrosion?
* What types of metals are most susceptible to corrosion?
* Can corrosion be prevented or slowed down?","| Metric | Score | Justification |
|---|---|---|
| Relevance | 5 | All questions are directly related to the statement, aiming to clarify or expand upon its components. |
| Coherence | 4 | The questions generally follow a logical order, moving from basic definitions to more specific implications, though some connections could be stronger. |
| Diversity | 4 | The questions cover various aspects of the statement, but there may be room for further exploration of practical applications or underlying mechanisms. |","| Metric | Score | Justification |
|---|---|---|
| Relevance | 5 | The questions directly relate to the statement about the corrosion of metals involving electrochemical reactions, seeking to understand the concepts of corrosion, electrochemical reactions, their relationship, and practical implications. |
| Coherence | 4 | The questions logically progress from defining corrosion and electrochemical reactions to exploring their connection and practical implications, providing a structured framework for understanding the statement. |
| Diversity | 4 | The questions cover a range of aspects, including the definition of corrosion, electrochemical reactions, their relevance to corrosion, susceptible metals, and corrosion prevention, offering a broad exploration of the topic. |","| Metric    | Score | Justification                                                                                  |
|-----------|-------|-----------------------------------------------------------------------------------------------|
| Relevance | 5     | All questions directly pertain to the elements presented in the statement.                    |
| Coherence | 4     | The questions progress logically from defining terms to exploring implications and prevention. |
| Diversity | 4     | The questions cover a range of aspects involved in understanding corrosion and its mechanisms.  |"
"Imagine you are a human, this is the first time you are coming across this Chemistry Statement, you have no previous knowledge of it ""Osmosis is the movement of water through a semipermeable membrane from low to high solute concentration."", what are the top 5 questions that would pop up in your head which would be most useful in learning about it as you are new to it. Give me a simple bullet point list, don't explain them or expand them","Sure! Here are five questions that might be helpful for a human encountering the concept of osmosis for the first time:

* What is a semipermeable membrane?
* What is meant by ""low to high solute concentration""?
* How does the movement of water through the membrane occur?
* Why does osmosis happen?
* What are some real-world examples of osmosis in action?","| Metric | Score | Justification |
|---|---|---|
| Relevance | 4 | The questions are mostly relevant to the statement, except for the last one, which asks for real-world examples, which may not always be applicable depending on the context. |
| Coherence | 5 | The questions follow a logical order, starting with foundational concepts like semipermeable membranes and solute concentration before moving onto more complex ideas such as the mechanism behind osmosis and its purpose. |
| Diversity | 4 | The questions cover various aspects of osm","| Metric | Score | Justification |
|---|---|---|
| Relevance | 5 | All questions directly relate to the key elements and concepts introduced in the statement, focusing on understanding osmosis's mechanism and its role in real-world scenarios. |
| Coherence | 4 | The questions logically progress from defining key terms to exploring the process and implications of osmosis, forming a coherent line of inquiry. However, the question about real-world examples could be better integrated into the sequence. |
| Diversity | 4 | The questions cover a range of aspects, including definitions, process, and real-world applications, providing a comprehensive exploration of osmosis for a beginner. |","| Metric    | Score | Justification                                                                                                                                     |
|-----------|-------|---------------------------------------------------------------------------------------------------------------------------------------------------|
| Relevance | 5     | All questions directly pertain to details and concepts presented in the statement, focusing on clarifying and exploring osmosis.                |
| Coherence | 4     | The questions progress logically from defining key terms to understanding the process of osmosis, with a slight jump in the last question.    |
| Diversity | 5     | The questions cover various aspects of osmosis, including definitions, mechanisms, reasons for occurrence, and real-world applications.        |"
"Imagine you are a human, this is the first time you are coming across this Chemistry Statement, you have no previous knowledge of it ""Polymorphism in chemistry refers to the ability of a solid material to exist in more than one form or crystal structure."", what are the top 5 questions that would pop up in your head which would be most useful in learning about it as you are new to it. Give me a simple bullet point list, don't explain them or expand them","Sure, here are five questions that might pop up in my head as a human encountering the concept of polymorphism in chemistry for the first time:

* What does it mean for a material to exist in multiple forms or crystal structures?
* How can a single material have multiple crystal structures?
* Are there any specific examples of materials that exhibit polymorphism?
* How does the existence of multiple crystal structures affect the properties of a material?
* Can polymorphism be manipulated or controlled in some way, and if so, how?","| Metric | Score | Justification |
|---|---|---|
| Relevance | 5 | All questions are directly related to the concept of polymorphism in chemistry, exploring its definition, examples, effects, and potential manipulation. |
| Coherence | 4 | The questions generally follow a logical order, moving from basic definitions to more complex considerations like property changes and control. However, the transition between some questions could be smoother. |
| Diversity | 5 | The questions cover various aspects of polymorphism, providing a comprehensive introduction to the topic","| Metric | Score | Justification |
|---|---|---|
| Relevance | 5 | All questions directly relate to the statement's definition of polymorphism, focusing on its core concepts and implications, scoring highly in relevance. |
| Coherence | 4 | The sequence of questions establishes a logical progression from the basic concept of polymorphism to its implications and applications, providing a coherent line of inquiry. |
| Diversity | 4 | Questions cover various aspects of polymorphism, including its definition, causes, examples, material properties, and potential control. This diverse range of perspectives aids in understanding its multifaceted nature. |","| Metric   | Score | Justification                                                                                                                                                                                                                             |
|----------|-------|--------------------------------------------------------------------------------------------------------------------------------------------------------------------------------------------------------------------------------------------|
| Relevance | 5     | All questions directly relate to the concept of polymorphism in chemistry as described in the statement.                                                                                                                                |
| Coherence | 4     | The questions logically progress from defining the concept to exploring its implications and manipulation, with a clear thematic connection. The sequence could be slightly improved for a more structured inquiry.                      |
| Diversity | 4     | The questions cover different aspects of polymorphism, including definitions, examples, effects on properties, and potential manipulation, providing a diverse exploration of the topic while maintaining relevance to the statement. |"
"Imagine you are a human, this is the first time you are coming across this Chemistry Statement, you have no previous knowledge of it ""The viscosity of a liquid measures its resistance to flow."", what are the top 5 questions that would pop up in your head which would be most useful in learning about it as you are new to it. Give me a simple bullet point list, don't explain them or expand them","Sure! Here are five questions that might be helpful for a human who is encountering the concept of viscosity for the first time:

* What does ""resistance to flow"" mean, and how is it different from other properties of liquids?
* How is viscosity measured, and what units are used to express it?
* Does viscosity change depending on the temperature of the liquid?
* Are there any common examples of liquids with high viscosity, and how do they compare to those with low viscosity?
* Can changes in viscosity be used to predict","| Metric | Score | Justification |
| --- | --- | --- |
| Coherence | 4 | The questions follow a logical progression, starting with a basic definition and then moving on to measurement, temperature dependence, examples, and applications. However, the last question could potentially stray from the main topic of viscosity, so it receives a slightly lower score. |
| Relevance | 5 | All questions are highly relevant to the initial statement, focusing on defining viscosity, measuring it, comparing it to other liquids, and exploring its temperature dependence. This provides a","| Metric | Score | Justification |
|---|---|---|
| Relevance | 4 | The questions directly pertain to the definition of viscosity and its measurement, temperature dependence, and practical applications. |
| Coherence | 4 | The questions logically progress from defining viscosity to exploring its measurement, temperature dependence, examples, and potential uses. |
| Diversity | 3 | While the questions cover several aspects of viscosity, they primarily focus on its definition, measurement, and temperature dependence, leaving room for further exploration of its applications and theoretical underpinnings. |","| Metric    | Score | Justification                                                                                                                                         |
|-----------|-------|--------------------------------------------------------------------------------------------------------------------------------------------------------|
| Relevance | 5     | All questions directly address the concept of viscosity and its measurement, temperature dependence, examples of high and low viscosity liquids, and predictive capabilities. |
| Coherence | 4     | The questions flow logically from defining viscosity to practical examples and applications, but the last question could benefit from more specificity.                |
| Diversity | 5     | The questions cover a range of aspects related to viscosity, including definitions, measurement, examples, and predictions, offering a comprehensive exploration.       |"
"Imagine you are a human, this is the first time you are coming across this Chemistry Statement, you have no previous knowledge of it ""Liquid crystals display unique properties that make them useful in electronic displays."", what are the top 5 questions that would pop up in your head which would be most useful in learning about it as you are new to it. Give me a simple bullet point list, don't explain them or expand them","Sure, here are five questions that might be useful for someone who is new to liquid crystals and their use in electronic displays:

* What are liquid crystals?
* How do liquid crystals differ from solid crystals?
* What are some examples of electronic displays that use liquid crystals?
* How do liquid crystals enable the display of images on a screen?
* What are some advantages of using liquid crystals in electronic displays compared to other technologies?","| Metric | Score | Justification |
|---|---|---|
| Coherence | 4 | The questions follow a logical progression, starting with basic definitions and gradually moving towards more specific applications and comparisons. However, there is room for further elaboration on the potential disadvantages of using liquid crystals in electronic displays. |
| Relevance | 5 | All questions are highly relevant to the provided statement, focusing on essential aspects such as defining liquid crystals, understanding their distinctiveness, identifying applications, and comparing their benefits. |
| Diversity | 4 | The questions","| Metric | Score | Justification |
|---|---|---|
| Relevance | 5 | All five questions are directly relevant to the statement, seeking to clarify the nature of liquid crystals, their distinctions from solid crystals, examples of their applications, mechanisms for image display, and comparative advantages over alternative technologies. |
| Coherence | 4 | While the questions are topically related, the sequence could be improved to facilitate a more logical progression of inquiry. For instance, starting with the definition of liquid crystals before exploring their properties and applications would enhance coherence. |
| Diversity | 4 | The questions cover a diverse range of aspects related to liquid crystals in electronic displays, including their definition, properties, applications, technical mechanisms, and advantages. However, a question exploring the potential limitations or drawbacks of liquid crystal displays could further enhance diversity. |","| Metric   | Score | Justification                                                                                                                            |
|----------|-------|------------------------------------------------------------------------------------------------------------------------------------------|
| Relevance | 5     | All questions directly pertain to understanding liquid crystals in electronic displays without deviating into unrelated topics.            |
| Coherence | 4     | The questions progress logically from defining liquid crystals to their application in electronic displays, forming a coherent line of inquiry.       |
| Diversity | 4     | The questions cover various aspects of liquid crystals in electronic displays, including their definition, difference from solids, examples, function and advantages. |"
"Imagine you are a human, this is the first time you are coming across this Chemistry Statement, you have no previous knowledge of it ""Soap molecules have both hydrophilic and hydrophobic ends, allowing them to remove grease."", what are the top 5 questions that would pop up in your head which would be most useful in learning about it as you are new to it. Give me a simple bullet point list, don't explain them or expand them","Sure! Here are five questions that might be useful for a human who is encountering the statement about soap molecules for the first time:

* What does ""hydrophilic"" mean?
* What does ""hydrophobic"" mean?
* How do the hydrophilic and hydrophobic ends of soap molecules interact with grease?
* Is the ability of soap molecules to remove grease related to their shape or structure?
* Are there any other substances that have similar properties to soap molecules and can also remove grease?","| Metric | Score | Justification |
|---|---|---|
| Relevance | 4 | All questions are directly relevant to the statement, however some could be more specific to the concept of soap molecules. |
| Coherence | 5 | The questions follow a logical order, starting with basic definitions and moving towards more complex ideas. |
| Diversity | 4 | The questions cover various aspects of the statement, but could benefit from exploring the practical applications of soap molecules. |","| Metric | Score | Justification |
|---|---|---|
| Relevance | 5 | All five questions directly relate to the concepts and details presented in the statement about soap molecules. They seek to clarify the meaning of key terms, explore the mechanism of soap's grease-removing action, and consider broader implications and potential applications. |
| Coherence | 4 | The questions follow a logical progression, starting with the definition of terms, moving on to the interaction of soap molecules with grease, and finally broadening the perspective to related substances and applications. This logical flow facilitates a structured understanding of the statement. |
| Diversity | 4 | The questions cover various aspects of the statement, including the properties of soap molecules, their interaction with grease, potential influencing factors, and related substances. This range of exploration offers a comprehensive view of the topic. |","| Metric   | Score | Justification                                                                                                  |
|----------|-------|----------------------------------------------------------------------------------------------------------------|
| Relevance | 5     | All questions directly relate to the details and concepts presented in the statement about soap molecules.    |
| Coherence | 4     | The questions follow a logical progression in understanding the properties and actions of soap molecules.     |
| Diversity | 4     | The questions cover various aspects like definitions, interactions, structure, and comparisons with other substances. |"
"Imagine you are a human, this is the first time you are coming across this Chemistry Statement, you have no previous knowledge of it ""The Haber process synthesizes ammonia from nitrogen and hydrogen gases under high pressure and temperature."", what are the top 5 questions that would pop up in your head which would be most useful in learning about it as you are new to it. Give me a simple bullet point list, don't explain them or expand them","Sure, here are five questions that might pop up in my head as a human encountering the Haber process for the first time:

* What is ammonia and why is it important?
* Where do nitrogen and hydrogen gases come from?
* How does the high pressure and temperature affect the reaction?
* What is the purpose of the Haber process and what are its applications?
* Is the Haber process sustainable and environmentally friendly?","| Metric | Score | Justification |
| --- | --- | --- |
| Relevance | 4 | The questions are mostly relevant to the statement, except for the first question which could be more specific to the Haber process. |
| Coherence | 5 | The questions follow a logical order, starting with basic concepts and moving towards more complex ones. |
| Diversity | 4 | The questions cover various aspects of the Haber process, but there is room for exploring other dimensions such as the mechanism of the reaction or the catalyst used. |","| Metric | Score | Justification |
|---|---|---|
| Relevance | 5 | All questions directly relate to the statement, exploring various aspects of the Haber process and its components. |
| Coherence | 4 | The questions build upon each other logically, starting with basic concepts and progressing towards more specialized inquiries. |
| Diversity | 5 | The questions cover a broad range of topics, from the nature of ammonia to the sustainability concerns of the Haber process. |","| Metric    | Score | Justification                                                                                                                      |
|-----------|-------|-------------------------------------------------------------------------------------------------------------------------------------|
| Relevance | 5     | All questions directly pertain to the details of the Haber process statement, focusing on essential concepts and implications.       |
| Coherence | 4     | The questions flow logically from defining ammonia to exploring process conditions and applications, with one outlier on sustainability. |
| Diversity | 4     | The questions cover a range of aspects from basic definitions to environmental impact, providing a well-rounded exploration of the topic. |"
"Imagine you are a human, this is the first time you are coming across this Chemistry Statement, you have no previous knowledge of it ""The color of fireworks is determined by the chemical elements they contain."", what are the top 5 questions that would pop up in your head which would be most useful in learning about it as you are new to it. Give me a simple bullet point list, don't explain them or expand them","Sure, here are five questions that might pop up in my head as a human encountering the statement ""The color of fireworks is determined by the chemical elements they contain"" for the first time:

* What specific chemical elements are responsible for the different colors in fireworks?
* How do these chemical elements produce their respective colors?
* Are there any other factors that can affect the color of fireworks, such as temperature or concentration of the chemicals?
* Can different combinations of chemical elements create unique colors or effects in fireworks?
* How do firework manufacturers control the composition and proportions","| Metric | Score | Justification |
|---|---|---|
| Coherence | 4 | The questions follow a logical progression, moving from identifying the responsible elements to exploring factors affecting color and the role of manufacturers. However, the last question seems slightly disconnected from the rest, causing a minor loss of coherence. |
| Relevance | 5 | All questions are highly relevant to the original statement, focusing on understanding the relationship between chemical elements and firework colors. They effectively address various aspects of the topic without deviating into unrelated territory. |
| Diversity","| Metric | Score | Justification |
|---|---|---|
| Relevance | 5 | All questions directly pertain to the specific details, elements, or concepts presented in the statement, seeking to clarify and explore the relationship between chemical elements and fireworks' colors. |
| Coherence | 4 | The questions form a logical line of inquiry, starting with the specific elements responsible for colors, then exploring how they produce colors, considering other potential influencing factors, and finally examining the role of manufacturers in controlling the composition. The progression facilitates a structured understanding. |
| Diversity | 3 | The questions cover a range of aspects, including the specific elements involved, the mechanism of color production, potential influencing factors, the possibility of unique effects, and the role of manufacturers. However, they could explore additional aspects, such as the history, cultural significance, or safety considerations related to fireworks. |","| Metric   | Score | Justification                                                                                     |
|----------|-------|---------------------------------------------------------------------------------------------------|
| Relevance | 5     | All questions directly relate to the statement about the connection between chemical elements and firework colors.                                        |
| Coherence | 4     | The questions progress logically from asking about specific elements to their production of colors and the control of firework composition.           |
| Diversity | 4     | The questions cover a range of aspects, from specific elements to factors affecting colors and manufacturing control, offering a diverse exploration. |"
"Imagine you are a human, this is the first time you are coming across this Chemistry Statement, you have no previous knowledge of it ""Acid rain results from the dissolution of sulfur dioxide and nitrogen oxides in water vapor in the atmosphere."", what are the top 5 questions that would pop up in your head which would be most useful in learning about it as you are new to it. Give me a simple bullet point list, don't explain them or expand them","Sure, here are five questions that might be useful for a human who is encountering the concept of acid rain for the first time:

* What are sulfur dioxide and nitrogen oxides?
* How do these substances dissolve in water vapor in the atmosphere?
* Why does the dissolution of these substances in water vapor result in acid rain?
* What are the harmful effects of acid rain on the environment and human health?
* How can we reduce the amount of acid rain in the atmosphere?","| Metric | Score | Justification |
| --- | --- | --- |
| Relevance | 5 | All questions are directly related to the concept of acid rain, its causes, effects, and potential solutions. |
| Coherence | 4 | The questions follow a logical progression, moving from defining key terms to exploring the consequences of acid rain and possible mitigation strategies. However, some questions could be reordered to create a more seamless flow. |
| Diversity | 5 | The questions cover various aspects of acid rain, providing a comprehensive introduction to the topic.","| Metric | Score | Justification |
|---|---|---|
| Relevance | 5 | All questions directly pertain to the elements and concepts presented in the statement. |
| Coherence | 5 | The questions form a logical line of inquiry that progresses understanding of the statement. |
| Diversity | 4 | The questions cover a range of aspects, including definitions (Q1), processes (Q2-Q3), consequences (Q4), and solutions (Q5). |","| Metric   | Score | Justification                                                                                                                                               |
|----------|-------|-------------------------------------------------------------------------------------------------------------------------------------------------------------|
| Relevance | 5     | All questions directly pertain to the details presented in the statement about the causes and effects of acid rain.                                          |
| Coherence | 4     | The questions follow a logical progression from defining the substances involved to understanding their effects and mitigation methods.               |
| Diversity | 4     | The questions cover different aspects of the topic, including the substances involved, the process of acid rain formation, its effects, and preventive measures. |"
"Imagine you are a human, this is the first time you are coming across this Chemistry Statement, you have no previous knowledge of it ""Catalytic converters in cars reduce harmful emissions by facilitating chemical reactions."", what are the top 5 questions that would pop up in your head which would be most useful in learning about it as you are new to it. Give me a simple bullet point list, don't explain them or expand them","Sure, here are five questions that might be useful for a human who is encountering the concept of catalytic converters in cars for the first time:

* How do catalytic converters work?
* What kind of chemical reactions do they facilitate?
* Why are these reactions important for reducing harmful emissions?
* How effective are catalytic converters in reducing emissions?
* Are there any potential drawbacks or limitations to using catalytic converters in cars?","| Metric | Score | Justification |
|---|---|---|
| Relevance | 5 | All questions are directly related to the provided statement, exploring various aspects such as mechanism, function, importance, effectiveness, and potential limitations. |
| Coherence | 4 | The questions generally follow a logical order, moving from basic functionality to more complex considerations like effectiveness and limitations. However, some connections could be stronger, such as between the type of reactions facilitated and their importance. |
| Diversity | 5 | The questions cover a wide range of aspects related to the statement,","| Metric | Score | Justification |
|---|---|---|
| Relevance | 5 | All the questions directly address the key concepts presented in the statement, specifically focusing on the functioning, nature of reactions, significance, effectiveness, and potential limitations of catalytic converters in cars. |
| Coherence | 4 | The questions are logically connected, forming a coherent line of inquiry that progresses from understanding the mechanism of catalytic converters to their importance, effectiveness, and potential drawbacks. |
| Diversity | 4 | The questions cover a broad range of aspects related to catalytic converters, including their operation, chemical reactions involved, environmental impact, efficiency, and potential challenges. |","| Metric   | Score | Justification                                                                                          |
|----------|-------|--------------------------------------------------------------------------------------------------------|
| Relevance| 5     | All questions directly pertain to the concept of catalytic converters and their role in reducing emissions.|
| Coherence| 4     | The questions form a logical sequence starting from understanding how catalytic converters work to their effectiveness and limitations.                                          |
| Diversity| 4     | The questions cover different aspects such as function, types of reactions, effectiveness, and potential drawbacks, offering a diverse exploration of the topic.|"
"Imagine you are a human, this is the first time you are coming across this Chemistry Statement, you have no previous knowledge of it ""The Rutherford gold foil experiment provided evidence for the existence of a small, dense atomic nucleus."", what are the top 5 questions that would pop up in your head which would be most useful in learning about it as you are new to it. Give me a simple bullet point list, don't explain them or expand them","Sure! Here are five questions that might be useful for someone who is new to the Rutherford gold foil experiment and wants to learn more about it:

* What is the Rutherford gold foil experiment?
* Who conducted the experiment and when?
* What was the purpose of the experiment?
* What did the experiment reveal about the structure of atoms?
* How did the experiment provide evidence for the existence of a small, dense atomic nucleus?","| Metric | Score | Justification |
| --- | --- | --- |
| Relevance | 5 | All questions are directly related to the Rutherford gold foil experiment and its significance in revealing the atomic nucleus. |
| Coherence | 5 | The questions follow a logical progression, starting with basic background information and moving towards the core concept of the atomic nucleus. |
| Diversity | 4 | The questions cover various aspects of the experiment, such as its history, purpose, and outcomes, but could benefit from exploring additional dimensions like practical implications or limitations","| Metric | Score | Justification |
|---|---|---|
| Relevance | 4 | The questions directly relate to the details of the Rutherford gold foil experiment and aim to uncover its purpose, procedures, and findings. |
| Coherence | 4 | The questions logically progress from introducing the experiment to exploring its purpose, results, and implications, providing a coherent line of inquiry. |
| Diversity | 5 | The questions cover various aspects of the experiment, including its nature, historical context, purpose, findings, and theoretical implications, offering a diverse exploration. |","| Metric    | Score | Justification                                                                                                                      |
|-----------|-------|------------------------------------------------------------------------------------------------------------------------------------|
| Relevance | 5     | All questions directly pertain to the details, purpose, and outcomes of the Rutherford gold foil experiment.                        |
| Coherence | 4     | The questions are logically connected and progress from understanding the experiment to its implications.                   |
| Diversity | 4     | The questions cover various aspects of the experiment, from its definition to its implications on atomic structure.                |"
"Imagine you are a human, this is the first time you are coming across this Chemistry Statement, you have no previous knowledge of it ""Geiger counters detect radioactive decay through ionization."", what are the top 5 questions that would pop up in your head which would be most useful in learning about it as you are new to it. Give me a simple bullet point list, don't explain them or expand them","Sure, here are five questions that might be useful for a human encountering the statement ""Geiger counters detect radioactive decay through ionization"" for the first time:

* What is radioactive decay?
* How does ionization occur in Geiger counters?
* What is the role of ionization in detecting radioactive decay?
* How do Geiger counters measure ionization?
* Can Geiger counters detect all types of radioactive decay?","| Metric | Score | Justification |
|---|---|---|
| Coherence | 4 | The questions follow a logical order, starting with basic concepts like radioactive decay and gradually moving towards more specific mechanisms of Geiger counters. However, there is room for improvement in creating a stronger link between the questions, perhaps by explicitly connecting them to the initial statement. |
| Relevance | 5 | All questions are highly relevant to the original statement, focusing on key terms and processes mentioned in the statement. They effectively break down complex ideas into manageable parts, making them ideal for someone new to","| Metric | Score | Justification |
|---|---|---|
| **Relevance** | 5 | The questions directly target the key concepts presented in the statement, delving into the nature of radioactive decay, the process of ionization in Geiger counters, and the relationship between the two. |
| **Coherence** | 4 | The questions exhibit a logical progression, starting with fundamental inquiries about radioactive decay and ionization, then transitioning to the role of ionization in detection and the specific mechanisms used by Geiger counters. |
| **Diversity** | 4 | The questions cover a range of aspects, including definitions, processes, and applications, providing a comprehensive exploration of the statement's core concepts. |","| Metric    | Score | Justification                                                                                     |
|-----------|-------|---------------------------------------------------------------------------------------------------|
| Relevance | 5     | All questions directly pertain to the details and concepts presented in the statement.           |
| Coherence | 4     | The questions form a logical progression in understanding radioactive decay and Geiger counters.  |
| Diversity | 4     | Each question offers a different aspect of understanding the statement, covering a range of topics. |"
"Imagine you are a human, this is the first time you are coming across this Chemistry Statement, you have no previous knowledge of it ""The concept of chemical equilibrium applies to reactions where the forward and reverse reactions occur at the same rate."", what are the top 5 questions that would pop up in your head which would be most useful in learning about it as you are new to it. Give me a simple bullet point list, don't explain them or expand them","Sure! Here are five questions that might be helpful for a human encountering the concept of chemical equilibrium for the first time:

* What does it mean for a reaction to be in equilibrium?
* How do the forward and reverse reactions occur at the same rate?
* What factors can affect the equilibrium of a reaction?
* How can we tell if a reaction is at equilibrium?
* Are there any real-world examples of chemical equilibria that I can relate to?","| Metric | Score | Justification |
| --- | --- | --- |
| Relevance | 4 | The questions are mostly relevant to the statement, except for the last one, which seems more like a request for an example rather than a question. |
| Coherence | 5 | The questions follow a logical progression, moving from defining terms to exploring causes and effects, ending with a request for a concrete example. |
| Diversity | 3 | The questions cover some aspects of the topic, such as definition, conditions, and detection, but miss other important dimensions like","| Metric | Score | Justification |
|---|---|---|
| Relevance | 5 | All questions directly address the main points of the statement, focusing on the concept of equilibrium, equal rates of forward and reverse reactions, and the impact of factors. |
| Coherence | 4 | The questions are logically connected and build upon each other, gradually exploring various aspects of chemical equilibrium. However, the order of questions could be improved for a more natural flow of inquiry. |
| Diversity | 4 | The questions cover a range of aspects, including the definition of equilibrium, the mechanism of equal reaction rates, influencing factors, and real-world examples. Each question brings a unique perspective to the topic. |","| Metric    | Score | Justification                                                                                         |
|-----------|-------|-------------------------------------------------------------------------------------------------------|
| Relevance | 5     | All questions directly pertain to the concept of chemical equilibrium introduced in the statement.     |
| Coherence | 4     | The questions form a logical progression in understanding equilibrium, but the sequence could be improved. |
| Diversity | 5     | Different aspects of equilibrium are explored, such as definition, factors affecting it, and real-world examples. |"
"Imagine you are a human, this is the first time you are coming across this Chemistry Statement, you have no previous knowledge of it ""The Van der Waals force is a weak attraction between molecules close to each other."", what are the top 5 questions that would pop up in your head which would be most useful in learning about it as you are new to it. Give me a simple bullet point list, don't explain them or expand them","Sure! Here are five questions that might be useful for a human encountering the concept of Van der Waals forces for the first time:

* What is the nature of the attraction between molecules?
* How does the distance between molecules affect the strength of the force?
* Are certain types of molecules more likely to exhibit Van der Waals forces than others?
* Can Van der Waals forces be influenced by external factors such as temperature or pressure?
* What are some common examples of Van der Waals forces in everyday life or in scientific applications?","| Metric | Score | Justification |
|---|---|---|
| Coherence | 4 | The questions follow a logical order, starting with general curiosity about the force, moving towards specific conditions affecting its strength, then considering molecular types, external factors, and finally real-life examples. |
| Relevance | 5 | All questions relate directly to the provided statement, exploring various aspects of Van der Waals forces without deviating into tangential topics. |
| Diversity | 5 | A wide range of aspects are covered, from the fundamental nature of the force to its potential","| Metric | Score | Justification |
|---|---|---|
| Relevance | 4 | The questions directly target key aspects of the statement, exploring the nature, strength, and effects of Van der Waals forces, while also considering their prevalence and examples. |
| Coherence | 4 | The questions logically progress, building upon each other to deepen the understanding of the topic. Each question naturally leads to the next, guiding the learner through the core concepts. |
| Diversity | 4 | The questions cover a diverse range of aspects related to Van der Waals forces, encompassing their nature, influence, variations, and applications, providing a comprehensive exploration of the statement's content. |","| Metric   | Score | Justification                                                                                                       |
|----------|-------|---------------------------------------------------------------------------------------------------------------------|
| Relevance | 5     | All questions directly relate to the statement about Van der Waals forces, focusing on key aspects such as nature, strength, influencing factors, and examples. |
| Coherence | 4     | The questions flow logically from defining the force to exploring its effects and applications, forming a coherent line of inquiry.                                                        |
| Diversity | 5     | The questions cover various aspects of Van der Waals forces, including properties, influencing factors, examples, and practical implications, offering a diverse exploration. |"
"Imagine you are a human, this is the first time you are coming across this Chemistry Statement, you have no previous knowledge of it ""The London Dispersion Force is a weak intermolecular force that increases with the size of the molecule."", what are the top 5 questions that would pop up in your head which would be most useful in learning about it as you are new to it. Give me a simple bullet point list, don't explain them or expand them","Sure! Here are five questions that might be useful for a human encountering the concept of the London Dispersion Force for the first time:

* What is an intermolecular force?
* What is the London Dispersion Force specifically?
* How does the size of a molecule affect the strength of the London Dispersion Force?
* Are there any other factors that can influence the strength of the London Dispersion Force?
* How does the London Dispersion Force compare to other types of intermolecular forces, such as hydrogen bonding or ionic interactions?","| Metric | Score | Justification |
|---|---|---|
| Coherence | 4 | The questions follow a logical order, starting with defining intermolecular forces before moving onto the specifics of the London Dispersion Force. They also touch upon the relationship between molecular size and force strength, as well as comparing it to other intermolecular forces. However, the last question could potentially be split into two separate ones for further clarity. |
| Relevance | 5 | All questions are highly relevant to the original statement, addressing various aspects of the London Dispersion Force without","| Metric | Score | Justification |
|---|---|---|
| Relevance | 5 | All questions directly relate to the provided statement, exploring different aspects of the London Dispersion Force. |
| Coherence | 4 | The questions follow a logical sequence, starting with general definitions and progressing to more specific inquiries about the LDF's relationship to molecular size and other factors. |
| Diversity | 4 | The questions cover a range of topics, including definitions, implications, and comparisons to other intermolecular forces. |","| Metric    | Score | Justification                                                                                                                                                                                                                                     |
|-----------|-------|----------------------------------------------------------------------------------------------------------------------------------------------------------------------------------------------------------------------------------------------------|
| Relevance | 5     | All questions directly pertain to the statement, focusing on clarifying the concept of the London Dispersion Force and its relationship with the size of molecules.                                                                            |
| Coherence | 4     | The questions form a coherent line of inquiry, progressing from general definitions to specific factors influencing the London Dispersion Force. The last question adds a comparative aspect.                                                    |
| Diversity | 4     | The questions cover various aspects of the London Dispersion Force, including its definition, impact of molecule size, other influencing factors, and comparison with different types of intermolecular forces. Good exploration overall. |"
"Imagine you are a human, this is the first time you are coming across this Chemistry Statement, you have no previous knowledge of it ""The electrolysis of water produces hydrogen and oxygen gases."", what are the top 5 questions that would pop up in your head which would be most useful in learning about it as you are new to it. Give me a simple bullet point list, don't explain them or expand them","Sure! Here are five questions that might pop up in my head as a human encountering the statement ""The electrolysis of water produces hydrogen and oxygen gases"" for the first time:

* What is electrolysis?
* Why does the electrolysis of water produce hydrogen and oxygen gases?
* How does the electrolysis process work?
* What are the conditions required for electrolysis to occur?
* What are some potential applications of electrolysis in real-world scenarios?","

| Metric | Score | Justification                                                                                                                                                                                                                                                                                                                                                                                                                                                                                                                                                                                                                                                                                                                                                                                                                                                                                                                                                                                                                                                                                                                                                                                                                                                                                                                                                                                                                                                                                                                                                                                                                                                                                                                                                                                                                                                                                                                                                                ","| Metric | Score | Justification |
|---|---|---|
| Relevance | 5 | All five questions are directly related to the statement, seeking to clarify key concepts (electrolysis) and explore the process, conditions, and applications of electrolysis of water. |
| Coherence | 5 | The questions follow a logical progression from defining electrolysis to understanding its mechanism, conditions, and practical implications. Each question builds on the previous one, fostering a structured exploration of the topic. |
| Diversity | 4 | The questions cover various aspects of the statement, including the definition of electrolysis, the mechanism of the water electrolysis process, the conditions required for electrolysis, and its potential applications. However, they could explore a wider range of theoretical underpinnings or implications to further enhance diversity. |","| Metric    | Score | Justification                                                                                                                                                   |
|-----------|-------|---------------------------------------------------------------------------------------------------------------------------------------------------------------|
| Relevance | 5     | All questions directly pertain to the details of the statement about the electrolysis of water producing hydrogen and oxygen gases.                               |
| Coherence | 4     | The questions form a logical progression from defining electrolysis to its conditions, process, and applications. One question could bridge gaps for better coherence. |
| Diversity | 5     | The questions cover a broad range of aspects related to the electrolysis of water, including definitions, mechanisms, requirements, and practical uses.               |"
"Imagine you are a human, this is the first time you are coming across this Chemistry Statement, you have no previous knowledge of it ""Chirality in molecules refers to a property where the molecule and its mirror image are not superimposable."", what are the top 5 questions that would pop up in your head which would be most useful in learning about it as you are new to it. Give me a simple bullet point list, don't explain them or expand them","Sure, here are five questions that might be helpful for a human encountering the concept of chirality in molecules for the first time:

* What does ""superimposable"" mean in this context?
* Can you give an example of a molecule that has chirality?
* How do you determine if a molecule has chirality?
* Is chirality important in the properties of a molecule or its behavior?
* Are there any specific types of molecules that are more likely to exhibit chirality than others?","| Metric | Score | Justification |
|---|---|---|
| Relevance | 4 | The questions are mostly relevant to the topic of chirality in molecules, however, the second question could be more specific to chirality rather than just asking for an example of a molecule. |
| Coherence | 5 | The questions follow a logical order, starting with basic terminology, moving to examples, then methods of determination, importance, and finally potential patterns. |
| Diversity | 5 | The questions cover various aspects of the topic, such as definition,","| Metric | Score | Justification |
|---|---|---|
| Relevance | 4 | The questions directly relate to key details from the statement, seeking to clarify the meaning of ""superimposable"" (which is crucial for understanding chirality), exploring an example of a chiral molecule, and assessing the potential impact of chirality on a molecule's properties. |
| Coherence | 3 | The questions logically connect through a progression of basic to deeper understanding: defining ""superimposable,"" examining a chiral molecule, determining conditions for chirality, exploring its significance, and investigating chiral-prone molecule types. |
| Diversity | 4 | The questions cover a range of aspects: from defining a key concept to examining specific characteristics and potential impacts of chirality. They offer a diverse perspective on the statement's content. |","| Metric   | Score | Justification                                                                                                    |
|----------|-------|------------------------------------------------------------------------------------------------------------------|
| Relevance    | 5     | All questions directly pertain to the concept of chirality in molecules mentioned in the statement.             |
| Coherence    | 4     | Questions flow logically and build upon each other, but could be slightly more interconnected for better coherence. |
| Diversity    | 4     | The questions cover various aspects of chirality, such as definition, examples, determination, importance, and prevalence. |"
"Imagine you are a human, this is the first time you are coming across this Chemistry Statement, you have no previous knowledge of it ""The use of stabilizers in food helps to maintain its texture and prolongs shelf life by preventing chemical reactions."", what are the top 5 questions that would pop up in your head which would be most useful in learning about it as you are new to it. Give me a simple bullet point list, don't explain them or expand them","Sure, here are five questions that might pop up in my head as a human encountering the statement about stabilizers in food for the first time:

* What are stabilizers, and how do they work?
* Which types of food typically include stabilizers?
* How do stabilizers prevent chemical reactions in food?
* Are stabilizers safe to consume, or can they have negative health effects?
* Can I find stabilizer-free alternatives to foods that contain them?","| Metric | Score | Justification |
|---|---|---|
| Relevance | 5 | All questions relate directly to the provided statement, exploring various aspects such as definition, application, mechanism, safety, and alternatives. |
| Coherence | 4 | The questions follow a logical order, starting with understanding the concept and then moving towards more specific concerns. However, there is room for better thematic connections between questions. |
| Diversity | 5 | The questions cover a wide range of aspects related to the statement, offering a comprehensive exploration of the topic without deviating into","| Metric | Score | Justification |
|---|---|---|
| Relevance | 4 | The questions directly focus on understanding the nature, function, and implications of stabilizers in food as presented in the statement. |
| Coherence | 3 | The questions logically progress from defining stabilizers to exploring their mechanisms, applications, safety, and alternatives, forming a coherent line of inquiry for a beginner. |
| Diversity | 4 | The questions cover a wide range of aspects related to stabilizers, including their composition, role in food, impact on chemical reactions, health implications, and possible alternatives. |","| Metric   | Score | Justification                                                                                                                                         |
|----------|-------|--------------------------------------------------------------------------------------------------------------------------------------------------------|
| Relevance | 5     | All questions directly address elements of the statement about stabilizers in food, focusing on clarifying their function, safety, and alternatives.  |
| Coherence | 4     | The questions form a logical progression inquiring about the definition, function, safety, and alternatives related to stabilizers in food.            |
| Diversity | 5     | Each question offers a unique perspective on different aspects of stabilizers, covering their definition, function, safety, and potential alternatives. |"
"Imagine you are a human, this is the first time you are coming across this Chemistry Statement, you have no previous knowledge of it ""The Michelson-Morley experiment was crucial in the development of the theory of special relativity, impacting our understanding of time and space at the atomic level."", what are the top 5 questions that would pop up in your head which would be most useful in learning about it as you are new to it. Give me a simple bullet point list, don't explain them or expand them","Sure, here are five questions that might be useful for a human who is encountering the statement about the Michelson-Morley experiment for the first time:

* What is the Michelson-Morley experiment?
* Why was the experiment important for the development of the theory of special relativity?
* How did the experiment impact our understanding of time and space at the atomic level?
* Who were Michelson and Morley, and what was their role in the experiment?
* What other scientific discoveries or theories were influenced by the results of the Michelson-Morley experiment?","| Metric | Score | Justification |
|---|---|---|
| Coherence | 4 | The questions follow a logical order, starting with understanding the basics of the experiment and then moving towards its impact and influence. However, there is some room for improvement in terms of creating a more explicit link between the experiment and the theory of special relativity. |
| Relevance | 5 | All questions are highly relevant to the original statement, as they focus on understanding the key components of the Michelson-Morley experiment and its significance in the development of the theory of special relativity.","| Metric | Score | Justification |
|:-------|:-------|:------------------|
| Relevance | 5 | The questions are directly related to the statement, addressing its key elements and concepts. |
| Coherence | 4 | The questions progress logically, building upon each other to provide a structured exploration of the topic. |
| Diversity | 3 | The questions cover a range of aspects, including the experiment's nature, significance, impact, and historical context. However, they could delve deeper into theoretical implications or scientific applications. |","| Metric    | Score | Justification                                                                                   |
|-----------|-------|--------------------------------------------------------------------------------------------------|
| Relevance | 5     | All questions directly address the key elements of the statement, focusing on the experiment, its impact on special relativity, and its implications for time and space at the atomic level.                                                     |
| Coherence | 4     | The questions build upon each other to explore the experiment, its significance, the scientists involved, and the broader implications, though a slightly more structured progression could enhance coherence.                                   |
| Diversity | 4     | The questions cover different aspects related to the experiment, its impact, the scientists, and the broader scientific influence, offering a well-rounded exploration while remaining directly relevant to the initial statement. |"
"Imagine you are a human, this is the first time you are coming across this Chemistry Statement, you have no previous knowledge of it ""Nitration reactions are used in the synthesis of explosives and dyes."", what are the top 5 questions that would pop up in your head which would be most useful in learning about it as you are new to it. Give me a simple bullet point list, don't explain them or expand them","Sure, here are five questions that might be useful for learning about nitration reactions:

* What is nitration?
* What are some common explosives and dyes that are synthesized using nitration reactions?
* How does the nitration process work?
* What are some key factors that affect the outcome of nitration reactions?
* Are there any safety concerns or environmental considerations associated with nitration reactions?","| Metric | Score | Justification |
|---|---|---|
| Coherence | 4 | The questions follow a logical order, starting with basic terminology and gradually moving towards more specific and complex aspects of nitration reactions. |
| Relevance | 5 | All questions are highly relevant to the provided statement, focusing on the synthesis of explosives and dyes through nitration reactions. |
| Diversity | 4 | The questions cover various dimensions of the topic, such as mechanisms, products, conditions, and safety concerns. However, they could benefit from further divers","| Metric | Score | Justification |
|---|---|---|
| Relevance | 5 | All questions directly relate to the statement, seeking to clarify its key elements and implications. |
| Coherence | 4 | The questions follow a logical progression, starting with a broad definition and gradually delving into more specific aspects of nitration reactions. |
| Diversity | 4 | The questions cover a range of topics, including the definition of nitration, its applications, process, factors affecting it, and safety concerns. |","| Metric   | Score | Justification                                                                                                                                       |
|----------|-------|-----------------------------------------------------------------------------------------------------------------------------------------------------|
| Relevance | 5     | All questions directly pertain to the statement about nitration reactions and aim to clarify aspects of the synthesis of explosives and dyes.         |
| Coherence | 4     | The questions form a coherent progression from defining nitration to exploring safety concerns associated with the reactions, logical but could be more structured. |
| Diversity | 4     | The questions cover a range of aspects including definitions, applications, process, factors affecting outcomes, and safety considerations. Good variety.     |"
"Imagine you are a human, this is the first time you are coming across this Chemistry Statement, you have no previous knowledge of it ""The principle of microscale chemistry reduces waste and exposure to hazardous chemicals."", what are the top 5 questions that would pop up in your head which would be most useful in learning about it as you are new to it. Give me a simple bullet point list, don't explain them or expand them","Sure, here are five questions that might be useful for someone who is new to the concept of microscale chemistry:

* What is microscale chemistry?
* How does microscale chemistry reduce waste?
* How does microscale chemistry reduce exposure to hazardous chemicals?
* What are some examples of microscale chemistry in practice?
* How can I apply microscale chemistry in my own work or research?","| Metric | Score | Justification |
|---|---|---|
| Relevance | 5 | All questions are directly related to the concept of microscale chemistry and its practical applications in reducing waste and exposure to hazardous chemicals. |
| Coherence | 4 | The questions generally follow a logical progression, moving from basic definitions and principles to more specific applications and personal involvement. However, there is room for better thematic connections between questions. |
| Diversity | 4 | The questions cover various aspects of microscale chemistry, such as its definition, mechanisms, examples, and","| Metric    	| Score 	| Justification                                                                                                                       	|
|-----------	|-------	|---------------------------------------------------------------------------------------------------------------------------------------	|
| Relevance 	| 5     	| All 5 questions are directly related to the statement, seeking clarification on its definition, implications, and applications.              	|
| Coherence 	| 4     	| The questions logically progress from defining microscale chemistry to its benefits and practical applications, fostering a structured understanding. 	|
| Diversity  	| 4     	| The questions cover a range of aspects, including definition, waste reduction, hazard mitigation, examples, and potential applications.       	|","| Metric    | Score | Justification                                                                                     |
|-----------|-------|---------------------------------------------------------------------------------------------------|
| Relevance | 5     | All questions directly address the key elements of the statement regarding microscale chemistry. |
| Coherence | 4     | The questions progress logically to explore different aspects of microscale chemistry.          |
| Diversity | 5     | Each question brings a new perspective on understanding microscale chemistry.                     |"
"Imagine you are a human, this is the first time you are coming across this Chemistry Statement, you have no previous knowledge of it ""Zeeman effect demonstrates the splitting of spectral lines under the influence of a magnetic field, revealing the interaction between light and magnetic fields."", what are the top 5 questions that would pop up in your head which would be most useful in learning about it as you are new to it. Give me a simple bullet point list, don't explain them or expand them","Sure! Here are five questions that might be helpful for a human encountering the Zeeman effect for the first time:

* What is a spectral line, and how does it relate to light?
* What is a magnetic field, and how does it interact with light?
* What is meant by ""splitting"" of spectral lines, and why does it happen?
* How does the Zeeman effect demonstrate the interaction between light and magnetic fields?
* Are there any practical applications of the Zeeman effect in fields like physics, chemistry, or engineering?","| Metric | Score | Justification |
|---|---|---|
| Relevance | 4 | The questions are mostly relevant to the topic, although some may stray slightly into more advanced territory. For example, the last question assumes some familiarity with potential applications of the Zeeman effect. |
| Coherence | 5 | The questions follow a logical progression, starting with basic concepts and gradually building towards more complex ideas. They also cover various aspects of the topic, providing a well-rounded exploration of the Zeeman effect. |
| Diversity | 4 | The questions","| Metric | Score | Justification |
|-|-|-|
| Relevance | 5 | All questions are directly relevant to the Zeeman effect and seek to clarify its key concepts, including spectral lines, magnetic fields, and their interaction. |
| Coherence | 4 | The questions follow a logical progression, starting with basic definitions and leading to an understanding of the Zeeman effect and its implications. |
| Diversity | 4 | The questions cover a range of aspects related to the Zeeman effect, from its basic principles to its practical applications. |","| Metric   | Score | Justification                                                                                                |
|----------|-------|--------------------------------------------------------------------------------------------------------------|
| Relevance | 5     | All questions directly pertain to the details and concepts presented in the statement about the Zeeman effect. |
| Coherence | 4     | The questions progress logically from defining terms to understanding the phenomenon and its implications.    |
| Diversity | 4     | The questions cover various aspects such as definitions, mechanisms, applications, and real-world relevance.   |"
"Imagine you are a human, this is the first time you are coming across this Chemistry Statement, you have no previous knowledge of it ""The Brønsted-Lowry theory defines acids and bases in terms of their ability to donate or accept protons."", what are the top 5 questions that would pop up in your head which would be most useful in learning about it as you are new to it. Give me a simple bullet point list, don't explain them or expand them","Sure! Here are five questions that might be useful for a human encountering the Brønsted-Lowry theory for the first time:

* What is a proton?
* How do acids and bases differ from each other?
* What does it mean for a substance to donate or accept protons?
* Are there any examples of acids and bases that I am familiar with?
* How does the Brønsted-Lowry theory relate to pH levels?","| Metric | Score | Justification |
|---|---|---|
| Coherence | 4 | The questions follow a logical order, starting with basic concepts like protons and gradually moving towards more complex ideas such as pH levels. However, the last question could potentially be split into two separate questions to further improve the coherence. |
| Relevance | 5 | All questions are highly relevant to the Brønsted-Lowry theory, focusing on essential aspects of the definition and providing context through familiar examples. |
| Diversity | 5 | The questions cover various dimensions","| Metric | Score | Justification |
|---|---|---|
| Relevance | 5 | All five questions are directly related to the Brønsted-Lowry theory and its definitions. They aim to clarify and expand upon the statement, focusing on the core concepts of proton donation and acceptance. |
| Coherence | 4 | The questions form a logical sequence, starting with basic definitions (what is a proton?) and progressing to more specific concepts (how acids and bases differ, what proton donation/acceptance means). The questions naturally build upon one another, guiding the learner's understanding. |
| Diversity | 3 | The questions cover a range of aspects, including definitions, examples, and the relationship to pH levels. However, they could explore further implications or applications of the theory for a more comprehensive exploration. |","| Metric   | Score | Justification                                                                                                                                         |
|----------|-------|-------------------------------------------------------------------------------------------------------------------------------------------------------|
| Relevance | 5     | All questions directly pertain to the details of the Brønsted-Lowry theory and explore key concepts within the statement.                               |
| Coherence | 4     | The questions progress logically from basic definitions to applications and examples, forming a coherent line of inquiry.                            |
| Diversity | 4     | The questions cover a range of aspects related to acids, bases, and proton transfer, offering a diverse exploration of the topic for a beginner. |"
"Imagine you are a human, this is the first time you are coming across this Chemistry Statement, you have no previous knowledge of it ""The formation of esters through the reaction between carboxylic acids and alcohols is known as esterification, responsible for many fruit and flower aromas."", what are the top 5 questions that would pop up in your head which would be most useful in learning about it as you are new to it. Give me a simple bullet point list, don't explain them or expand them","Sure! Here are five questions that might pop up in my head as a human encountering the concept of esterification for the first time:

* What are carboxylic acids and alcohols, and how do they react to form esters?
* What are some common examples of esters and how are they used in everyday life?
* How does the process of esterification occur, and what conditions are necessary for it to take place?
* Are there any different types of esters, and if so, what are their properties and uses?
* How does esterification","| Metric | Score | Justification |
|---|---|---|
| Relevance | 4 | The questions are mostly relevant to the topic of esterification, although some may stray slightly towards more general chemistry concepts. For example, the fourth question could be more focused on the differences between various esters and their unique properties. |
| Coherence | 5 | The questions follow a logical progression, starting with basic definitions and moving towards more specific aspects of esterification. They build upon each other well, creating a clear path for further investigation. |
| Diversity |","| Metric | Score | Justification |
|---|---|---|
| Relevance | 4 | The questions directly address the key concepts and elements of esterification, including the reactants (carboxylic acids and alcohols), the reaction process, and the properties and uses of esters. |
| Coherence | 3 | While the questions are generally coherent, the connection between the fourth and fifth questions could be improved. The fourth question delves into the types of esters, while the fifth question begins to explore the applications of esters. A more logical progression might be to first ask about the applications of esters in general before discussing specific types. |
| Diversity | 4 | The questions cover a range of aspects related to esterification, including the chemical reaction, common examples, process conditions, types of esters, and applications. This diversity helps explore the topic comprehensively. |","| Metric   | Score | Justification                                                                                                        | 
|----------|-------|----------------------------------------------------------------------------------------------------------------------| 
| Relevance| 4     | The questions directly pertain to the formation of esters, their components, process, types, and uses                 |
| Coherence| 3     | The questions form a coherent line of inquiry, though the last question seems incomplete and lacks a clear focus       | 
| Diversity| 5     | The questions cover a range of aspects related to esterification, from the basics of components to their applications |"
"Imagine you are a human, this is the first time you are coming across this Chemistry Statement, you have no previous knowledge of it ""Fluorescence occurs when a substance absorbs light at one wavelength and emits light at a longer wavelength."", what are the top 5 questions that would pop up in your head which would be most useful in learning about it as you are new to it. Give me a simple bullet point list, don't explain them or expand them","Sure! Here are five questions that might be useful for a human encountering the concept of fluorescence for the first time:

* What does it mean for a substance to absorb light at one wavelength?
* How does the substance emit light at a longer wavelength?
* What kind of substances exhibit fluorescence?
* Are there any common examples of fluorescence in everyday life?
* Can fluorescence be used for any practical applications?","| Metric | Score | Justification |
|---|---|---|
| Relevance | 5 | All questions are directly related to the concept of fluorescence, asking for clarification on its mechanisms, properties, and applications. |
| Coherence | 4 | The questions generally follow a logical order, moving from basic mechanisms to real-world examples and applications. However, some connections could be made more explicit, such as between the absorption and emission processes. |
| Diversity | 5 | The questions cover various aspects of fluorescence, including definition, underlying principles,","| Metric | Score | Justification |
|---|---|---|
| Relevance | 5 | All questions directly relate to the provided statement on fluorescence, focusing on the absorption and emission of light at different wavelengths. |
| Coherence | 4 | The questions progress logically, building upon one another to explore different aspects of fluorescence. They follow a coherent line of inquiry that would aid understanding for a beginner. |
| Diversity | 3 | The questions cover multiple aspects of the statement, including the mechanism of fluorescence, types of substances that exhibit it, everyday examples, and practical applications. However, they could delve deeper into theoretical underpinnings or explore a wider range of applications to enhance diversity. |","Relevance|Score|Justification
--- | --- | ---
4|The questions directly pertain to the details presented in the statement, seeking to understand the absorption and emission of light in fluorescence, as well as practical applications.|5|The questions form a coherent line of inquiry that logically progresses from understanding the basic principles of fluorescence to practical applications, aiding in a beginner's comprehension of the topic.|5|The questions cover a diverse range of aspects related to fluorescence, including its definition, mechanism, examples, and applications, providing a well-rounded exploration of the topic."
"Imagine you are a human, this is the first time you are coming across this Chemistry Statement, you have no previous knowledge of it ""The Clausius-Clapeyron equation relates the vapor pressure of a substance to its temperature."", what are the top 5 questions that would pop up in your head which would be most useful in learning about it as you are new to it. Give me a simple bullet point list, don't explain them or expand them","Sure! Here are five questions that might be helpful for a human encountering the Clausius-Clapeyron equation for the first time:

* What is vapor pressure, and why is it important?
* What is the relationship between vapor pressure and temperature, and how does the Clausius-Clapeyron equation describe this relationship?
* How does the Clausius-Clapeyron equation differ from other equations that describe the behavior of gases?
* What are some common applications of the Clausius-Clapeyron equation in fields such as engineering, physics,","| Metric | Score | Justification |
| --- | --- | --- |
| Relevance | 4 | The questions are mostly relevant to the statement, except for the third question, which seems to stray slightly off-topic. |
| Coherence | 3 | The questions do not seem to follow a clear progression or theme, making it difficult to see how they build on each other. |
| Diversity | 4 | The questions cover a range of aspects related to the statement, although there may be room for further exploration of the equation itself. |","| Metric | Score | Justification |
|---|---|---|
| Relevance | 4 | All the questions are directly relevant to the Clausius-Clapeyron equation and its connection to vapor pressure and temperature, demonstrating a clear understanding of the statement. |
| Coherence | 4 | The questions have a logical progression that guides the inquiry. They start with basic concepts and move on to more specific applications and analysis, fostering a structured exploration of the statement. |
| Diversity | 4 | The questions explore different aspects of the equation, including its relationship with vapor pressure, temperature, and its applications. They provide a comprehensive overview of the topic without straying too far from the statement's main points. |","| Metric    | Score | Justification                                                                                       |
|-----------|-------|-----------------------------------------------------------------------------------------------------|
| Relevance | 5     | All questions directly address the key concepts of vapor pressure, temperature, and the equation.   |
| Coherence | 4     | The questions flow logically from defining vapor pressure to applications of the equation.            |
| Diversity | 4     | The questions cover definitions, the equation's application, and comparison to other gas equations. |"
"Imagine you are a human, this is the first time you are coming across this Chemistry Statement, you have no previous knowledge of it ""A buffer solution maintains a relatively constant pH even when small amounts of acid or base are added."", what are the top 5 questions that would pop up in your head which would be most useful in learning about it as you are new to it. Give me a simple bullet point list, don't explain them or expand them","Sure! Here are five questions that might pop up in my head as a human encountering the concept of a buffer solution for the first time:

* What is a buffer solution?
* How does a buffer solution maintain a relatively constant pH?
* Why do we need buffer solutions in chemistry?
* What are some examples of buffer solutions?
* Can buffer solutions be used in everyday life or are they only relevant in laboratory settings?","| Metric | Score | Justification |
| --- | --- | --- |
| Relevance | 5 | All questions are directly related to the concept of buffer solutions and their role in maintaining a constant pH. |
| Coherence | 4 | The questions follow a logical progression, starting with defining a buffer solution and then exploring its properties, uses, and real-world applications. However, there is room for better thematic connections between questions. |
| Diversity | 5 | The questions cover various aspects of buffer solutions, including definition, mechanism, purpose, examples,","| Metric | Score | Justification |
|---|---|---|
| Relevance | 5 | All questions directly address the statement, exploring its definition, operation, application, and beyond. |
| Coherence | 4 | The questions follow a logical sequence, progressing from defining the concept (1) to explaining its mechanism (2), exploring its uses (3), and broadening the scope (4-5). |
| Diversity | 5 | The questions cover various dimensions of buffer solutions, including their nature (1), function (2), relevance (3), and potential applications (4-5). |","| Metric   | Score | Justification                                                                                                                                              |
|----------|-------|-----------------------------------------------------------------------------------------------------------------------------------------------------------|
| Relevance | 5     | All questions directly pertain to the details and concept of a buffer solution                                                                |
| Coherence | 4     | The questions flow logically from defining a buffer solution to its applications, with slight improvement in transition                   |
| Diversity | 4     | The questions cover various aspects including definition, mechanism, importance, examples, and practical relevance of buffer solutions |"
"Imagine you are a human, this is the first time you are coming across this Chemistry Statement, you have no previous knowledge of it ""Enantiomers are mirror-image molecules that cannot be superimposed on each other."", what are the top 5 questions that would pop up in your head which would be most useful in learning about it as you are new to it. Give me a simple bullet point list, don't explain them or expand them","Sure! Here are five questions that might be useful for a human encountering the concept of enantiomers for the first time:

* What does ""mirror-image"" mean in this context?
* How can molecules be ""superimposed"" on each other?
* Are enantiomers always identical in terms of their chemical properties?
* Can enantiomers exist in different forms, like solid or liquid?
* How do enantiomers differ from other types of isomers, like structural isomers or stereoisomers?","| Metric | Score | Justification |
|---|---|---|
| Coherence | 4 | The questions follow a logical order, starting with basic terminology and gradually moving towards more complex comparisons and contrasts. However, there is room for improvement in explicitly linking the questions together to create a more seamless flow. |
| Relevance | 5 | All questions are highly relevant to the original statement, focusing on key concepts such as mirror-image, superimposition, and the relationship between enantiomers and other isomer types. This ensures that the user gains a comprehensive understanding","| Metric | Score | Justification |
|---|---|---|
| Relevance | 5 | All questions directly address key elements and concepts presented in the statement, aiming to clarify the meaning of ""mirror-image,"" ""superposition,"" and ""chemical properties"" in relation to enantiomers. |
| Coherence | 4 | The questions logically connect to each other, forming a coherent line of inquiry that builds upon the previous question to progressively explore the concept of enantiomers. |
| Diversity | 4 | The questions cover a broad range of aspects, including the definition, characteristics, existence, and classification of enantiomers, providing a comprehensive exploration of the topic. |","Relevance | 5 | The questions directly address key aspects of enantiomers as mirror-image molecules that cannot be superimposed on each other.

Coherence | 4 | The questions flow logically from understanding the terms used in the statement to exploring the properties and differences of enantiomers.

Diversity | 5 | The questions cover a range of aspects, from definitions to properties to comparisons with other types of isomers, providing a broad exploration of enantiomers."
"Imagine you are a human, this is the first time you are coming across this Chemistry Statement, you have no previous knowledge of it ""The Gibbs phase rule describes the possible phases for a given system at equilibrium."", what are the top 5 questions that would pop up in your head which would be most useful in learning about it as you are new to it. Give me a simple bullet point list, don't explain them or expand them","Sure! Here are five questions that might be helpful for a human encountering the Gibbs phase rule for the first time:

* What is a ""phase"" in the context of the Gibbs phase rule?
* What does ""equilibrium"" mean in this context?
* How do the number of components and the number of phases relate to each other?
* Are there any restrictions on the types of components that can be present in a system described by the Gibbs phase rule?
* Can the Gibbs phase rule be applied to systems other than chemical reactions, such as biological or physical systems","| Metric | Score | Justification |
| --- | --- | --- |
| Relevance | 4 | The questions are mostly relevant to the statement, except for the last question which seems to stray slightly from the core concept of the Gibbs phase rule. |
| Coherence | 5 | The questions follow a logical order, starting with basic definitions and gradually building towards more complex relationships and potential applications. |
| Diversity | 4 | The questions cover various aspects of the Gibbs phase rule, but could benefit from exploring additional dimensions such as limitations, historical context, or","| Metric | Score | Justification |
|---|---|---|
| Relevance | 4 | The questions directly inquire about key concepts in the given statement, such as ""phase,"" ""equilibrium,"" and the relationship between the number of components and phases. |
| Coherence | 3 | The questions follow a logical progression, starting with basic definitions and moving towards more specific aspects of the Gibbs phase rule. However, the transition between questions 2 and 3 could be smoother. |
| Diversity | 4 | The questions cover a range of aspects, including the definition of phase, equilibrium, the relationship between components and phases, potential restrictions on components, and the possible applicability of the rule beyond chemical reactions. |","| Metric   | Score | Justification                                                                                      |
|----------|-------|----------------------------------------------------------------------------------------------------|
| Relevance | 5     | All questions directly address key concepts introduced in the statement about the Gibbs phase rule.  |
| Coherence | 4     | The questions progress logically from defining phases and equilibrium to more complex relationships. |
| Diversity | 4     | The questions cover various aspects of the Gibbs phase rule, considering components, restrictions, and applications beyond chemistry. |"
"Imagine you are a human, this is the first time you are coming across this Chemistry Statement, you have no previous knowledge of it ""Ostwald ripening explains the growth of large particles at the expense of smaller ones in a solution."", what are the top 5 questions that would pop up in your head which would be most useful in learning about it as you are new to it. Give me a simple bullet point list, don't explain them or expand them","Sure! Here are five questions that might be helpful for someone who is new to the concept of Ostwald ripening:

* What is meant by ""large particles"" and ""smaller ones"" in the context of Ostwald ripening?
* How does the growth of large particles occur at the expense of smaller ones?
* What is the role of the solution in Ostwald ripening?
* Are there any specific conditions or factors that influence the process of Ostwald ripening?
* Can Ostwald ripening occur in different types of solutions, such as water or oil?","| Metric | Score | Justification |
| --- | --- | --- |
| Relevance | 4 | The questions are mostly relevant to the statement, except for the last question, which seems to stray slightly from the main topic. |
| Coherence | 5 | The questions follow a logical progression, moving from basic definitions to more specific aspects of the process. |
| Diversity | 4 | The questions cover various dimensions of the topic, but could benefit from exploring additional angles, such as real-world applications or historical context. |","| Metric | Score | Justification |
|---|---|---|
| Relevance | 4 | The questions are all directly related to the statement and aim to clarify key concepts such as particle size and the role of the solution. |
| Coherence | 4 | The questions follow a logical sequence, starting with basic definitions and then exploring the process and factors involved in Ostwald ripening. |
| Diversity | 3 | The questions cover a range of aspects, including the definition of terms, the mechanism of the process, and the influence of external factors. However, they could further explore applications or limitations of Ostwald ripening to enhance diversity. |","| Metric    | Score | Justification                                                                                                           |
|-----------|-------|-------------------------------------------------------------------------------------------------------------------------|
| Relevance | 5     | All questions directly address key elements of Ostwald ripening as presented in the statement.                            |
| Coherence | 4     | The questions connect logically and progress from defining key terms to exploring factors influencing Ostwald ripening.      |
| Diversity | 4     | There is a variety of aspects covered, such as particle sizes, solution role, influencing factors, and types of solutions.  |"
"Imagine you are a human, this is the first time you are coming across this Chemistry Statement, you have no previous knowledge of it ""The concept of molality involves the concentration of a solution expressed as moles of solute per kilogram of solvent."", what are the top 5 questions that would pop up in your head which would be most useful in learning about it as you are new to it. Give me a simple bullet point list, don't explain them or expand them","Sure! Here are five questions that might be helpful for a human encountering the concept of molality for the first time:

* What is a mole, and how is it used to measure concentration?
* Why do we need a special unit like molality to express concentration?
* How do we calculate molality, and what information do we need to know?
* Is molality different from other measures of concentration, like percent concentration or parts per million?
* Can you give an example of a situation where knowing the molality of a solution would be important?","

| Metric | Score | Justification                                                                                                                                                                                                                                                                                                                                                                                                                                                                                                                                                                                                                                                                                                                                                                                                                                                                                                                                                                                                                                                                                                                                                                                                                                                                                                                                                                                                                                                                                                                                                                                                                                                                                                                                                                                                                                                                                                                                                                ","| Metric | Score | Justification |
|---|---|---|
| Relevance | 5 | All questions directly relate to the statement and aim to clarify the concept of molality. |
| Coherence | 4 | The questions logically connect to one another, progressing from defining moles and explaining the need for molality, to calculating and comparing it with other concentration measures, and finally exploring its practical applications. |
| Diversity | 4 | The questions cover various aspects of molality, including its definition, calculation, comparison with other concentration measures, and practical significance.","|Metric    | Score | Justification                                                                                      |
|----------|-------|-----------------------------------------------------------------------------------------------------|
|Relevance | 5     | All questions directly relate to the concept of molality and address fundamental aspects of it.    |
|Coherence | 4     | The questions progress logically from defining basic terms to practical applications of molality.  |
|Diversity | 4     | The questions cover a range of aspects including definition, calculation, comparison, and example. |"
"Imagine you are a human, this is the first time you are coming across this Chemistry Statement, you have no previous knowledge of it ""Electrophilic aromatic substitution is a common method for modifying benzene rings."", what are the top 5 questions that would pop up in your head which would be most useful in learning about it as you are new to it. Give me a simple bullet point list, don't explain them or expand them","Sure! Here are five questions that might be useful for learning about electrophilic aromatic substitution:

* What is electrophilic aromatic substitution?
* How does it differ from other methods of modifying benzene rings?
* What types of molecules can undergo electrophilic aromatic substitution?
* What are some examples of reactions that involve electrophilic aromatic substitution?
* What are the key factors that influence the outcome of an electrophilic aromatic substitution reaction?","| Metric | Score | Justification |
|---|---|---|
| Coherence | 4 | The questions follow a logical progression, moving from defining the concept to exploring its differences, requirements, examples, and influencing factors. However, there is room for further elaboration on the practical applications or real-world significance of the process. |
| Relevance | 5 | All questions are highly relevant to the provided statement, focusing on essential aspects of electrophilic aromatic substitution and encouraging deeper understanding. They avoid tangential subjects and maintain a strong connection to the core concept. |","| Metric | Score | Justification |
|---|---|---|
| Relevance | 5 | Each question directly relates to understanding what, how, and what pertains to electrophilic aromatic substitution. |
| Coherence | 4 | The sequence of questions is logical, moving from a basic definition to examples and influential factors, fostering a gradual understanding. |
| Diversity | 4 | The questions cover different aspects, from defining the concept to specific reactions and their characteristics, providing a broad exploration of the statement. |","| Metric    | Score | Justification                                                                                      |
|-----------|-------|----------------------------------------------------------------------------------------------------|
| Relevance | 5     | The questions directly pertain to electrophilic aromatic substitution and related concepts.         |
| Coherence | 4     | The questions progress logically from defining the concept to factors influencing the reaction.     |
| Diversity | 4     | The questions cover various aspects such as definition, differences, examples, and influencing factors. |"
"Imagine you are a human, this is the first time you are coming across this Chemistry Statement, you have no previous knowledge of it ""The Hall-Héroult process is essential for producing aluminum from its oxide."", what are the top 5 questions that would pop up in your head which would be most useful in learning about it as you are new to it. Give me a simple bullet point list, don't explain them or expand them","Sure, here are five questions that might be useful for learning about the Hall-Héroult process:

* What is aluminum oxide?
* What is the Hall-Héroult process?
* How does the Hall-Héroult process produce aluminum from its oxide?
* Why is the Hall-Héroult process essential for producing aluminum?
* What are some common applications of aluminum produced through the Hall-Héroult process?","| Metric | Score | Justification |
|---|---|---|
| Relevance | 5 | All questions are directly relevant to the provided statement, exploring various aspects of the Hall-Héroult process and its significance in aluminum production. |
| Coherence | 4 | The questions generally follow a logical order, moving from basic concepts like aluminum oxide to more complex ideas such as the necessity and applications of the Hall-Héroult process. However, there is room for better thematic connections between questions. |
| Diversity | 5 | The questions cover","| Metric | Score | Justification |
|---|---|---|
| Relevance | 5 | Questions directly address the statement, exploring the nature and significance of the Hall-Héroult process. |
| Coherence | 4 | Questions follow a logical progression, starting with foundational concepts and then delving into the process and its applications. |
| Diversity | 4 | Questions cover different aspects of the statement, including the raw material, the process, its importance, and the outcomes. |","| Metric   | Score | Justification                                                                                   |
|----------|-------|-------------------------------------------------------------------------------------------------|
| Relevance| 5     | All questions directly address the elements and concepts introduced in the statement.          |
| Coherence| 5     | The questions progress logically from defining aluminum oxide to its production through the process.|
| Diversity| 4     | The questions cover the definition of aluminum oxide, the process itself, its significance, and applications, but could include additional technical aspects for a more comprehensive exploration.|"
"Imagine you are a human, this is the first time you are coming across this Chemistry Statement, you have no previous knowledge of it ""The extraction of caffeine from tea leaves involves organic solvents."", what are the top 5 questions that would pop up in your head which would be most useful in learning about it as you are new to it. Give me a simple bullet point list, don't explain them or expand them","Sure! Here are five questions that might pop up in my head as a human encountering the statement about extracting caffeine from tea leaves for the first time:

* What are organic solvents?
* Why are organic solvents used for extracting caffeine from tea leaves?
* How does the extraction process work?
* Is the extracted caffeine safe to consume?
* Are there any alternative methods for extracting caffeine from tea leaves that do not involve organic solvents?","| Metric | Score | Justification |
|---|---|---|
| Relevance | 5 | All questions are directly related to the statement and seek to clarify various aspects of the caffeine extraction process using organic solvents. |
| Coherence | 4 | The questions follow a logical progression, moving from defining organic solvents to exploring the safety and potential alternatives of the extraction method. However, some questions could be reordered for better flow. |
| Diversity | 5 | The questions cover multiple dimensions of the topic, including definitions, mechanisms,","| Metric | Score | Justification |
|---|---|---|
| Relevance | 4 | The questions directly pertain to the details, elements, and concepts presented in the statement and focus on clarifying and expanding upon the immediate context. |
| Coherence | 4 | The sequence of questions forms a logical line of inquiry, progressing from the basics (defining organic solvents) to more specific aspects of the extraction process, safety, and alternative methods. |
| Diversity | 5 | The questions cover a range of aspects related to the extraction of caffeine from tea leaves, including definitions, reasons for using organic solvents, the extraction process, safety concerns, and alternative methods. |","| Metric    | Score | Justification                                                                                      |
|-----------|-------|----------------------------------------------------------------------------------------------------|
| Relevance | 4     | All questions directly relate to the statement about caffeine extraction and organic solvents.     |
| Coherence | 4     | The questions flow logically, each building upon the previous one to deepen understanding.        |
| Diversity | 5     | The questions cover a spectrum of aspects from the definition of organic solvents to safety concerns. |"
"Imagine you are a human, this is the first time you are coming across this Chemistry Statement, you have no previous knowledge of it ""Electrolytic cells use electrical energy to drive non-spontaneous chemical reactions."", what are the top 5 questions that would pop up in your head which would be most useful in learning about it as you are new to it. Give me a simple bullet point list, don't explain them or expand them","Sure! Here are five questions that might be useful for learning about electrolytic cells:

* What types of chemical reactions are considered non-spontaneous?
* How does electrical energy drive these reactions?
* What are some examples of electrolytic cells and their applications?
* How do electrolytic cells differ from other types of cells, such as galvanic cells?
* What safety considerations are important when working with electrolytic cells?","| Metric | Score | Justification |
|---|---|---|
| Relevance | 4 | The questions are mostly relevant to the topic of electrolytic cells, covering various aspects like reaction types, mechanisms, examples, differences, and safety concerns. However, the second question could be more specific to improve its relevance. |
| Coherence | 5 | The questions follow a logical order, starting with basic concepts and gradually moving towards more specific and applied aspects. This structure helps build a clear understanding of the topic. |
| Diversity | 5 | The questions cover a","| Metric | Score | Justification |
|---|---|---|
| Relevance | 5 | Each question directly relates to the core concepts of electrolytic cells, such as non-spontaneous reactions, the role of electrical energy, and safety considerations, demonstrating high relevance to the given statement. |
| Coherence | 4 | The questions flow logically, building upon one another to provide a coherent understanding of electrolytic cells. They progress from basic concepts to more specific applications and considerations. |
| Diversity | 4 | The questions cover a diverse range of aspects, including the nature of non-spontaneous reactions, the mechanism of electrical energy driving the reactions, practical applications, and safety precautions. This broad exploration provides a well-rounded understanding. |","| Metric   | Score | Justification                                                                                                           |
|----------|-------|-------------------------------------------------------------------------------------------------------------------------|
| Relevance | 5     | All questions directly pertain to elements of the statement about electrolytic cells and driving non-spontaneous reactions |
| Coherence | 4     | The questions form a logical progression of inquiry but could be slightly improved to have a smoother flow               |
| Diversity | 4     | The questions cover a range of aspects from types of reactions to safety considerations, offering a broad exploration       |"
"Imagine you are a human, this is the first time you are coming across this Chemistry Statement, you have no previous knowledge of it ""The rate of a chemical reaction can be affected by the presence of catalysts."", what are the top 5 questions that would pop up in your head which would be most useful in learning about it as you are new to it. Give me a simple bullet point list, don't explain them or expand them","Sure! Here are five questions that might be useful for a human who is encountering the statement about catalysts affecting the rate of chemical reactions for the first time:

* What is a catalyst?
* How does a catalyst affect the rate of a chemical reaction?
* Are all catalysts the same, or are there different types?
* Can any substance be used as a catalyst, or are there specific requirements?
* How do catalysts work at the molecular level to influence the rate of a chemical reaction?","| Metric | Score | Justification |
| --- | --- | --- |
| Coherence | 4 | The questions follow a logical progression, starting with defining a catalyst and gradually moving towards more complex topics like the molecular mechanism of catalysis. However, the last question could potentially be split into multiple questions to further break down the concept. |
| Relevance | 5 | All questions are highly relevant to the initial statement, focusing on understanding the role of catalysts in chemical reactions. They avoid straying into tangential topics and maintain a clear focus on the core concept.","| Metric | Score | Justification |
|---|---|---|
| Relevance | 5 | All questions directly relate to the statement about catalysts affecting the rate of chemical reactions, seeking to clarify the nature, function, and properties of catalysts. |
| Coherence | 3 | The questions are topically connected, with each one logically building upon the previous one to deepen the understanding of catalysts. However, the sequence could be improved to provide a more structured progression of ideas. |
| Diversity | 4 | The questions cover a range of aspects related to catalysts, including their definition, mechanism of action, types, limitations, and molecular-level interactions, offering a comprehensive exploration of the topic. |","| Metric   | Score | Justification                                                                                                         |
|----------|-------|-----------------------------------------------------------------------------------------------------------------------|
| Relevance | 5     | All questions directly pertain to understanding how catalysts affect chemical reactions.                               |
| Coherence | 4     | The questions progress logically from defining a catalyst to understanding its mechanism in affecting reaction rates. |
| Diversity | 4     | The questions cover different aspects like definition, types, requirements, and molecular mechanisms of catalysts.     |"
"Imagine you are a human, this is the first time you are coming across this Chemistry Statement, you have no previous knowledge of it ""Isomers are compounds with the same molecular formula but different structures and properties."", what are the top 5 questions that would pop up in your head which would be most useful in learning about it as you are new to it. Give me a simple bullet point list, don't explain them or expand them","Sure! Here are five questions that might pop up in my head as a human encountering the concept of isomers for the first time:

* What does ""molecular formula"" mean?
* How can two compounds have the same molecular formula but different structures?
* What kind of properties are we talking about when we say ""different properties""?
* Are there any examples of isomers that I might know or use in my daily life?
* Is there a way to predict or identify isomers, or do they just happen randomly?","| Metric | Score | Justification |
| --- | --- | --- |
| Relevance | 4 | The questions are mostly relevant to the statement, except for the fourth question, which slightly deviates from the immediate context. |
| Coherence | 5 | The questions follow a logical order, starting with foundational concepts and gradually moving towards more complex aspects. |
| Diversity | 4 | The questions cover various dimensions of the topic, but could benefit from exploring other perspectives such as the impact of isomerism on chemical reactions. |","| Metric | Score | Justification |
|---|---|---|
| Relevance | 4 | The questions are all directly relevant to the statement, seeking to clarify key concepts and explore the implications of isomers. |
| Coherence | 4 | The questions form a logical sequence, building upon one another to deepen the understanding of isomers, from defining molecular formula to exploring applications. |
| Diversity | 5 | The questions cover a wide range of aspects related to isomers, including their definition, structure, properties, examples, and potential applications. |","| Metric    | Score | Justification                                                                              |
|-----------|-------|---------------------------------------------------------------------------------------------|
| Relevance | 5     | All questions directly address aspects introduced in the statement about isomers.           |
| Coherence | 4     | The questions flow logically, except for the last one which could be placed earlier in the sequence. |
| Diversity | 5     | Each question explores a different aspect of isomers, ranging from definitions to practical examples.  |"
"Imagine you are a human, this is the first time you are coming across this Chemistry Statement, you have no previous knowledge of it ""The colligative properties of solutions depend on the number of solute particles, not their identity."", what are the top 5 questions that would pop up in your head which would be most useful in learning about it as you are new to it. Give me a simple bullet point list, don't explain them or expand them","Sure! Here are five questions that might be helpful in learning about the statement:

* What are colligative properties?
* What does it mean for a property to depend on the number of solute particles?
* Are there any specific examples of colligative properties that I can think of?
* How does the concentration of a solution affect its colligative properties?
* Can you give an example of a situation where knowing about colligative properties would be important or useful?","| Metric | Score | Justification |
|---|---|---|
| Relevance | 4 | The questions are mostly relevant to the statement, however, some questions like ""Can you give an example of a situation where knowing about colligative properties would be important or useful?"" seem to stray slightly from the core concept of the statement. |
| Coherence | 5 | The questions follow a logical order, starting with basic concepts and gradually moving towards more complex ideas. They build upon each other well, creating a coherent line of inquiry. |
| Diversity | 4","| Metric | Score | Justification |
|---|---|---|
| Relevance | 5 | The questions directly target the key elements presented in the statement, such as colligative properties, their dependence on solute particle count, and practical examples. They effectively explore the core concepts mentioned in the statement. |
| Coherence | 4 | The questions follow a logical progression, starting with a broad inquiry into colligative properties, moving to their dependence on solute particle count, and then exploring specific examples and applications. While the connection between each question could be stronger, they form a coherent line of inquiry. |
| Diversity | 4 | The questions cover a range of aspects, including definitions, mechanisms, practical examples, and real-world applications. They collectively provide a comprehensive exploration of the statement, addressing various dimensions of the topic. |","| Metric    | Score | Justification                                                                                      |
|-----------|-------|----------------------------------------------------------------------------------------------------|
| Relevance | 5     | All questions directly pertain to the statement about colligative properties.                      |
| Coherence | 4     | The questions form a coherent line of inquiry, although the progression could be slightly clearer. |
| Diversity | 4     | The questions cover definitions, examples, effects of concentration, and practical applications.   |"
"Imagine you are a human, this is the first time you are coming across this Chemistry Statement, you have no previous knowledge of it ""The Henderson-Hasselbalch equation is used to calculate the pH of buffer solutions."", what are the top 5 questions that would pop up in your head which would be most useful in learning about it as you are new to it. Give me a simple bullet point list, don't explain them or expand them","Sure! Here are five questions that might be helpful for a human encountering the Henderson-Hasselbalch equation for the first time:

* What is a buffer solution?
* What is pH and why is it important?
* Who are Henderson and Hasselbalch and why did they develop this equation?
* How does the equation work and what variables does it involve?
* Can you give me an example of how to use the equation to calculate the pH of a buffer solution?","| Metric | Score | Justification |
|---|---|---|
| Relevance | 5 | All questions are directly relevant to the statement, aiming to clarify key terms and concepts, understand the purpose and origin of the equation, and demonstrate its application through examples. |
| Coherence | 4 | The questions generally follow a logical order, moving from basic definitions to more complex applications. However, there is some room for improvement in creating a smoother transition between questions, such as explicitly connecting the importance of pH to the utility of the equation. |
| Diversity |","| Metric | Score | Justification |
|---|---|---|
| Relevance | 5 | Questions are highly relevant to the topic of ""The Henderson-Hasselbalch equation and buffer solutions."" |
| Coherence | 3 | The questions form a logical sequence and a coherent line of inquiry for understanding the basics of the equation. However, the order could be improved for better coherence. |
| Diversity | 4 | The questions cover various aspects of the statement, such as buffer solutions, pH, the equation, its creators, and its application. |","| Metric   | Score | Justification                                                                                                        |
|----------|-------|----------------------------------------------------------------------------------------------------------------------|
| Relevance | 5     | All questions directly relate to the statement about the Henderson-Hasselbalch equation and buffer solutions.      |
| Coherence | 4     | The questions progress logically from defining buffer solutions to understanding the equation and its application.   |
| Diversity | 4     | The questions cover definitions, history, application, and examples, providing a comprehensive exploration of the topic. |"
"Imagine you are a human, this is the first time you are coming across this Chemistry Statement, you have no previous knowledge of it ""Spectrophotometry measures the intensity of light absorbed by a solution to determine the concentration of a solute."", what are the top 5 questions that would pop up in your head which would be most useful in learning about it as you are new to it. Give me a simple bullet point list, don't explain them or expand them","Sure! Here are five questions that might be useful for a human who is encountering the concept of spectrophotometry for the first time:

* What is meant by ""intensity of light absorbed"" in this context?
* How does the concentration of a solute relate to the amount of light absorbed?
* What kind of solutions can be analyzed using spectrophotometry?
* Is there a specific type of instrument used to measure the intensity of light absorbed?
* Can you give an example of a real-world application of spectrophotometry?","

| Metric | Score | Justification                                                                                                                                                                                                                                                                                                                                                                                                                                                                                                                                                                                                                                                                                                                                                                                                                                                                                                                                                                                                                                                                                                                                                                                                                                                                                                                                                                                                                                                                                                                                                                                                                                                                                                                                                                                                                                                                                                                                                                ","| Metric | Score | Justification |
|---|---|---|
| Relevance | 4 | The questions are directly related to the statement and address its key concepts, such as intensity of light absorbed, concentration of solute, types of solutions, instrumentation, and applications. |
| Coherence | 4 | The questions logically progress from defining the key concept to exploring its relationship with solute concentration, applicability to different solutions, instrumentation, and practical usage. |
| Diversity | 3 | The questions cover a range of aspects, including the definition of light absorption intensity, its relation to solute concentration, applicable solutions, instrumentation, and real-world uses. However, they could further explore theoretical underpinnings or advanced applications for greater diversity. |","| Metric    | Score | Justification                                                                                      |
|-----------|-------|----------------------------------------------------------------------------------------------------|
| Relevance | 5     | All questions directly address key aspects of the statement, focusing on understanding the concept. |
| Coherence | 4     | The questions progress logically from defining terms to applications, but could have clearer continuity. |
| Diversity | 5     | The questions cover a wide range of aspects, including definitions, applications, and instrumentation. |"
"Imagine you are a human, this is the first time you are coming across this Chemistry Statement, you have no previous knowledge of it ""The principle of Le Chatelier's predicts how a system at equilibrium responds to changes in concentration, temperature, or pressure."", what are the top 5 questions that would pop up in your head which would be most useful in learning about it as you are new to it. Give me a simple bullet point list, don't explain them or expand them","Sure! Here are five questions that might be helpful for a human encountering Le Chatelier's Principle for the first time:

* What does ""equilibrium"" mean in this context?
* How does the principle account for changes in concentration?
* In what ways can temperature affect a system at equilibrium?
* How does pressure play a role in Le Chatelier's Principle?
* Can you give an example of how the principle works in a real-world scenario?","

| Metric | Score | Justification                                                                                                                                                                                                                                                                                                                                                                                                                                                                                                                                                                                                                                                                                                                                                                                                                                                                                                                                                                                                                                                                                                                                                                                                                                                                                                                                                                                                                                                                                                                                                                                                                                                                                                                                                                                                                                                                                                                                                                ","| Metric | Score | Justification |
|---|---|---|
| Relevance | 5 | The questions directly target the key elements of Le Chatelier's Principle mentioned in the statement: equilibrium, changes in concentration, temperature, pressure, and real-world applications. |
| Coherence | 4 | The questions follow a logical sequence, starting with a foundational concept (equilibrium) and gradually exploring the principle's response to different variables. |
| Diversity | 5 | The questions cover a range of aspects, from the definition of equilibrium to the practical implications of the principle in real-world scenarios. |","| Metric    | Score | Justification                                                                                                        |
|-----------|-------|----------------------------------------------------------------------------------------------------------------------|
| Relevance | 5     | All questions directly relate to the details and concepts presented in the statement about Le Chatelier's Principle. |
| Coherence | 4     | The questions progress logically from defining equilibrium to exploring how changes in concentration, temperature, and pressure impact the system. However, the last question could be better connected to the previous ones. |
| Diversity | 4     | The questions cover a range of aspects including understanding equilibrium, concentration, temperature, pressure, and real-world applications. However, there could be more diversity in the examples given. |"
"Imagine you are a human, this is the first time you are coming across this Chemistry Statement, you have no previous knowledge of it ""Fischer esterification is a method to synthesize esters from carboxylic acids and alcohols."", what are the top 5 questions that would pop up in your head which would be most useful in learning about it as you are new to it. Give me a simple bullet point list, don't explain them or expand them","Sure! Here are five questions that might be useful for someone new to Fischer esterification:

* What is an ester?
* What is a carboxylic acid?
* What is an alcohol?
* How do the reactants and products relate to each other in Fischer esterification?
* What conditions (e.g. temperature, solvent, catalysts) are necessary for Fischer esterification to occur?","| Metric | Score | Justification |
|---|---|---|
| Relevance | 5 | All questions are directly relevant to the statement, addressing fundamental concepts and reaction conditions. |
| Coherence | 4 | The questions follow a logical order, moving from basic definitions to more complex considerations like reaction conditions. However, there is room for better thematic connections between questions. |
| Diversity | 5 | The questions cover various aspects of Fischer esterification, providing a comprehensive introduction to the topic. |","| Metric | Score | Justification |
|---|---|---|
| Relevance | 5 | All questions directly relate to fundamental concepts in Fischer esterification, from definitions to reaction components and conditions. |
| Coherence | 4 | Questions follow a logical progression from basic concepts (ester, carboxylic acid, alcohol) to reaction dynamics and conditions, building a coherent understanding. |
| Diversity | 5 | Questions cover a broad range of aspects, including definitions, reactants, products, reaction dynamics, and conditions, providing a comprehensive exploration of the topic. |","| Metric    | Score | Justification                                                                                                                                      |
|-----------|-------|-----------------------------------------------------------------------------------------------------------------------------------------------------|
| Relevance | 5     | All questions directly pertain to the elements and concepts presented in the statement, focusing on defining key terms and understanding the process. |
| Coherence | 4     | The questions progress logically from defining basic terms to exploring the process of Fischer esterification, forming a coherent line of inquiry.    |
| Diversity | 4     | The questions cover a range of aspects related to esters, carboxylic acids, alcohols, reaction mechanisms, and experimental conditions, offering a broad exploration. |"
"Imagine you are a human, this is the first time you are coming across this Chemistry Statement, you have no previous knowledge of it ""The solubility of gases in liquids decreases with increasing temperature."", what are the top 5 questions that would pop up in your head which would be most useful in learning about it as you are new to it. Give me a simple bullet point list, don't explain them or expand them","Sure! Here are five questions that might be useful for a human who is encountering the chemistry statement ""The solubility of gases in liquids decreases with increasing temperature"" for the first time:

* What does ""solubility"" mean in this context?
* Why does the solubility of gases in liquids decrease with increasing temperature?
* Are there any exceptions to this rule, or does it apply universally to all gases and liquids?
* How does this relate to everyday life or practical applications?
* Can you give an example or demonstration of this","| Metric | Score | Justification |
| --- | --- | --- |
| Relevance | 5 | All questions are directly relevant to the statement, aiming to clarify or expand upon its meaning, implications, or exceptions. |
| Coherence | 4 | The questions generally follow a logical order, moving from basic definitions to broader implications and examples, though some connections could be stronger. |
| Diversity | 5 | The questions cover various aspects of the statement, including conceptual understanding, applicability, and potential limitations, offering a well-rounded exploration. |","| Metric | Score | Justification |
|---|---|---|
| Relevance | 4 | The questions directly address the key concepts and implications presented in the statement. |
| Coherence | 3 | The questions are logically connected, forming a coherent line of inquiry that guides the exploration of the statement's elements. |
| Diversity | 4 | The questions cover a range of aspects related to the statement, including definitions, potential exceptions, practical applications, and examples. |","| Metric     | Score | Justification                                                                                               |
|------------|-------|-------------------------------------------------------------------------------------------------------------|
| Relevance  | 5     | All questions directly address the main concept of the statement regarding the solubility of gases in liquids. |
| Coherence  | 4     | The questions form a cohesive line of inquiry, building upon the understanding of solubility and temperature.     |
| Diversity  | 4     | The questions cover definitions, reasons behind the phenomenon, exceptions, practical implications, and examples.  |"
"Imagine you are a human, this is the first time you are coming across this Chemistry Statement, you have no previous knowledge of it ""Raoult's Law describes how the vapor pressure of a solvent is lowered by the addition of a non-volatile solute."", what are the top 5 questions that would pop up in your head which would be most useful in learning about it as you are new to it. Give me a simple bullet point list, don't explain them or expand them","Sure! Here are five questions that might be helpful for a human encountering Raoult's Law for the first time:

* What is vapor pressure, and why does it matter?
* What is a non-volatile solute, and how does it affect vapor pressure?
* How does Raoult's Law compare to other laws or principles in chemistry?
* Are there any real-world applications of Raoult's Law that I should know about?
* Can you provide an example or analogy to help me better understand Raoult's Law?","| Metric | Score | Justification |
|---|---|---|
| Coherence | 4 | The questions follow a logical progression, moving from basic concepts to more complex ones, such as comparing Raoult's Law to other principles and discussing real-world applications. However, the last question could potentially be improved to encourage deeper understanding rather than relying on analogies. |
| Relevance | 5 | All questions are highly relevant to the provided statement, focusing on essential components like vapor pressure, non-volatile solutes, and practical applications. They effectively address various aspects","| Metric | Score | Justification |
|---|---|---|
| Relevance | 5 | All questions directly relate to the key elements and concepts mentioned in the statement, such as vapor pressure, non-volatile solute, and Raoult's Law itself. |
| Coherence | 4 | The questions follow a logical progression, starting with basic concepts and gradually moving towards more specific aspects and applications. |
| Diversity | 3 | The questions cover a range of aspects, including the definition of vapor pressure, the role of non-volatile solutes, comparisons to other principles, real-world applications, and examples for understanding. While the questions offer a diverse perspective, they could further explore the theoretical underpinnings or limitations of Raoult's Law. |","| Metric   | Score | Justification |
|----------|-------|---------------|
| Relevance | 5     | The questions directly address the key concepts introduced in the statement such as vapor pressure, non-volatile solute, and Raoult's Law. |
| Coherence | 4     | The questions flow logically and build upon each other, but the link between real-world applications and understanding Raoult's Law could be more explicitly connected. |
| Diversity | 5     | The questions cover a range of aspects from defining key terms to exploring applications, providing a well-rounded understanding of Raoult's Law. |"
"Imagine you are a human, this is the first time you are coming across this Chemistry Statement, you have no previous knowledge of it ""Chromatography separates components of a mixture based on differences in their movement through a stationary phase."", what are the top 5 questions that would pop up in your head which would be most useful in learning about it as you are new to it. Give me a simple bullet point list, don't explain them or expand them","Sure! Here are five questions that might pop up in my head as a human encountering chromatography for the first time:

* What is a stationary phase?
* How do the components of a mixture move through the stationary phase?
* What are the differences in movement that allow chromatography to separate the components?
* What kinds of mixtures can chromatography be used to separate?
* How does chromatography compare to other methods of separating mixtures, like distillation or filtration?","| Metric | Score | Justification |
| --- | --- | --- |
| Relevance | 4 | The questions are mostly relevant to the concept of chromatography, asking about its key components and processes. However, some questions could be more directly related to the statement, such as asking about the physical properties that cause differences in movement. |
| Coherence | 5 | The questions follow a logical order, starting with basic concepts and building towards more complex ideas. They also cover various aspects of chromatography, providing a comprehensive overview of the topic. |
| Diversity |","| Metric | Score | Justification |
|---|---|---|
| Relevance | 5 | All questions directly target key elements and concepts mentioned in the statement, aiming to uncover their meaning and significance within the context of chromatography. |
| Coherence | 4 | The questions progress logically, starting with fundamental concepts like ""stationary phase"" and ""movement,"" then gradually exploring the mechanism of separation and comparing chromatography to other methods. However, question 4 could have been better placed after question 2 to maintain a smoother flow. |
| Diversity | 5 | The questions cover a wide range of aspects, including definitions, mechanisms, applications, and comparisons, providing a comprehensive exploration of chromatography. Each question brings a distinct perspective to understanding the statement. |","| Metric    | Score | Justification                                                                                      |
|-----------|-------|----------------------------------------------------------------------------------------------------|
| Relevance | 5     | All questions directly pertain to the details and concepts introduced in the statement.           |
| Coherence | 4     | The questions form a logical progression in exploring the process of chromatography.             |
| Diversity | 4     | The questions cover different aspects of chromatography, providing a broad understanding of it.  |"
"Imagine you are a human, this is the first time you are coming across this Chemistry Statement, you have no previous knowledge of it ""The principle of conservation of mass is fundamental to the stoichiometry of chemical reactions."", what are the top 5 questions that would pop up in your head which would be most useful in learning about it as you are new to it. Give me a simple bullet point list, don't explain them or expand them","Sure! Here are five questions that might be helpful for someone encountering the concept of conservation of mass for the first time:

* What does ""conservation of mass"" mean?
* Why is it important in chemistry?
* How does it relate to chemical reactions?
* Are there any exceptions to this principle?
* Can you give an example of how this principle plays out in a real-world situation?","| Metric | Score | Justification |
|---|---|---|
| Relevance | 5 | All questions are directly related to the concept of conservation of mass and its role in chemical reactions. They address key aspects such as definition, importance, application, and potential exceptions. |
| Coherence | 4 | The questions follow a logical progression, moving from basic definitions to more complex considerations like exceptions and examples. However, they do not necessarily build on each other in terms of complexity or abstraction. |
| Diversity | 5 | The questions cover various dimensions of the","| Metric | Score | Justification |
|---|---|---|
| Relevance | 5 | All questions directly address key concepts and elements introduced in the statement, delving into the meaning, significance, and implications of the principle of conservation of mass in the context of chemistry. |
| Coherence | 4 | The questions progress logically, building on each other and gradually expanding the understanding of the principle. They move from defining the concept to exploring its relevance, applications, and limitations. |
| Diversity | 5 | The questions cover a wide range of aspects, including the definition, importance, relationship to chemical reactions, exceptions, and real-world examples. They collectively provide a comprehensive exploration of the topic. |","| Metric    | Score | Justification                                                                                   |
|-----------|-------|-------------------------------------------------------------------------------------------------|
| Relevance | 5     | All questions directly address the concept of conservation of mass and its implications in chemistry. |
| Coherence | 4     | The questions progress logically from defining the principle to its application in chemical reactions.       |
| Diversity | 4     | The questions cover different aspects of the statement, including definition, importance, examples, and exceptions.   |"
"Imagine you are a human, this is the first time you are coming across this Chemistry Statement, you have no previous knowledge of it ""The discovery of the electron led to the development of the atomic model."", what are the top 5 questions that would pop up in your head which would be most useful in learning about it as you are new to it. Give me a simple bullet point list, don't explain them or expand them","Sure, here are five questions that might be useful for a human who is encountering the statement ""The discovery of the electron led to the development of the atomic model"" for the first time:

* What is an electron?
* What is the atomic model?
* Who discovered the electron?
* How did the discovery of the electron lead to the development of the atomic model?
* What impact did the discovery of the electron have on our understanding of the atom and chemistry in general?","| Metric | Score | Justification |
|---|---|---|
| Coherence | 4 | The questions follow a logical order, starting with basic definitions and then moving towards more complex ideas like the role of the electron in the atomic model and its broader impacts. However, there is some room for improvement in terms of making the transition between questions smoother and more explicit. |
| Relevance | 5 | All questions are highly relevant to the original statement, focusing on the key concepts and connections it presents. They effectively target the core components of the statement, ensuring that a beginner would gain","| Metric | Score | Justification |
|---|---|---|
| Relevance | 5 | All questions directly relate to the elements and concepts presented in the statement, focusing on the discovery of the electron and its impact on the development of the atomic model. |
| Coherence | 5 | The questions logically connect to one another, forming a coherent line of inquiry that would logically progress a beginner's understanding of the topic. |
| Diversity | 4 | The questions cover a range of aspects related to the statement, including the definition of an electron, the atomic model, the discovery of the electron, its impact on the atomic model, and its broader implications for chemistry. However, they could explore additional dimensions, such as the experimental methods or theoretical implications of the electron's discovery. |","| Metric    | Score | Justification                                                                                           |
|-----------|-------|--------------------------------------------------------------------------------------------------------|
| Relevance | 5     | All questions directly address key elements of the statement, focusing on understanding electrons, the atomic model, their discovery, and the impact on chemistry.  |
| Coherence | 5     | The questions form a logical progression of inquiry starting from basic definitions to the implications and impact of the discovery of the electron on atomic theory.   |
| Diversity | 5     | The questions cover a broad spectrum of aspects related to the statement, exploring definitions, historical context, causal relationships, and broader implications.    |"
"Imagine you are a human, this is the first time you are coming across this Chemistry Statement, you have no previous knowledge of it ""Dissociation is the process by which molecules (or ionic compounds) break apart into smaller particles such as atoms, ions, or radicals, usually in a reversible manner."", what are the top 5 questions that would pop up in your head which would be most useful in learning about it as you are new to it. Give me a simple bullet point list, don't explain them or expand them","Sure, here are five questions that might pop up in a human's head when encountering the concept of dissociation for the first time:

* What does it mean for molecules to ""break apart"" and how does this happen?
* Are all molecules capable of dissociating, or are some more prone to it than others?
* How do the properties of the resulting atoms, ions, or radicals compare to those of the original molecule?
* Is dissociation a spontaneous process, or does it require some kind of input or trigger?
* Does","| Metric | Score | Justification |
|---|---|---|
| Coherence | 4 | The questions follow a logical order, starting with the basics of dissociation and moving towards more specific aspects like triggers and properties. However, there is room for improvement in connecting the questions more thematically. |
| Relevance | 5 | All questions are highly relevant to the concept of dissociation, focusing on its mechanisms, participants, and conditions. They effectively address various facets of the statement without straying into tangential topics. |
| Diversity | 4","| Metric | Score | Justification |
|---|---|---|
| Relevance | 3 | The questions are generally relevant to the statement, addressing its key elements such as the breakup of molecules, types of particles formed, and the nature of the process. However, some questions could benefit from more specific connection to the statement, such as including the term ""dissociation"" in the first question. |
| Coherence | 2 | The questions lack a clear connective flow and do not form a logical progression. They address different aspects of dissociation without a coherent sequence that builds on previous questions. Rearranging the questions or providing transitional phrases could enhance coherence. |
| Diversity | 3 | The questions cover a decent range of aspects related to dissociation, including the process itself, factors influencing it, and the properties of the resulting particles. However, incorporating more diverse perspectives, such as applications, exceptions, or theoretical explanations, would further enhance the exploration. |","| Metric   | Score | Justification                                                                            |
|----------|-------|------------------------------------------------------------------------------------------|
| Relevance | 4     | All questions directly pertain to understanding the concept of dissociation.               |
| Coherence | 3     | The questions follow a logical progression, but the last question is incomplete.           |
| Diversity | 4     | The questions cover various aspects of dissociation, from process to properties and triggers. |"
"Imagine you are a human, this is the first time you are coming across this Chemistry Statement, you have no previous knowledge of it ""The concept of molar volume relates the volume of a gas to the amount of substance at a given temperature and pressure."", what are the top 5 questions that would pop up in your head which would be most useful in learning about it as you are new to it. Give me a simple bullet point list, don't explain them or expand them","Sure! Here are five questions that might be helpful in learning about the concept of molar volume:

* What is meant by ""molar volume""?
* How does the volume of a gas relate to the amount of substance?
* What is the significance of temperature and pressure in this concept?
* How do I calculate the molar volume of a substance?
* Can you provide an example or illustration to help me understand this concept better?","| Metric | Score | Justification |
|---|---|---|
| Coherence | 4 | The questions follow a logical order, starting with seeking clarity on the term, then moving towards understanding the relationship between variables, and finally requesting examples for better understanding. However, there could be more explicit connections made between questions. |
| Relevance | 5 | All questions are highly relevant to the statement, addressing key components such as defining molar volume, understanding the role of temperature and pressure, and requesting practical application through examples. |
| Diversity | 4 | The questions cover","| Metric | Score | Justification |
|---|---|---|
| Relevance | 5 | The questions are directly related to the concepts presented in the statement, aiming to clarify the definition, connection to the amount of substance, and the role of temperature and pressure. |
| Coherence | 4 | The questions logically progress from defining molar volume to exploring its relationship with the amount of substance and the significance of temperature and pressure. The final question ties everything together by requesting an example for better understanding. |
| Diversity | 4 | The questions cover a range of aspects, including the definition, relationship to the amount of substance, the influence of temperature and pressure, calculation methods, and practical examples. |","Metric | Score | Justification
Relevance | 5 | All questions directly address the key elements of the statement about molar volume.
Coherence | 4 | The questions progress logically from defining molar volume to calculating it, with good flow overall.
Diversity | 4 | The questions cover various aspects of the concept, from definition to application, providing a well-rounded exploration."
"Imagine you are a human, this is the first time you are coming across this Chemistry Statement, you have no previous knowledge of it ""Activation energy is the minimum energy required to initiate a chemical reaction."", what are the top 5 questions that would pop up in your head which would be most useful in learning about it as you are new to it. Give me a simple bullet point list, don't explain them or expand them","Sure! Here are five questions that might be helpful for a human who is encountering the concept of activation energy for the first time:

* What is meant by ""minimum energy"" in the context of activation energy?
* How is activation energy related to the rate of a chemical reaction?
* What factors can affect the activation energy of a chemical reaction?
* Can activation energy be affected by the concentration of reactants or products?
* Are there any examples of chemical reactions that have a high activation energy, and how do they compare to reactions with lower activation energies?","| Metric | Score | Justification |
| --- | --- | --- |
| Relevance | 4 | The questions are mostly relevant to the concept of activation energy, however some questions like the third one could be more specific to the concept. |
| Coherence | 5 | The questions follow a logical order, starting with basic concepts and gradually moving towards more complex ideas. |
| Diversity | 4 | The questions cover various aspects of activation energy, but they all focus on the same general theme of understanding the concept. It would be beneficial to include questions that approach the topic","| Metric | Score | Justification |
|---|---|---|
| Relevance | 4 | The questions are directly related to the statement and aim to clarify and explore the concept of activation energy. |
| Coherence | 4 | The questions follow a logical progression, starting with a basic definition and then exploring factors that affect activation energy and examples of reactions with different activation energies. |
| Diversity | 4 | The questions cover a range of aspects related to activation energy, including its definition, relationship to reaction rate, affecting factors, and examples. |","| Metric    | Score | Justification                                                                                                 |
|-----------|-------|---------------------------------------------------------------------------------------------------------------|
| Relevance | 5     | All questions directly pertain to understanding activation energy as a concept, focusing on key aspects.     |
| Coherence | 4     | The questions flow logically and build upon each other, providing a structured exploration of activation energy. |
| Diversity | 5     | The questions cover various aspects of activation energy, including definitions, relationships, factors affecting it, examples, etc. |"
"Imagine you are a human, this is the first time you are coming across this Chemistry Statement, you have no previous knowledge of it ""The Arrhenius equation provides a quantitative basis for the temperature dependence of reaction rates."", what are the top 5 questions that would pop up in your head which would be most useful in learning about it as you are new to it. Give me a simple bullet point list, don't explain them or expand them","Sure! Here are five questions that might be useful for a human encountering the Arrhenius equation for the first time:

* What is the Arrhenius equation?
* Why does the equation provide a quantitative basis for temperature dependence of reaction rates?
* What are the variables in the equation and what do they represent?
* How can I use the equation to predict reaction rates at different temperatures?
* Are there any limitations or assumptions associated with the equation that I should be aware of?","| Metric | Score | Justification |
|---|---|---|
| Relevance | 5 | All questions are directly relevant to the Arrhenius equation and its application in chemistry. They cover essential aspects such as definition, interpretation, usage, and limitations. |
| Coherence | 4 | The questions follow a logical order, starting with understanding the equation itself and gradually moving towards more complex topics like using the equation and identifying its limitations. However, some questions could be rephrased to better connect them to the previous ones. |
| Diversity | 5 | The questions address","| Metric | Score | Justification |
|---|---|---|
| Relevance | 5 | Each question directly targets a core concept or element of the statement, fostering a comprehension of the Arrhenius equation. |
| Coherence | 4 | The questions logically connect, progressing from a general understanding of the equation to its variables, applications, and potential limitations. |
| Diversity | 4 | The questions collectively cover a range of aspects, including the equation's purpose, its parameters, its use in predicting reaction rates, and its limitations. |","| Metric    | Score | Justification                                                                                                  |
|-----------|-------|---------------------------------------------------------------------------------------------------------------|
| Relevance | 5     | All questions directly address key aspects of the statement about the Arrhenius equation and its relevance.   |
| Coherence | 4     | The questions flow logically from defining the equation to its implications, but could be more structured.    |
| Diversity | 4     | The questions cover various aspects of the equation, its application, and limitations, offering a good range. |"
"Imagine you are a human, this is the first time you are coming across this Chemistry Statement, you have no previous knowledge of it ""The Born-Haber cycle is a series of hypothetical steps that represents the formation of an ionic compound from its constituent elements."", what are the top 5 questions that would pop up in your head which would be most useful in learning about it as you are new to it. Give me a simple bullet point list, don't explain them or expand them","Sure! Here are five questions that might be helpful for a human encountering the Born-Haber cycle for the first time:

* What are the constituent elements of an ionic compound?
* What is the difference between an ionic compound and a molecular compound?
* What is the role of energy in the formation of an ionic compound?
* How does the Born-Haber cycle relate to other chemical reactions, such as combustion or acid-base reactions?
* Can the Born-Haber cycle be applied to all types of ion","| Metric | Score | Justification |
|---|---|---|
| Relevance | 4 | The questions are mostly relevant to the Born-Haber cycle concept, however, some questions like ""What is the difference between an ionic compound and a molecular compound?"" could be considered too basic or tangential depending on the individual's prior knowledge. |
| Coherence | 3 | The questions do not seem to follow a logical order or build upon each other, making it difficult to see a clear path of inquiry. For example, asking about the relationship of the Born-Hab","| Metric | Score | Justification |
|---|---|---|
| Relevance | 3 | The questions are generally relevant to the concept of the Born-Haber cycle and its application to ionic compounds. However, the fourth question about the relationship to other chemical reactions is somewhat tangential and could be less useful for a beginner. |
| Coherence | 4 | The questions form a logical progression, starting with the basic components of an ionic compound and then exploring the role of energy, the connection to the Born-Haber cycle, and finally the broader applicability of the cycle. |
| Diversity | 3 | The questions cover a range of aspects related to the Born-Haber cycle, including its constituent elements, energy considerations, and broader applications. However, there could be more diversity in the types of questions asked, such as including a question about the limitations or assumptions of the Born-Haber cycle. |","| Metric   | Score | Justification                                                                                                                                          |
|----------|-------|--------------------------------------------------------------------------------------------------------------------------------------------------------|
| Relevance | 5     | All questions directly pertain to the elements and concepts introduced in the statement about the Born-Haber cycle.                                      |
| Coherence | 4     | The questions form a logical progression in understanding the formation of ionic compounds and the role of energy in this process.                    |
| Diversity | 5     | The questions cover various aspects such as constituent elements, difference between compounds, energy involvement, application, and generalizability. |"
"Imagine you are a human, this is the first time you are coming across this Chemistry Statement, you have no previous knowledge of it ""The concept of molecular orbital theory explains the bonding in molecules by the combination of atomic orbitals to form molecular orbitals."", what are the top 5 questions that would pop up in your head which would be most useful in learning about it as you are new to it. Give me a simple bullet point list, don't explain them or expand them","Sure, here are five questions that might be useful for a human who is new to the concept of molecular orbital theory:

* What are atomic orbitals and how do they combine to form molecular orbitals?
* How do molecular orbitals differ from atomic orbitals?
* What is the relationship between molecular orbitals and chemical bonds?
* Can you give an example of a molecule where molecular orbital theory can help explain its bonding?
* How does molecular orbital theory relate to other concepts in chemistry, such as electronegativity and valence shell","| Metric | Score | Justification |
|---|---|---|
| Relevance | 4 | The questions are mostly relevant to the topic, however some could be more specific to molecular orbital theory instead of general chemistry concepts. |
| Coherence | 5 | The questions follow a logical order, starting with basic concepts and gradually moving towards more complex ideas. |
| Diversity | 4 | The questions cover various aspects of molecular orbital theory, but there is room for further exploration of the practical applications and limitations of the theory. |","| Metric  | Score  | Justification  |
|---|---|---|
| Relevance | 5  | All questions directly target core elements and concepts presented in the statement, effectively prompting exploration of the theory's foundations. |
| Coherence | 4  | Questions logically flow from one to another, forming a coherent line of inquiry. Starting with the basics of atomic and molecular orbitals, they progressively explore their relationship to chemical bonds, applications, and connections to broader chemistry concepts. |
| Diversity | 5  | Questions cover a diverse range of aspects within the statement, including the nature of atomic and molecular orbitals, their bonding relationship, the theory's application, and its wider relevance in chemistry. |","| Metric   | Score | Justification                                                                                                                                                                        |
|----------|-------|--------------------------------------------------------------------------------------------------------------------------------------------------------------------------------------|
| Relevance | 5     | All questions directly pertain to the concept of molecular orbital theory and its applications, seeking to clarify key aspects of the statement.                                       |
| Coherence | 4     | The questions progress logically from defining atomic orbitals to molecular orbitals, exploring their differences and applications in bonding, though the last question could be more tied to the previous ones. |
| Diversity | 5     | The questions cover a wide range of aspects related to molecular orbital theory, including definitions, differences from atomic orbitals, examples, and connections to other concepts in chemistry.   |"
"Imagine you are a human, this is the first time you are coming across this Chemistry Statement, you have no previous knowledge of it ""The law of definite proportions states that a chemical compound always contains exactly the same proportion of elements by mass."", what are the top 5 questions that would pop up in your head which would be most useful in learning about it as you are new to it. Give me a simple bullet point list, don't explain them or expand them","Sure! Here are five questions that might be helpful in learning about the law of definite proportions:

* What does it mean for a chemical compound to have the same proportion of elements by mass?
* How does this law differ from the law of multiple proportions?
* Can you give an example of a chemical compound that illustrates the law of definite proportions?
* How does the law of definite proportions relate to the concept of chemical formulas?
* Are there any exceptions or limitations to the law of definite proportions?","| Metric | Score | Justification |
| --- | --- | --- |
| Coherence | 4 | The questions follow a logical order, starting with understanding the basic definition and then moving towards more complex ideas such as examples, relationships, and exceptions. |
| Relevance | 5 | All questions are highly relevant to the statement, focusing on exploring the core concept and its connections to related ideas. |
| Diversity | 4 | The questions cover various dimensions of the topic, including definitions, comparisons, examples, relationships, and potential limitations. However, they could benefit from","| Metric  | Score | Justification |
|:---| ---:|---|
| Relevance  | 4 | The questions are directly relevant to the statement and aim to clarify the concept of definite proportions, its implications, and related concepts.  |
| Coherence  | 3 | The questions follow a logical progression, starting with a basic understanding of the law and moving on to more specific inquiries about examples, relationships with other concepts, and limitations. However, the transition between questions 4 and 5 could be smoother.  |
| Diversity  | 2 | The questions cover multiple aspects of the law, including its definition, comparison with another law, examples, and limitations. However, they could further explore theoretical underpinnings or applications of the law to enhance diversity.  |","| Metric    | Score | Justification                                                                                       |
|-----------|-------|----------------------------------------------------------------------------------------------------|
| Relevance | 5     | All questions directly pertain to the law of definite proportions and aim to clarify its concepts. |
| Coherence | 4     | The questions form a logical progression from defining the law to exploring its applications.     |
| Diversity | 4     | The questions cover various aspects of the law, from definitions to examples and limitations.       |"
"Imagine you are a human, this is the first time you are coming across this Chemistry Statement, you have no previous knowledge of it ""Isotope fractionation occurs during physical and chemical processes, altering the ratio of isotopes."", what are the top 5 questions that would pop up in your head which would be most useful in learning about it as you are new to it. Give me a simple bullet point list, don't explain them or expand them","Sure! Here are five questions that might be useful for a human encountering the concept of isotope fractionation for the first time:

* What are isotopes and how do they differ from each other?
* What is meant by ""fractionation"" in this context?
* Can you give an example of a physical or chemical process that can cause isotope fractionation?
* How does isotope fractionation affect the ratio of isotopes in a substance?
* Are there any specific applications or fields where isotope fractionation is particularly important or relevant?","| Metric | Score | Justification |
|---|---|---|
| Relevance | 4 | The questions are mostly relevant to the topic of isotope fractionation, although some could be more specific to the concept itself. For instance, asking about the effects of isotope fractionation on the ratio of isotopes is quite general and could benefit from a more targeted approach. |
| Coherence | 5 | The questions follow a logical progression, starting with basic concepts like isotopes and fractionation before moving on to more specific aspects such as examples and applications. This creates a","| Metric | Score | Justification |
|---|---|---|
| Relevance | 5 | All questions are directly related to the statement and explore different aspects of isotope fractionation, from basic definitions to specific applications. |
| Coherence | 4 | The questions follow a logical sequence, starting with fundamental concepts and gradually expanding to more specific aspects. However, the connection between questions 3 and 4 could be stronger. |
| Diversity | 4 | The questions cover a range of aspects, including the definition of isotopes, fractionation, processes causing it, effects on isotope ratios, and applications. However, they could delve deeper into the theoretical underpinnings of isotope fractionation. |","Metric | Score | Justification
Relevance | 5 | All questions directly pertain to the concept of isotope fractionation mentioned in the statement.
Coherence | 4 | Questions flow logically from defining isotopes to understanding fractionation processes.
Diversity | 5 | The questions cover definitions, examples, effects, and applications, offering a broad exploration of the topic."
"Imagine you are a human, this is the first time you are coming across this Chemistry Statement, you have no previous knowledge of it ""The principle of dynamic equilibrium applies to both chemical reactions and phase changes."", what are the top 5 questions that would pop up in your head which would be most useful in learning about it as you are new to it. Give me a simple bullet point list, don't explain them or expand them","Sure! Here are five questions that might be helpful for someone encountering the concept of dynamic equilibrium for the first time:

* What does ""dynamic equilibrium"" mean?
* How does it apply to chemical reactions?
* How does it apply to phase changes?
* Can you give an example of a system in dynamic equilibrium?
* How does the principle of dynamic equilibrium help us understand the behavior of chemical systems?","| Metric | Score | Justification |
|---|---|---|
| Relevance | 5 | All questions are directly related to the concept of dynamic equilibrium and its application to chemical reactions and phase changes. |
| Coherence | 4 | The questions generally follow a logical progression, moving from defining the term to asking for examples and implications. However, there is some room for improvement in terms of creating a more explicit link between the definition and the examples or implications. |
| Diversity | 5 | The questions cover various aspects of dynamic equilibrium, including its meaning, application, and","| Metric | Score | Justification |
|---|---|---|
| Relevance | 5 | All questions directly pertain to the statement, seeking clarification on the definition, applications, and examples of dynamic equilibrium. |
| Coherence | 4 | The questions follow a logical sequence, starting with the basic concept and progressing to more specific examples and applications. |
| Diversity | 3 | While the questions cover various aspects of dynamic equilibrium, they primarily focus on its definition and applications in chemical reactions and phase changes. Exploring theoretical underpinnings or broader implications could enhance diversity. |","| Metric    | Score | Justification                                                                                                          |
|-----------|-------|------------------------------------------------------------------------------------------------------------------------|
| Relevance | 5     | All questions directly pertain to the concept of dynamic equilibrium in both chemical reactions and phase changes.     |
| Coherence | 5     | The questions progress logically from defining dynamic equilibrium to applying it to different contexts.               |
| Diversity | 4     | The questions cover various aspects of dynamic equilibrium but could include more specific examples for clarity.       |"
"Imagine you are a human, this is the first time you are coming across this Chemistry Statement, you have no previous knowledge of it ""The electroplating process deposits a metal coating on an object by using an electric current."", what are the top 5 questions that would pop up in your head which would be most useful in learning about it as you are new to it. Give me a simple bullet point list, don't explain them or expand them","Sure, here are five questions that might pop up in my head as a human encountering the concept of electroplating for the first time:

* How does the electric current deposit the metal coating on the object?
* What kind of metals can be deposited using electroplating?
* What is the role of the electrolyte solution in the electroplating process?
* How long does the electroplating process take, and can it be sped up or slowed down?
* What are some common applications of electroplating in industry and everyday life?","| Metric | Score | Justification |
|---|---|---|
| Relevance | 5 | All questions are directly related to the concept of electroplating, exploring various aspects such as the mechanism, materials involved, conditions, and applications. |
| Coherence | 4 | The questions generally follow a logical order, starting with the basic process and gradually moving towards more specific aspects like the role of the electrolyte and industrial applications. However, there could be better transitions between questions to create a smoother flow. |
| Diversity | 5 | The questions cover a wide","| Metric | Score | Justification |
|---|---|---|
| Relevance | 4 | The questions directly address key elements of the statement, such as the role of electric current, metal deposition, and the electrolyte solution. |
| Coherence | 3 | The questions logically connect, starting with the mechanism of metal deposition and progressing to the type of metals, electrolyte solution, and practical aspects of electroplating. However, the question about speeding up or slowing down the process could be better integrated with the others. |
| Diversity | 4 | The questions cover a range of aspects, including the mechanism, materials, electrolyte, process parameters, and applications, providing a comprehensive overview of electroplating. |","| Metric    | Score | Justification                                                                             |
|-----------|-------|-------------------------------------------------------------------------------------------|
| Relevance | 5     | All questions directly pertain to the details and concepts in the statement.               |
| Coherence | 4     | The questions form a coherent line of inquiry, progressing from basic to application.      |
| Diversity | 4     | The questions cover different aspects such as process, materials, applications, and time. |"
"Imagine you are a human, this is the first time you are coming across this Chemistry Statement, you have no previous knowledge of it ""Vapor pressure lowering is a colligative property observed when a nonvolatile solute is dissolved in a solvent."", what are the top 5 questions that would pop up in your head which would be most useful in learning about it as you are new to it. Give me a simple bullet point list, don't explain them or expand them","Sure! Here are five questions that might be helpful in learning about vapor pressure lowering as a colligative property:

* What is vapor pressure, and how is it affected by the presence of a solute?
* What does it mean for a property to be colligative, and how does this relate to the behavior of solutions?
* How does the concentration of the solute affect vapor pressure lowering, and are there any limitations to this effect?
* Are there any specific examples of substances that exhibit vapor pressure lowering, and how do their properties influence this phenomenon","| Metric | Score | Justification |
| --- | --- | --- |
| Coherence | 4 | The questions follow a logical order, starting with the basics of vapor pressure before moving onto colligative properties and then the relationship between solute concentration and vapor pressure lowering. However, the final question could potentially be broken down into two separate questions to further enhance coherence. |
| Relevance | 5 | All questions are highly relevant to the original statement, focusing on key concepts such as vapor pressure, colligative properties, and solute concentration. They","| Metric | Score | Justification |
|---|---|---|
| Relevance | 5 | All five questions directly relate to the details and elements of the statement, aiming to uncover different aspects of vapor pressure lowering. |
| Coherence | 4 | The questions progress logically, starting with a basic understanding of vapor pressure and then exploring colligative properties and the specific relationship between solute concentration and vapor pressure lowering. |
| Diversity | 4 | The questions cover a range of aspects, including definitions, implications, and applications of vapor pressure lowering, providing a well-rounded exploration of the topic. |","| Metric   | Score | Justification                                                                                   |
|----------|-------|-------------------------------------------------------------------------------------------------|
| Relevance | 4     | The questions directly pertain to vapor pressure lowering as a colligative property and its effects on solutions.                                               |
| Coherence | 4     | The questions form a logical progression exploring the concept of vapor pressure lowering and its implications.                                  |
| Diversity | 4     | The questions cover various aspects of the topic, including definitions, effects of solute concentration, examples, and properties. |"
"Imagine you are a human, this is the first time you are coming across this Chemistry Statement, you have no previous knowledge of it ""The optical activity of substances is measured by their ability to rotate the plane of polarized light."", what are the top 5 questions that would pop up in your head which would be most useful in learning about it as you are new to it. Give me a simple bullet point list, don't explain them or expand them","Sure! Here are five questions that might be helpful for a human who is encountering the concept of optical activity and the statement about rotating the plane of polarized light for the first time:

* What is meant by ""optical activity""?
* What is polarized light, and how does it relate to the rotation of the plane?
* How do substances rotate the plane of polarized light, and what are some examples?
* Is there a specific unit or scale used to measure the degree of rotation, and if so, what is it?
* Are there any real-world applications or significance","| Metric | Score | Justification |
|---|---|---|
| Relevance | 4 | The questions are mostly relevant to the statement, however, the third question could be more specific to the statement. |
| Coherence | 5 | The questions follow a logical order, starting with basic concepts and moving towards more specific aspects of the statement. |
| Diversity | 4 | The questions cover various dimensions of the statement, but they could benefit from exploring other related aspects such as the causes or conditions for optical activity. |","| Metric | Score | Justification |
|---|---|---|
| Relevance | 5 | The questions directly and explicitly explore aspects of the statement, such as the definition of optical activity, the nature of polarized light, and the measurement of rotation. |
| Coherence | 4 | The questions are coherently ordered, with each question building upon or expanding the previous one. The sequence progresses from the most basic definition to more specific aspects and applications. |
| Diversity | 5 | The questions cover a wide range of concepts related to the statement, including definitions, mechanisms, measurement techniques, and practical applications. Each question brings a new dimension to the exploration. |","| Metric    | Score | Justification                                                                                           |
|-----------|-------|---------------------------------------------------------------------------------------------------------|
| Relevance  | 4     | The questions directly relate to the concept of optical activity and the rotation of polarized light.   |
| Coherence | 4     | The questions progress logically from defining optical activity to exploring examples and applications. |
| Diversity | 4     | The questions cover definitions, examples, measurement, and real-world implications of optical activity. |"
"Imagine you are a human, this is the first time you are coming across this Chemistry Statement, you have no previous knowledge of it ""The Hall effect provides insight into the behavior of electrons in a conductor."", what are the top 5 questions that would pop up in your head which would be most useful in learning about it as you are new to it. Give me a simple bullet point list, don't explain them or expand them","Sure, here are five questions that might be useful for a human who is encountering the statement about the Hall effect for the first time:

* What is the Hall effect?
* Why do electrons behave differently in a conductor than they do in other materials?
* How does the Hall effect relate to electricity and magnetism?
* Can the Hall effect be used in any practical applications?
* What are some examples of materials that exhibit the Hall effect?","| Metric | Score | Justification |
|---|---|---|
| Coherence | 4 | The questions follow a logical order, starting with defining the Hall effect and gradually moving towards its applications and examples. However, there is room for improvement in explicitly connecting the questions to create a more seamless flow. |
| Relevance | 5 | All questions are highly relevant to the provided statement, focusing on the behavior of electrons in conductors and the practical uses of the Hall effect. |
| Diversity | 5 | The questions cover various aspects of the Hall effect, such as","| Metric | Score | Justification |
|---|---|---|
| Relevance | 4 | The questions are directly related to the statement and explore different aspects of the Hall effect, such as its definition, underlying mechanisms, applications, and relevant materials. |
| Coherence | 3 | The questions follow a logical progression, starting with the definition and then exploring the behavior of electrons, the relationship with electricity and magnetism, practical applications, and examples. However, the connection between the fourth and fifth questions could be strengthened to enhance the overall coherence. |
| Diversity | 4 | The questions cover a wide range of aspects related to the Hall effect, including its fundamental nature, underlying physics, potential applications, and real-world examples. This diversity provides a comprehensive exploration of the statement. |","| Metric    | Score | Justification                                                                                         |
|-----------|-------|-------------------------------------------------------------------------------------------------------|
| Relevance | 5     | All questions directly pertain to understanding the behavior of electrons in a conductor through the Hall effect. |
| Coherence | 4     | The questions form a logical progression from understanding the Hall effect to its applications and examples. |
| Diversity | 4     | The questions cover a range of aspects from defining the Hall effect to practical applications and examples. |"
"Imagine you are a human, this is the first time you are coming across this Chemistry Statement, you have no previous knowledge of it ""Hydrophobic and hydrophilic interactions play crucial roles in the structure and function of biological molecules."", what are the top 5 questions that would pop up in your head which would be most useful in learning about it as you are new to it. Give me a simple bullet point list, don't explain them or expand them","Sure, here are five questions that might be useful for a human encountering the statement about hydrophobic and hydrophilic interactions in biological molecules for the first time:

* What do ""hydrophobic"" and ""hydrophilic"" mean?
* How do these interactions contribute to the structure of biological molecules?
* Can you give an example of a biological molecule that demonstrates these interactions?
* How do hydrophobic and hydrophilic interactions affect the function of biological molecules?
* Are there any specific types of","| Metric | Score | Justification |
|---|---|---|
| Relevance | 5 | All questions are directly related to the provided statement, aiming to clarify key terms and understand their role in biological molecules. |
| Coherence | 4 | The questions generally follow a logical order, moving from defining terms to exploring their impact on structure and function. However, the last question could potentially be split into multiple parts to maintain a clear progression. |
| Diversity | 5 | The questions cover various aspects of the topic, including definitions, examples, and implications for","| Metric | Score | Justification |
|---|---|---|
| Relevance | 5 | All questions are directly related to the given statement. |
| Coherence | 4 | The questions follow a logical progression from basic definitions to more complex applications. |
| Diversity | 4 | The questions cover a range of aspects, including definitions, examples, and implications. |","| Metric   | Score | Justification                                                                                                     |
|----------|-------|-------------------------------------------------------------------------------------------------------------------|
| Relevance | 5     | All questions directly pertain to understanding hydrophobic and hydrophilic interactions in biological molecules. |
| Coherence | 4     | The questions flow logically from defining the terms to exploring their impact on structure and function.        |
| Diversity | 4     | The questions cover definitions, examples, effects on molecules, and potential types of interactions.           |"
"Imagine you are a human, this is the first time you are coming across this Chemistry Statement, you have no previous knowledge of it ""The synthesis of biodiesel involves the transesterification of vegetable oils or animal fats."", what are the top 5 questions that would pop up in your head which would be most useful in learning about it as you are new to it. Give me a simple bullet point list, don't explain them or expand them","Sure, here are five questions that might pop up in my head as a human encountering the statement about biodiesel synthesis for the first time:

* What is transesterification?
* What are vegetable oils and animal fats?
* How do they become biodiesel?
* Is biodiesel a sustainable energy source?
* Can biodiesel be used in any engine or does it require special modifications?","| Metric | Score | Justification |
|---|---|---|
| Relevance | 4 | The questions are mostly relevant to the topic, although some could be more directly related to the process of biodiesel synthesis. |
| Coherence | 3 | The questions lack a clear order or structure, making it difficult to follow a logical line of inquiry. |
| Diversity | 4 | The questions cover various aspects of the topic, but there is room for further exploration of the chemical reactions involved in the synthesis process. |","| Metric | Score | Justification |
|---|---|---|
| Relevance | 5 | All questions are directly related to the statement, seeking to clarify key terms and processes involved in biodiesel synthesis. |
| Coherence | 4 | Questions logically progress from defining transesterification (the core process) to exploring its reactants (vegetable oils and animal fats) and product (biodiesel), then considering its sustainability and applicability. The only gap is the lack of a question directly addressing the statement's mention of the synthesis itself. |
| Diversity | 3 | Questions cover a range of aspects, including the chemical process, reactants, product, environmental concerns, and practical applications. However, they could delve deeper into the potential advantages and disadvantages of biodiesel compared to traditional fuels, or explore the technological challenges and advancements in its production. |","| Metric    | Score | Justification                                                                                                                     |
|-----------|-------|-----------------------------------------------------------------------------------------------------------------------------------|
| Relevance | 5     | All questions directly relate to the synthesis of biodiesel and its components.                                                   |
| Coherence | 4     | The questions progress logically from understanding the process of transesterification to the sustainability and application of biodiesel. |
| Diversity | 4     | The questions cover a range of aspects from the chemistry involved to the wider implications and potential uses of biodiesel.    |"
"Imagine you are a human, this is the first time you are coming across this Chemistry Statement, you have no previous knowledge of it ""Molecular sieves are materials with pores of uniform size used in gas purification or separation."", what are the top 5 questions that would pop up in your head which would be most useful in learning about it as you are new to it. Give me a simple bullet point list, don't explain them or expand them","Sure, here are five questions that might be useful for a human who is encountering the concept of molecular sieves for the first time:

* What are the pores made of?
* How do the pores filter out impurities?
* What kind of gases can be purified or separated using molecular sieves?
* Are there different types of molecular sieves for different applications?
* How do molecular sieves compare to other methods of gas purification or separation in terms of efficiency and cost-effectiveness?","| Metric | Score | Justification |
|---|---|---|
| Relevance | 4 | The questions are mostly relevant to the topic, although some could be more specific to the statement provided. For example, asking about the comparison to other methods may not be necessary for understanding the basics of molecular sieves. |
| Coherence | 5 | The questions follow a logical order, starting with basic inquiries about the structure of molecular sieves and gradually moving towards more complex topics like their application and comparison to alternative methods. |
| Diversity | 3 | While the questions","| Metric  	| Score 	| Justification |
|:---|:---|:---|
| Relevance | 4 | The questions directly relate to the key aspects of molecular sieves mentioned in the statement, covering their composition, mechanism of action, applications, and efficiency. |
| Coherence | 3 | The questions flow reasonably well, starting with the composition of the pores and then progressing to their role in gas purification and how they compare to other methods. However, there could be a smoother transition between the second and third questions.  |
| Diversity | 4 | The questions cover a broad range of aspects, including the materials used in molecular sieves, their mechanism of action, applications, and comparative efficiency. |","| Metric    | Score | Justification                                                                                     |
|-----------|-------|---------------------------------------------------------------------------------------------------|
| Relevance | 4     | The questions directly address the key aspects of molecular sieves and gas purification/separation |
| Coherence | 4     | The questions flow logically and build upon each other to deepen understanding of the topic        |
| Diversity | 4     | The questions cover a range of aspects related to molecular sieves and their applications           |"
"Imagine you are a human, this is the first time you are coming across this Chemistry Statement, you have no previous knowledge of it ""The concept of chemical hardness relates to the resistance of an atom or molecule to change its electron density."", what are the top 5 questions that would pop up in your head which would be most useful in learning about it as you are new to it. Give me a simple bullet point list, don't explain them or expand them","Sure! Here are five questions that might be helpful in learning about the concept of chemical hardness:

* What does electron density refer to?
* How does an atom or molecule resist changes to its electron density?
* Are there any specific factors that contribute to chemical hardness?
* Can chemical hardness be measured or quantified in some way?
* How does chemical hardness relate to other chemical properties, such as reactivity or solubility?","| Metric | Score | Justification |
|---|---|---|
| Coherence | 4 | The questions follow a logical progression, moving from basic concepts like electron density to more complex ideas like measurement and relationship with other properties. However, the questions could benefit from stronger connections between each other to create a more seamless flow of inquiry. |
| Relevance | 5 | All questions are highly relevant to the initial statement, focusing on key terms and concepts mentioned in the definition of chemical hardness. They effectively explore various dimensions of the topic without straying into tangential subjects. |","| Metric | Score | Justification |
|---|---|---|
| Relevance | 5 | All questions directly pertain to the statement's elements, focusing on electron density, resistance, and related concepts. |
| Coherence | 4 | The questions progress logically from fundamental concepts (electron density) to specific aspects (resistance, factors, measurement) and broader implications (relationship to other properties). |
| Diversity | 4 | The questions cover a wide range of aspects, including definition, resistance mechanisms, contributing factors, quantification, and interrelation with other chemical properties. |","| Metric   | Score | Justification                                                                                                                                                               |
|----------|-------|------------------------------------------------------------------------------------------------------------------------------------------------------------------------------|
| Relevance | 5     | All questions directly relate to the concept of chemical hardness and aim to clarify different aspects of the statement.                                                        |
| Coherence | 4     | The questions form a logical progression in exploring the concept of chemical hardness, with each question building upon the previous one.                                  |
| Diversity | 5     | The questions cover various aspects of chemical hardness, including definitions, factors contributing to it, measurement, and its relationship to other chemical properties. |"
"Imagine you are a human, this is the first time you are coming across this Chemistry Statement, you have no previous knowledge of it ""The viscosity of a fluid describes its resistance to gradual deformation by shear or tensile stress."", what are the top 5 questions that would pop up in your head which would be most useful in learning about it as you are new to it. Give me a simple bullet point list, don't explain them or expand them","Sure! Here are five questions that might be helpful for a human who is encountering the concept of viscosity for the first time:

* What does ""viscosity"" mean?
* How is viscosity different from other properties of fluids, like density or conductivity?
* Can you give an example of a fluid with high viscosity and one with low viscosity?
* How does temperature affect the viscosity of a fluid?
* Is viscosity important in any real-world applications, like engineering or medicine?","| Metric | Score | Justification |
|---|---|---|
| Relevance | 5 | All questions are directly relevant to the definition of viscosity and its role in describing fluid behavior. They aim to clarify, compare, and provide examples, as well as discuss the impact of temperature and real-world applications. |
| Coherence | 4 | The questions follow a logical order, moving from basic definitions to more complex topics such as temperature dependence and real-world applications. However, there is room for better thematic connections between questions. |
| Diversity | 5","| **Metric** | **Score** | **Justification** |
|---|---|---|
| Relevance | 5 | All questions directly address key elements of the viscosity definition, such as meaning, comparison to other properties, and real-world applications. |
| Coherence | 4 | Questions follow a logical progression from definition to examples to applications, providing a structured exploration of the concept. |
| Diversity | 4 | Questions cover a range of aspects, including conceptual understanding, practical applications, and effects of temperature, offering a broad exploration of viscosity. |","| Metric   | Score | Justification                                                                                   |
|----------|-------|--------------------------------------------------------------------------------------------------|
| Relevance | 5     | All questions directly address the concept of viscosity and seek to clarify its different aspects. |
| Coherence | 4     | The questions progress logically from defining viscosity to exploring its implications in various scenarios.                  |
| Diversity | 5     | The questions cover definitions, examples, effects of temperature, and real-world applications, providing a well-rounded understanding of viscosity.               |"
"Imagine you are a human, this is the first time you are coming across this Chemistry Statement, you have no previous knowledge of it ""Superconductivity is a phenomenon where a material can conduct electricity without resistance below a certain temperature."", what are the top 5 questions that would pop up in your head which would be most useful in learning about it as you are new to it. Give me a simple bullet point list, don't explain them or expand them","Sure! Here are five questions that might be useful for a human who is encountering the concept of superconductivity for the first time:

* What is meant by ""resistance"" in the context of electricity?
* How does a material become superconductive?
* What is the minimum temperature required for a material to exhibit superconductivity?
* Are there any materials that are naturally superconductive, or do they all require some kind of treatment or modification?
* What are some potential applications of superconductivity in everyday life or industry?","| Metric | Score | Justification |
|---|---|---|
| Relevance | 5 | All questions are directly related to the concept of superconductivity and its properties, mechanisms, and applications. |
| Coherence | 4 | The questions follow a logical progression, moving from basic concepts like resistance to more complex ideas such as applications. However, the order could be rearranged slightly for better flow. |
| Diversity | 5 | The questions cover various aspects of superconductivity, including its definition, physical properties, conditions for occurrence, natural vs. artificial","| Metric  | Score | Justification |
| ----------- | ----------- | ----------- |
| Relevance  | 5  | All questions directly pertain to key concepts presented in the statement, seeking clarification on resistance, mechanisms of superconductivity, temperature thresholds, natural occurrence, and practical applications. |
| Coherence  | 4  | Questions follow a logical sequence, building upon each other to explore different aspects of superconductivity. The progression from understanding resistance to practical applications provides a structured inquiry path. |
| Diversity  | 5  | Questions cover a diverse range of topics, encompassing definitions, mechanisms, conditions, natural occurrence, and applications. Each question brings a new perspective to the exploration of the statement. |","| Metric    | Score | Justification                                                                                                     |
|-----------|-------|-------------------------------------------------------------------------------------------------------------------|
| Relevance | 5     | All questions directly address key aspects of superconductivity introduced in the initial statement.            |
| Coherence | 4     | The questions progress logically from defining terms to practical applications, forming a coherent progression.  |
| Diversity | 4     | The questions cover a range of aspects, from basic definitions to real-world implications, offering a broad view. |"
"Imagine you are a human, this is the first time you are coming across this Chemistry Statement, you have no previous knowledge of it ""The lanthanide contraction refers to the gradual decrease in the size of lanthanide ions from lanthanum to lutetium."", what are the top 5 questions that would pop up in your head which would be most useful in learning about it as you are new to it. Give me a simple bullet point list, don't explain them or expand them","Sure! Here are five questions that might be helpful for a human encountering the concept of the lanthanide contraction for the first time:

* What are lanthanides and how do they differ from other elements?
* Why do lanthanide ions get smaller from lanthanum to lutetium?
* How does the lanthanide contraction affect the properties of lanthanide elements?
* Are there any practical applications of the lanthanide contraction in technology or industry?
* Can the lanthanide contraction be observed in other elements or","| Metric | Score | Justification |
|---|---|---|
| Relevance | 4 | The questions are mostly relevant to the topic, although some could benefit from being more specific to the lanthanide contraction itself. For example, question 2 could specify that it is asking about the electronic configuration or crystal field effects causing the contraction. |
| Coherence | 5 | The questions follow a logical progression, starting with basic background information and moving towards more specific and applied aspects of the lanthanide contraction. This structure allows for a comprehensive understanding of the topic.","| Metric | Score | Justification |
|---|---|---|
| Relevance | 4 | The questions directly address the concepts and aspects presented in the statement, such as the definition of lanthanides, the trend of ion size reduction, the effects on properties, and potential applications. |
| Coherence | 4 | The questions form a logical progression of inquiry, starting with basic concepts and gradually exploring the implications and applications of the lanthanide contraction. |
| Diversity | 3 | The questions cover a range of topics, including the characteristics of lanthanides, the cause of ion size reduction, its impact on properties, and potential applications. However, they could benefit from exploring theoretical underpinnings or historical context to broaden the exploration. |","| Metric    | Score | Justification                                                                                            |
|-----------|-------|----------------------------------------------------------------------------------------------------------|
| Relevance | 5     | All questions directly address the concept of the lanthanide contraction and its implications.         |
| Coherence | 4     | The questions progress logically from defining lanthanides to exploring applications and observations. |
| Diversity | 5     | The questions cover definitions, implications, applications, and comparisons, offering a broad view.   |"
"Imagine you are a human, this is the first time you are coming across this Chemistry Statement, you have no previous knowledge of it ""Piezoelectric materials generate an electrical charge in response to applied mechanical stress."", what are the top 5 questions that would pop up in your head which would be most useful in learning about it as you are new to it. Give me a simple bullet point list, don't explain them or expand them","Sure, here are five questions that might be useful for a human who is encountering the concept of piezoelectric materials for the first time:

* What are some examples of piezoelectric materials?
* How does the mechanical stress cause an electrical charge?
* Can you give an example of a real-world application of piezoelectric materials?
* Is the electrical charge generated by piezoelectric materials AC or DC?
* Are there any safety concerns when working with piezoelectric materials?","| Metric | Score | Justification |
|---|---|---|
| Relevance | 4 | The questions are mostly relevant to the concept of piezoelectric materials, however, the last question seems to stray slightly away from the core concept. |
| Coherence | 5 | The questions follow a logical order, starting with basic questions like examples and moving towards more complex ones like applications and safety concerns. |
| Diversity | 4 | The questions cover various aspects such as examples, mechanism, applications, type of current, and safety. However, all questions are still","| Metric | Score | Justification |
|---|---|---|
| Relevance | 4 | The questions are directly related to the statement, exploring different aspects of piezoelectric materials and their properties. |
| Coherence | 4 | The questions logically connect to one another, gradually expanding the inquiry by exploring examples, mechanisms, applications, and safety considerations. |
| Diversity | 5 | The questions cover a diverse range of aspects, including examples, mechanisms, applications, and safety concerns, providing a comprehensive exploration of piezoelectric materials. |","| Metric   | Score | Justification                                                                                                                                                                               |
|----------|-------|---------------------------------------------------------------------------------------------------------------------------------------------------------------------------------------------|
| Relevance | 5     | All questions directly address elements of the statement regarding piezoelectric materials and their properties.                                                                           |
| Coherence | 4     | The questions form a logical progression from understanding examples to applications and safety concerns, though the sequence could be slightly improved for smoother flow.                |
| Diversity | 4     | The questions cover different aspects such as examples, mechanisms, applications, and safety, offering a broad exploration of the topic while staying relevant to the statement.           |"
"Imagine you are a human, this is the first time you are coming across this Chemistry Statement, you have no previous knowledge of it ""The Gibbs free energy equation predicts the spontaneity of a process at constant temperature and pressure."", what are the top 5 questions that would pop up in your head which would be most useful in learning about it as you are new to it. Give me a simple bullet point list, don't explain them or expand them","Sure! Here are five questions that might be helpful for a human encountering the Gibbs free energy equation for the first time:

* What is Gibbs free energy?
* What does it mean for a process to be spontaneous?
* How does the equation relate to temperature and pressure?
* What are the units of Gibbs free energy?
* Can you give an example of how the equation is used in practice?","| Metric | Score | Justification |
| --- | --- | --- |
| Relevance | 5 | All questions are directly related to the Gibbs free energy equation and its application, providing a comprehensive introduction to the topic. |
| Coherence | 4 | The questions follow a logical order, moving from basic definitions to more complex applications, though some connections could be made clearer. |
| Diversity | 5 | A wide range of aspects are covered, including fundamental concepts, practical uses, and measurement units, offering a well-rounded exploration of the topic. |","| Metric | Score | Justification |
|---|---|---|
| Relevance | 5 | All questions are directly related to the statement, seeking to clarify its key concepts and aspects. |
| Coherence | 4 | The questions follow a logical sequence, progressing from defining Gibbs free energy to exploring its connection to spontaneity, temperature, and pressure, and concluding with a practical application. |
| Diversity | 3 | The questions cover a good range of aspects, including definition, significance, relationship with other factors, and practical implications, but could further explore theoretical underpinnings or limitations. |","| Metric   | Score | Justification                                                                                                              |
|----------|-------|----------------------------------------------------------------------------------------------------------------------------|
| Relevance  | 5     | All questions directly address key aspects of the statement, focusing on understanding Gibbs free energy and its application. |
| Coherence | 4     | The questions form a logical progression from defining Gibbs free energy to practical applications, missing a clear link between temperature, pressure, and spontaneity. |
| Diversity | 4     | The questions cover various aspects of the statement, such as definitions, applications, and examples, providing a good breadth of understanding for a beginner. |"
"Imagine you are a human, this is the first time you are coming across this Chemistry Statement, you have no previous knowledge of it ""Polymorphs are substances that exhibit more than one crystal form."", what are the top 5 questions that would pop up in your head which would be most useful in learning about it as you are new to it. Give me a simple bullet point list, don't explain them or expand them","Sure, here are five questions that might pop up in my head as a human encountering the concept of polymorphs for the first time:

* What does it mean for a substance to exhibit multiple crystal forms?
* How do the different crystal forms of a polymorph differ from each other?
* Are there any specific types of substances that are more likely to exhibit polymorphism?
* How does the formation of polymorphs relate to the chemical structure of the substance?
* Can polymorphs have different physical and chemical properties, such as melting points or solub","| Metric | Score | Justification |
|---|---|---|
| Relevance | 5 | All questions are directly related to the concept of polymorphs and seek to clarify various aspects of the definition provided. |
| Coherence | 4 | The questions generally follow a logical order, moving from basic clarification to more specific aspects of polymorphism, though some connections could be stronger. |
| Diversity | 4 | The questions cover a range of topics, including differences between crystal forms, factors influencing polymorphism, and potential property variations; however","| Metric | Score | Justification |
|---|---|---|
| Relevance | 5 | All questions directly relate to the concept of polymorphs and delve into various aspects of their crystal forms and properties. |
| Coherence | 4 | The questions follow a logical progression, starting with a basic inquiry about the meaning of polymorphism and gradually exploring the differences in crystal forms, common substances exhibiting polymorphism, and the relationship between polymorph formation and chemical structure. The final question on the potential differences in physical and chemical properties nicely rounds off the inquiry. |
| Diversity | 4 | The questions cover a wide range of topics, from the definition and types of polymorphs to their formation, structure-property relationships, and practical implications. They provide a well-rounded exploration of the concept, suitable for a beginner's understanding. |","| Metric   | Score | Justification                                                                                                                             |
|----------|-------|-------------------------------------------------------------------------------------------------------------------------------------------|
| Relevance | 5     | All questions directly address the concept of polymorphs and aspects relevant to understanding it.                                      |
| Coherence | 4     | The questions flow logically from defining polymorphs to exploring their differences, formation, and properties.                         |
| Diversity | 4     | The questions cover a range of aspects related to polymorphs, from definition to properties, but could include more applications or examples. |"
"Imagine you are a human, this is the first time you are coming across this Chemistry Statement, you have no previous knowledge of it ""The process of elution is used in chromatography to separate compounds based on their interaction with the stationary phase."", what are the top 5 questions that would pop up in your head which would be most useful in learning about it as you are new to it. Give me a simple bullet point list, don't explain them or expand them","Sure! Here are five questions that might be useful for a human who is encountering the concept of elution in chromatography for the first time:

* What is chromatography?
* What is a stationary phase?
* How do compounds interact with the stationary phase?
* What does it mean to separate compounds based on their interaction with the stationary phase?
* Can you give an example of how elution is used in real-world applications?","| Metric | Score | Justification |
|---|---|---|
| Relevance | 5 | All questions are directly relevant to the statement, aiming to clarify fundamental concepts and real-world applications. |
| Coherence | 4 | The questions follow a logical order, moving from basic definitions to more complex ideas like real-world applications. However, there is room for better thematic connections between questions. |
| Diversity | 5 | A wide range of aspects related to the statement are covered, including definitions, mechanisms, and applications. This provides a comprehensive introduction to the","| Metric | Score | Justification |
|---|---|---|
| Relevance | 5 | All questions are directly related to the statement, aiming to clarify key concepts and processes involved in elution chromatography. |
| Coherence | 4 | The questions follow a logical sequence, building upon each other to provide a comprehensive understanding of elution chromatography. |
| Diversity | 4 | The questions cover a range of aspects, including definitions, mechanisms, applications, and examples, offering a well-rounded exploration of the topic. |","| Metric   | Score | Justification                                                                                      |
|----------|-------|----------------------------------------------------------------------------------------------------|
| Relevance | 4     | The questions directly pertain to the concept of elution in chromatography                               |
| Coherence | 3     | The questions progress logically from understanding chromatography to elution and its applications  |
| Diversity | 4     | The questions cover different aspects of the statement, including definitions and real-world applications |"
"Imagine you are a human, this is the first time you are coming across this Chemistry Statement, you have no previous knowledge of it ""Zeolites are used as catalysts and molecular sieves because of their unique porous structures."", what are the top 5 questions that would pop up in your head which would be most useful in learning about it as you are new to it. Give me a simple bullet point list, don't explain them or expand them","Sure! Here are five questions that might pop up in my head as a human encountering the statement about zeolites for the first time:

* What are zeolites?
* Why are they useful as catalysts?
* How do they work as molecular sieves?
* What kind of reactions do zeolites catalyze?
* Are there any specific applications or industries where zeolites are commonly used?","| Metric | Score | Justification |
|---|---|---|
| Relevance | 5 | All questions are directly related to the statement and aim to clarify various aspects of zeolites, their uses, and applications. |
| Coherence | 4 | The questions follow a logical progression, moving from defining zeolites to exploring their functions and applications. However, they could be more explicitly connected to create a clearer line of inquiry. |
| Diversity | 5 | The questions cover multiple dimensions of zeolites, including their nature, function, and practical","| Metric | Score | Justification |
|---|---|---|
| Relevance | 4 | The questions directly target the key elements and concepts presented in the statement, exploring the nature, functionality, and applications of zeolites. |
| Coherence | 3 | The questions follow a logical progression, starting with a basic definition and gradually delving into the specific uses of zeolites. However, the connection between the final two questions could be strengthened. |
| Diversity | 4 | The questions cover a range of aspects related to zeolites, including their composition, applications, and potential reactions. They provide a balanced exploration of the statement's content. |","| Metric   | Score | Justification                                                                                                                             |
|----------|-------|-------------------------------------------------------------------------------------------------------------------------------------------|
| Relevance| 5     | All questions directly address elements of the statement about zeolites being used as catalysts and molecular sieves.                   |
| Coherence| 4     | The questions flow logically from defining zeolites to their applications as catalysts and sieves, though a clearer progression is needed. |
| Diversity| 5     | The questions cover various aspects from defining zeolites to their functions, specific reactions, and practical uses in different industries. |"
"Imagine you are a human, this is the first time you are coming across this Chemistry Statement, you have no previous knowledge of it ""The Nernst equation relates the cell potential of an electrochemical cell to the concentration of the reactants and products."", what are the top 5 questions that would pop up in your head which would be most useful in learning about it as you are new to it. Give me a simple bullet point list, don't explain them or expand them","Sure! Here are five questions that might be helpful for a human encountering the Nernst equation for the first time:

* What is an electrochemical cell?
* What is cell potential, and why is it important?
* How do the concentrations of reactants and products affect the cell potential?
* What is the purpose of the Nernst equation, and where is it used?
* Can you provide an example of how to use the Nernst equation to solve a problem?","| Metric | Score | Justification |
| --- | --- | --- |
| Relevance | 5 | All questions are directly related to the Nernst equation and its application, providing a comprehensive introduction to the topic. |
| Coherence | 4 | The questions follow a logical order, moving from basic concepts to more specific applications, although there is some overlap between questions. |
| Diversity | 5 | The questions cover various aspects of the Nernst equation, including its definition, relationship to other concepts, and practical usage, offering a well-rounded exploration of","| Metric | Score | Justification |
|---|---|---|
| Relevance | 5 | All questions directly relate to the specific elements and concepts presented in the statement and aim to clarify and expand upon its content. |
| Coherence | 4 | The questions follow a logical sequence, starting with basic understanding and progressing towards more specific aspects and applications. |
| Diversity | 4 | The questions cover a range of aspects, including definitions, importance, factors affecting cell potential, purpose and applications of the Nernst equation, and practical usage. |","| Metric    | Score | Justification                                                                                               |
|-----------|-------|-------------------------------------------------------------------------------------------------------------|
| Relevance | 4     | The questions directly pertain to the statement about the Nernst equation and focus on key concepts involved. |
| Coherence | 5     | The questions progress logically from defining electrochemical cells to understanding the Nernst equation's purpose and application. |
| Diversity | 4     | The questions cover a range of aspects related to the Nernst equation, including definition, significance, impact of concentrations, and practical application. |"
"Imagine you are a human, this is the first time you are coming across this Chemistry Statement, you have no previous knowledge of it ""The concept of redox potential is crucial in understanding the tendency of a chemical species to acquire electrons and thereby be reduced."", what are the top 5 questions that would pop up in your head which would be most useful in learning about it as you are new to it. Give me a simple bullet point list, don't explain them or expand them","Sure! Here are five questions that might be helpful for a human encountering the concept of redox potential for the first time:

* What does ""reduced"" mean in this context?
* How do chemical species acquire electrons?
* What is the difference between oxidation and reduction?
* How is redox potential measured?
* Can you give an example of a chemical reaction that involves a change in redox potential?","| Metric | Score | Justification |
|---|---|---|
| Relevance | 5 | All questions are directly relevant to the statement, exploring various aspects of redox potential and its role in chemical reactions. |
| Coherence | 4 | The questions follow a logical order, starting with basic terminology and gradually moving towards more complex topics like measurement and examples. However, there could be stronger connections made between some questions to create a more seamless flow. |
| Diversity | 5 | The questions cover multiple dimensions of redox potential, including its meaning, mechanisms, comparison","| Metric | Score | Justification |
|---|---|---|
| **Relevance** | 5 | All five questions are directly related to understanding the concept of redox potential, specifically addressing electron acquisition, the difference between oxidation and reduction, and its measurement. |
| **Coherence** | 4 | The questions naturally progress from defining ""reduced"" to clarifying electron acquisition and oxidation/reduction, then inquiring about measurement and a practical example. |
| **Diversity** | 3 | While the questions cover important aspects of the statement, they focus primarily on understanding the basic concepts and processes of redox potential. Additional questions could explore its applications or implications. |","| Metric    | Score | Justification                                                                                                  |
|-----------|-------|----------------------------------------------------------------------------------------------------------------|
| Relevance | 5     | All questions directly pertain to the statement about redox potential and address core concepts within it.  |
| Coherence | 4     | The questions flow logically from defining terms to measuring redox potential, slightly disjointed but coherent. |
| Diversity | 5     | The questions cover various aspects of redox potential, including definitions, processes, measurements, and examples. |"
"Imagine you are a human, this is the first time you are coming across this Chemistry Statement, you have no previous knowledge of it ""The Bragg equation relates the angles at which X-rays are diffracted by crystal lattices to the lattice spacings."", what are the top 5 questions that would pop up in your head which would be most useful in learning about it as you are new to it. Give me a simple bullet point list, don't explain them or expand them","Sure! Here are five questions that might be helpful for a human encountering the Bragg equation for the first time:

* What are X-rays and how do they interact with matter?
* What is a crystal lattice and how does it relate to the Bragg equation?
* What are the angles mentioned in the Bragg equation and how are they measured?
* How does the Bragg equation relate to the spacing of atoms within a crystal lattice?
* Are there any real-world applications of the Bragg equation in fields like materials science or medicine?","| Metric | Score | Justification |
|---|---|---|
| Relevance | 4 | The questions are mostly relevant to the Bragg equation, however, some questions such as the first one could be more specific to X-ray diffraction instead of general properties of X-rays. |
| Coherence | 5 | The questions follow a logical order, starting with basic concepts and gradually moving towards more complex ideas, creating a coherent line of inquiry. |
| Diversity | 4 | The questions cover various aspects of the Bragg equation, but there is room","| Metric | Score | Justification |
|---|---|---|
| Relevance | 5 | All questions are highly relevant to the concept and elements presented in the statement about the Bragg equation. They directly explore the definition of X-rays, crystal lattices, and the angles involved, as well as their relationship to atomic spacing. |
| Coherence | 5 | The questions form a logical sequence that guides a beginner's understanding of the Bragg equation. They start with the basics (what are X-rays and crystal lattices) and progressively delve into more specific aspects, including the relationship of angles to lattice spacings and the applications of the equation. |
| Diversity | 4 | The questions cover a range of aspects related to the Bragg equation, from the definition and principles to real-world applications. However, they could further expand on theoretical underpinnings or potential limitations of the equation for a more comprehensive exploration. |","| Metric   | Score | Justification                                                                                                               |
|----------|-------|-----------------------------------------------------------------------------------------------------------------------------|
| Relevance | 4     | The questions directly pertain to the details of the Bragg equation and its components, aligning with a beginner's needs.      |
| Coherence | 4     | The questions form a logical progression in exploring X-rays, crystal lattices, angles, atom spacing, and applications clearly. |
| Diversity | 4     | Each question introduces a unique aspect relevant to the Bragg equation, offering a broad understanding of the topic.        |"
"Imagine you are a human, this is the first time you are coming across this Chemistry Statement, you have no previous knowledge of it ""Enthalpy changes in chemical reactions can be measured using a calorimeter."", what are the top 5 questions that would pop up in your head which would be most useful in learning about it as you are new to it. Give me a simple bullet point list, don't explain them or expand them","Sure! Here are five questions that might be useful for a human who is encountering the concept of enthalpy changes in chemical reactions for the first time:

* What is enthalpy and how is it different from other thermodynamic properties?
* How does a calorimeter work and what are its limitations?
* Can you give an example of a chemical reaction where the enthalpy change was measured using a calorimeter?
* How does the enthalpy change relate to the thermodynamics of the reaction, such as the Gibbs free energy change?
* Are there any","| Metric | Score | Justification |
| --- | --- | --- |
| Coherence | 4 | The questions follow a logical order, starting with basic concepts like enthalpy and then moving towards more specific topics like calorimeters and examples. However, the last question seems slightly disconnected, asking about 'anything else'. It could be rephrased to maintain the flow. |
| Relevance | 5 | All questions are highly relevant to the initial statement, exploring various aspects of enthalpy changes in chemical reactions and the use of calorimeters. They","| Metric | Score | Justification |
|---|---|---|
| Relevance | 5 | All questions directly relate to the statement about enthalpy changes in chemical reactions and calorimetry. |
| Coherence | 4 | The questions logically progress from basic concepts (enthalpy and calorimetry) to more advanced topics (thermodynamics and reaction spontaneity). |
| Diversity | 3 | The questions cover a range of aspects related to enthalpy changes, but could explore additional applications or theoretical foundations. |","| Metric   | Score | Justification                                                                                                                             |
|----------|-------|-------------------------------------------------------------------------------------------------------------------------------------------|
| Relevance  | 5     | All questions directly pertain to enthalpy changes in chemical reactions and the use of a calorimeter to measure them.                 |
| Coherence | 4     | The questions form a logical progression from defining enthalpy to practical applications involving a calorimeter and reaction thermodynamics. |
| Diversity  | 5     | The questions cover a range of aspects from basic definitions to practical examples and theoretical connections to other thermodynamic properties. |"
"Imagine you are a human, this is the first time you are coming across this Chemistry Statement, you have no previous knowledge of it ""The principle of quantum confinement explains the size-dependent properties of nanoparticles."", what are the top 5 questions that would pop up in your head which would be most useful in learning about it as you are new to it. Give me a simple bullet point list, don't explain them or expand them","Sure, here are five questions that might be useful for learning about the principle of quantum confinement and its relationship to the size-dependent properties of nanoparticles:

* What is quantum confinement?
* How does quantum confinement affect the properties of nanoparticles?
* What are some examples of size-dependent properties of nanoparticles?
* How do the properties of nanoparticles change as their size increases or decreases?
* What are some potential applications of nanoparticles with size-dependent properties?","| Metric | Score | Justification |
| --- | --- | --- |
| Coherence | 4 | The questions follow a logical progression, starting with a basic definition and then moving on to more specific aspects such as effects, examples, changes, and applications. However, there is room for improvement in terms of providing a clearer link between quantum confinement and nanoparticle properties. |
| Relevance | 5 | All questions are highly relevant to the provided statement, focusing on the key concept of quantum confinement and its impact on nanoparticle properties. They effectively address various aspects","| Metric | Score | Justification |
|---|---|---|
| Relevance | 5 | The questions are directly related to the statement and explore different aspects of the principle of quantum confinement and its impact on the properties of nanoparticles. |
| Coherence | 5 | The questions follow a logical sequence, starting with a basic definition of quantum confinement and then exploring its effects on the properties of nanoparticles, specific examples, and potential applications. |
| Diversity | 5 | The questions cover a range of topics, including the definition of quantum confinement, its effects on nanoparticle properties, specific examples, and potential applications. |","| Metric   | Score | Justification                                                                                                                    |
|----------|-------|-----------------------------------------------------------------------------------------------------------------------------------|
| Relevance | 5     | All questions directly pertain to the statement and focus on clarifying and understanding the principle of quantum confinement.    |
| Coherence | 5     | The questions follow a logical progression from defining quantum confinement to exploring its effects on nanoparticles and applications. |
| Diversity | 4     | The questions cover a range of aspects related to the topic, such as definitions, examples, properties, and applications, but could include more theoretical or technical aspects for a broader exploration.   |"
"Imagine you are a human, this is the first time you are coming across this Chemistry Statement, you have no previous knowledge of it ""Conductive polymers exhibit electrical properties similar to metals and semiconductors."", what are the top 5 questions that would pop up in your head which would be most useful in learning about it as you are new to it. Give me a simple bullet point list, don't explain them or expand them","Sure, here are five questions that might pop up in my head as a human encountering the statement about conductive polymers for the first time:

* What are conductive polymers?
* How do they exhibit electrical properties similar to metals and semiconductors?
* What are some examples of conductive polymers?
* How are conductive polymers used in real-world applications?
* Can conductive polymers replace traditional metals and semiconductors in certain situations?","| Metric | Score | Justification |
|---|---|---|
| Relevance | 5 | All questions are directly relevant to the statement, exploring various aspects of conductive polymers and their relationship to metals and semiconductors. |
| Coherence | 4 | The questions generally follow a logical order, moving from basic definitions to more complex applications and comparisons. However, there is room for better thematic connections between questions. |
| Diversity | 5 | The questions cover a wide range of aspects related to the statement, including definitions, mechanisms, examples,","| Metric | Score | Justification |
|---|---|---|
| Relevance | 5 | All questions directly pertain to the statement, exploring the nature, properties, examples, applications, and potential of conductive polymers. |
| Coherence | 4 | The questions form a logical line of inquiry, progressing from basic definitions (question 1) to specific examples (question 3) and practical applications (question 4). Question 5 builds upon the previous ones by considering potential advantages and limitations. |
| Diversity | 4 | The questions cover a diverse range of aspects, including definitions, properties, examples, applications, and comparisons with traditional materials, offering a comprehensive exploration of the statement. |","| Metric   | Score | Justification                                                                                                   |
|----------|-------|-----------------------------------------------------------------------------------------------------------------|
| Relevance | 5     | All questions directly pertain to the details and elements presented in the statement about conductive polymers. |
| Coherence | 4     | The questions form a logical progression of understanding the topic, but the last question could be more smoothly integrated into the sequence.                            |
| Diversity | 5     | The questions cover a range of aspects related to conductive polymers including definition, properties, examples, applications, and comparison with traditional materials.                                                       |"
"Imagine you are a human, this is the first time you are coming across this Chemistry Statement, you have no previous knowledge of it ""Stereoisomers have the same molecular formula but differ in the spatial arrangement of atoms."", what are the top 5 questions that would pop up in your head which would be most useful in learning about it as you are new to it. Give me a simple bullet point list, don't explain them or expand them","Sure, here are five questions that might pop up in my head as a human encountering the concept of stereoisomers for the first time:

* What does ""spatial arrangement of atoms"" mean?
* How can molecules with the same molecular formula have different spatial arrangements?
* Are stereoisomers the same as isomers?
* How do stereoisomers differ from each other?
* Can stereoisomers have different physical and chemical properties?","| Metric | Score | Justification |
|---|---|---|
| Relevance | 4 | The questions are mostly relevant to the statement, except for the third question, which slightly deviates from the main theme. |
| Coherence | 5 | The questions follow a logical sequence, starting with basic terms and gradually moving towards more complex comparisons and implications. |
| Diversity | 3 | Although the questions cover various aspects, there is some overlap in exploring the definition and differences between stereoisomers and isomers. |","| Metric | Score | Justification |
|---|---|---|
| Coherence | 3 | The questions follow a logical progression from defining ""spatial arrangement of atoms"" to exploring differences between stereoisomers and other isomers, leading to a coherent line of inquiry. |
| Relevance | 4 | All questions are directly relevant to understanding the concept of stereoisomers and its implications, focusing on key aspects such as spatial arrangement, differences, and properties. |
| Diversity | 4 | The questions cover a range of aspects related to stereoisomers, including their definition, differentiation from isomers, and potential impact on physical and chemical properties. |","| Metric   | Score | Justification                                                                                        |
|----------|-------|------------------------------------------------------------------------------------------------------|
| Relevance| 5     | All questions directly pertain to the concept of stereoisomers and the statement about their nature.|
| Coherence| 4     | The questions form a cohesive line of inquiry, building upon each other to explore the concept.     |
| Diversity| 4     | The questions cover various aspects of stereoisomers, introducing key concepts and implications.     |"
"Imagine you are a human, this is the first time you are coming across this Chemistry Statement, you have no previous knowledge of it ""The Debye-Hückel theory explains how ionic strength affects the activity coefficients of electrolytes in solution."", what are the top 5 questions that would pop up in your head which would be most useful in learning about it as you are new to it. Give me a simple bullet point list, don't explain them or expand them","Sure! Here are five questions that might be helpful for someone encountering the Debye-Hückel theory for the first time:

* What is an electrolyte?
* What is an activity coefficient?
* What does ionic strength mean?
* How does the Debye-Hückel theory relate to the behavior of ions in solution?
* Are there any real-world applications of the Debye-Hückel theory?","| Metric | Score | Justification |
| --- | --- | --- |
| Relevance | 4 | The questions are mostly relevant to the statement, covering important terms like electrolyte, activity coefficient, and ionic strength. However, the last question about real-world applications may be only loosely related to the core concept of the Debye-Hückel theory. |
| Coherence | 5 | The questions follow a logical order, starting with basic terminology and gradually building towards more complex ideas such as the relationship between the Debye-Hückel theory and ion","| Metric | Score | Justification |
|---|---|---|
| Relevance | 4 | All questions are directly related to the statement and aim to clarify its concepts. |
| Coherence | 4 | The questions form a logical progression, starting with foundational concepts and gradually deepening the inquiry. |
| Diversity | 3 | While the questions cover different aspects of the statement, they could delve more into the implications, limitations, or applications of the theory to enhance diversity. |","| Metric   | Score | Justification                                                                                                         |
|----------|-------|-----------------------------------------------------------------------------------------------------------------------|
| Relevance | 5     | All questions directly pertain to elements mentioned in the statement, focusing on electrolytes, activity coefficients, ionic strength, and the Debye-Hückel theory.                                                                                                                          |
| Coherence | 4     | The questions form a logical progression from understanding basic terms like electrolyte to the theory's real-world applications, though the link between activity coefficients and ionic strength could be clearer.                                                                                                                              |
| Diversity | 4     | The questions cover a range of aspects related to the statement, such as definitions, theory-behavior relationships, and practical implications, offering a broad exploration of the topic.                                                                                                                                    |"
"Imagine you are a human, this is the first time you are coming across this Chemistry Statement, you have no previous knowledge of it ""Chemisorption involves the chemical bonding of adsorbate molecules to the surface of a material."", what are the top 5 questions that would pop up in your head which would be most useful in learning about it as you are new to it. Give me a simple bullet point list, don't explain them or expand them","Sure, here are five questions that might pop up in my head as a human encountering the concept of chemisorption for the first time:

* What is the difference between chemisorption and adsorption?
* How does the chemical bonding occur in chemisorption?
* What types of materials can exhibit chemisorption?
* Are there any specific conditions required for chemisorption to occur?
* What are some common applications of chemisorption in industry or technology?","| Metric | Score | Justification |
|---|---|---|
| Relevance | 4 | The questions are mostly relevant to the topic of chemisorption, although the first question could be more specific to the definition of chemisorption itself. |
| Coherence | 5 | The questions follow a logical order, starting with understanding the basics and moving towards more specific and applied aspects. |
| Diversity | 4 | The questions cover various dimensions such as definition, mechanism, materials involved, conditions, and applications, but all focus on the same high-level concept","| Metric | Score | Justification |
|---|---|---|
| Relevance | 5 | All five questions directly explore the statement's key concepts, including the distinction from adsorption, the chemical bonding mechanism, suitable materials, and practical applications. |
| Coherence | 4 | The questions follow a logical progression, building on each other to deepen the understanding of chemisorption. They begin with fundamental inquiries and gradually move towards specific aspects and applications. |
| Diversity | 4 | The questions cover a wide spectrum of aspects related to chemisorption, encompassing its definition, mechanism, materials, conditions, and applications. This diversity provides a comprehensive overview of the topic for a beginner. |","| Metric    | Score | Justification                                                                                           |
|-----------|-------|---------------------------------------------------------------------------------------------------------|
| Relevance | 5     | All questions directly pertain to the concept of chemisorption and aim to clarify different aspects of it. |
| Coherence | 4     | The questions form a logical progression in understanding chemisorption but could be slightly more cohesive. |
| Diversity | 5     | The questions cover a range of aspects such as definitions, mechanisms, materials, conditions, and applications. |"
"Imagine you are a human, this is the first time you are coming across this Chemistry Statement, you have no previous knowledge of it ""The use of sacrificial anodes protects metals from corrosion through galvanic action."", what are the top 5 questions that would pop up in your head which would be most useful in learning about it as you are new to it. Give me a simple bullet point list, don't explain them or expand them","Sure, here are five questions that might be useful for a human who is encountering the concept of sacrificial anodes for the first time:

* What are sacrificial anodes and how do they work?
* How does galvanic action cause corrosion?
* What types of metals can be protected by sacrificial anodes?
* Are there any limitations or potential drawbacks to using sacrificial anodes?
* Can you provide examples of real-world applications where sacrificial anodes are used to protect metals from corrosion?","| Metric | Score | Justification |
|---|---|---|
| Coherence | 4 | The questions follow a logical order, starting with understanding the basics and moving towards more specific concerns like limitations and applications. However, they could be slightly more interconnected to ensure a smooth transition between them. |
| Relevance | 5 | All questions relate directly to the provided statement, exploring various aspects such as function, mechanism, materials involved, constraints, and practical uses. They effectively cover all essential dimensions of the topic. |
| Diversity | 5 | The questions address multiple fac","| Metric | Score | Justification |
|---|---|---|
| Relevance | 5 | All questions are directly related to the statement and aim to clarify its elements and implications. |
| Coherence | 4 | The questions form a logical sequence, starting with the basics and gradually moving towards more specific aspects. |
| Diversity | 4 | The questions cover a range of aspects, including the definition, mechanism, applications, limitations, and real-world examples of sacrificial anodes. |","| Metric    | Score | Justification                                                                                     |
|-----------|-------|---------------------------------------------------------------------------------------------------|
| Relevance | 5     | All questions directly pertain to the concept of sacrificial anodes and their role in preventing corrosion.                                    |
| Coherence | 4     | The questions progress logically from defining sacrificial anodes to discussing their function, limitations, and real-world applications.       |
| Diversity | 5     | The questions cover a range of aspects, including definitions, mechanisms, types of metals protected, drawbacks, and practical examples.      |"
"Imagine you are a human, this is the first time you are coming across this Chemistry Statement, you have no previous knowledge of it ""The phase rule, F=C-P+2, relates the degrees of freedom (F), components (C), and phases (P) in a system."", what are the top 5 questions that would pop up in your head which would be most useful in learning about it as you are new to it. Give me a simple bullet point list, don't explain them or expand them","Sure! Here are five questions that might be helpful for a human encountering the phase rule for the first time:

* What does ""degrees of freedom"" mean in this context?
* How do we define ""components"" in a system?
* What is a ""phase"" in this context, and how does it relate to the other two variables?
* Is there a way to visualize or diagram the relationship between F, C, and P?
* Are there any real-world examples or applications of the phase rule that I can use to better understand it?","| Metric | Score | Justification |
|---|---|---|
| Relevance | 5 | All questions are directly relevant to the provided statement, exploring various aspects of the phase rule. |
| Coherence | 4 | The questions follow a logical order, moving from defining key terms to seeking real-world examples, though they could be more explicitly connected. |
| Diversity | 5 | The questions cover a wide range of aspects related to the phase rule, providing a comprehensive introduction to the concept. |","| Metric | Score | Justification |
|---|---|---|
| Coherence | 4 | The questions follow a logical progression, starting with basic definitions and gradually building towards more complex concepts. Each question builds upon the previous one, creating a coherent line of inquiry for someone new to the topic. |
| Relevance | 5 | All five questions are highly relevant to the phase rule statement, directly addressing its key elements and concepts. They focus on clarifying the meaning of terms, exploring their relationships, and seeking practical applications. |
| Diversity | 3 | The questions cover a range of aspects related to the phase rule, including definitions (question 1, question 2), relationships between variables (question 3), visualization/diagramming (question 4), and real-world applications (question 5). While the questions provide diverse perspectives, they primarily focus on understanding the basic concepts rather than delving into advanced applications or theoretical underpinnings. |","| Metric    | Score | Justification                                                                                       |
|-----------|-------|------------------------------------------------------------------------------------------------------|
| Relevance | 4     | The questions directly pertain to the elements and concepts of the phase rule explained in the statement.|
| Coherence | 3     | The questions progress logically in exploring different aspects of the phase rule, but could be more interconnected.|
| Diversity | 4     | The questions cover various dimensions of understanding the phase rule, from definitions to applications.   |"
"Imagine you are a human, this is the first time you are coming across this Chemistry Statement, you have no previous knowledge of it ""Fenton's reagent is used for the oxidation of organic compounds in wastewater treatment."", what are the top 5 questions that would pop up in your head which would be most useful in learning about it as you are new to it. Give me a simple bullet point list, don't explain them or expand them","Sure, here are five questions that might be useful for someone who is new to Fenton's reagent and its use in wastewater treatment:

* What is Fenton's reagent and how does it work?
* What types of organic compounds can Fenton's reagent oxidize?
* How does Fenton's reagent compare to other methods of wastewater treatment?
* What are some common applications of Fenton's reagent in wastewater treatment?
* Are there any safety concerns or regulations to consider when using Fenton","| Metric | Score | Justification |
|---|---|---|
| Coherence | 4 | The questions follow a logical order, starting with understanding the basics of Fenton's reagent and then moving onto more specific applications and safety concerns. However, the last question could potentially be split into two separate questions for even better coherence. |
| Relevance | 5 | All questions are highly relevant to the original statement, focusing on understanding Fenton's reagent and its application in wastewater treatment. |
| Diversity | 5 | The questions cover","| Metric | Score | Justification |
|---|---|---|
| Relevance | 5 | All five questions directly relate to the statement and aim to clarify the key aspects of Fenton's reagent in wastewater treatment, including its composition, mechanism, applications, and potential implications. |
| Coherence | 4 | The questions are presented in a logical sequence, starting with an introduction to Fenton's reagent and gradually delving into its applications and implications. The progression of questions facilitates a structured understanding of the topic. |
| Diversity | 3 | The questions cover various aspects of Fenton's reagent, including its composition, mechanism of action, comparative advantages, common applications, and safety considerations. While each question brings a new perspective to understanding, additional questions could further enhance the range of exploration. |","| Metric   | Score | Justification                                                                                       |
|----------|-------|-----------------------------------------------------------------------------------------------------|
| Relevance | 5     | All questions directly pertain to the statement about Fenton's reagent and its use in wastewater treatment. |
| Coherence | 4     | The questions follow a logical progression, starting with an introduction to Fenton's reagent and leading to its applications and safety. One question could be more specific for clarity. |
| Diversity | 5     | The questions cover various aspects of Fenton's reagent, including its mechanism, application, comparison to other methods, and safety considerations.  |"
"Imagine you are a human, this is the first time you are coming across this Chemistry Statement, you have no previous knowledge of it ""Liquid crystals found in displays change orientation in response to electric fields, affecting their optical properties."", what are the top 5 questions that would pop up in your head which would be most useful in learning about it as you are new to it. Give me a simple bullet point list, don't explain them or expand them","Sure! Here are five questions that might be useful for learning about liquid crystals and their behavior in displays:

* What are liquid crystals?
* How do electric fields affect the orientation of liquid crystals?
* What are the optical properties of liquid crystals that can be affected by electric fields?
* How are liquid crystals used in displays, and what role do they play in creating images?
* Can liquid crystals be controlled to display different colors or patterns, and if so, how is this achieved?","| Metric | Score | Justification |
| --- | --- | --- |
| Relevance | 5 | All questions are directly related to the provided statement, exploring various aspects such as the nature of liquid crystals, their interaction with electric fields, and their application in displays. |
| Coherence | 4 | The questions follow a logical progression, moving from basic concepts like the definition of liquid crystals to more specific aspects of their behavior in displays. However, some questions could be reordered to create a clearer path of inquiry. |
| Diversity | 5","| Metric  | Score  | Justification  |
|:---|:---|:---| 
| Relevance  | 5  | All questions align directly with the statement, seeking to understand the nature, behavior, and applications of liquid crystals in displays.  |
| Coherence  | 4  | The questions follow a logical progression, starting with the basics (definition of liquid crystals) and gradually exploring their behavior, optical properties, applications, and potential for color/pattern control.  | 
| Diversity  | 4  | The questions cover a range of aspects, including the fundamental properties of liquid crystals, their interactions with electric fields, the resulting optical effects, and their practical applications in displays.  |","| Metric   | Score | Justification                                                                                                                           |
|----------|-------|-------------------------------------------------------------------------------------------------------------------------------------------|
| Relevance | 5     | All questions directly address the details and concepts presented in the statement about liquid crystals and their behavior in displays.  |
| Coherence | 4     | The questions form a logical progression from defining liquid crystals to their application in displays, but the flow could be slightly improved.  |
| Diversity | 5     | Each question explores a different aspect of liquid crystals and their interaction with electric fields, providing a broad understanding.     |"
"Imagine you are a human, this is the first time you are coming across this Chemistry Statement, you have no previous knowledge of it ""The Geiger counter detects ionizing radiation by measuring the ionization of a gas within a Geiger-Müller tube."", what are the top 5 questions that would pop up in your head which would be most useful in learning about it as you are new to it. Give me a simple bullet point list, don't explain them or expand them","Sure, here are five questions that might be useful for a human encountering the statement about the Geiger counter for the first time:

* What is ionizing radiation?
* What is a Geiger-Müller tube?
* How does the Geiger counter measure the ionization of the gas inside the tube?
* What is the purpose of the Geiger counter detecting ionizing radiation?
* Are there any safety concerns or precautions associated with using a Geiger counter?","| Metric | Score | Justification |
|---|---|---|
| Relevance | 4 | The questions are mostly relevant to the statement, except for the last question which seems to stray slightly off-topic. |
| Coherence | 5 | The questions follow a logical order, starting with more basic concepts and gradually moving towards more specific aspects of the Geiger counter. |
| Diversity | 4 | The questions cover various dimensions of the topic, but could benefit from exploring some additional perspectives such as the types of ionizing radiation detected or the applications of Geiger coun","| Metric | Score | Justification |
|---|---|---|
| Relevance | 5 | All questions are directly related to the elements and concepts introduced in the statement, effectively exploring the key aspects of the Geiger counter's function and purpose. |
| Coherence | 4 | The questions logically connect to each other, gradually expanding the inquiry from the nature of ionizing radiation to the mechanism and purpose of the Geiger counter. It forms a structured line of inquiry that facilitates a beginner's understanding. |
| Diversity | 4 | The questions cover a diverse range of aspects, including definitions (ionizing radiation, Geiger-Müller tube), mechanism (measuring ionization), purpose (detecting ionizing radiation), and safety concerns. They collectively offer a broad exploration of the topic. |","| Metric   | Score | Justification |
|----------|-------|---------------|
| Relevance | 5     | The questions directly address key elements introduced in the statement about the Geiger counter. |
| Coherence | 4     | The questions flow logically, building upon each other to deepen understanding of the topic. |
| Diversity | 4     | The questions cover various aspects such as radiation, Geiger-Müller tube, measurement, purpose, and safety. |"
"Imagine you are a human, this is the first time you are coming across this Chemistry Statement, you have no previous knowledge of it ""Eutrophication in water bodies is caused by the overabundance of nutrients, leading to excessive growth of algae."", what are the top 5 questions that would pop up in your head which would be most useful in learning about it as you are new to it. Give me a simple bullet point list, don't explain them or expand them","Sure, here are five questions that might pop up in a human's head when encountering the statement about eutrophication for the first time:

* What are nutrients and how do they contribute to eutrophication?
* What is the process of eutrophication and how does it affect water bodies?
* What are the harmful effects of eutrophication on aquatic ecosystems and human health?
* How can eutrophication be prevented or controlled in water bodies?
* Are there any specific types of nutrients that","| Metric | Score | Justification |
| --- | --- | --- |
| Coherence | 4 | The questions follow a logical progression, moving from defining key terms to exploring causes, effects, and potential solutions related to eutrophication. |
| Relevance | 5 | All questions are highly relevant to the provided statement, addressing various aspects of eutrophication and its impact on water bodies. |
| Diversity | 4 | The questions cover a wide range of topics related to eutrophication, though some may overlap slightly in scope.","|Metric|	Score|	Justification|
|-----|-----|-----|
|Relevance|	5|	All questions directly pertain to the statement's key elements, exploring its causes, process, impact, and potential solutions.|
|Coherence|	4|	Questions follow a logical progression, starting with nutrient contributions, then expanding to the process, effects, and finally prevention and control of eutrophication.|
|Diversity|	4|	Questions cover a range of aspects, including nutrient types (though not explicitly asked), the eutrophication process, its harmful effects, and approaches to address it.|","| Metric   | Score | Justification                                                                                      |
|----------|-------|----------------------------------------------------------------------------------------------------|
| Relevance | 5     | All questions directly pertain to the details and concepts presented in the statement.              |
| Coherence | 4     | The questions form a coherent line of inquiry about eutrophication and its effects on water bodies. |
| Diversity | 4     | The questions cover different aspects of eutrophication, from causes to effects to prevention.       |"
"Imagine you are a human, this is the first time you are coming across this Chemistry Statement, you have no previous knowledge of it ""The concept of isoelectric point refers to the pH at which a molecule carries no net electric charge."", what are the top 5 questions that would pop up in your head which would be most useful in learning about it as you are new to it. Give me a simple bullet point list, don't explain them or expand them","Sure! Here are five questions that might be helpful in learning about the concept of isoelectric point:

* What does it mean for a molecule to carry no net electric charge?
* How does the pH of a solution affect the charge on a molecule?
* What is the relationship between the isoelectric point and the structure of a molecule?
* How do different molecules have different isoelectric points?
* What are some examples of molecules with different isoelectric points, and how do they behave in different pH environments?","| Metric | Score | Justification |
|---|---|---|
| Coherence | 4 | The questions follow a logical progression, starting with basic concepts like net electric charge and moving towards more complex ideas such as the relationship between isoelectric point and molecular structure. However, the last question seems slightly disconnected from the rest, as it asks for examples instead of exploring the concept further. |
| Relevance | 5 | All questions are highly relevant to the concept of isoelectric point, focusing on its definition, causes, and implications. They avoid tangential topics and maintain","| Metric | Score | Justification |
|---|---|---|
| Relevance | 5 | The questions are directly related to the statement and aim to clarify and explore the details of the concept of isoelectric point. |
| Coherence | 4 | The questions are logically connected and form a coherent line of inquiry that would progressively enhance understanding of the statement. |
| Diversity | 4 | The questions cover various aspects of the statement, including definitions, relationships, examples, and applications, offering a diverse exploration of the topic. |","| Metric   | Score | Justification                                                                                                                     |
|----------|-------|-----------------------------------------------------------------------------------------------------------------------------------|
| Relevance | 5     | All questions directly relate to the concept of isoelectric point and its implications on molecules and pH.                     |
| Coherence | 4     | The questions progress logically from defining the concept to exploring its impact on different molecules and pH environments.   |
| Diversity | 4     | The questions cover a range of aspects including definition, relationship with pH, structural influence, examples, and behavior. |"
"Imagine you are a human, this is the first time you are coming across this Chemistry Statement, you have no previous knowledge of it ""Adsorption is a process where molecules from a gas or liquid adhere to the surface of a solid."", what are the top 5 questions that would pop up in your head which would be most useful in learning about it as you are new to it. Give me a simple bullet point list, don't explain them or expand them","Sure, here are five questions that might pop up in my head as a human encountering the concept of adsorption for the first time:

* What does ""adsorption"" mean, and how is it different from ""absorption""?
* How do molecules adhere to the surface of a solid? Is it through chemical bonding or some other mechanism?
* What types of solids are capable of adsorbing molecules? Are there any specific properties that make certain solids more effective at adsorption than others?
* Can adsorption occur in both natural","| Metric | Score | Justification |
| --- | --- | --- |
| Relevance | 5 | All questions are directly related to the definition and mechanisms of adsorption, asking for clarification on key terms and exploring the conditions and materials involved in the process. |
| Coherence | 4 | The questions follow a logical progression, moving from defining adsorption to exploring its mechanisms and the factors that influence it. However, the last question about real-world applications could potentially be integrated more seamlessly into the sequence. |
| Diversity | 5 | The","| Metric | Score | Justification |
|---|---|---|
| Relevance | 3 | The questions are directly related to the statement, exploring the meaning of adsorption, its mechanism, and the factors influencing it. However, one question goes beyond the scope of the statement and introduces natural environments, which is not directly relevant. |
| Coherence | 4 | The questions logically connect to one another, starting with the basic concept and progressing to more specific aspects. The sequence of questions facilitates a structured exploration of the statement. |
| Diversity | 3 | The questions cover a range of aspects related to adsorption, including its definition, mechanism, and the properties of solids involved. However, they could delve deeper into applications or implications to provide a more comprehensive exploration. |","| Metric   | Score | Justification                                                                                                        |
|----------|-------|----------------------------------------------------------------------------------------------------------------------|
| Relevance | 4     | The questions directly address the key components of the statement, focusing on clarifying the concept of adsorption. |
| Coherence | 4     | The questions form a logical progression of inquiry, starting with defining the term and exploring its mechanisms and properties. |
| Diversity | 3     | While the questions cover different aspects of adsorption, they could benefit from including more varied perspectives or applications. |"
"Imagine you are a human, this is the first time you are coming across this Chemistry Statement, you have no previous knowledge of it ""The synthesis of aspirin from salicylic acid involves an esterification reaction."", what are the top 5 questions that would pop up in your head which would be most useful in learning about it as you are new to it. Give me a simple bullet point list, don't explain them or expand them","Sure, here are five questions that might be useful for a human who is encountering the chemistry statement about aspirin synthesis for the first time:

* What is salicylic acid?
* What is esterification?
* What is aspirin, and how is it related to salicylic acid?
* What is the purpose of the esterification reaction in aspirin synthesis?
* How does the esterification reaction occur, and what are the necessary conditions for it to take place?","| Metric | Score | Justification |
| --- | --- | --- |
| Relevance | 5 | All questions are directly relevant to the statement, aiming to clarify key terms and processes involved in aspirin synthesis. |
| Coherence | 4 | The questions follow a logical order, moving from basic definitions to more complex processes, though some connections could be stronger. |
| Diversity | 4 | The questions cover various aspects of the statement, but there may be room for further exploration of the practical applications or implications of aspirin synthesis. |","| Metric | Score | Justification |
|---|---|---|
| Relevance | 4 | The questions directly address key concepts in the statement, seeking to clarify the nature of salicylic acid, esterification, and aspirin's relationship to it, as well as the purpose and conditions of the esterification reaction. |
| Coherence | 3 | The questions follow a logical progression, starting with basic concepts (salicylic acid, esterification) and then exploring their connection to aspirin synthesis and the specific reaction involved. While the order could be slightly improved for smoother flow, the questions generally build upon each other. |
| Diversity | 4 | The questions cover a range of aspects, including the definition of terms, the reaction process, and the role of esterification in aspirin synthesis. They provide a well-rounded exploration of the statement, covering both theoretical and practical elements. |","| Metric   | Score | Justification                                                                                                                                                            |  
|----------|-------|--------------------------------------------------------------------------------------------------------------------------------------------------------------------------|  
| Relevance | 5     | All questions directly pertain to the details presented in the statement about the synthesis of aspirin from salicylic acid through esterification.                    |  
| Coherence | 4     | The questions progress logically from defining salicylic acid and esterification to understanding the relationship with aspirin and the purpose of the reaction.         |  
| Diversity | 5     | Each question brings a new dimension to understanding the process, covering definitions, applications, and conditions for the reaction to occur.                        |"
"Imagine you are a human, this is the first time you are coming across this Chemistry Statement, you have no previous knowledge of it ""Capillary action allows water to climb up narrow tubes against the force of gravity."", what are the top 5 questions that would pop up in your head which would be most useful in learning about it as you are new to it. Give me a simple bullet point list, don't explain them or expand them","Sure! Here are five questions that might be useful for a human who is encountering the concept of capillary action for the first time:

* How does water manage to climb up narrow tubes against gravity?
* What kind of forces are involved in capillary action?
* Is there a limit to how high water can climb using capillary action?
* Can other liquids exhibit capillary action too, or is it unique to water?
* Are there any practical applications of capillary action in everyday life or industry?","| Metric | Score | Justification |
|---|---|---|
| Coherence | 4 | The questions follow a logical order, starting with the basic mechanism behind capillary action and gradually moving towards more specific aspects like the types of forces involved, limits, applicability to other liquids, and real-world uses. |
| Relevance | 5 | All questions are highly relevant to the provided statement, focusing on understanding the core concept and its various facets. |
| Diversity | 5 | The questions cover a wide range of aspects related to capillary action,","| Metric | Score | Justification |
|---|---|---|
| Relevance | 4 | The questions directly explore the core elements of the statement, focusing on how water climbs against gravity, the forces involved, and potential limitations, remaining within the immediate context of the statement. |
| Coherence | 5 | The sequence of questions is logical and flows smoothly, each question building upon the previous one to progressively deepen the understanding of capillary action. |
| Diversity | 4 | The questions cover a wide range of aspects related to capillary action, including its mechanism, limitations, applicability to other liquids, and practical uses, providing a comprehensive exploration of the topic. |","| Metric    | Score | Justification                                                                                         |
|-----------|-------|-------------------------------------------------------------------------------------------------------|
| Relevance | 5     | All questions directly address the concept of capillary action and its implications.                  |
| Coherence | 4     | The questions form a logical progression, except for the last one which could be better positioned.   |
| Diversity | 5     | The questions cover various aspects of capillary action, including forces involved, limitations, and applications. |"
"Imagine you are a human, this is the first time you are coming across this Chemistry Statement, you have no previous knowledge of it ""The van't Hoff factor describes the effect of solutes on the colligative properties of solutions."", what are the top 5 questions that would pop up in your head which would be most useful in learning about it as you are new to it. Give me a simple bullet point list, don't explain them or expand them","Sure! Here are five questions that might be helpful for a human encountering the concept of the van't Hoff factor for the first time:

* What are colligative properties, and how do they differ from other properties of solutions?
* What is the van't Hoff factor, and how is it calculated?
* How does the van't Hoff factor relate to the concentration of solutes in a solution?
* Are there any limitations or assumptions involved in using the van't Hoff factor?
* Can you provide examples or applications of the van't Hoff factor in real-world situations?","| Metric | Score | Justification |
| --- | --- | --- |
| Relevance | 4 | The questions are mostly relevant to the statement, except for the second question, which slightly deviates from the main theme by asking about calculation. However, it can still contribute to understanding the concept better. |
| Coherence | 5 | The questions follow a logical order, starting with foundational concepts and gradually moving towards more specific aspects of the van't Hoff factor. They build upon each other well, creating a coherent line of inquiry. |
| Diversity","| Metric | Score | Justification |
|---|---|---|
| Relevance | 5 | All five questions are directly related to understanding the van't Hoff factor and its connection to solution properties and solute concentration. |
| Coherence | 4 | The questions logically build upon each other, beginning with the fundamental concept of colligative properties and gradually moving towards the van't Hoff factor and its applications. However, the connection between question 4 and question 5 could be smoother. |
| Diversity | 3 | The questions cover various aspects of the van't Hoff factor, from its definition and calculation to its relation to solute concentration and real-world applications. While the range of topics is good, question 3 and question 4 address similar aspects of the factor. |","| Metric    | Score | Justification                                                                                      |
|-----------|-------|-----------------------------------------------------------------------------------------------------|
| Relevance | 5     | All questions directly address key aspects of the statement, focusing on colligative properties and the van't Hoff factor. |
| Coherence | 4     | Questions progress logically from defining colligative properties to exploring applications of the van't Hoff factor.          |
| Diversity | 5     | The questions cover definitions, calculations, relationships, limitations, and real-world examples, offering a broad understanding.        |"
"Imagine you are a human, this is the first time you are coming across this Chemistry Statement, you have no previous knowledge of it ""Catalytic cracking breaks down larger hydrocarbon molecules into smaller ones using a catalyst."", what are the top 5 questions that would pop up in your head which would be most useful in learning about it as you are new to it. Give me a simple bullet point list, don't explain them or expand them","Sure! Here are five questions that might be useful for a human who is encountering the concept of catalytic cracking for the first time:

* What is a catalyst, and how does it work?
* What kind of hydrocarbon molecules can be broken down by catalytic cracking?
* What are the products of catalytic cracking, and how are they used?
* How does the process of catalytic cracking differ from other methods of breaking down hydrocarbons?
* What are some common applications of catalytic cracking in industry and everyday","| Metric | Score | Justification |
|---|---|---|
| Relevance | 4 | The questions are mostly relevant to the statement, but some could be more specific to catalytic cracking. For example, asking about the difference between catalytic cracking and other methods of breaking down hydrocarbons. |
| Coherence | 5 | The questions follow a logical order, starting with the basics of catalysts and gradually moving towards more specific aspects of catalytic cracking. |
| Diversity | 4 | The questions cover various aspects of catal","| Metric | Score | Justification |
|---|---|---|
| Coherence | 3 | The questions logically connect to one another, forming a coherent line of inquiry that would logically progress a beginner's understanding of catalytic cracking. However, the progression could be smoother, with a clearer connection between the questions. |
| Relevance | 4 | The questions directly pertain to the specific details, elements, or concepts presented in the statement, focusing on the immediate context. However, some of them could be more specific to catalytic cracking. |
| Diversity | 5 | The questions collectively offer a broad exploration of the topic, covering definitions, implications, applications, or theoretical underpinnings. Each question brings a new dimension or perspective to understanding the statement. |","| Metric    | Score | Justification                                                                                                               |
|-----------|-------|-----------------------------------------------------------------------------------------------------------------------------|
| Relevance | 5     | All questions directly pertain to the details and concepts of catalytic cracking presented in the statement.               |
| Coherence | 4     | The questions form a logical progression in understanding catalytic cracking, with each building upon the previous one.     |
| Diversity | 5     | Each question explores different aspects of catalytic cracking, covering catalysts, products, applications, and differences. |"
"Imagine you are a human, this is the first time you are coming across this Chemistry Statement, you have no previous knowledge of it ""The protective ozone layer is primarily located in the stratosphere, absorbing the majority of the sun's harmful ultraviolet radiation."", what are the top 5 questions that would pop up in your head which would be most useful in learning about it as you are new to it. Give me a simple bullet point list, don't explain them or expand them","Sure, here are five questions that might pop up in a human's head when encountering the statement about the protective ozone layer for the first time:

* What is the stratosphere?
* What is the ozone layer made of and how does it absorb UV radiation?
* Why is UV radiation harmful to living organisms?
* How does the ozone layer protect us from UV radiation?
* Is the ozone layer depleting and if so, why is that happening?","| Metric | Score | Justification |
|---|---|---|
| Relevance | 4 | The questions are mostly relevant to the statement, except for the last question which slightly deviates into discussing ozone depletion, which is not explicitly mentioned in the original statement. |
| Coherence | 5 | The questions follow a logical order, starting with general concepts and gradually moving towards more specific aspects of the ozone layer and its role in protecting against UV radiation. |
| Diversity | 4 | The questions cover various dimensions of the topic, such as the location, composition","| Metric | Score | Justification |
|---|---|---|
| Relevance | 5 | All five questions directly relate to the elements and concepts presented in the statement. They aim to clarify and expand upon the statement's key points, focusing on the immediate context. |
| Coherence | 4 | The questions form a logical line of inquiry that progresses a beginner's understanding of the topic. Each question builds upon the previous one, leading to a structured exploration of the statement. |
| Diversity | 4 | The questions cover a range of aspects related to the statement, including the definition of the stratosphere (context), the composition and mechanism of the ozone layer (core concept), the effects of UV radiation (implications), the protective role of the ozone layer (application), and the issue of ozone depletion (current event). |","Relevance     | 5     | The questions directly address the content of the statement and aim to clarify key concepts related to the ozone layer and UV radiation.
Coherence     | 4     | The questions form a logical progression in understanding the topic, starting with basic definitions and moving towards the protective function of the ozone layer.
Diversity     | 4     | The questions cover various aspects such as the composition of the ozone layer, its protective role, the impact of UV radiation, and the issue of ozone depletion. 

Thank you for the format."
"Imagine you are a human, this is the first time you are coming across this Chemistry Statement, you have no previous knowledge of it ""The separation of isotopes by laser excitation is based on differences in their atomic mass."", what are the top 5 questions that would pop up in your head which would be most useful in learning about it as you are new to it. Give me a simple bullet point list, don't explain them or expand them","Sure, here are five questions that might be useful for a human who is encountering the statement about separating isotopes by laser excitation for the first time:

* What are isotopes and why do they have different atomic masses?
* How does laser excitation work in separating isotopes?
* What kind of lasers are used for this purpose?
* How efficient is this method compared to other methods of separating isotopes?
* Are there any safety concerns or limitations when using laser excitation to separate isotopes?","| Metric | Score | Justification |
|---|---|---|
| Relevance | 4 | The questions are mostly relevant to the topic, although some may stray slightly into tangential areas like safety concerns. However, these questions could still be helpful in building a comprehensive understanding of the topic. |
| Coherence | 5 | The questions follow a logical progression, starting with basic concepts and gradually moving towards more specific aspects of the topic. They build on each other well and create a clear path for exploration. |
| Diversity | 4 | The questions cover various dimensions of","| Metric | Score | Justification |
|---|---|---|
| Relevance | 4 | The questions are all directly related to the statement and effectively seek to clarify the key elements of the isotope separation technique, such as the nature of isotopes, the role of laser excitation, the types of lasers involved, and practical considerations. |
| Coherence | 3 | The questions follow a logical progression, starting with the fundamentals of isotopes and gradually moving towards more specific aspects of the separation process. However, the coherence could be improved by explicitly connecting the questions and highlighting their interrelationships. |
| Diversity | 4 | The questions cover a range of aspects, from theoretical concepts to practical considerations, providing a comprehensive exploration of the topic. They include questions about the nature of isotopes, the mechanism of laser excitation, the choice of lasers, the efficiency of the method, and potential limitations. |","| Metric   | Score | Justification                                                                                             |
|----------|-------|-----------------------------------------------------------------------------------------------------------|
| Relevance | 5     | All questions directly pertain to the statement about separating isotopes by laser excitation.           |
| Coherence | 4     | The questions flow logically from defining isotopes to safety concerns, but could be more sequentially organized. |
| Diversity | 4     | The questions cover a range of aspects from definitions to practical applications, offering a diverse exploration. |"
"Imagine you are a human, this is the first time you are coming across this Chemistry Statement, you have no previous knowledge of it ""Thermochromic materials change color with temperature due to changes in their molecular structure."", what are the top 5 questions that would pop up in your head which would be most useful in learning about it as you are new to it. Give me a simple bullet point list, don't explain them or expand them","Sure, here are five questions that might pop up in my head as a human encountering the concept of thermochromic materials for the first time:

* How do the molecules change structure when the temperature changes?
* What kind of temperatures can trigger a color change in these materials?
* Are there any specific types of molecules that are commonly used in thermochromic materials?
* Can the color change be reversible, or does it remain permanent once it happens?
* Are there any practical applications of thermochromic materials in everyday life or industry?","| Metric | Score | Justification |
|---|---|---|
| Relevance | 4 | The questions are mostly relevant to the topic, though some could be more directly linked to the original statement. For example, the fourth question about reversibility could also mention temperature ranges to better tie it back to the initial statement. |
| Coherence | 5 | The questions follow a logical order, starting with the basic mechanism behind thermochromism and gradually moving towards more specific aspects like molecular structures and applications. This creates a clear path for exploration. |
| Diversity | 4 |","| Metric | Score | Justification |
|---|---|---|
| Relevance | 4 | The questions directly relate to the key concepts presented in the statement, such as molecular structure changes, temperature triggers, types of molecules, and practical applications. |
| Coherence | 4 | The questions form a logical sequence, transitioning from the basic mechanism of molecular structure changes to practical considerations and potential applications. |
| Diversity | 4 | The questions cover a range of aspects, including scientific underpinnings, material properties, and real-world implications, providing a broad understanding of the concept. |","| Metric   | Score | Justification                                                                                  |
|----------|-------|-----------------------------------------------------------------------------------------------|
| Relevance | 5     | All questions directly pertain to the details and concepts introduced in the statement.      |
| Coherence | 4     | The questions form a coherent line of inquiry, logically progressing from molecules to applications. |
| Diversity | 4     | The questions cover a range of aspects related to thermochromic materials, offering a broad exploration. |"
"Imagine you are a human, this is the first time you are coming across this Chemistry Statement, you have no previous knowledge of it ""The triple point of a substance is the temperature and pressure at which it can exist in equilibrium in the solid, liquid, and gas phases."", what are the top 5 questions that would pop up in your head which would be most useful in learning about it as you are new to it. Give me a simple bullet point list, don't explain them or expand them","Sure! Here are five questions that might be helpful in learning about the triple point of a substance:

* What does ""equilibrium"" mean in this context?
* How does the triple point relate to the phase diagram of a substance?
* What factors affect the triple point of a substance?
* Can all substances exist in all three phases (solid, liquid, and gas) at the same time?
* Are there any real-world applications of the triple point concept?","| Metric | Score | Justification |
|---|---|---|
| Relevance | 4 | The questions are mostly relevant to the topic, although some may require additional context to fully understand. For example, the term ""phase diagram"" may need further explanation. |
| Coherence | 3 | The questions do not seem to follow a clear progression or theme. They cover various aspects of the topic, but could benefit from a more structured approach. |
| Diversity | 5 | The questions address multiple dimensions of the triple point concept, such as its definition, relationship to other","| Metric | Score | Justification |
|---|---|---|
| Relevance | 5 | The questions are directly related to the definition of the triple point and explore different aspects of it, ranging from its meaning to its applications. |
| Coherence | 4 | The questions are connected to each other in a logical order, starting with the basic concept and gradually exploring more complex aspects. |
| Diversity | 4 | The questions cover various aspects, from theoretical understanding to real-world applications. |","| Metric   | Score | Justification                                                                                                              |
|----------|-------|----------------------------------------------------------------------------------------------------------------------------|
| Relevance | 5     | All questions directly pertain to the specific details and concepts of the statement about the triple point of a substance. |
| Coherence | 4     | The questions form a logical progression of inquiry, but could be slightly more connected for a smoother flow.            |
| Diversity | 5     | Each question explores a different aspect of the triple point concept, offering a broad range of perspectives.             |"
"Imagine you are a human, this is the first time you are coming across this Chemistry Statement, you have no previous knowledge of it ""The formation of soap scum results from the reaction of soap with calcium and magnesium ions in hard water."", what are the top 5 questions that would pop up in your head which would be most useful in learning about it as you are new to it. Give me a simple bullet point list, don't explain them or expand them","Sure, here are five questions that might be useful for a human who is encountering the chemistry statement about soap scum formation for the first time:

* What are calcium and magnesium ions?
* What is hard water?
* How do soap and hard water react to form soap scum?
* Is soap scum harmful or harmless?
* Can soap scum be prevented or removed?","| Metric | Score | Justification |
|---|---|---|
| Coherence | 4 | The questions follow a logical order, starting with foundational concepts and gradually building towards more complex ideas such as the effects and potential solutions related to soap scum formation. |
| Relevance | 5 | All questions are highly relevant to the initial statement, addressing key terms and exploring the implications of soap scum formation. |
| Diversity | 4 | The questions cover various dimensions of the topic, including definitions, reactions, consequences, and possible remedies. However, there may be","| Metric | Score | Justification |
|---|---|---|
| Relevance | 5 | All the questions are tightly aligned with the concepts introduced in the statement, aiming to clarify the details of soap scum formation and its related aspects. |
| Coherence | 4 | The questions follow a coherent sequence of inquiry, beginning with foundational concepts and progressing towards more specific aspects of soap scum and its implications. |
| Diversity | 3 | The questions cover a balanced range of topics related to the statement, addressing definitions, mechanisms of formation, potential effects, and practical considerations. While they touch upon various aspects, further improvement could involve deeper theoretical or applied perspectives. |","| Metric   | Score | Justification                                                                                   |
|----------|-------|-------------------------------------------------------------------------------------------------|
| Relevance | 5     | All questions directly address elements of the statement regarding the formation of soap scum.   |
| Coherence | 4     | The questions progress logically from defining ions and hard water to the formation and impact of soap scum, with a potential solution at the end. |
| Diversity | 5     | The questions cover the nature of ions, water hardness, reaction mechanisms, effects, and prevention methods related to soap scum. |"
"Imagine you are a human, this is the first time you are coming across this Chemistry Statement, you have no previous knowledge of it ""Biodegradable plastics are designed to decompose under specific conditions, aided by the action of microorganisms."", what are the top 5 questions that would pop up in your head which would be most useful in learning about it as you are new to it. Give me a simple bullet point list, don't explain them or expand them","Sure, here are five questions that might pop up in my head as a human encountering the concept of biodegradable plastics for the first time:

* What kind of plastics are considered biodegradable?
* How do microorganisms help decompose biodegradable plastics?
* Under what specific conditions do biodegradable plastics decompose?
* How long does it take for biodegradable plastics to decompose?
* Are biodegradable plastics really more environmentally friendly than traditional plastics?","| Metric | Score | Justification |
|---|---|---|
| Coherence | 4 | The questions follow a logical order, starting with understanding the basics of biodegradable plastics and moving towards more complex topics like their environmental impact. However, they could be slightly more interconnected, such as asking about the role of microorganisms before asking how they aid decomposition. |
| Relevance | 5 | All questions are highly relevant to the statement, focusing on key aspects like the types of plastics involved, the role of microorganisms, the specific conditions for decomposition","| Metric | Score | Justification |
|---|---|---|
| Relevance | 5 | All questions directly relate to the statement by exploring its key elements: the types of plastics considered biodegradable, the role of microorganisms in decomposition, the specific conditions for decomposition, its duration, and its environmental impact compared to traditional plastics. |
| Coherence | 4 | The questions follow a logical sequence, starting with the identification of biodegradable plastics, moving on to the decomposition process, then the conditions affecting it, and finally, its environmental implications. This progression allows for a structured understanding of the statement. |
| Diversity | 4 | The questions cover a range of aspects related to biodegradable plastics, from their composition and decomposition mechanism to their environmental impact. They offer a well-rounded exploration of the topic. |","| Metric    | Score | Justification                                                                                                             |
|-----------|-------|---------------------------------------------------------------------------------------------------------------------------|
| Relevance | 5     | All questions directly relate to the statement about biodegradable plastics and focus on key aspects for understanding.    |
| Coherence | 4     | The questions progress logically from defining biodegradable plastics to their decomposition process and environmental impact, although the sequence could be slightly improved.                                                        |
| Diversity | 4     | The questions cover a range of aspects, such as types of plastics, decomposition mechanisms, timeframes, and environmental comparisons, offering a well-rounded exploration of the topic.       |"
"Imagine you are a human, this is the first time you are coming across this Chemistry Statement, you have no previous knowledge of it ""Supersaturated solutions are unstable and can crystallize rapidly when a seed crystal is introduced."", what are the top 5 questions that would pop up in your head which would be most useful in learning about it as you are new to it. Give me a simple bullet point list, don't explain them or expand them","Sure! Here are five questions that might be useful for a human who is encountering the concept of supersaturated solutions for the first time:

* What does it mean for a solution to be supersaturated?
* Why are supersaturated solutions unstable?
* What is a seed crystal, and how does it relate to the crystallization process?
* How does the introduction of a seed crystal cause rapid crystallization in a supersaturated solution?
* Are there any real-world examples or applications of supersaturated solutions and their cryst","| Metric | Score | Justification |
|---|---|---|
| Relevance | 5 | All questions are directly related to the statement, aiming to clarify key terms and processes involved in supersaturated solutions. |
| Coherence | 4 | The questions generally follow a logical order, moving from defining basic terms to exploring the mechanisms behind the crystallization process. However, the final question seems somewhat disconnected from the rest, potentially better suited as a separate inquiry. |
| Diversity | 4 | The questions cover various aspects of the statement, such as definitions","| Metric  | Score  | Justification |
|---|---|---|
| Relevance  | 5  | All questions directly address elements or concepts presented in the statement, seeking to clarify definitions, mechanisms, and implications. |
| Coherence  | 4  | Questions logically connect, progressing from basic concepts (definitions) to more specific mechanisms (crystallization process) and practical implications (seed crystal introduction). However, the last question slightly diverges from the statement's focus on crystallization. |
| Diversity  | 3  | Questions cover a range of aspects, including definitions, processes, and practical applications. However, they could delve deeper into theoretical underpinnings or limitations of supersaturated solutions. |","| Metric   | Score | Justification                                                                                     |
|----------|-------|---------------------------------------------------------------------------------------------------|
| Relevance | 5     | All questions directly pertain to the details and concepts presented in the statement.            |
| Coherence | 4     | The questions form a coherent line of inquiry, but the last question could be more connected.    |
| Diversity | 5     | The questions cover various aspects of the statement, including definitions, processes, and examples. |"
"Imagine you are a human, this is the first time you are coming across this Chemistry Statement, you have no previous knowledge of it ""The Tyndall effect is the scattering of light by particles in a colloid, making the light beam visible."", what are the top 5 questions that would pop up in your head which would be most useful in learning about it as you are new to it. Give me a simple bullet point list, don't explain them or expand them","Sure, here are five questions that might be useful for learning about the Tyndall effect:

* What is a colloid?
* What is meant by the term ""scattering"" in this context?
* Why does the scattering of light make the beam visible?
* What kind of particles are typically involved in the Tyndall effect?
* Are there any everyday examples of the Tyndall effect that I might be familiar with?","| Metric | Score | Justification |
|---|---|---|
| Relevance | 5 | All questions are directly related to the statement, aiming to clarify key terms and concepts. |
| Coherence | 4 | The questions generally follow a logical order, moving from basic definitions to potential real-world examples, though some connections could be stronger. |
| Diversity | 5 | A wide range of aspects are covered, including defining colloids, understanding scattering, and considering real-world instances. |","| Metric  | Score  | Justification  |
| ---------- | ---------- | ---------- |
| Coherence  | 3  | The questions are topically related but could benefit from a more logical progression to guide the learner's exploration. |
| Relevance  | 4  | The questions are directly relevant to the statement, addressing key concepts such as colloids, scattering, visibility, and practical examples. |
| Diversity  | 4  | The questions cover multiple aspects of the statement, including definitions, mechanisms, and applications. |","| Metric   | Score | Justification                                                                                                         |
|----------|-------|-----------------------------------------------------------------------------------------------------------------------|
| Relevance | 5     | All questions directly pertain to the details and concepts in the statement about the Tyndall effect in colloids.  |
| Coherence | 5     | The questions flow logically, starting from defining colloid to linking it with the scattering of light.            |
| Diversity | 5     | The questions cover various aspects such as definitions, mechanisms, examples, and types of particles involved.     |"
"Imagine you are a human, this is the first time you are coming across this Chemistry Statement, you have no previous knowledge of it ""The electrolysis of brine (saltwater) produces chlorine gas, hydrogen gas, and sodium hydroxide."", what are the top 5 questions that would pop up in your head which would be most useful in learning about it as you are new to it. Give me a simple bullet point list, don't explain them or expand them","Sure! Here are five questions that might be useful for a human encountering the chemistry statement about the electrolysis of brine for the first time:

* What is electrolysis?
* What is brine?
* Why does the electrolysis of brine produce these specific gases and chemicals?
* How does the electrolysis process work?
* What are some common uses of chlorine gas, hydrogen gas, and sodium hydroxide?","| Metric | Score | Justification |
|---|---|---|
| Coherence | 4 | The questions follow a logical order, starting with foundational concepts like electrolysis and brine before moving onto more specific aspects of the reaction. However, there is room for further improvement by connecting the final question to real-world applications, enhancing the overall coherence. |
| Relevance | 5 | All questions are highly relevant to the original statement, addressing essential components such as the definition of electrolysis, the nature of brine, and the products of the reaction. This strong","**Metric** | **Score** | **Justification**
---|---|---
**Relevance** | 4 | The questions directly target key concepts and elements mentioned in the statement, such as electrolysis, brine, and the resulting gases/chemicals. They aim to clarify terminology, processes, and applications, directly addressing the statement's content.
**Coherence** | 4 | The questions are logically connected, starting with a broad inquiry about electrolysis, then narrowing down to the specifics of brine electrolysis, its products, and their applications. Each question builds upon the previous one, forming a coherent line of inquiry that fosters understanding.
**Diversity** | 4 | The questions cover a range of aspects related to the statement, including definitions, process mechanisms, and practical applications. They explore different dimensions of the electrolysis of brine, providing a comprehensive exploration of the topic for a beginner.","| Metric    | Score | Justification                                                                               |
|-----------|-------|----------------------------------------------------------------------------------------------|
| Relevance | 5     | All questions directly pertain to the details and concepts introduced in the initial statement |
| Coherence | 5     | The questions form a logical progression of inquiry, starting from basic definitions to applications |
| Diversity | 5     | Each question explores a different aspect of the statement, from definitions to uses           |"
"Imagine you are a human, this is the first time you are coming across this Chemistry Statement, you have no previous knowledge of it ""The Leidenfrost effect occurs when a liquid, in near contact with a mass significantly hotter than the liquid's boiling point, produces an insulating vapor layer keeping that liquid from boiling rapidly."", what are the top 5 questions that would pop up in your head which would be most useful in learning about it as you are new to it. Give me a simple bullet point list, don't explain them or expand them","Sure, here are five questions that might be useful for learning about the Leidenfrost effect:

* What is the Leidenfrost effect?
* How does the Leidenfrost effect work?
* What types of liquids exhibit the Leidenfrost effect?
* Under what conditions does the Leidenfrost effect occur?
* What are some practical applications of the Leidenfrost effect?","| Metric | Score | Justification |
|---|---|---|
| Relevance | 5 | All questions are directly related to the Leidenfrost effect, asking for its definition, mechanism, involved substances, conditions, and applications. |
| Coherence | 4 | The questions follow a logical order, starting with basic definitions and gradually moving towards more complex topics like applications. However, there is room for improvement in creating a stronger link between the questions, such as explicitly connecting the definition to the mechanism. |
| Diversity | 5 | The questions cover various aspects of the","| Metric | Score | Justification |
| ----------- | ----------- | ----------- |
| Relevance | 4 | All questions are directly related to understanding the Leidenfrost effect, exploring its definition, mechanism, liquid types, occurrence conditions, and practical applications. | 
| Coherence | 5 | The questions follow a logical sequence, starting with the basic definition, progressing to the mechanism, then exploring liquid types, occurrence conditions, and finally practical applications, building a coherent line of inquiry. |
| Diversity | 4 | The questions cover diverse aspects of the Leidenfrost effect, including its definition, mechanism, liquid types, occurrence conditions, and practical applications, offering a comprehensive exploration. |","| Metric   | Score | Justification                                                                                           |
|----------|-------|---------------------------------------------------------------------------------------------------------|
| Relevance | 5     | All questions directly pertain to the details, elements, and concepts presented in the statement.     |
| Coherence | 5     | The questions form a logical progression from defining the effect to its mechanisms, conditions, and applications. |
| Diversity | 5     | The questions cover various aspects of the Leidenfrost effect, exploring its definition, working principle, types of liquids, conditions, and practical uses. |"
"Imagine you are a human, this is the first time you are coming across this Chemistry Statement, you have no previous knowledge of it ""Chemoluminescence is a chemical reaction that releases energy in the form of light."", what are the top 5 questions that would pop up in your head which would be most useful in learning about it as you are new to it. Give me a simple bullet point list, don't explain them or expand them","Sure! Here are five questions that might be useful for learning about chemoluminescence:

* What is the difference between chemoluminescence and bioluminescence?
* How does the chemical reaction release energy in the form of light?
* What types of chemicals are involved in chemoluminescence reactions?
* Are there any practical applications of chemoluminescence in everyday life?
* Can chemoluminescence be used to create new technologies or products?","| Metric | Score | Justification |
|---|---|---|
| Relevance | 4 | The questions are mostly relevant to the topic of chemoluminescence, although some may stray slightly into related fields like bioluminescence. Overall, they focus on the core concept and potential applications. |
| Coherence | 3 | The questions do not necessarily follow a logical progression or build upon each other, but they cover various aspects of chemoluminescence, allowing for a more diverse exploration of the topic. |
| Diversity | 5","| Metric | Score | Justification |
|---|---|---|
| Relevance | 5 | All questions directly relate to the statement, seeking to clarify the phenomenon and its characteristics. |
| Coherence | 4 | The questions follow a logical progression, starting with a basic comparison to bioluminescence and gradually delving into the reaction mechanism, types of chemicals involved, practical applications, and potential advancements. |
| Diversity | 5 | The questions cover a broad range of aspects, addressing theoretical understanding, practical implications, and future possibilities, providing a multifaceted exploration of chemoluminescence. |","| Metric   | Score | Justification                                                                                               |
|----------|-------|-------------------------------------------------------------------------------------------------------------|
| Relevance | 5     | All questions directly relate to chemoluminescence and address key aspects of the statement.                  |
| Coherence | 4     | The questions flow logically and build upon one another, except the last question is slightly tangential.    |
| Diversity | 5     | The questions cover various aspects of chemoluminescence, from definitions to applications and implications. |"
"Imagine you are a human, this is the first time you are coming across this Chemistry Statement, you have no previous knowledge of it ""The rate of a chemical reaction can be influenced by factors such as temperature, concentration, surface area, and the presence of catalysts."", what are the top 5 questions that would pop up in your head which would be most useful in learning about it as you are new to it. Give me a simple bullet point list, don't explain them or expand them","Sure! Here are five questions that might pop up in my head as a human encountering the chemistry statement for the first time:

* What do they mean by ""rate of a chemical reaction""? How is it measured?
* Can someone give me an example of how temperature can affect the rate of a chemical reaction?
* How does concentration affect the rate of a chemical reaction? Is it just about having more reactants available?
* What is a catalyst and how does it influence the rate of a chemical reaction? Are there different types of catalysts?
* Can you explain the concept of surface","

| Metric | Score | Justification                                                                                                                                                                                                                                                                                                                                                                                                                                                                                                                                                                                                                                                                                                                                                                                                                                                                                                                                                                                                                                                                                                                                                                                                                                                                                                                                                                                                                                                                                                                                                                                                                                                                                                                                                                                                                                                                                                                                                                ","| Metric | Score | Justification |
|---|---|---|
| Relevance | 4 | All questions directly relate to the concepts presented in the statement, exploring the influence of factors on the rate of chemical reactions. |
| Coherence | 4 | The questions logically connect and form a coherent line of inquiry, progressing from understanding the meaning of reaction rate to the specific influences of temperature, concentration, catalysis, and surface area. |
| Diversity | 4 | The questions cover a range of aspects related to the statement, including defining reaction rate, exploring specific factors, and introducing the concept of catalysts. |","| Metric    | Score | Justification                                                                                               |
|-----------|-------|------------------------------------------------------------------------------------------------------------|
| Relevance | 4     | The questions directly pertain to understanding the influences on the rate of chemical reactions.          |
| Coherence | 4     | The questions progress logically from defining the rate of reaction to exploring specific influencing factors. |
| Diversity | 4     | The questions cover a range of factors including temperature, concentration, catalysts, and surface area.   |"
"Imagine you are a human, this is the first time you are coming across this Chemistry Statement, you have no previous knowledge of it ""Chelation therapy involves the use of chelating agents to remove heavy metals from the body."", what are the top 5 questions that would pop up in your head which would be most useful in learning about it as you are new to it. Give me a simple bullet point list, don't explain them or expand them","Sure, here are five questions that might be useful for someone who is new to chelation therapy:

* What are chelating agents and how do they work?
* Which heavy metals can be removed by chelation therapy?
* How is chelation therapy administered?
* What are the potential benefits and risks of chelation therapy?
* Are there any contraindications or side effects to consider when using chelation therapy?","| Metric | Score | Justification |
|---|---|---|
| Relevance | 5 | All questions are directly related to chelation therapy, addressing its mechanisms, target heavy metals, administration methods, benefits, risks, and contraindications. |
| Coherence | 4 | The questions follow a logical order, moving from basic concepts like chelating agents to more complex issues such as benefits, risks, and contraindications. However, some connections could be stronger, especially between the last two questions. |
| Diversity | 5 | The questions cover various","| Metric | Score | Justification |
|---|---|---|
| Relevance | 5 | Each question directly targets a specific aspect of chelation therapy, delving into its mechanism, targets, administration, advantages and disadvantages, and considerations. |
| Coherence | 4 | The questions form a logical sequence, starting with the basics (chelating agents) and gradually delving into more complex aspects (metals targeted, administration process, benefits and risks, contraindications). Their order facilitates a systematic exploration of the concept. |
| Diversity | 4 | The questions cover a comprehensive range of aspects related to chelation therapy, addressing its mechanism, applications, administration, potential benefits, and risks, providing a well-rounded understanding. |","| Metric   | Score | Justification                                                                                       |
|----------|-------|-----------------------------------------------------------------------------------------------------|
| Relevance | 5     | All questions directly pertain to the details of chelation therapy and aim to explore its key aspects |
| Coherence| 4     | The questions form a logical sequence of inquiry with a clear progression in understanding chelation therapy |
| Diversity | 4     | The questions cover various aspects such as mechanism, types of metal removal, administration, risks, and considerations, providing a well-rounded exploration of the topic |"
"Imagine you are a human, this is the first time you are coming across this Chemistry Statement, you have no previous knowledge of it ""The color of a substance is often determined by the wavelengths of light it absorbs."", what are the top 5 questions that would pop up in your head which would be most useful in learning about it as you are new to it. Give me a simple bullet point list, don't explain them or expand them","Sure, here are five questions that might pop up in my head as a human encountering the chemistry statement ""The color of a substance is often determined by the wavelengths of light it absorbs"" for the first time:

* What does it mean for a substance to absorb light?
* How do different wavelengths of light affect the color of a substance?
* Are there any specific examples of substances that demonstrate this phenomenon?
* Can this principle be applied to all types of materials, or are there certain exceptions?
* Is there a way to predict","| Metric | Score | Justification |
| --- | --- | --- |
| Relevance | 4 | The questions are mostly relevant to the statement, though some could be more directly linked to the concept of absorption. |
| Coherence | 5 | The questions follow a logical order, moving from basic concepts to more complex considerations. |
| Diversity | 3 | While the questions cover various aspects of the statement, they primarily focus on defining terms and providing examples, without exploring broader implications or applications. |","| Metric | Score | Justification |
|---|---|---|
| Relevance | 4 | All questions pertinently relate to the statement. |
| Coherence | 4 | Questions form a logical sequence, fostering a structured understanding. |
| Diversity | 3 | Questions cover multiple aspects, including absorption, wavelength effects, examples, and exceptions, but could further explore applications or theoretical implications. |","| Metric   | Score | Justification                                                                                                   |
|----------|-------|-----------------------------------------------------------------------------------------------------------------|
| Relevance | 5     | All questions directly pertain to the details and concepts presented in the statement.                          |
| Coherence | 4     | The questions form a logical progression from understanding light absorption to practical applications.         |
| Diversity | 4     | The questions cover various aspects, from definitions to examples and potential limitations of the principle. |"
"Imagine you are a human, this is the first time you are coming across this Chemistry Statement, you have no previous knowledge of it ""Buffer solutions resist changes in pH when small amounts of acid or base are added, maintaining a stable pH."", what are the top 5 questions that would pop up in your head which would be most useful in learning about it as you are new to it. Give me a simple bullet point list, don't explain them or expand them","Sure! Here are five questions that might be helpful for a human who is encountering the concept of buffer solutions for the first time:

* What is a buffer solution?
* How does a buffer solution resist changes in pH?
* Why do buffer solutions maintain a stable pH?
* What are some examples of buffer solutions?
* How are buffer solutions used in real-world applications?","| Metric | Score | Justification |
|---|---|---|
| Relevance | 5 | All questions are directly related to the concept of buffer solutions and their properties, mechanisms, and applications. |
| Coherence | 4 | The questions follow a logical progression, moving from defining buffer solutions to exploring their properties and finally touching on practical applications. However, there is room for better interconnection between questions to create a more seamless flow. |
| Diversity | 5 | The questions cover various aspects of buffer solutions, including their nature, functionality, and uses, offering a","| Metric | Score | Justification |
|---|---|---|
| Relevance | 5 | All questions directly relate to the statement's key concepts of buffer solutions, pH stability, and applications. |
| Coherence | 4 | Questions flow logically from defining buffer solutions to exploring their mechanism of action and practical uses |
| Diversity | 4 | Questions cover a range of aspects, including definition, mechanism, examples, and applications. |","Metric | Score | Justification
Relevance | 5 | All questions directly pertain to the details and concepts presented in the statement about buffer solutions.
Coherence | 4 | The questions form a logical progression of inquiry, building upon the initial concept of buffer solutions.
Diversity | 4 | The questions cover different aspects such as definition, mechanism, importance, examples, and real-world applications of buffer solutions."
"Imagine you are a human, this is the first time you are coming across this Chemistry Statement, you have no previous knowledge of it ""The concept of electronegativity explains the tendency of an atom to attract a bonding pair of electrons."", what are the top 5 questions that would pop up in your head which would be most useful in learning about it as you are new to it. Give me a simple bullet point list, don't explain them or expand them","Sure! Here are five questions that might be helpful for a human encountering the concept of electronegativity for the first time:

* What does electronegativity mean?
* How is electronegativity different from electron affinity?
* Which atoms have the highest electronegativity values?
* Can you give an example of how electronegativity affects chemical bonds?
* Is there a way to calculate electronegativity?","

| Metric | Score | Justification                                                                                                                                                                                                                                                                                                                                                                                                                                                                                                                                                                                                                                                                                                                                                                                                                                                                                                                                                                                                                                                                                                                                                                                                                                                                                                                                                                                                                                                                                                                                                                                                                                                                                                                                                                                                                                                                                                                                                                ","| Metric | Score | Justification |
|---|---|---|
| Relevance | 5 | All questions are directly related to the concept of electronegativity and aim to clarify its meaning, differences from related concepts, examples, and methods of calculation. |
| Coherence | 4 | The questions logically progress from defining electronegativity to its comparison with electron affinity, to identifying atoms with high electronegativity, to exploring its impact on chemical bonds, and finally to inquiring about calculation methods. |
| Diversity | 5 | The questions cover a wide range of aspects related to electronegativity, including its definition, differentiation, examples, applications, and theoretical underpinnings. |","| Metric    | Score | Justification                                                                                                     |
|-----------|-------|-------------------------------------------------------------------------------------------------------------------|
| Relevance | 5     | All questions directly address the concept of electronegativity and aspects related to it.                        |
| Coherence | 4     | The questions create a logical progression from defining electronegativity to its effects on chemical bonds.     |
| Diversity | 4     | The questions cover different aspects of electronegativity, including definition, comparison, examples, and calculation. |"
"Imagine you are a human, this is the first time you are coming across this Chemistry Statement, you have no previous knowledge of it ""Fractional distillation separates mixtures into their component parts based on differences in boiling points."", what are the top 5 questions that would pop up in your head which would be most useful in learning about it as you are new to it. Give me a simple bullet point list, don't explain them or expand them","Sure! Here are five questions that might be useful for a human who is encountering the concept of fractional distillation for the first time:

* What is meant by ""boiling points""?
* How does the difference in boiling points help separate the components of a mixture?
* What kind of mixtures can be separated using fractional distillation?
* Is fractional distillation a common method used in industry or laboratory settings?
* Can you give an example of a real-world application of fractional distillation?","| Metric | Score | Justification |
|---|---|---|
| Relevance | 5 | All questions are directly relevant to the concept of fractional distillation, asking for clarification on key terms and exploring its practical uses. |
| Coherence | 4 | The questions follow a logical progression, moving from basic definitions to more complex applications, though they do not necessarily build off each other in a strict sequence. |
| Diversity | 5 | The questions cover various aspects of fractional distillation, including its principles, applicability, and real-world examples","| Metric | Score | Justification |
|---|---|---|
| Relevance | 5 | All questions directly relate to the concepts and details presented in the statement about fractional distillation. |
| Coherence | 4 | The questions form a logical progression that builds upon each other, starting with basic definitions and gradually exploring different aspects of fractional distillation. |
| Diversity | 4 | The questions cover a range of topics, from the meaning of boiling points to applications of fractional distillation, providing a broad understanding of the concept. |","**Fractional Distillation Questions Evaluation**

| Metric    | Score | Justification                                                                                                                                                |
|-----------|-------|--------------------------------------------------------------------------------------------------------------------------------------------------------------|
| Relevance | 5     | All questions directly relate to the concept of fractional distillation and aim to clarify different aspects of it.                                         |
| Coherence | 4     | The questions progress logically, starting with basic definitions and moving towards applications. However, a clearer thematic connection could enhance coherence. |
| Diversity | 4     | The questions cover various aspects of fractional distillation, including definitions, principles, applications, and real-world examples.                     |"
"Imagine you are a human, this is the first time you are coming across this Chemistry Statement, you have no previous knowledge of it ""The presence of impurities can lower the melting point and raise the boiling point of a substance."", what are the top 5 questions that would pop up in your head which would be most useful in learning about it as you are new to it. Give me a simple bullet point list, don't explain them or expand them","Sure! Here are five questions that might be helpful for a human encountering the chemistry statement ""The presence of impurities can lower the melting point and raise the boiling point of a substance"" for the first time:

* What are impurities, and how do they affect the properties of a substance?
* How does the presence of impurities lower the melting point of a substance?
* How does the presence of impurities raise the boiling point of a substance?
* Are there any examples of substances where this effect is particularly pronounced?","| Metric | Score | Justification |
| --- | --- | --- |
| Coherence | 4 | The questions follow a logical progression, starting with a general definition of impurities before moving on to more specific effects on melting and boiling points. However, the final question could potentially stray from the main topic slightly. |
| Relevance | 5 | All questions are highly relevant to the original statement, focusing on the concept of impurities and their impact on melting and boiling points. |
| Diversity | 4 | The questions cover various","| Metric | Score | Justification |
|---|---|---|
| Relevance | 4 | The questions directly relate to the elements and concepts presented in the statement, exploring the effects of impurities on melting point and boiling point. |
| Coherence | 5 | The questions form a coherent line of inquiry, logically progressing from the nature of impurities to their specific effects on melting point and boiling point. |
| Diversity | 3 | The questions cover diverse aspects of the statement, including definitions, mechanisms, and examples, providing a broad exploration of the topic. |","| Metric    | Score | Justification                                                                                      |
|-----------|-------|----------------------------------------------------------------------------------------------------|
| Relevance | 5     | All questions directly target the statement's content and aim to clarify the impact of impurities. |
| Coherence | 4     | There is a logical progression from defining impurities to exploring their effects on properties.  |
| Diversity | 4     | The questions cover different aspects of impurities' impact, but could further explore applications. |"
"Imagine you are a human, this is the first time you are coming across this Chemistry Statement, you have no previous knowledge of it ""Saponification is the hydrolysis of fats or oils with an alkali, producing glycerol and soap."", what are the top 5 questions that would pop up in your head which would be most useful in learning about it as you are new to it. Give me a simple bullet point list, don't explain them or expand them","Sure! Here are five questions that might be useful for a human encountering the concept of saponification for the first time:

* What is hydrolysis?
* What is an alkali?
* What is glycerol?
* What is soap?
* How does saponification work?","| Metric | Score | Justification |
|---|---|---|
| Relevance | 5 | All questions are directly relevant to the provided statement, addressing key terms and processes involved in saponification. |
| Coherence | 4 | The questions generally follow a logical order, moving from basic concepts like hydrolysis and alkali to more specific outcomes such as glycerol and soap. However, the final question, ""How does saponification work?"" could potentially be broken down into more specific steps or components to better guide a beginner's understanding. |
| D","| Metric | Score | Justification |
|---|---|---|
| Relevance | 5 | All five questions directly relate to key concepts in the statement, aiming to clarify the nature of hydrolysis, alkali, glycerol, soap, and the process of saponification. |
| Coherence | 4 | The questions follow a logical sequence, with each question building upon the previous one to gradually unpack the components and process of saponification. While the question about how saponification works could come earlier in the inquiry, the overall coherence is strong. |
| Diversity | 5 | The questions cover a broad range of aspects related to the statement, encompassing definitions of key terms, the reactants and products involved, and the underlying mechanism of saponification. |","| Metric    | Score | Justification                                                                                      |
|-----------|-------|----------------------------------------------------------------------------------------------------|
| Relevance | 5     | All questions directly pertain to the details and concepts presented in the statement.              |
| Coherence | 4     | The questions form a coherent progression in understanding saponification and its components.     |
| Diversity | 4     | Each question explores a different aspect related to saponification, offering a broad understanding. |"
"Imagine you are a human, this is the first time you are coming across this Chemistry Statement, you have no previous knowledge of it ""Hard water contains high levels of calcium and magnesium, which can interfere with the action of soap and form scale."", what are the top 5 questions that would pop up in your head which would be most useful in learning about it as you are new to it. Give me a simple bullet point list, don't explain them or expand them","Sure, here are five questions that might be useful for a human who is encountering the statement about hard water for the first time:

* What is hard water?
* Why does hard water contain high levels of calcium and magnesium?
* How do calcium and magnesium interfere with the action of soap?
* What is scale, and how does it relate to hard water?
* Are there any ways to mitigate the effects of hard water on soap and scale formation?","| Metric | Score | Justification |
|---|---|---|
| Relevance | 5 | All questions are directly related to the provided statement, exploring various aspects such as definition, cause, effect, and potential solutions. |
| Coherence | 4 | The questions generally follow a logical order, moving from basic definitions to more complex implications and possible solutions. However, some connections could be made more explicit. |
| Diversity | 5 | A wide range of aspects are covered, offering a comprehensive introduction to the topic without assuming prior knowledge. |","| Metric | Score | Justification |
|---|---|---|
| Relevance | 5 | All five questions directly address the key elements and concepts presented in the statement about hard water, including its composition, its effects on soap, scale formation, and potential mitigation strategies. |
| Coherence | 4 | The questions form a logical progression, starting with basic definitions and gradually moving toward more specific inquiries about the mechanisms and implications of hard water. |
| Diversity | 5 | The questions cover a wide range of aspects related to hard water, including its composition, properties, effects, and potential solutions, offering a well-rounded exploration of the topic. |","| Metric   | Score | Justification                                                                                   |
|----------|-------|-------------------------------------------------------------------------------------------------|
| Relevance | 5     | All questions directly relate to the details presented in the statement about hard water.        |
| Coherence | 4     | The questions progress logically from defining hard water to exploring its effects and solutions.|
| Diversity | 5     | Each question covers a different aspect of hard water, from composition to effects and solutions.|"
"Imagine you are a human, this is the first time you are coming across this Chemistry Statement, you have no previous knowledge of it ""The Henderson-Hasselbalch equation is used to estimate the pH of a buffer solution."", what are the top 5 questions that would pop up in your head which would be most useful in learning about it as you are new to it. Give me a simple bullet point list, don't explain them or expand them","Sure! Here are five questions that might be helpful for someone encountering the Henderson-Hasselbalch equation for the first time:

* What is a buffer solution and why is it important?
* Who are Henderson and Hasselbalch and why did they develop this equation?
* What does the equation look like and how do I use it to calculate pH?
* What are the limitations of the Henderson-Hasselbalch equation and when might it not be accurate?
* How does the Henderson-Hasselbalch equation relate to other concepts in chemistry","| Metric | Score | Justification |
| --- | --- | --- |
| Coherence | 4 | The questions follow a logical order, starting with foundational concepts and gradually building towards more complex ideas. However, there is some room for improvement in terms of creating a stronger link between the Henderson-Hasselbalch equation and its historical context. |
| Relevance | 5 | All questions are highly relevant to the Henderson-Hasselbalch equation, addressing both its practical application and underlying principles. They effectively cover various aspects of the equation, such as its purpose","| Metric | Score | Justification |
|---|---|---|
| Relevance | 5 | All questions are directly related to the topic, offering a comprehensive exploration of the Henderson-Hasselbalch equation. |
| Coherence | 4 | The questions form a logical progression, starting with basic concepts and moving towards more advanced aspects. However, the transition between the second and third questions could be smoother. |
| Diversity | 5 | The questions cover a wide range of aspects, including the definition, historical context, application, limitations, and theoretical underpinnings of the equation. |","| Metric   | Score | Justification                                                                                                       |
|----------|-------|---------------------------------------------------------------------------------------------------------------------|
| Relevance | 5     | All questions directly address aspects of the Henderson-Hasselbalch equation and its application in buffer solutions. |
| Coherence | 4     | The questions form a logical progression from defining buffer solutions to understanding the equation and its limitations. |
| Diversity | 4     | The questions cover various aspects such as definition, historical context, calculation, limitations, and connections to other concepts. |"
"Imagine you are a human, this is the first time you are coming across this Chemistry Statement, you have no previous knowledge of it """", what are the top 5 questions that would pop up in your head which would be most useful in learning about it as you are new to it. Give me a simple bullet point list, don't explain them or expand them","Sure! Here are five questions that might be helpful for a human encountering the Chemistry Statement for the first time:

* What does the statement mean by ""chemical reactions""?
* How do the different elements and compounds interact with each other?
* What are some examples of chemical reactions that illustrate the statement?
* Is there a way to predict the outcomes of chemical reactions?
* How does the statement relate to real-world applications, such as medicine or manufacturing?","| Metric | Score | Justification |
|---|---|---|
| Relevance | 4 | The questions are mostly relevant to the statement, although some could be more specific to the provided statement instead of general chemistry questions. |
| Coherence | 5 | The questions follow a logical order, starting with basic concepts and moving towards more complex ideas, creating a coherent line of inquiry. |
| Diversity | 3 | The questions cover various aspects of the statement, but there is room for further exploration of the practical and theoretical implications of the statement. |","| Metric | Score | Justification |
|---|---|---|
| Relevance | 5 | All questions are directly relevant to the statement, aiming to clarify and expand understanding of chemical reactions, their interactions, and their applications. |
| Coherence | 4 | The questions form a logical sequence, starting with a basic inquiry about chemical reactions and progressing to more complex aspects such as interactions, outcomes, and applications. However, the transition to predicting outcomes could be smoother. |
| Diversity | 4 | The questions cover a range of aspects, including the definition of chemical reactions, interactions between elements, examples, prediction of outcomes, and real-world applications. Nonetheless, they could further delve into theoretical underpinnings or implications.","| Metric    | Score | Justification                                                                                                                     |
|-----------|-------|-----------------------------------------------------------------------------------------------------------------------------------|
| Relevance | 4     | The questions directly pertain to chemical reactions and their applications, relevant to understanding the Chemistry Statement.   |
| Coherence | 4     | The questions progress logically, starting with defining chemical reactions and then exploring examples and applications.          |
| Diversity | 3     | While there is some diversity in topics covered, more variety in the types of chemical reactions or specific applications could be included. |"