Instruction,outputs_70b_csv,Gemini Output,GPT Output,Mistral Output
"Imagine you are a human, this is the first time you are coming across this Maths Statement or Equation, you have no previous knowledge of it ""y = mx + b"", what are the top 5 questions that would pop up in your head which would be most useful in learning about it as you are new to it. Give me a simple bullet point list, don't explain them or expand them","Sure! Here are five questions that might be useful for a human encountering the equation ""y = mx + b"" for the first time:

* What do the letters ""m"" and ""b"" represent?
* What does the ""="" sign mean in this equation?
* What is the purpose of the equation?
* How do I know what values to use for ""m"" and ""b""?
* Can you give me an example of how to use this equation in real life?","| Metric | Score | Justification |
|---|---|---|
| Relevance | 5 | All five questions directly address the elements and concepts presented in the given equation, demonstrating a clear understanding of the statement. |
| Coherence | 4 | The questions follow a logical sequence, starting with the basics and gradually delving deeper into the equation's components and applications. However, the connection between the third and fourth questions could be stronger. |
| Diversity | 4 | The questions cover a wide range of aspects related to the equation, including its variables, purpose, solution, and real-life applications. However, they could explore different interpretations or theoretical underpinnings to enhance diversity. |","| Metric   | Score | Justification                                                                                           |
|----------|-------|---------------------------------------------------------------------------------------------------------|
| Relevance | 5     | All questions directly address components of the equation.                                             |
| Coherence | 4     | Questions flow logically from understanding components to application in real life.                    |
| Diversity | 4     | Covers definitions, purpose, values, and real-life application, offering a comprehensive exploration. |","

| Metric | Score | Justification |
|---|---|---|
| Coherence | 4 | The questions follow a logical order, starting with basic definitions and moving towards application. However, there is some overlap between questions 2 and 3, which could be combined for better flow. |
| Relevance | 5 | All questions are highly relevant to the given statement, focusing on essential components like variables, equality, usage, and examples. |
| Diversity | 4 | The questions cover various dimensions of the equation, such as meaning, purpose, and application. However, more"
"Imagine you are a human, this is the first time you are coming across this Maths Statement or Equation, you have no previous knowledge of it "" πr² (Area of a circle)"", what are the top 5 questions that would pop up in your head which would be most useful in learning about it as you are new to it. Give me a simple bullet point list, don't explain them or expand them","Sure! Here are five questions that might be useful for learning about the equation πr² (Area of a circle) as a human who has never seen it before:

* What does the symbol π represent?
* What is the meaning of r in the equation?
* Why is the area of a circle squared?
* How do I calculate the value of π?
* Can I use this equation to find the area of other shapes?","| Metric | Score | Justification |
|---|---|---|
| Relevance | 5 | All questions directly pertain to the elements and concepts presented in the statement, specifically the meaning of π, the role of r, the significance of squaring, the calculation of π, and the applicability of the equation to other shapes. |
| Coherence | 4 | The questions logically connect to one another, forming a coherent line of inquiry. They start with the basic components of the equation and progress towards more advanced concepts, fostering a structured understanding. |
| Diversity | 4 | The questions cover a range of aspects related to the statement, addressing definitions, implications, theoretical underpinnings, and applications. They offer a broad exploration of the topic, bringing new dimensions and perspectives to the understanding of the equation. |","Metric | Score | Justification
Relevance | 5 | All questions directly pertain to the elements and concepts introduced in the statement about the area of a circle with the formula πr².
Coherence | 4 | The questions progress logically from understanding the components of the equation (π, r) to its calculation and broader applicability. The sequence could be slightly improved for better flow.
Diversity | 4 | The questions cover a range of aspects, including the definition of π, understanding the variable r, the rationale behind squaring for area, calculation of π, and exploring the equation's applicability to other shapes. An additional aspect could further enhance diversity.","

| Metric | Score | Justification                                                                                                                                                                                                                                                                                                                                                                                                                                                                                                                                                                                                                                                                                                                                                                                                                                                                                                                                                                                                                                                                                                                                                                                                                                                                                                                                                                                                                                                                                                                                                                                                                                                                                                                                                                                                                                                                                                                                                                "
"Imagine you are a human, this is the first time you are coming across this Maths Statement or Equation, you have no previous knowledge of it "" x² - 5x + 6 = 0"", what are the top 5 questions that would pop up in your head which would be most useful in learning about it as you are new to it. Give me a simple bullet point list, don't explain them or expand them","Sure! Here are five questions that might pop up in my head as a human encountering the equation ""x² - 5x + 6 = 0"" for the first time:

* What does the equal sign mean in this equation?
* What are the variables in this equation (i.e., what do the letters represent)?
* Is this equation true for all values of x, or are there specific conditions under which it is true?
* How can I solve for x in this equation?
* What is the significance or practical application of this equation in real life?","| Metric | Score | Justification |
|---|---|---|
| Relevance | 5 | All five questions directly relate to the equation x² - 5x + 6 = 0, aiming to clarify its meaning, variables, and solution, making them highly relevant to understanding the statement. |
| Coherence | 4 | The questions follow a logical progression that would guide a beginner's exploration of the equation, from understanding the equal sign to solving for x and its practical significance. |
| Diversity | 5 | The questions cover a diverse range of aspects, including the meaning of the equal sign, variables, conditions, solution methods, and real-life applications, offering a comprehensive exploration of the statement. |","| Metric   | Score | Justification                                                                                                        |
|----------|-------|----------------------------------------------------------------------------------------------------------------------|
| Relevance | 5     | All questions directly relate to understanding the equation, variables, solving process, and practical implications. |
| Coherence | 4     | The questions flow logically in sequence but could benefit from a clearer progression in terms of complexity.       |
| Diversity | 5     | Each question explores a different aspect of the equation, covering definitions, applications, and solving methods.   |","

| Metric | Score | Justification |
|---|---|---|
| Coherence | 4 | The questions follow a logical order, starting with basic concepts like the meaning of the equal sign and moving towards solving for x and real-life applications. However, the first question could potentially be more specific to the equation itself, such as asking about its factors or roots. |
| Relevance | 5 | All questions are highly relevant to the equation provided, focusing on key concepts and processes involved in understanding and solving it. |
| Diversity | 4 | The questions cover various aspects of"
"Imagine you are a human, this is the first time you are coming across this Maths Statement or Equation, you have no previous knowledge of it "" d/dx x² = 2x (Basic derivative)"", what are the top 5 questions that would pop up in your head which would be most useful in learning about it as you are new to it. Give me a simple bullet point list, don't explain them or expand them","Sure! Here are five questions that might be useful for a human encountering the equation ""d/dx x² = 2x"" for the first time:

* What does the notation ""d/dx"" mean?
* What is the purpose of the equation?
* What does the expression ""x²"" represent?
* What is the meaning of the equal sign (=) in this context?
* How can I use this equation to solve problems?","| Metric | Score | Justification |
|---|---|---|
| Relevance | 5 | All questions directly pertain to the elements and concepts presented in the statement, seeking clarification on the notation, purpose, and application of the equation. |
| Coherence | 5 | The questions form a logical sequence, starting with the most basic inquiries about the notation and progressing to more advanced questions about the purpose and application of the equation. |
| Diversity | 4 | The questions cover a range of aspects, including the meaning of the notation, the purpose of the equation, the representation of x², the interpretation of the equal sign, and the practical applications of the equation. |","Metric | Score | Justification
Relevance | 5 | All questions directly pertain to the specific elements and concepts presented in the statement, focusing on clarifying and understanding the equation.
Coherence | 4 | The questions are logically connected and progress from understanding the notation to the application of the equation, but the sequence could be slightly improved for smoother progression.
Diversity | 4 | The questions cover different aspects of the equation, including notation, purpose, representation of terms, and application, offering a broad exploration of the topic.

Overall, this set of questions effectively meets the criteria for relevance, coherence, and diversity, providing a beginner with a structured exploration of the given mathematical equation.","

| Metric | Score | Justification |
|---|---|---|
| Relevance | 4 | The questions address fundamental components of the equation, such as its parts and purpose, but do not explicitly ask about the relationship between variables, which is essential to understanding derivatives. |
| Coherence | 5 | The questions follow a logical order, starting with basic terminology and gradually moving towards more complex concepts like problem-solving. |
| Diversity | 3 | Most questions focus on defining and understanding the equation's structure, leaving out broader explorations of the concept of"
"Imagine you are a human, this is the first time you are coming across this Maths Statement or Equation, you have no previous knowledge of it "" sin²(θ) + cos²(θ) = 1"", what are the top 5 questions that would pop up in your head which would be most useful in learning about it as you are new to it. Give me a simple bullet point list, don't explain them or expand them","Sure! Here are five questions that might be useful for a human encountering the equation ""sin²(θ) + cos²(θ) = 1"" for the first time:

* What do the symbols ""sin"" and ""cos"" represent?
* What is the meaning of the squaring symbol (²) in this equation?
* What is the value of θ in this equation?
* Is this equation true for all values of θ, or are there certain restrictions on the values of θ for which it holds true?
* How can I prove or disprove this equation","| Metric | Score | Justification |
|---|---|---|
| Relevance | 4 | All questions are directly related to the mathematical equation and focus on understanding its components and properties. |
| Coherence | 4 | The questions follow a logical progression, starting with basic definitions and moving towards more complex concepts like proof. |
| Diversity | 5 | The questions cover a wide range of aspects, from understanding the trigonometric functions to exploring the scope and limitations of the equation. |","| Metric   | Score | Justification                                                                                               |
|----------|-------|-------------------------------------------------------------------------------------------------------------|
| Relevance | 5     | Each question directly pertains to the elements and concepts presented in the statement.                    |
| Coherence | 4     | The questions progress logically and connect well, guiding a beginner's understanding of the equation.     |
| Diversity | 4     | The questions cover various aspects of the equation, exploring symbols, meanings, values, and proofs.       |","

| Metric | Score | Justification |
| --- | --- | --- |
| Coherence | 4 | The questions follow a logical order, starting with basic terminology and gradually moving towards more complex concepts like proof and restrictions on θ. |
| Relevance | 5 | All questions are highly relevant to the given equation, aiming to clarify its components and underlying principles. |
| Diversity | 4 | The questions cover various aspects of the equation, such as definitions, mathematical operations, and conditions for validity. However, some dimensions like real-world applications could"
"Imagine you are a human, this is the first time you are coming across this Maths Statement or Equation, you have no previous knowledge of it "" √(-1) = i"", what are the top 5 questions that would pop up in your head which would be most useful in learning about it as you are new to it. Give me a simple bullet point list, don't explain them or expand them","Sure! Here are five questions that might pop up in my head as a human encountering the equation √(-1) = i for the first time:

* What does the square root symbol (√) mean in this context?
* Why is there a negative number under the square root symbol?
* What is the value of i? Is it a variable or a constant?
* How can a square root result in a complex number like i?
* What is the significance of this equation in mathematics and its applications?","| Metric | Score | Justification |
|---|---|---|
| Relevance | 5 | The questions capture key elements of the statement, inquiring about the meaning of the square root symbol, the presence of a negative number, the nature of i, the derivation of a complex number, and the significance of the equation. |
| Coherence | 4 | The questions form a logical sequence, progressing from the fundamental concept of the square root symbol to the properties of i and the implications of the equation. |
| Diversity | 5 | The questions cover a diverse range of aspects, including the mathematical interpretation of the square root symbol, the nature of the complex number i, and the broader implications and significance of the equation. |","Metric | Score | Justification
--- | --- | ---
Relevance | 4 | The questions directly address the elements of the statement, focusing on understanding the square root of a negative number and the concept of the imaginary unit i.
Coherence | 4 | The questions progress logically from defining the square root symbol to exploring the implications and applications of the equation, forming a coherent line of inquiry.
Diversity | 4 | The questions cover a range of aspects including the symbolism of the square root, the nature of i as an imaginary unit, and the broader significance of the equation in mathematics, offering a diverse exploration of the topic.","

| Metric | Score | Justification                                                                                                                                                                                                                                                                                                                                                                                                                                                                                                                                                                                                                                                                                                                                                                                                                                                                                                                                                                                                                                                                                                                                                                                                                                                                                                                                                                                                                                                                                                                                                                                                                                                                                                                                                                                                                                                                                                                                                                "
"Imagine you are a human, this is the first time you are coming across this Maths Statement or Equation, you have no previous knowledge of it "" |a+b| ≤ |a| + |b| (Triangle Inequality)"", what are the top 5 questions that would pop up in your head which would be most useful in learning about it as you are new to it. Give me a simple bullet point list, don't explain them or expand them","Sure! Here are five questions that could be useful in learning about the triangle inequality:

* What does the symbol ""|"" represent in the equation?
* Can you provide an example of how the triangle inequality works?
* How does the triangle inequality compare to other inequalities, such as the Pythagorean theorem?
* Are there any restrictions on the values of a and b in the equation?
* Can you prove the triangle inequality using geometric methods or algebraic manipulations?","| Metric | Score | Justification |
|---|---|---|
| Relevance | 5 | All questions are directly related to the Triangle Inequality statement. |
| Coherence | 4 | The questions form a logical progression: defining the notation, asking for an example, comparing to other concepts, exploring restrictions, and seeking a proof. |
| Diversity | 4 | The questions cover a range of aspects: notation, application, comparison, constraints, and proof methods. |","Metric | Score | Justification
---|---|---
Relevance | 5 | All questions directly pertain to clarifying or exploring the triangle inequality statement.
Coherence | 4 | The questions form a coherent progression from understanding the symbols in the equation to exploring examples and comparisons with other inequalities.
Diversity | 4 | The questions cover a range of aspects including symbolism, examples, comparisons, restrictions, and proof methods. An additional question exploring real-world applications could enhance diversity.","

| Metric | Score | Justification |
| --- | --- | --- |
| Relevance | 4 | The questions are mostly relevant to the statement, except for the third question, which compares the triangle inequality to other inequalities without specifying why this comparison might be helpful. |
| Coherence | 5 | The questions follow a logical progression, starting with basic terminology and examples before moving on to more advanced topics like proofs and comparisons. |
| Diversity | 3 | The questions cover several aspects of the triangle inequality, but they all focus on"
"Imagine you are a human, this is the first time you are coming across this Maths Statement or Equation, you have no previous knowledge of it "" f(x) = x³ - 3x + 2"", what are the top 5 questions that would pop up in your head which would be most useful in learning about it as you are new to it. Give me a simple bullet point list, don't explain them or expand them","Sure! Here are five questions that might pop up in my head as a human encountering the equation ""f(x) = x³ - 3x + 2"" for the first time:

* What does the ""f"" stand for in ""f(x)""?
* What does the ""x"" represent in the equation?
* What is the purpose of the parentheses in the equation?
* What do the numbers 3 and 2 represent in the equation?
* How can I use this equation to solve problems or find values for ""x""?","| Metric | Score | Justification |
|---|---|---|
| Relevance | 4 | The questions directly explore the elements and concepts of the equation, aiming to clarify its meaning and purpose. |
| Coherence | 3 | The questions form a logical sequence, beginning with basic elements and progressing to more specific aspects of the equation, but could benefit from a smoother transition between some of them. |
| Diversity | 3 | The questions cover a range of aspects, including the definition of the function, the role of the variables, and the use of the equation, providing a good starting point for understanding. However, they could delve into more advanced or practical applications to offer a broader exploration. |","Metric | Score | Justification
---|---|---
Relevance | 4 | The questions directly address key components of the equation and its use.
Coherence | 3 | The questions flow logically, but could benefit from a clearer connection between them.
Diversity | 3 | The questions cover different aspects of the equation but could explore more applications or implications.","

| Metric | Score | Justification |
| --- | --- | --- |
| Coherence | 4 | The questions follow a logical order, starting with basic terminology and gradually moving towards more complex concepts like problem-solving. |
| Relevance | 5 | All questions relate directly to the given equation, addressing its components and potential uses. |
| Diversity | 4 | The questions cover various aspects of the equation, such as notation, structure, and application, but could benefit from exploring other dimensions like domain or range. |"
"Imagine you are a human, this is the first time you are coming across this Maths Statement or Equation, you have no previous knowledge of it "" logₐ(x * y) = logₐ(x) + logₐ(y)"", what are the top 5 questions that would pop up in your head which would be most useful in learning about it as you are new to it. Give me a simple bullet point list, don't explain them or expand them","Sure! Here are five questions that might be useful for a human encountering the equation ""logₐ(x * y) = logₐ(x) + logₐ(y)"" for the first time:

* What does the ""logₐ"" symbol represent?
* What is the purpose of the equation?
* How do the variables x and y relate to each other in the equation?
* Is there a specific context or application where this equation is commonly used?
* Can the equation be simplified or rewritten in a different form?","| Metric | Score | Justification |
|---|---|---|
| Relevance | 4 | The questions are directly related to the elements and concepts presented in the statement, aiming to clarify the meaning of the logarithmic notation, the purpose of the equation, the relationship between the variables, the applicability of the equation, and potential alternative representations. |
| Coherence | 5 | The questions logically connect to each other, starting with the definition of the logarithm and progressing to its purpose, the relationship between variables, its applications, and alternative forms. This sequence facilitates a structured exploration of the equation. |
| Diversity | 3 | While the questions cover key aspects of the equation, there could be more variety in the dimensions explored. For instance, including a question about the limitations or conditions of the equation would enhance the diversity. |","| Metric   | Score | Justification                                                                                        |
|----------|-------|------------------------------------------------------------------------------------------------------|
| Relevance | 5     | All questions directly address elements of the given statement and aim to clarify its components.   |
| Coherence | 4     | The questions form a logical progression in understanding the equation, but slight improvement in connecting the relationship between x, y, and log₁ term may enhance coherence. |
| Diversity | 4     | The questions cover a range of key aspects related to the equation, though exploring different applications or implications could add more diversity. |","

| Metric | Score | Justification |
|---|---|---|
| Coherence | 4 | The questions follow a logical order, starting with basic terminology and gradually moving towards more complex ideas such as context and simplification. |
| Relevance | 5 | All questions are highly relevant to the equation provided, addressing its components, purpose, relationships, usage, and potential variations. |
| Diversity | 5 | A wide range of aspects related to the equation are covered, offering a comprehensive exploration of the topic while maintaining direct relevance. |"
"Imagine you are a human, this is the first time you are coming across this Maths Statement or Equation, you have no previous knowledge of it "" (σ²) = Σ(xᵢ - μ)²/N (Variance of a population)"", what are the top 5 questions that would pop up in your head which would be most useful in learning about it as you are new to it. Give me a simple bullet point list, don't explain them or expand them","Sure! Here are five questions that might be helpful in learning about the variance equation:

* What does the symbol σ² represent?
* What is the meaning of the expression xᵢ - μ?
* What is the purpose of dividing by N in the equation?
* How do I calculate the variance of a population using this equation?
* Can you provide an example of how to apply this equation in real-world context?","| Metric | Score | Justification |
|---|---|---|
| Relevance | 5 | All questions directly relate to the details and concepts presented in the statement. |
| Coherence | 5 | The questions progress logically from understanding the symbols to the purpose of the equation and its application. |
| Diversity | 4 | The questions cover a range of aspects, including the meaning of the symbols, the calculation process, and the practical application of the equation. However, they could explore more theoretical or advanced concepts related to variance. |","Relevance | 4 | The questions directly address components of the variance equation, its symbols, and its calculation process.
Coherence | 4 | The questions progress logically from defining symbols to practical application, forming a coherent line of inquiry.
Diversity | 3 | While the questions cover various aspects of the equation, they focus primarily on calculation and application, lacking diversity in exploring theoretical implications or alternative perspectives.","

| Metric | Score | Justification |
| --- | --- | --- |
| Coherence | 4 | The questions follow a logical order, starting with basic terminology and gradually moving towards application and calculation. However, there is room for further improvement by explicitly connecting the questions to create a more seamless flow. |
| Relevance | 5 | All questions are highly relevant to the equation provided, addressing fundamental components such as symbols, calculations, and practical examples. This ensures a comprehensive understanding of the concept. |
| Diversity | 4 | The questions cover various aspects of the"
"Imagine you are a human, this is the first time you are coming across this Maths Statement or Equation, you have no previous knowledge of it "" The slope of a line is Δy/Δx"", what are the top 5 questions that would pop up in your head which would be most useful in learning about it as you are new to it. Give me a simple bullet point list, don't explain them or expand them","Sure! Here are five questions that might be helpful for a human encountering the equation ""The slope of a line is Δy/Δx"" for the first time:

* What does the symbol Δ (delta) represent?
* What does the expression Δy/Δx mean in plain English?
* How do I calculate the slope of a line using this equation?
* Can you give me an example of how to use this equation in real life?
* Is there a way to visualize the slope of a line using a graph or diagram?","| Metric | Score | Justification |
|---|---|---|
| Relevance | 5 | All questions are directly related to the specific equation and its components, aimed at clarifying its meaning and application. |
| Coherence | 4 | The questions follow a logical progression, starting with basic definitions (Δ symbol) and progressing to more complex concepts (calculating slope, real-life examples, and visualization). |
| Diversity | 4 | The questions cover a range of aspects, including theoretical understanding (symbol meaning, equation interpretation), practical application (slope calculation), and conceptualization (visual representation). |","| Metric    | Score | Justification                                                                                              |
|-----------|-------|-----------------------------------------------------------------------------------------------------------|
| Relevance | 5     | All questions directly pertain to understanding the concept of the slope of a line using Δy/Δx.         |
| Coherence | 4     | The questions progress logically from defining symbols to real-life applications, forming a coherent line of inquiry. |
| Diversity | 4     | The questions cover concepts, calculation methods, examples, visualization, and practical applications.  |","

| Metric | Score | Justification                                                                                                                                                                                                                                                                                                                                                                                                                                                                                                                                                                                                                                                                                                                                                                                                                                                                                                                                                                                                                                                                                                                                                                                                                                                                                                                                                                                                                                                                                                                                                                                                                                                                                                                                                                                                                                                                                                                                                                "
"Imagine you are a human, this is the first time you are coming across this Maths Statement or Equation, you have no previous knowledge of it "" A prime number is only divisible by 1 and itself"", what are the top 5 questions that would pop up in your head which would be most useful in learning about it as you are new to it. Give me a simple bullet point list, don't explain them or expand them","Sure! Here are five questions that might be useful for learning about the statement ""A prime number is only divisible by 1 and itself"":

* What is a prime number?
* What does it mean for a number to be divisible by another number?
* Why can't a prime number be divided by any other number except for 1 and itself?
* Are there any exceptions to this rule?
* How can I prove that a number is prime using this statement?","| Metric | Score | Justification |
|---|---|---|
| Relevance | 5 | All of the questions directly relate to the statement ""A prime number is only divisible by 1 and itself"", seeking to clarify its meaning and implications. |
| Coherence | 4 | The questions logically connect to one another, forming a coherent line of inquiry that progresses from defining prime numbers and divisibility to exploring the rationale behind the statement and its applications in proving primality. |
| Diversity | 5 | The questions cover a broad range of aspects related to the statement, including its definition, mathematical operations, exceptions, and practical applications. |","Relevance | 5 | The questions directly relate to the definition and characteristics of prime numbers as introduced by the statement.
Coherence | 4 | The questions flow logically from defining prime numbers to exploring their divisibility and exceptions, with a slight jump in complexity towards proving primality.
Diversity | 4 | The questions cover a range of aspects, including definitions, divisibility, exceptions, and proof methods, providing a well-rounded exploration of prime numbers.","

| Metric | Score | Justification |
|---|---|---|
| Coherence | 4 | The questions follow a logical order, starting with defining basic terms and gradually moving towards more complex ideas like proof and exceptions. However, the last two questions could potentially be combined into one to further streamline the sequence. |
| Relevance | 5 | All questions are highly relevant to the given statement, exploring various aspects such as definition, divisibility, and proof. They focus on the core concept without deviating into tangential topics. |
| Diversity | 5 | The questions"
"Imagine you are a human, this is the first time you are coming across this Maths Statement or Equation, you have no previous knowledge of it "" sin(θ) = opposite/hypotenuse"", what are the top 5 questions that would pop up in your head which would be most useful in learning about it as you are new to it. Give me a simple bullet point list, don't explain them or expand them","Sure! Here are five questions that might be useful for learning about the equation ""sin(θ) = opposite/hypotenuse"" as a human with no previous knowledge of it:

* What does the symbol ""θ"" represent?
* What is the meaning of ""opposite"" and ""hypotenuse"" in this equation?
* How do I calculate the value of sin(θ)?
* What is the purpose of this equation, and where is it used?
* Can you provide an example of how to apply this equation in real life?","| Metric | Score | Justification |
|---|---|---|
| Relevance | 5 | All questions directly pertain to the elements and concepts presented in the statement. They aim to clarify the meaning of the symbol θ, the terms ""opposite"" and ""hypotenuse,"" and the purpose and application of the equation. |
| Coherence | 4 | The questions progress logically, starting with the fundamental concepts (symbol θ, opposite, and hypotenuse) and then moving on to the calculation, purpose, and application of the equation. |
| Diversity | 3 | The questions cover a range of aspects related to the equation, including its definition, calculation, purpose, and real-life application. However, there could be more questions exploring theoretical underpinnings or advanced applications to enhance diversity. |","| Metric    | Score | Justification                                                                                   |
|-----------|-------|-------------------------------------------------------------------------------------------------|
| Relevance | 5     | All questions directly address elements of the statement and seek to clarify its components.    |
| Coherence | 4     | The questions progress logically in exploring the equation, though a clearer sequence could enhance coherence. |
| Diversity | 4     | The questions cover various aspects of the equation, including definitions, calculations, applications, and examples. |","

| Metric | Score | Justification |
| --- | --- | --- |
| Relevance | 5 | All questions are directly related to the equation provided, asking for clarification on its components and potential uses. |
| Coherence | 4 | The questions follow a logical progression, moving from defining key terms to exploring the equation's purpose and application, though some connections could be stronger. |
| Diversity | 5 | The questions cover various aspects of the equation, including definition, calculation, purpose, and real-life application, providing a well-rounded exploration"
"Imagine you are a human, this is the first time you are coming across this Maths Statement or Equation, you have no previous knowledge of it "" The sum of the interior angles of a polygon is (n-2)×180°"", what are the top 5 questions that would pop up in your head which would be most useful in learning about it as you are new to it. Give me a simple bullet point list, don't explain them or expand them","Sure! Here are five questions that might be useful for learning about the equation ""The sum of the interior angles of a polygon is (n-2)×180°"":

* What is the definition of a polygon?
* What are interior angles, and how do they differ from exterior angles?
* Why does the equation include the factor of (n-2)?
* How can I use this equation to find the sum of the interior angles of a specific polygon?
* Are there any restrictions on the types of polygons this equation applies to, or does it apply to all polygons","| Metric | Score | Justification |
|---|---|---|
| Relevance | 5 | The questions directly target the elements and concepts within the statement, focusing on the definition of a polygon, the concept of interior angles, the significance of the (n-2) factor, practical application, and general applicability. The questions stay within the bounds of the statement, exploring its core aspects. |
| Coherence | 5 | The questions follow a logical sequence, starting with foundational concepts like the definition of a polygon and interior angles. They then progress to the equation's components, its practical application, and finally, its broader applicability. The questions build upon each other, creating a cohesive line of inquiry that enhances understanding. |
| Diversity | 4 | While the questions cover a range of aspects related to the statement, they primarily emphasize the equation's theoretical underpinnings and practical application. Including a question that explores the historical context or limitations of the equation would enhance the diversity of perspectives. |","Relevance | 4 | The questions directly address the key elements of the statement about polygons' interior angles.
Coherence | 4 | The questions progress logically from defining a polygon to understanding the equation and its application.
Diversity | 4 | The questions cover different aspects of polygons, interior angles, application, and restrictions, offering a varied exploration.

(Note: The score given and justification provided may vary based on individual perspectives and interpretations)","

| Metric | Score | Justification                                                                                                                                                                                                                                                                                                                                                                                                                                                                                                                                                                                                                                                                                                                                                                                                                                                                                                                                                                                                                                                                                                                                                                                                                                                                                                                                                                                                                                                                                                                                                                                                                                                                                                                                                                                                                                                                                                                                                                "
"Imagine you are a human, this is the first time you are coming across this Maths Statement or Equation, you have no previous knowledge of it "" To solve a system of equations, you can use substitution or elimination"", what are the top 5 questions that would pop up in your head which would be most useful in learning about it as you are new to it. Give me a simple bullet point list, don't explain them or expand them","Sure! Here are five questions that might be useful for a human encountering the statement ""To solve a system of equations, you can use substitution or elimination"" for the first time:

* What is a system of equations?
* What does it mean to solve a system of equations?
* What is substitution in the context of solving equations?
* What is elimination in the context of solving equations?
* How do I choose which method to use, substitution or elimination?","| Metric | Score | Justification |
|---|---|---|
| Relevance | 5 | The questions directly address the key concepts and elements presented in the statement, providing a logical starting point for understanding the topic. |
| Coherence | 4 | The questions follow a logical sequence, progressing from basic definitions to more complex concepts (e.g., substitution, elimination), fostering a structured exploration. |
| Diversity | 4 | The questions cover a range of aspects related to solving systems of equations, including definitions, methods, and decision-making, offering a well-rounded exploration of the topic. |","Metric | Score | Justification
Relevance | 5 | All questions directly pertain to the details and concepts presented in the statement about solving a system of equations using substitution or elimination.
Coherence | 4 | The questions form a logical progression from understanding what a system of equations is to choosing between substitution and elimination methods, but could benefit from a more seamless transition between the different methods.
Diversity | 4 | The questions cover different aspects of solving a system of equations, such as definitions, methods, and decision-making, but could further diversify by including practical examples or applications of these methods.","

| Metric | Score | Justification |
|---|---|---|
| Relevance | 5 | All questions are directly related to the statement and aim to clarify key terms and concepts. |
| Coherence | 4 | The questions follow a logical progression, moving from basic definitions to more complex methods and decision-making processes. However, there is room for better thematic connections between questions. |
| Diversity | 5 | The questions cover various aspects of the statement, providing a comprehensive introduction to the topic through definitions, methods, and strategies. |"
"Imagine you are a human, this is the first time you are coming across this Maths Statement or Equation, you have no previous knowledge of it "" The discriminant of a quadratic equation indicates the nature of its roots"", what are the top 5 questions that would pop up in your head which would be most useful in learning about it as you are new to it. Give me a simple bullet point list, don't explain them or expand them","Sure! Here are five questions that might be useful for learning about the discriminant of a quadratic equation:

* What is a quadratic equation?
* What is the discriminant of a quadratic equation?
* How do I calculate the discriminant of a quadratic equation?
* What does the discriminant tell me about the roots of the equation?
* Can you give me an example of a quadratic equation and show me how to find the discriminant?","| Metric | Score | Justification |
|---|---|---|
| Relevance | 5 | All five questions directly pertain to the understanding of the discriminant of a quadratic equation, aiming to clarify and explore the concept deeply. |
| Coherence | 4 | The questions follow a logical sequence, starting with the basics of a quadratic equation and gradually progressing towards the discriminant's role in determining root nature. |
| Diversity | 3 | While the questions cover essential aspects, a broader range of dimensions could be incorporated, for instance, exploring the discriminant's implications for other equation types or graphing. |","Metric  |  Score  |  Justification
Relevance  |  5  |  All questions directly pertain to the concept of the discriminant of a quadratic equation.
Coherence  |  4  |  The questions progress logically from defining a quadratic equation to calculating its discriminant and understanding what it signifies.
Diversity  |  4  |  The questions cover definitions, calculations, implications of the discriminant, and application through an example.","

| Metric | Score | Justification |
|---|---|---|
| Relevance | 5 | All questions are directly related to the concept of the discriminant of a quadratic equation, asking for clarification on key terms, calculation methods, and implications for the roots. |
| Coherence | 5 | The questions follow a logical progression, starting with basic concepts and gradually building towards more specific calculations and implications, allowing for a structured exploration of the topic. |
| Diversity | 5 | The questions cover various aspects of the topic, including definition, calculation, interpretation,"
"Imagine you are a human, this is the first time you are coming across this Maths Statement or Equation, you have no previous knowledge of it "" The LCM of two numbers is the smallest number that is a multiple of both"", what are the top 5 questions that would pop up in your head which would be most useful in learning about it as you are new to it. Give me a simple bullet point list, don't explain them or expand them","Sure! Here are five questions that might be useful for learning about the concept of the least common multiple (LCM) of two numbers:

* What does ""multiple"" mean in this context?
* How do I find the LCM of two numbers?
* Why is the LCM the smallest number that is a multiple of both numbers?
* Can you give an example of how to find the LCM of two numbers?
* How does the LCM relate to other concepts in mathematics, such as greatest common divisor (GCD) or prime factors?","| Metric | Score | Justification |
|---|---|---|
| Relevance | 5 | All five questions directly address the statement's central concept of LCM and its definition. |
| Coherence | 5 | The questions logically progress from defining ""multiple"" to finding LCM, understanding its significance, and exploring related concepts. |
| Diversity | 4 | While the questions cover essential aspects of LCM, they primarily focus on its definition and calculation rather than broader applications or theoretical underpinnings. |","| Metric    | Score | Justification                                                             |
|-----------|-------|---------------------------------------------------------------------------|
| Relevance  | 5     | All questions directly address the concept of the LCM of two numbers.    |
| Coherence | 5     | The questions progress logically from defining ""multiple"" to examples and related concepts. |
| Diversity  | 4     | While the questions cover a good range of aspects, more diverse examples or applications could enhance this. |","

| Metric | Score | Justification |
|---|---|---|
| Coherence | 4 | All questions are related to the topic of LCM and build upon each other, creating a logical flow. However, there is room for further improvement by connecting the questions more explicitly to the definition provided in the statement. |
| Relevance | 5 | Every question is highly relevant to the statement, focusing on essential aspects of LCM and its relationship to other mathematical concepts. They all aim to clarify and expand upon the definition provided. |
| Diversity | 4 | The questions cover"
"Imagine you are a human, this is the first time you are coming across this Maths Statement or Equation, you have no previous knowledge of it "" In a proportional relationship, the ratio between two quantities remains constant"", what are the top 5 questions that would pop up in your head which would be most useful in learning about it as you are new to it. Give me a simple bullet point list, don't explain them or expand them","Sure! Here are five questions that might be useful for learning about the concept of proportional relationships:

* What does it mean for two quantities to be in a proportional relationship?
* Can you give an example of a proportional relationship?
* How do you determine the constant ratio in a proportional relationship?
* Are there any restrictions on the values of the quantities in a proportional relationship?
* How can you use the concept of proportional relationships to solve problems?","| Metric | Score | Justification |
|---|---|---|
| Relevance | 5 | All questions directly relate to the statement, aiming to clarify and expand the understanding of proportional relationships. |
| Coherence | 5 | The questions form a logical progression, starting with the definition and moving on to examples, determining the constant ratio, restrictions, and applications. |
| Diversity | 4 | The questions cover a range of aspects, including definition, examples, calculation, and problem-solving, providing a well-rounded exploration of the concept. However, they could delve deeper into theoretical underpinnings or advanced applications. |","| Metric    | Score | Justification                                                                                                                      |
|-----------|-------|------------------------------------------------------------------------------------------------------------------------------------|
| Relevance  | 5     | All questions directly pertain to the concept of proportional relationships introduced in the statement.                             |
| Coherence | 4     | The questions flow logically from defining the concept to applying it, slightly more coherence in progression could improve.       |
| Diversity  | 4     | The questions cover different aspects like definition, example, calculation, restrictions, and problem-solving related to proportion. |","

| Metric | Score | Justification |
| --- | --- | --- |
| Relevance | 5 | All questions are directly related to the concept of proportional relationships, asking for clarification of terms, examples, and problem-solving methods. |
| Coherence | 4 | The questions follow a logical progression, moving from basic definition to more complex problem-solving techniques, though some may argue that the final question could be split into multiple parts for better coherence. |
| Diversity | 5 | The questions cover various aspects of the topic, including"
"Imagine you are a human, this is the first time you are coming across this Maths Statement or Equation, you have no previous knowledge of it "" An isosceles triangle has two sides of equal length"", what are the top 5 questions that would pop up in your head which would be most useful in learning about it as you are new to it. Give me a simple bullet point list, don't explain them or expand them","Sure! Here are five questions that might be useful for learning about the equation ""An isosceles triangle has two sides of equal length"":

* What does ""isosceles"" mean?
* How can I identify an isosceles triangle?
* Are there any other properties of isosceles triangles that I should know about?
* Can I use this equation to solve problems involving triangles?
* Are there any real-world applications of isosceles triangles that I should be aware of?","| Metric | Score | Justification |
|---|---|---|
| Relevance | 4 | The questions are all directly related to the statement ""An isosceles triangle has two sides of equal length."" They aim to clarify the meaning of ""isosceles,"" identify the properties of isosceles triangles, explore their applications, and provide a practical understanding of the concept. |
| Coherence | 3 | The questions follow a logical progression, starting with the definition of ""isosceles"" and moving on to identify, explore, and apply the concept. However, the last question about real-world applications could be better connected to the previous questions by providing a specific example or scenario. |
| Diversity | 4 | The questions cover a range of aspects related to isosceles triangles, including their definition, properties, problem-solving applications, and real-world relevance. They offer a broad exploration of the topic, providing a well-rounded understanding for a beginner. |","| Metric   | Score | Justification                                                                                                           |
|----------|-------|-------------------------------------------------------------------------------------------------------------------------|
| Relevance| 5     | All questions directly pertain to the details presented in the statement about an isosceles triangle.                   |
| Coherence| 4     | The questions progress logically from defining the term ""isosceles"" to identifying, exploring properties, and applying.  |
| Diversity| 5     | The questions cover a range of aspects from definitions to applications, offering a broad exploration of the topic.      |","

| Metric | Score | Justification |
| --- | --- | --- |
| Coherence | 4 | The questions follow a logical progression, starting with defining key terms and then moving on to exploring the practical uses and applications of the concept. However, some questions could be more explicitly connected to the initial statement. |
| Relevance | 5 | All questions are highly relevant to the statement, focusing on essential aspects of isosceles triangles and their significance. They avoid tangential topics and maintain a strong connection to the core concept. |
| Diversity | 4"
"Imagine you are a human, this is the first time you are coming across this Maths Statement or Equation, you have no previous knowledge of it "" The compound interest formula calculates the amount of interest earned on an investment over time"", what are the top 5 questions that would pop up in your head which would be most useful in learning about it as you are new to it. Give me a simple bullet point list, don't explain them or expand them","Sure! Here are five questions that might be useful for learning about the compound interest formula:

* What is the formula for calculating compound interest?
* How does the formula account for the effect of time on interest earnings?
* What is the difference between compound interest and simple interest?
* How do I determine the interest rate and other variables needed to use the formula?
* Can you provide an example of how to apply the formula to a real-world investment scenario?","| Metric | Score | Justification |
|---|---|---|
| Relevance | 5 | All questions are directly related to the statement, seeking to clarify the formula, its components, and its application. |
| Coherence | 4 | The questions follow a logical sequence, starting with the formula itself and gradually exploring its key aspects. |
| Diversity | 4 | The questions cover a range of elements, including the formula, its distinction from simple interest, and practical applications. |","| Metric   | Score | Justification                                                                                        |
|----------|-------|------------------------------------------------------------------------------------------------------|
| Relevance | 5     | All questions directly relate to the concept of compound interest formula as presented in the statement. |
| Coherence | 4     | The questions form a logical progression in understanding the formula, though a bit more connectivity between them could enhance coherence. |
| Diversity | 4     | The questions cover various aspects like the formula itself, time impact, comparison to simple interest, practical application, but could benefit from exploring different contexts or historical significance. |","

| Metric | Score | Justification |
|---|---|---|
| Coherence | 4 | The questions follow a logical progression, starting with understanding the formula itself and moving towards its application and calculation. However, there is room for further elaboration on the concept of time and its role in the formula. |
| Relevance | 5 | All questions are highly relevant to the statement, focusing on the core components of the compound interest formula and its practical usage. No unnecessary or tangential questions are included. |
| Diversity | 4 | The questions cover various aspects of the"
"Imagine you are a human, this is the first time you are coming across this Maths Statement or Equation, you have no previous knowledge of it "" The absolute value of a number is its distance from zero on the number line"", what are the top 5 questions that would pop up in your head which would be most useful in learning about it as you are new to it. Give me a simple bullet point list, don't explain them or expand them","Sure! Here are five questions that might be useful for learning about the concept of the absolute value of a number:

* What does ""distance from zero"" mean in the context of numbers?
* How do I calculate the absolute value of a positive number?
* How do I calculate the absolute value of a negative number?
* What is the relationship between the absolute value of a number and its actual value?
* Can you provide an example or visual representation to help me understand this concept better?","| Metric | Score | Justification |
|---|---|---|
| Relevance | 5 | Each question directly addresses the key aspects of the statement, focusing on understanding the concept of distance from zero, calculating absolute values for positive and negative numbers, and exploring the relationship between absolute and actual values. |
| Coherence | 4 | The questions progress logically, starting with a foundational question about distance from zero, then exploring how to calculate absolute values for different types of numbers, and finally examining the relationship between absolute and actual values. |
| Diversity | 5 | The questions cover a wide range of aspects related to the statement, including the definition of absolute value, the concept of distance from zero, the calculation of absolute values for both positive and negative numbers, and the theoretical relationship between absolute and actual values. |","| Metric    | Score | Justification                                                                                      |
|-----------|-------|----------------------------------------------------------------------------------------------------|
| Relevance | 5     | All questions directly pertain to the concept of the absolute value of a number.                    |
| Coherence | 4     | Questions flow logically from defining the concept to calculating it and understanding its meaning. |
| Diversity | 4     | The questions cover calculations, definitions, relationships, and visuals for better understanding.   |","

| Metric | Score | Justification                                                                                                                                                           |
| --- | --- | --- |
| Relevance | 5 | All questions are directly related to the definition provided, asking for clarification or elaboration on specific parts of the definition.                               |
| Coherence | 4 | The questions follow a logical progression, moving from basic clarification to more specific calculations and examples. However, there is room for stronger connections between questions. |
| Diversity | 5 | The questions cover various aspects of the definition, including understanding the termin"
"Imagine you are a human, this is the first time you are coming across this Maths Statement or Equation, you have no previous knowledge of it "" An annulus is the region between two concentric circles"", what are the top 5 questions that would pop up in your head which would be most useful in learning about it as you are new to it. Give me a simple bullet point list, don't explain them or expand them","Sure! Here are five questions that might be useful for learning about an annulus:

* What is the definition of an annulus?
* How do you graph an annulus?
* What are the properties of an annulus?
* How does the size of the inner circle affect the area of the annulus?
* Can you give an example of a real-world application of an annulus?","| Metric | Score | Justification |
|---|---|---|
| Relevance | 5 | The questions are all directly related to the definition and properties of an annulus. |
| Coherence | 4 | The questions form a logical sequence of inquiry, beginning with the definition and progressing to more specific properties and applications. |
| Diversity | 3 | The questions cover a range of aspects of an annulus, including its definition, graphical representation, properties, and real-world applications. However, they could explore more theoretical underpinnings or advanced concepts to enhance diversity. |","Metric | Score | Justification
Relevance | 5 | All questions directly pertain to the definition, properties, and applications of an annulus.
Coherence | 4 | The questions form a logical progression from defining an annulus to understanding its properties and practical applications, but the link between graphing an annulus and its properties could be made clearer.
Diversity | 5 | The questions cover a range of aspects, including definition, properties, graphical representation, mathematical relationship, and real-world relevance of an annulus.","

| Metric | Score | Justification |
|---|---|---|
| Coherence | 4 | The questions follow a logical progression, starting with seeking a definition and then moving towards more specific properties and applications. However, there is room for improvement in terms of making the transition between questions smoother and more explicit. |
| Relevance | 5 | All questions are highly relevant to the concept of an annulus, focusing on its definition, properties, and applications. They effectively address various aspects of the concept, providing a well-rounded exploration. |
| Diversity | "
"Imagine you are a human, this is the first time you are coming across this Maths Statement or Equation, you have no previous knowledge of it "" The sum of exterior angles of any polygon equals 360°"", what are the top 5 questions that would pop up in your head which would be most useful in learning about it as you are new to it. Give me a simple bullet point list, don't explain them or expand them","Sure! Here are five questions that might be useful for learning about the equation ""The sum of exterior angles of any polygon equals 360°"":

* What is an exterior angle?
* How do I calculate the sum of exterior angles?
* Does this equation apply to all polygons, or are there certain exceptions?
* Can you show me an example of how to use this equation in a real-world scenario?
* Is there a way to prove or disprove this equation using geometric reasoning or proof methods?","| Metric | Score | Justification |
|---|---|---|
| Relevance | 4 | The questions directly relate to the statement about the sum of exterior angles of polygons, including definitions, application, and proof. |
| Coherence | 3 | The questions follow a logical sequence, starting with basic concepts and gradually exploring more complex aspects. However, the transition between Q4 and Q5 could be smoother. |
| Diversity | 4 | The questions cover a range of aspects, from the definition of exterior angles to real-world applications and methods of proof. |","| Metric   | Score | Justification                                                                                                         |
|----------|-------|-----------------------------------------------------------------------------------------------------------------------|
| Relevance | 4     | The questions directly pertain to the details and concept of the statement, focusing on understanding exterior angles. |
| Coherence | 4     | The questions progress logically from defining exterior angles to real-world applications and proof methods.           |
| Diversity | 4     | The questions cover a range of aspects, from basic definitions to practical applications and mathematical proofs.       |","

| Metric | Score | Justification |
| --- | --- | --- |
| Coherence | 4 | The questions follow a logical progression, starting with basic terminology and gradually building towards more complex topics like proof and application. |
| Relevance | 5 | All questions are directly relevant to the statement, exploring various aspects such as definition, calculation, applicability, examples, and proof. |
| Diversity | 5 | The questions cover a wide range of aspects related to the statement, offering multiple perspectives for understanding the concept. |"
"Imagine you are a human, this is the first time you are coming across this Maths Statement or Equation, you have no previous knowledge of it "" The nth term of an arithmetic sequence is given by aₙ = a₁ + (n-1)d"", what are the top 5 questions that would pop up in your head which would be most useful in learning about it as you are new to it. Give me a simple bullet point list, don't explain them or expand them","Sure! Here are five questions that might be useful for learning about the equation ""The nth term of an arithmetic sequence is given by aₙ = a₁ + (n-1)d"":

* What is an arithmetic sequence?
* What does the notation ""aₙ"" represent?
* What is the meaning of ""a₁"" in the equation?
* What is the purpose of the variable ""n"" in the equation?
* How does the value of ""d"" affect the sequence?","| Metric | Score | Justification |
|---|---|---|
| Relevance | 5 | All questions are highly relevant to the given equation, directly addressing its components and their relationships. |
| Coherence | 4 | The questions logically build upon each other, guiding the understanding of the equation from the most basic to more specific aspects. |
| Diversity | 3 | While the questions cover a range of aspects, they primarily focus on defining the equation's elements and their roles, lacking a broader exploration of its applications or implications. |","Metric | Score | Justification
--- | --- | ---
Relevance | 5 | All questions directly pertain to the elements and concepts within the given statement about the arithmetic sequence equation.
Coherence | 4 | The questions progress logically from defining an arithmetic sequence to understanding the specific variables in the equation.
Diversity | 4 | The questions cover different aspects such as the definition of terms, variables, and the impact of ""d"" in the sequence. Overall, they offer a diverse exploration of the topic.","

| Metric | Score | Justification |
|---|---|---|
| Relevance | 5 | All questions are directly relevant to the statement, aiming to clarify its components and structure. |
| Coherence | 4 | The questions follow a logical order, moving from basic definitions to more complex relationships within the equation. However, some connections could be made more explicit between questions. |
| Diversity | 5 | The questions cover various aspects of the statement, providing a comprehensive introduction to the concept of an arithmetic sequence and its representation through the given formula. |"
"Imagine you are a human, this is the first time you are coming across this Maths Statement or Equation, you have no previous knowledge of it "" A parallelogram's opposite sides are equal in length and parallel"", what are the top 5 questions that would pop up in your head which would be most useful in learning about it as you are new to it. Give me a simple bullet point list, don't explain them or expand them","Sure! Here are five questions that might be useful for learning about the equation ""A parallelogram's opposite sides are equal in length and parallel"":

* What is a parallelogram?
* What does it mean for two sides to be parallel?
* Why must the opposite sides of a parallelogram be equal in length?
* How can I prove that this equation is true?
* Are there any exceptions or special cases where this equation might not hold true?","| Metric  | Score | Justification |
|---|---|---|
| Relevance  | 5 | The questions are all directly related to the statement and seek to clarify the definition, properties, and implications of a parallelogram. |
| Coherence  | 4 | The questions follow a logical progression, starting with a basic definition and moving on to more complex concepts such as parallelism and equality of opposite sides. However, the last question about exceptions is somewhat tangential and could be considered a separate line of inquiry. |
| Diversity  | 3 | The questions cover a range of aspects related to the statement, including the definition of a parallelogram, the meaning of parallelism, the equality of opposite sides, and the proof of the equation. However, they do not explore other aspects such as the applications or limitations of the equation. |","Metric | Score | Justification
Relevance | 5 | All questions directly pertain to the details and concepts presented in the statement.
Coherence | 4 | The questions form a logical progression in exploring the properties of parallelograms.
Diversity | 4 | The questions cover different aspects such as definitions, properties, proofs, exceptions, and implications.","

| Metric | Score | Justification |
| --- | --- | --- |
| Coherence | 4 | The questions follow a logical order, starting with defining basic terms and gradually moving towards more complex ideas like proof and exceptions. However, the last question could potentially be split into multiple questions to further explore special cases. |
| Relevance | 5 | All questions are highly relevant to the statement, focusing on key concepts and providing a comprehensive introduction to the topic. |
| Diversity | 5 | The questions cover various aspects of the statement, including definitions, properties, proof methods"
"Imagine you are a human, this is the first time you are coming across this Maths Statement or Equation, you have no previous knowledge of it "" The exterior angle of a triangle is equal to the sum of the two opposite interior angles"", what are the top 5 questions that would pop up in your head which would be most useful in learning about it as you are new to it. Give me a simple bullet point list, don't explain them or expand them","Sure! Here are five questions that could be useful in learning about the equation ""The exterior angle of a triangle is equal to the sum of the two opposite interior angles"":

* What is an exterior angle?
* What are interior angles?
* How do I identify the opposite interior angles in a triangle?
* Can this equation be applied to all types of triangles?
* Are there any exceptions or special cases where this equation does not hold true?","| Metric | Score | Justification |
| ----------- | ----------- | ----------- |
| Relevance | 4 | The questions directly relate to the elements and concepts presented in the statement, aiming to clarify and expand upon them. |
| Coherence | 4 | The questions logically connect to one another, forming a coherent line of inquiry that would logically progress a beginner's understanding of the topic. |
| Diversity | 3 | The questions cover a range of aspects, including definitions, identification of angles, and exceptions to the equation. However, they could explore more theoretical implications or applications to enhance diversity. |","Relevance          4      The questions directly pertain to the elements within the statement and seek to clarify key concepts involved in the equation.
Coherence          5      The questions progress logically from defining basic terms to exploring the application and exceptions of the equation.
Diversity           4      The questions cover a range of aspects related to the statement, including definitions, identification, applicability, and exceptions.","

| Metric | Score | Justification |
|---|---|---|
| Coherence | 4 | The questions follow a logical progression, starting with basic definitions and building towards more complex considerations like applicability and exceptions. |
| Relevance | 5 | All questions are directly relevant to the statement, exploring various aspects of the equation without straying into tangential topics. |
| Diversity | 4 | The questions cover a range of perspectives, including definition, application, and limitations, providing a well-rounded exploration of the topic. |"
"Imagine you are a human, this is the first time you are coming across this Maths Statement or Equation, you have no previous knowledge of it "" A rhombus is a type of parallelogram with all four sides of equal length"", what are the top 5 questions that would pop up in your head which would be most useful in learning about it as you are new to it. Give me a simple bullet point list, don't explain them or expand them","Sure! Here are five questions that might be useful for learning about the equation ""A rhombus is a type of parallelogram with all four sides of equal length"":

* What is a parallelogram?
* What is a rhombus?
* How do we know that all four sides of a rhombus are equal in length?
* Can a rhombus have different angles or are they always the same?
* Are there any real-world examples of rhombuses that I can relate to?","| Metric | Score | Justification |
|---|---|---|
| Relevance | 4 | All questions directly relate to the definition of a rhombus as presented in the statement. They focus on understanding the properties and characteristics of a rhombus, progressing logically from defining parallelograms to exploring the unique features of a rhombus. |
| Coherence | 3 | The questions follow a logical sequence, starting with the basics (defining parallelograms) and gradually building towards more specific aspects (equal side lengths and angle measures). However, the transition from question 3 to question 4 could be smoother, as question 4 introduces a new topic (angle measures) without explicitly connecting it to the previous questions. |
| Diversity | 3 | The questions cover various aspects of a rhombus, including its definition (question 1), shape characteristics (question 2), geometrical properties (question 3), and real-world applications (question 5). While question 5 somewhat diverges from the technical aspects of a rhombus, it provides a practical connection to expand the learner's understanding. |","| Metric    | Score | Justification                                                                                                                                                                       |
|-----------|-------|--------------------------------------------------------------------------------------------------------------------------------------------------------------------------------------|
| Relevance | 4     | The questions directly pertain to the details of a rhombus being a type of parallelogram with equal sides, exploring key concepts such as the shape itself and its properties.     |
| Coherence | 4     | The questions logically progress from defining basic shapes to questioning specific properties of a rhombus, forming a coherent line of inquiry for someone new to the concept.       |
| Diversity | 4     | The questions cover a range of aspects related to rhombuses, including definitions, properties, real-world examples, and the relationship between rhombuses and parallelograms. |","

| Metric | Score | Justification |
| --- | --- | --- |
| Coherence | 4 | The questions follow a logical order, starting with defining basic terms and gradually building up to more complex ideas like angles and real-world examples. However, the last question could potentially be split into two separate questions to further improve coherence. |
| Relevance | 5 | All questions are highly relevant to the statement, focusing on key features of rhombi and parallelograms, as well as exploring how they relate to each other and the world around us. |
"
"Imagine you are a human, this is the first time you are coming across this Maths Statement or Equation, you have no previous knowledge of it "" The distance between two points (x₁, y₁) and (x₂, y₂) in a plane is given by √((x₂ - x₁)² + (y₂ - y₁)²)"", what are the top 5 questions that would pop up in your head which would be most useful in learning about it as you are new to it. Give me a simple bullet point list, don't explain them or expand them","Sure! Here are five questions that might pop up in my head as a human encountering this equation for the first time:

* What do the variables x1, y1, x2, and y2 represent?
* What does the √ symbol mean and how does it relate to the rest of the equation?
* What is the purpose of the parentheses in the equation?
* How do the different parts of the equation (i.e. (x2 - x1)² and (y2 - y1)²) relate to each other?
* Can you provide an example of how","| Metric | Score | Justification |
|---|---|---|
| Relevance | 4 | The questions directly and clearly seek to understand the elements and concepts within the statement, aiming to clarify and expand upon the provided equation. |
| Coherence | 4 | The questions form a coherent line of inquiry, with each question logically building upon the previous one and progressing the understanding of the equation. |
| Diversity | 3 | While the questions cover a range of aspects related to the equation, they primarily focus on understanding its structure and components, without exploring broader implications or applications. |","Metric | Score | Justification
---|---|---
Relevance | 5 | All questions directly pertain to the details and elements presented in the statement, focusing on understanding the variables and symbols in the equation.
Coherence | 4 | The questions form a logical progression from understanding the variables to the purpose of the symbols and relationships within the equation.
Diversity | 4 | The questions cover different aspects such as variable representation, mathematical symbols, and relationships within the equation, offering a broad exploration of the topic.","

| Metric | Score | Justification |
| --- | --- | --- |
| Coherence | 4 | The questions follow a logical order, starting with variable definitions and gradually moving towards more complex concepts like the relationship between different parts of the equation. |
| Relevance | 5 | All questions are highly relevant to the equation, focusing on key components such as variable definitions and the meaning of symbols. |
| Diversity | 4 | The questions cover various aspects of the equation, including its structure, symbols, and underlying principles. However, there is room for further diversification by"
"Imagine you are a human, this is the first time you are coming across this Maths Statement or Equation, you have no previous knowledge of it "" The Law of Sines relates the lengths of the sides of a triangle to the sines of its angles"", what are the top 5 questions that would pop up in your head which would be most useful in learning about it as you are new to it. Give me a simple bullet point list, don't explain them or expand them","Sure! Here are five questions that could be useful in learning about the Law of Sines:

* What is the formula for the Law of Sines?
* How does the Law of Sines relate the lengths of the sides of a triangle to the sines of its angles?
* Can you give an example of how to apply the Law of Sines to solve a problem?
* Are there any restrictions or assumptions that need to be made when using the Law of Sines?
* How does the Law of Sines compare to other methods for solving triangles, such as the Law of Cosines or","| Metric | Score | Justification |
|---|---|---|
| Relevance | 4 | The questions directly target the specific details and concepts presented in the statement, aiming to clarify and expand upon the relationship between the lengths of the triangle's sides and the sines of its angles. They effectively explore the immediate context without delving into advanced or peripheral topics. |
| Coherence | 3 | The questions logically connect to one another, forming a coherent line of inquiry that could gradually deepen a beginner's understanding. The sequence progresses from seeking the formula to understanding its application and potential limitations, providing a structured exploration of the topic. However, the inclusion of a comparative question about the Law of Cosines slightly disrupts the coherence. |
| Diversity | 4 | The questions cover a range of aspects related to the statement, including the formula, conceptual understanding, practical application, assumptions, and comparative analysis. Each question introduces a new dimension or perspective, offering a broad exploration of the topic. |","| Metric   | Score | Justification                                                                                                                 |
|----------|-------|--------------------------------------------------------------------------------------------------------------------------------|
| Relevance|   5   | All questions directly pertain to understanding the Law of Sines, its formula, application, restrictions, and comparisons.    |
| Coherence|   4   | The questions form a logical progression in exploring the Law of Sines, but the last question could be more tightly connected. |
| Diversity|   5   | The questions cover various aspects of the Law of Sines, including theory, application, examples, and comparisons with other methods. |","

| Metric | Score | Justification |
| --- | --- | --- |
| Coherence | 4 | The questions follow a logical progression, starting with the basic formula and then moving on to application and comparison with other methods. However, the last question might be better placed earlier in the sequence to encourage exploration of related concepts before diving into specifics. |
| Relevance | 5 | All questions are directly relevant to the Law of Sines, addressing both the general concept and practical application. They focus on essential aspects of the statement without straying into tangential topics. |"
"Imagine you are a human, this is the first time you are coming across this Maths Statement or Equation, you have no previous knowledge of it "" A geometric sequence is characterized by each term being a constant factor of the previous term"", what are the top 5 questions that would pop up in your head which would be most useful in learning about it as you are new to it. Give me a simple bullet point list, don't explain them or expand them","Sure! Here are five questions that might be helpful in learning about geometric sequences:

* What does it mean for each term to be a constant factor of the previous term?
* Can you give an example of a geometric sequence?
* How do you determine the common ratio of a geometric sequence?
* What are some properties of geometric sequences?
* How can you use geometric sequences to model real-world situations?","| **Metric** | **Score** | **Justification** |
|---|---|---|
| Relevance | 5 | The questions directly address the elements and concepts presented in the statement about geometric sequences. |
| Coherence | 4 | The questions are logically connected and form a coherent line of inquiry that progresses understanding from the definition to properties and applications. |
| Diversity | 4 | The questions cover a wide range of aspects related to geometric sequences, including definition, examples, common ratio, properties, and applications. |","| Metric   | Score | Justification                                                                                                                                                                               |
|----------|-------|---------------------------------------------------------------------------------------------------------------------------------------------------------------------------------------------|
| Relevance | 5     | All questions directly pertain to the details and concepts presented in the statement about geometric sequences.                                                                              |
| Coherence | 4     | The questions flow logically from defining what a geometric sequence is to exploring its properties, with the last question extending into real-world applications.                          |
| Diversity | 4     | The questions cover various aspects of geometric sequences, from definition and examples to determining the common ratio and practical uses, offering a diverse exploration of the topic. |","

| Metric | Score | Justification |
|---|---|---|
| Coherence | 4 | The questions follow a logical progression, starting with understanding the definition and moving towards examples, properties, and applications. However, the last question slightly deviates from the mathematical focus, bringing down the score. |
| Relevance | 5 | All questions are highly relevant to the statement, exploring various aspects such as definition, examples, properties, and applications. They directly address the concept of geometric sequences. |
| Diversity | 5 | The questions cover a wide range of aspects related"
"Imagine you are a human, this is the first time you are coming across this Maths Statement or Equation, you have no previous knowledge of it "" A convex polygon has all interior angles less than 180°"", what are the top 5 questions that would pop up in your head which would be most useful in learning about it as you are new to it. Give me a simple bullet point list, don't explain them or expand them","Sure! Here are five questions that might be useful for learning about the statement ""A convex polygon has all interior angles less than 180°"":

* What is a convex polygon?
* What is an interior angle?
* Why must all interior angles be less than 180°?
* Are there any exceptions to this rule?
* How can I prove that a polygon satisfies this condition?","| Metric | Score | Justification |
|---|---|---|
| Relevance | 5 | All questions directly pertain to the statement and aim to clarify or explore its key concepts and implications. |
| Coherence | 4 | The questions follow a logical progression, building on one another to gradually deepen understanding of convex polygons and their properties. |
| Diversity | 4 | The questions cover a range of aspects, from definitions to implications and applications, providing a comprehensive exploration of the statement. |","Relevance | 5 
- The questions directly pertain to the specific details and concepts presented in the statement, such as convex polygons and interior angles.

Coherence | 4
- The questions form a coherent line of inquiry, progressing from defining key terms to understanding the significance of interior angles in convex polygons. However, the question on exceptions could be more logically placed in the sequence.

Diversity | 4
- The questions cover a range of aspects related to the statement, exploring definitions, reasons, exceptions, and proofs. However, more diversity could be achieved by including a question on the properties or applications of convex polygons.

","

| Metric | Score | Justification                                                                                                                                                                                                                                                                                                                                                                                                                                                                                                                                                                                                                                                                                                                                                                                                                                                                                                                                                                                                                                                                                                                                                                                                                                                                                                                                                                                                                                                                                                                                                                                                                                                                                                                                                                                                                                                                                                                                                                "
"Imagine you are a human, this is the first time you are coming across this Maths Statement or Equation, you have no previous knowledge of it "" When two lines are cut by a transversal, corresponding angles are equal"", what are the top 5 questions that would pop up in your head which would be most useful in learning about it as you are new to it. Give me a simple bullet point list, don't explain them or expand them","Sure! Here are five questions that might be useful for learning about the equation ""When two lines are cut by a transversal, corresponding angles are equal"":

* What does it mean for two lines to be cut by a transversal?
* What are corresponding angles, and how do we identify them?
* Are there any exceptions to this rule, or does it apply universally?
* Can you provide an example or visual aid to help illustrate this concept?
* How can I use this equation to solve problems or prove other mathematical statements?","| Metric | Score | Justification |
|---|---|---|
| Relevance |     5  |     All five questions directly relate to the equation and its implications.     |
| Coherence |     3  |     The questions are generally coherent, with each building upon the previous one to explore different aspects of the equation. However, the transition from question 4 to 5 could be smoother.      |
| Diversity |     4  |     The questions cover a range of topics, including definitions, examples, exceptions, and applications. Question 5 is particularly valuable in demonstrating the practical usefulness of the equation.      |","| Metric   | Score | Justification                                                                                         |
|----------|-------|-------------------------------------------------------------------------------------------------------|
| Relevance | 4     | The questions directly address the concept of the statement and focus on understanding its key elements. |
| Coherence | 4     | The questions progress logically from defining terms to applying the concept and exploring exceptions.  |
| Diversity | 4     | The questions cover different aspects of the statement, including definitions, examples, and applications. |","

| Metric | Score | Justification |
| --- | --- | --- |
| Coherence | 4 | The questions follow a logical order, starting with basic terminology and gradually moving towards more complex topics such as problem-solving and proof. However, the last question could potentially be broken down into simpler steps for better coherence. |
| Relevance | 5 | All questions are highly relevant to the given statement, focusing on essential concepts like identifying corresponding angles, understanding the definition of a transversal, and applying the equation to solve problems. |
| Diversity |"
"Imagine you are a human, this is the first time you are coming across this Maths Statement or Equation, you have no previous knowledge of it "" The surface area of a cylinder is 2πrh + 2πr²"", what are the top 5 questions that would pop up in your head which would be most useful in learning about it as you are new to it. Give me a simple bullet point list, don't explain them or expand them","Sure! Here are five questions that might be useful for learning about the equation for the surface area of a cylinder:

* What do the letters r and h represent in the equation?
* What is the difference between the two terms, 2πrh and 2πr²?
* How do I calculate the surface area of a cylinder if I know its radius and height?
* Is there a way to visualize the surface area of a cylinder to help me understand the equation better?
* Are there any real-world applications of the equation for the surface area of a cylinder?","| Metric | Score | Justification |
|---|---|---|
| Relevance | 5 | All questions directly relate to the formula for the surface area of a cylinder. |
| Coherence | 4 | The questions progress logically, from understanding the variables to applying the formula to real-world scenarios. |
| Diversity | 3 | The questions cover a range of aspects related to the formula, but could explore more theoretical underpinnings or implications. |","Metric | Score | Justification
Relevance | 5 | All questions directly pertain to the details and concepts presented in the statement about the surface area of a cylinder.
Coherence | 4 | The questions form a logical progression of inquiry about the equation and its components, but could be slightly improved for a more seamless flow.
Diversity | 5 | The questions cover a range of aspects related to the surface area of a cylinder, including variables, calculation, visualization, and real-world applications. Overall, they provide a broad exploration of the topic.","

| Metric | Score | Justification |
|---|---|---|
| Coherence | 4 | The questions follow a logical order, starting with basic terminology and gradually moving towards application and visualization. However, the last question could potentially be split into multiple questions to further explore real-world applications. |
| Relevance | 5 | All questions are highly relevant to the given equation, aiming to clarify its components, usage, and practical significance. They focus on essential aspects of the equation without deviating into tangential topics. |
| Diversity | 4 | The"
"Imagine you are a human, this is the first time you are coming across this Maths Statement or Equation, you have no previous knowledge of it "" An exponential function has the form f(x) = a⋅b^x, where b is a positive constant"", what are the top 5 questions that would pop up in your head which would be most useful in learning about it as you are new to it. Give me a simple bullet point list, don't explain them or expand them","Sure! Here are five questions that might be useful for learning about the equation f(x) = a⋅b^x:

* What does the ""a"" represent in the equation?
* What does the ""b"" represent in the equation?
* What does the ""^"" symbol mean in the equation?
* How do I determine the value of ""a"" and ""b""?
* Can you give an example of how to use this equation in a real-world scenario?","| Metric | Score | Justification |
|---|---|---|
| Relevance | 5 | All questions directly relate to understanding the elements of the exponential function equation, providing clarification and exploration. |
| Coherence | 4 | The questions form a logical sequence, starting with the meaning of the variables ""a"" and ""b,"" progressing to their values, and finally applying the equation in practice. |
| Diversity | 3 | While the questions cover key elements, they primarily focus on the equation's components rather than broader implications or applications. |","| Metric    | Score | Justification                                                                                                                              |
|-----------|-------|--------------------------------------------------------------------------------------------------------------------------------------------|
| Relevance | 5     | All questions directly pertain to understanding the elements of the exponential function as presented in the statement.                |
| Coherence | 4     | The questions progress logically from defining the components of the equation to practical applications, forming a coherent inquiry.   |
| Diversity | 4     | The questions cover various aspects such as definitions of ""a"" and ""b"", the symbol ""^"", determining values, and real-world application. |","

| Metric | Score | Justification |
|---|---|---|
| Relevance | 4 | The questions are mostly relevant, except for the last one, which seems to stray slightly from the core concept of understanding the equation. However, it could still be helpful in providing context. |
| Coherence | 5 | The questions follow a logical order, starting with basic components of the equation and gradually moving towards more complex ideas like using the equation in real-life scenarios. |
| Diversity | 4 | The questions cover various aspects of the equation, such as component definitions,"
"Imagine you are a human, this is the first time you are coming across this Maths Statement or Equation, you have no previous knowledge of it "" The sum of the interior angles of a hexagon is 720°"", what are the top 5 questions that would pop up in your head which would be most useful in learning about it as you are new to it. Give me a simple bullet point list, don't explain them or expand them","Sure! Here are five questions that might be useful for learning about the equation ""The sum of the interior angles of a hexagon is 720°"":

* What is an interior angle?
* How do I calculate the sum of the interior angles of a hexagon?
* Is there a formula or pattern that can help me determine the sum of the interior angles of other polygons?
* Can you show me an example or diagram of a hexagon with labeled interior angles?
* Are there any real-world applications or examples where the concept of interior angles and their sum is used?","| Metric | Score | Justification |
|---|---|---|
| Relevance | 4 | The questions are directly related to the statement and address various aspects of interior angles and their sum in hexagons. |
| Coherence | 3 | The questions follow a logical progression, starting with definitions and then exploring the formula, patterns, and applications. However, the connection between Q4 and Q5 could be strengthened. |
| Diversity | 4 | The questions cover a wide range of related topics, such as definitions, calculations, formulas, examples, and real-world applications. |","Metric | Score | Justification
Relevance | 5 | All questions directly pertain to the statement about the sum of interior angles of a hexagon.
Coherence | 4 | The questions form a logical progression in understanding interior angles and their sums, but could be slightly improved in connecting the examples with the formula or pattern.
Diversity | 5 | The questions cover definitions, calculations, patterns, examples, and applications, providing a well-rounded exploration of the topic.

Overall, this set of questions scored well in relevance, coherence, and diversity, offering a comprehensive approach to understanding the statement about the sum of the interior angles of a hexagon.","

| Metric | Score | Justification |
| --- | --- | --- |
| Coherence | 4 | The questions follow a logical progression, starting with basic concepts like interior angles and moving towards more complex ideas such as patterns and real-world applications. However, the questions could benefit from a stronger emphasis on connecting each question to the previous one, making the coherence even clearer. |
| Relevance | 5 | All questions are highly relevant to the statement, focusing on essential concepts related to the sum of interior angles of a hexagon. They effectively address various aspects of the"
"Imagine you are a human, this is the first time you are coming across this Maths Statement or Equation, you have no previous knowledge of it "" The interior angles of a parallelogram are supplementary to each adjacent angle"", what are the top 5 questions that would pop up in your head which would be most useful in learning about it as you are new to it. Give me a simple bullet point list, don't explain them or expand them","Sure! Here are five questions that might be useful for learning about the concept of the interior angles of a parallelogram being supplementary to each adjacent angle:

* What is a parallelogram?
* What are interior angles?
* What does it mean for angles to be supplementary?
* How do I know if two angles are adjacent?
* Can you show me an example of a parallelogram and its interior angles to help me visualize this concept?","| Metric | Score | Justification |
|---|---|---|
| Coherence | 5 | The questions follow a logical progression, starting with basic definitions and leading to more specific concepts related to the statement. |
| Relevance | 4 | All questions are directly related to the statement and aim to clarify key concepts mentioned in it. |
| Diversity | 4 | The questions cover a range of aspects, including definitions, relationships between angles, and visual representation, providing a diverse exploration of the statement. |","| Metric   | Score | Justification                                                                                                       |
|----------|-------|---------------------------------------------------------------------------------------------------------------------|
| Relevance | 5     | All questions directly pertain to the given statement about the interior angles of a parallelogram.               |
| Coherence | 4     | The questions form a logical progression from defining key terms to applying them in the context of a parallelogram. |
| Diversity | 4     | The questions cover definitions, concept clarification, visualization, and application of the given statement.     |","

| Metric | Score | Justification |
| --- | --- | --- |
| Relevance | 5 | All questions are directly relevant to the statement, aiming to clarify fundamental terms and concepts required to understand the main idea. |
| Coherence | 4 | Questions generally follow a logical order, moving from basic definitions to more complex relationships between the terms. However, there is room for better thematic connections between questions. |
| Diversity | 5 | A wide range of aspects related to the statement are addressed, offering a comprehensive introduction to the topic through various perspectives"
"Imagine you are a human, this is the first time you are coming across this Maths Statement or Equation, you have no previous knowledge of it "" In an arithmetic sequence, the difference between consecutive terms is constant"", what are the top 5 questions that would pop up in your head which would be most useful in learning about it as you are new to it. Give me a simple bullet point list, don't explain them or expand them","Sure! Here are five questions that might be useful for learning about the concept of an arithmetic sequence:

* What does it mean for a sequence to be arithmetic?
* How do we determine the common difference in an arithmetic sequence?
* Can you give an example of an arithmetic sequence?
* How do we know if a sequence is arithmetic or not?
* Is there a formula or pattern that can help us identify the nth term of an arithmetic sequence?","| Metric | Score | Justification |
|---|---|---|
| Relevance | 5 | The questions directly probe the details and concepts presented in the statement, seeking clarification of the definition, identification of patterns, and exploration of examples. |
| Coherence | 4 | The questions progress logically, starting with a basic understanding of what an arithmetic sequence is and gradually moving towards more specific aspects like finding the common difference and identifying sequences. |
| Diversity | 4 | The questions cover a range of aspects, including the definition, common difference, examples, identification methods, and formulas for finding the nth term, providing a well-rounded exploration. |","| Metric    | Score | Justification                                                                                           |
|-----------|-------|---------------------------------------------------------------------------------------------------------|
| Relevance | 4     | The questions directly pertain to understanding what an arithmetic sequence is and how it is identified. |
| Coherence | 5     | The questions progress logically from defining an arithmetic sequence to determining its properties.    |
| Diversity | 4     | The questions cover different aspects of arithmetic sequences such as identification and calculation.  |","

| Metric | Score | Justification |
|---|---|---|
| Relevance | 4 | The questions are mostly relevant to the topic of arithmetic sequences and the concept of a constant difference between consecutive terms. However, some questions like ""Can you give an example of an arithmetic sequence?"" could be more specific to the unique aspect of the constant difference. |
| Coherence | 5 | The questions follow a logical progression, starting with basic terminology and gradually moving towards more complex ideas such as identifying the nth term. This structure helps build a comprehensive understanding of the topic"
"Imagine you are a human, this is the first time you are coming across this Maths Statement or Equation, you have no previous knowledge of it "" The Pythagorean identity states that sin²θ + cos²θ = 1 for any angle θ"", what are the top 5 questions that would pop up in your head which would be most useful in learning about it as you are new to it. Give me a simple bullet point list, don't explain them or expand them","Sure! Here are five questions that might be useful for learning about the Pythagorean identity:

* What is the definition of sin(θ) and cos(θ)?
* How do I prove that sin²θ + cos²θ = 1?
* Are there any restrictions on the value of θ for which the identity holds true?
* Can I use the Pythagorean identity to solve problems involving right triangles?
* How does the Pythagorean identity relate to other mathematical concepts, such as trigonometry and geometry?","| Metric | Score | Justification |
|---|---|---|
| Relevance | 5 | All questions directly pertain to the details and concepts of the Pythagorean identity. |
| Coherence | 5 | The sequence of questions leads you through a logical progression of understanding, from defining sin and cos to exploring the identity's applications. |
| Diversity | 5 | The questions cover a range of aspects, including definition, proof, limitations, applications, and connections to other concepts. |","| Metric   | Score | Justification                                                                                                            |
|----------|-------|--------------------------------------------------------------------------------------------------------------------------|
| Relevance | 5     | All questions directly pertain to the Pythagorean identity and aim to clarify, explore, or apply the concept.          |
| Coherence | 4     | The questions progress logically from defining sin(θ) and cos(θ) to proving the identity, exploring applications, and relating it to other concepts.                                    |
| Diversity | 5     | The questions cover various aspects of the Pythagorean identity, including definitions, proofs, restrictions, applications, and connections to other mathematical concepts. |
","

| Metric | Score | Justification |
|---|---|---|
| Coherence | 4 | The questions follow a logical order, starting with basic definitions and gradually moving towards more complex topics like proofs and applications. However, the last question could potentially be broken down into multiple questions to further enhance coherence. |
| Relevance | 5 | All questions are highly relevant to the Pythagorean identity, focusing on essential aspects like definitions, proofs, limitations, and applications. They cover various dimensions of the identity, making them directly applicable to understanding the concept. |
|"
"Imagine you are a human, this is the first time you are coming across this Maths Statement or Equation, you have no previous knowledge of it "" A quadratic equation can be solved by completing the square or using the quadratic formula"", what are the top 5 questions that would pop up in your head which would be most useful in learning about it as you are new to it. Give me a simple bullet point list, don't explain them or expand them","Sure! Here are five questions that might be useful for a human encountering the statement ""A quadratic equation can be solved by completing the square or using the quadratic formula"" for the first time:

* What is a quadratic equation?
* What does it mean to complete the square?
* What is the quadratic formula?
* How do I use the quadratic formula to solve a quadratic equation?
* Can you give me an example of how to solve a quadratic equation using both methods?","| Metric | Score | Justification |
|---|---|---|
| Relevance | 5 | All questions are directly related to the statement and aim to clarify and expand upon the concepts of quadratic equations, completing the square, and the quadratic formula. |
| Coherence | 4 | The questions flow logically from one another, starting with basic concepts and gradually building towards more complex ideas. The sequence of questions facilitates a structured understanding of the topic. |
| Diversity | 4 | The questions cover a range of aspects related to quadratic equations, including their definition, methods of solving, and practical application through an example. They provide a well-rounded exploration of the topic. |","Metric | Score | Justification
Relevance | 5 | All questions directly pertain to the details and concepts presented in the statement, focusing on understanding quadratic equations, completing the square, and using the quadratic formula.
Coherence | 5 | The questions progress logically from understanding what a quadratic equation is to exploring how to solve it using different methods, forming a coherent line of inquiry for a beginner.
Diversity | 5 | The questions offer a diverse exploration of the topic, covering definitions, methods of solving, and requesting examples for a comprehensive understanding of quadratic equations and their solutions.","

| Metric | Score | Justification |
| --- | --- | --- |
| Coherence | 4 | The questions follow a logical progression, starting with basic concepts and gradually building towards more complex ones. However, the final question could potentially be split into two separate questions to further enhance clarity and focus. |
| Relevance | 5 | All questions are highly relevant to the given statement, directly addressing key terms and concepts mentioned in the statement. They effectively target the user's need for foundational understanding and practical application. |
| Diversity | 5 | The questions cover"
"Imagine you are a human, this is the first time you are coming across this Maths Statement or Equation, you have no previous knowledge of it "" The ratio of the circumference of a circle to its diameter is π, regardless of the circle's size"", what are the top 5 questions that would pop up in your head which would be most useful in learning about it as you are new to it. Give me a simple bullet point list, don't explain them or expand them","Sure! Here are five questions that might be useful for learning about the equation:

* What is the definition of circumference?
* What is the definition of diameter?
* What is π and how is it calculated?
* Is there a way to prove that the ratio is always π, regardless of the circle's size?
* Are there any real-world applications of this equation?","| Metric | Score | Justification |
|---|---|---|
| Relevance | 5 | All questions directly relate to the concepts and elements presented in the statement, focusing on key terms like circumference, diameter, and π. |
| Coherence | 4 | The questions follow a logical progression, starting with definitions, then exploring the nature and calculation of π, before moving to theoretical validation and practical applications. |
| Diversity | 4 | The questions cover a range of aspects, including definitions, calculations, theoretical implications, and real-world applications, providing a diverse exploration of the statement. |","| Metric   | Score | Justification                                                                                                                                               |
|----------|-------|-------------------------------------------------------------------------------------------------------------------------------------------------------------|
| Relevance | 5     | All questions directly pertain to the presented statement about the ratio of a circle's circumference to its diameter being π.                                  |
| Coherence | 4     | The questions progress logically from basic definitions of circumference and diameter to exploring the value of π and its applications.                     |
| Diversity | 4     | The questions cover definitions, calculations, proof, and applications, offering a well-rounded exploration of the given statement.                          |","

| Metric | Score | Justification |
|---|---|---|
| Coherence | 4 | The questions follow a logical progression, starting with basic definitions and moving towards proof and application. However, the last question about real-world applications may seem slightly disconnected from the rest of the questions, causing a minor dip in coherence. |
| Relevance | 5 | All questions are highly relevant to the given statement, focusing on essential terms and concepts such as circumference, diameter, and π. They also address the core idea of the statement - the constant ratio between circumference"
"Imagine you are a human, this is the first time you are coming across this Maths Statement or Equation, you have no previous knowledge of it "" The sum of the squares of the legs of a right triangle is equal to the square of the hypotenuse (Pythagorean theorem)"", what are the top 5 questions that would pop up in your head which would be most useful in learning about it as you are new to it. Give me a simple bullet point list, don't explain them or expand them","Sure! Here are five questions that might be useful for learning about the Pythagorean theorem:

* What is a right triangle?
* What do we mean by the ""legs"" of a right triangle?
* What is the hypotenuse of a right triangle?
* How do we calculate the square of a number?
* Can you give an example of how to apply the Pythagorean theorem to a real-world problem?","| Metric | Score | Justification |
|---|---|---|
| Relevance | 5 | All questions directly relate to concepts presented in the statement, aiming to clarify key terms and the theorem's application. |
| Coherence | 4 | The sequence of questions logically builds upon each other, progressing from definitions to calculations and real-world applications. |
| Diversity | 4 | The questions cover a range of aspects, including definitions, calculations, and practical use, offering a broad exploration of the theorem. |","| Metric    | Score | Justification                                                                                                      |
|-----------|-------|--------------------------------------------------------------------------------------------------------------------|
| Relevance | 5     | All questions directly pertain to elements introduced in the statement.                                            |
| Coherence | 4     | Questions progress logically from defining terms to applying the theorem.                                         |
| Diversity | 4     | Questions cover definitions, calculations, applications, and real-world examples, offering a well-rounded exploration. |","

| Metric | Score | Justification                                                                                                                                                                                                                                                                                                                                                                                                                                                                                                                                                                                                                                                                                                                                                                                                                                                                                                                                                                                                                                                                                                                                                                                                                                                                                                                                                                                                                                                                                                                                                                                                                                                                                                                                                                                                                                                                                                                                                                "
"Imagine you are a human, this is the first time you are coming across this Maths Statement or Equation, you have no previous knowledge of it "" A rational number can be expressed as a fraction where both the numerator and the denominator are integers"", what are the top 5 questions that would pop up in your head which would be most useful in learning about it as you are new to it. Give me a simple bullet point list, don't explain them or expand them","Sure! Here are five questions that might be useful for learning about the statement ""A rational number can be expressed as a fraction where both the numerator and the denominator are integers"":

* What is a rational number?
* What is a fraction?
* Why do the numerator and denominator need to be integers?
* How do I express a rational number as a fraction?
* Are there any examples of rational numbers that cannot be expressed as fractions with integer numerators and denominators?","| Metric | Score | Justification |
|---|---|---|
| Relevance | 4 | The questions are all directly related to the statement and aim to clarify the concepts of rational numbers, fractions, and the relationship between the two. |
| Coherence | 4 | The questions follow a logical sequence, starting with the basics of rational numbers and fractions, then exploring the specific requirement of integer numerators and denominators. |
| Diversity | 5 | The questions cover a wide range of aspects related to the statement, including definitions, requirements, examples, and exceptions. |","Relevance | 5
- The questions directly pertain to the details and concepts presented in the statement.

Coherence | 4
- The questions form a coherent line of inquiry, except for the last question which could be more logically connected.

Diversity | 4
- The questions cover a range of aspects related to understanding rational numbers but could include more practical or real-world applications for increased diversity.","

| Metric | Score | Justification |
|---|---|---|
| Coherence | 4 | The questions follow a logical progression, starting with defining basic terms and gradually building towards more complex ideas such as expressing rational numbers as fractions. However, the last question seems slightly out of place, as it asks for counterexamples, which may not be immediately relevant to understanding the definition itself. |
| Relevance | 5 | All questions are highly relevant to the given statement, focusing on clarifying key terms and exploring the implications of the definition. They directly address the concept of rational numbers"
"Imagine you are a human, this is the first time you are coming across this Maths Statement or Equation, you have no previous knowledge of it "" The concept of slope describes the steepness and direction of a line, defined as rise over run"", what are the top 5 questions that would pop up in your head which would be most useful in learning about it as you are new to it. Give me a simple bullet point list, don't explain them or expand them","Sure! Here are five questions that might be useful for a human encountering the concept of slope for the first time:

* What does ""rise"" mean in this context?
* What does ""run"" mean in this context?
* How do I calculate the slope of a line?
* What units does the slope have?
* Can you give me an example of a line with a positive slope and one with a negative slope?","| Metric | Score | Justification |
|---|---|---|
| Relevance | 5 | Each question directly targets a distinct element of the definition, aiming to clarify important concepts related to ""rise"" and ""run"" and their role in calculating slope. |
| Coherence | 4 | The questions form a coherent sequence, starting with the meaning of ""rise"" and ""run,"" then progressing to calculating slope, its units, and examples. Each question logically builds upon the previous one. |
| Diversity | 3 | The questions cover a range of aspects related to the definition of slope, including the meaning of terms, calculation methods, units, and examples. However, they could delve deeper into applications or theoretical underpinnings for improved diversity. |","Relevance | 5
Coherence | 4
Diversity | 5

Justification:
- The questions directly pertain to the details and concepts presented in the statement, addressing key terms and calculations.
- The questions form a coherent progression in understanding slope, although the ordering could be slightly improved for better flow.
- The questions cover a diverse range of aspects related to slope, such as calculations, examples, and units.","

| Metric | Score | Justification                                                   |
|--------|-------|---------------------------------------------------------------|
| Relevance | 5     | All questions are directly related to the definition of slope.    |
| Coherence | 4     | Mostly coherent, but the order could be improved for better flow. |
| Diversity | 4     | Good variety, but some overlap in exploring the same aspect.      |"
"Imagine you are a human, this is the first time you are coming across this Maths Statement or Equation, you have no previous knowledge of it "" Compound interest is calculated by adding interest to the principal sum of a deposit or loan, compounding over time"", what are the top 5 questions that would pop up in your head which would be most useful in learning about it as you are new to it. Give me a simple bullet point list, don't explain them or expand them","Sure, here are five questions that might be useful for learning about compound interest:

* What is the formula for calculating compound interest?
* How does the interest rate affect the total amount owed over time?
* Can you give an example of how compound interest works in a real-world scenario?
* How does compounding frequency (e.g. monthly, annually) impact the total amount owed?
* Is there a way to calculate the total interest paid over the life of a loan or investment?","| Metric | Score | Justification |
|---|---|---|
| Relevance | 4 | The questions are directly related to the statement, exploring different aspects of compound interest, including formula, interest rate, real-world examples, compounding frequency, and total interest paid. |
| Coherence | 4 | The questions follow a logical progression, starting with the basic formula and moving on to more complex concepts like the impact of interest rate and compounding frequency. |
| Diversity | 4 | The questions cover a range of aspects related to compound interest, from theoretical understanding (formula) to practical applications (real-world examples) and implications (interest paid over time). |","| Metric   | Score | Justification                                                                                     |
|----------|-------|---------------------------------------------------------------------------------------------------|
| Relevance | 5     | All questions directly pertain to understanding compound interest as presented in the statement. |
| Coherence | 4     | The questions form a logical progression of inquiry, but could benefit from a clearer flow.       |
| Diversity | 4     | The questions cover various aspects of compound interest, offering a well-rounded exploration.   |","

| Metric | Score | Justification |
|---|---|---|
| Relevance | 5 | All questions are directly related to the concept of compound interest and its calculation. They cover various aspects such as the formula, interest rate, real-world scenarios, compounding frequency, and total interest paid. |
| Coherence | 4 | The questions generally follow a logical order, starting with the basic formula and then moving on to more specific aspects like interest rate and compounding frequency. However, some questions could be rearranged for better flow (e.g., Q3 after Q2)."
"Imagine you are a human, this is the first time you are coming across this Maths Statement or Equation, you have no previous knowledge of it "" The discriminant in a quadratic equation reveals the nature of its roots—whether they are real or complex"", what are the top 5 questions that would pop up in your head which would be most useful in learning about it as you are new to it. Give me a simple bullet point list, don't explain them or expand them","Sure! Here are five questions that might pop up in my head as a human encountering the statement about the discriminant in a quadratic equation for the first time:

* What is a discriminant in a quadratic equation?
* What do real and complex roots mean in this context?
* How does the discriminant reveal the nature of the roots?
* Can you give an example of a quadratic equation with real roots?
* Can you give an example of a quadratic equation with complex roots?","| Metric | Score | Justification |
|---|---|---|
| Relevance | 5 | The questions all directly pertain to the key elements of the given statement, focusing on the meaning of the discriminant, types of roots, and their relation to the discriminant. |
| Coherence | 4 | The questions form a logical progression, starting with the definition of the discriminant, then exploring the nature of roots, and finally using examples to illustrate these concepts. |
| Diversity | 4 | The questions cover a range of aspects, including the definition, interpretation, types of roots, and examples, providing a well-rounded exploration of the statement. |","Metric | Score | Justification
Relevance | 5 | All questions directly pertain to the statement about the discriminant in a quadratic equation.
Coherence | 4 | The questions form a logical progression in understanding the concept of discriminant and roots in quadratic equations.
Diversity | 4 | The questions cover various aspects such as definitions, implications, and examples related to the statement.","

| Metric | Score | Justification                                                                                                                                                                                                                                                                                                                                                                                                                                                                                                                                                                                                                                                                                                                                                                                                                                                                                                                                                                                                                                                                                                                                                                                                                                                                                                                                                                                                                                                                                                                                                                                                                                                                                                                                                                                                                                                                                                                                                                "
"Imagine you are a human, this is the first time you are coming across this Maths Statement or Equation, you have no previous knowledge of it "" Similar triangles have the same shape but not necessarily the same size, illustrating the concept of similarity in geometry"", what are the top 5 questions that would pop up in your head which would be most useful in learning about it as you are new to it. Give me a simple bullet point list, don't explain them or expand them","Sure! Here are five questions that might be useful for learning about the concept of similarity in geometry:

* What does it mean for triangles to be similar?
* How can we tell if two triangles are similar?
* What are some properties of similar triangles?
* Can similar triangles have different sizes?
* How does the concept of similarity apply to other shapes besides triangles?","| Metric | Score | Justification |
|---|---|---|
| Relevance | 5 | All the questions directly relate to the statement about similar triangles. |
| Coherence | 4 | The questions follow a logical sequence, starting with the basic definition of similarity and then exploring different related aspects. |
| Diversity | 4 | The questions cover a range of topics, including the definition of similarity, criteria for similarity, properties of similar triangles, and the application of the concept to other shapes. |","| Metric    | Score | Justification                                                                                         |
|-----------|-------|-------------------------------------------------------------------------------------------------------|
| Relevance | 5     | All questions directly pertain to the concept of similar triangles as introduced in the statement.     |
| Coherence | 4     | The questions flow logically from defining similarity to exploring its properties and applications.    |
| Diversity | 5     | The questions cover various aspects of similarity, including identification, properties, and extensions. |

Overall, this set of questions effectively explores the concept of similarity in geometry by directly addressing relevant points, offering a coherent progression of inquiry, and providing a diverse range of perspectives on the topic.","

| Metric | Score | Justification |
|---|---|---|
| Relevance | 5 | All questions are directly related to the concept of similarity in geometry, asking for clarification on key terms and exploring the properties and relationships between similar figures. |
| Coherence | 4 | The questions generally follow a logical progression, moving from basic definitions and properties to more complex ideas such as comparing similarity across different shapes. However, there is room for improvement in creating a more explicit link between questions, perhaps through transition words or phrases. |
| Diversity | 5 | The"
"Imagine you are a human, this is the first time you are coming across this Maths Statement or Equation, you have no previous knowledge of it "" The principle of mathematical induction is a powerful tool for proving statements about natural numbers"", what are the top 5 questions that would pop up in your head which would be most useful in learning about it as you are new to it. Give me a simple bullet point list, don't explain them or expand them","Sure! Here are five questions that might be useful for someone new to the concept of mathematical induction:

* What is a natural number?
* What does it mean to prove a statement about natural numbers?
* How does the principle of mathematical induction work?
* What kind of statements can be proven using mathematical induction?
* Can you give an example of how to use mathematical induction to prove a statement?","| Metric | Score | Justification |
|---|---|---|
| Relevance | 5 | All questions are directly related to the statement and aim to clarify the concept of mathematical induction and its application. |
| Coherence | 4 | The questions follow a logical sequence, starting with basic definitions and gradually progressing towards more specific aspects of mathematical induction. |
| Diversity | 4 | The questions cover a range of topics, including the definition of natural numbers, the meaning of proving a statement about natural numbers, the principle of mathematical induction, and examples of its application. |","| Metric   | Score | Justification                                                                                               |
|----------|-------|-------------------------------------------------------------------------------------------------------------|
| Relevance | 5     | The questions directly address key aspects of the statement, focusing on natural numbers, proofs, and examples.               |
| Coherence | 4     | The questions progress logically from defining natural numbers to practical application of mathematical induction.           |
| Diversity | 4     | The questions cover a range of aspects including definitions, workings of induction, and examples, offering a comprehensive exploration. |","

| Metric | Score | Justification |
|---|---|---|
| Relevance | 5 | All questions are directly related to the concept of mathematical induction and its application. They cover various aspects such as defining natural numbers, understanding the process of proof, and providing examples. |
| Coherence | 4 | The questions follow a logical order, starting with basic concepts like natural numbers and gradually moving towards more complex ideas like the process of proof and examples. However, there could be better transitions between questions to create a more seamless flow. |
| Diversity | 5 | The"
"Imagine you are a human, this is the first time you are coming across this Maths Statement or Equation, you have no previous knowledge of it "" An irrational number cannot be expressed as a simple fraction, illuminating the diversity of number types"", what are the top 5 questions that would pop up in your head which would be most useful in learning about it as you are new to it. Give me a simple bullet point list, don't explain them or expand them","Sure! Here are five questions that might be useful for learning about the statement ""An irrational number cannot be expressed as a simple fraction"":

* What is an irrational number?
* What is a simple fraction?
* Why can't an irrational number be expressed as a simple fraction?
* Are there any examples of irrational numbers that can't be expressed as simple fractions?
* How does this statement relate to other concepts in mathematics, such as algebra or geometry?","| Metric | Score | Justification |
|---|---|---|
| Relevance | 5 | All questions directly address the statement's core concepts (irrational numbers and their inexpressibility as simple fractions). |
| Coherence | 4 | The questions flow logically, starting with definitions and progressing to explore the statement's implications. |
| Diversity | 3 | The questions cover a range of aspects related to the statement, including definitions, examples, and theoretical connections. However, there could be more exploration of applications. |","| Metric   | Score | Justification                                                                                      |
|----------|-------|----------------------------------------------------------------------------------------------------|
| Relevance | 5     | All questions directly pertain to the statement and aim to clarify or explore its elements.       |
| Coherence | 4     | The questions form a logical progression, but the connection between them could be smoother.      |
| Diversity | 4     | Each question offers a new perspective on the statement, covering a range of related aspects.      |","

| Metric | Score | Justification |
| --- | --- | --- |
| Coherence | 4 | The questions follow a logical progression, starting with defining terms and moving towards more complex ideas like examples and relationships to other mathematical concepts. |
| Relevance | 5 | All questions are directly relevant to the statement, aiming to clarify and expand upon its various components. |
| Diversity | 4 | The questions cover multiple dimensions of the statement, including definitions, properties, examples, and connections to other fields. However, some questions could further explore the concept of"
"Imagine you are a human, this is the first time you are coming across this Maths Statement or Equation, you have no previous knowledge of it "" A tangent to a circle is perpendicular to the radius at the point of tangency, a key property in circle geometry"", what are the top 5 questions that would pop up in your head which would be most useful in learning about it as you are new to it. Give me a simple bullet point list, don't explain them or expand them","Sure! Here are five questions that might be useful for learning about the property of tangents and radii in circle geometry:

* What is a tangent to a circle?
* What is a radius of a circle?
* How do we know that the tangent is perpendicular to the radius at the point of tangency?
* Can this property be used to find the equation of a circle given its center and radius?
* Are there any other important properties of circles that are related to this one?","| Metric | Score | Justification |
|:---|:---|:---|
| **Relevance** | 4 | The questions directly relate to the elements and concepts presented in the statement, focusing on the definition of tangent and radius, their perpendicularity, and potential applications. | 
| **Coherence** | 3 | The questions follow a logical sequence, starting with the basic definitions, exploring the relationship between tangent and radius, and hinting at potential applications and related properties. However, the transition between the fourth and fifth questions could be smoother. |
| **Diversity** | 4 | The questions cover a range of aspects, including definitions, the geometric relationship, potential applications (finding the equation of a circle), and the existence of related properties, providing a diverse exploration of the statement. |","Relevance | 4 - The questions directly pertain to the specific details introduced in the statement about the relationship between tangents and radii in circle geometry.

Coherence | 5 - The questions form a coherent progression, starting from defining basic terms and gradually building to understand the perpendicular relationship between tangents and radii.

Diversity | 4 - The questions cover various aspects of the statement, exploring definitions, relationships, applications, and related properties of circles. However, they could include more diverse perspectives or applications of the tangent and radius property.

Overall, this set of questions demonstrates a strong coherence in introducing and exploring the property of tangents being perpendicular to radii at the point of tangency in circles, with relevant and diverse inquiries to enhance understanding.","

| Metric | Score | Justification |
| --- | --- | --- |
| Coherence | 4 | The questions follow a logical order, starting with basic definitions and gradually moving towards more complex ideas like applying the concept to finding equations. |
| Relevance | 5 | All questions are highly relevant to the statement, focusing on exploring the relationship between tangents and radii in circle geometry. |
| Diversity | 4 | The questions cover various aspects of the topic, such as definitions, relationships, and potential applications. However, some questions could further explore the implications of this"
"Imagine you are a human, this is the first time you are coming across this Maths Statement or Equation, you have no previous knowledge of it "" Logarithms are the inverse operation of exponentiation, linking multiplication and exponentiation to addition"", what are the top 5 questions that would pop up in your head which would be most useful in learning about it as you are new to it. Give me a simple bullet point list, don't explain them or expand them","Sure! Here are five questions that might be helpful for a human encountering the concept of logarithms for the first time:

* What does it mean for an operation to be the ""inverse"" of another operation?
* How do logarithms link multiplication and exponentiation to addition?
* What is the purpose of using logarithms in math?
* How do logarithms relate to the natural world or real-life situations?
* Can you provide an example or visual aid to help me understand logarithms better?","| Metric | Score | Justification |
|---|---|---|
| Coherence | 4 | The questions follow a logical sequence, starting with the inverse relationship between logarithms and exponentiation (Q1), then exploring their connection to addition (Q2), and finally asking about their purpose (Q3). |
| Relevance | 4 | All questions directly relate to the statement, focusing on the key concepts of inverse operations (Q1), linking multiplication and exponentiation (Q2), and understanding the role of logarithms (Q3). |
| Diversity | 3 | The questions provide a diverse range of perspectives on the topic, including the theoretical concept of inverse operations (Q1), the application of logarithms in math (Q2), their real-world relevance (Q4), and the use of examples for understanding (Q5). |","| Metric   | Score | Justification                                                                                             |
|----------|-------|-----------------------------------------------------------------------------------------------------------|
| Relevance | 5     | All questions directly pertain to the concept of logarithms and aim to clarify its fundamental aspects.    |
| Coherence | 4     | The questions flow logically and build upon each other, with the exception of the third question being repetitive. |
| Diversity | 5     | The questions cover various aspects such as understanding, applications, real-world relevance, and examples. |","

| Metric | Score | Justification |
|---|---|---|
| Relevance | 4 | The questions are mostly relevant, except for the fourth question, which seems to stray slightly from the core concept of logarithms. However, it could still be indirectly related to the broader mathematical context. |
| Coherence | 5 | The questions follow a logical progression, starting with fundamental concepts like the meaning of inverse operations and gradually moving towards more complex ideas such as practical applications and examples. |
| Diversity | 4 | The questions cover various aspects of logarithms"
"Imagine you are a human, this is the first time you are coming across this Maths Statement or Equation, you have no previous knowledge of it "" The law of cosines generalizes the Pythagorean theorem for any triangle, not just right triangles"", what are the top 5 questions that would pop up in your head which would be most useful in learning about it as you are new to it. Give me a simple bullet point list, don't explain them or expand them","Sure! Here are five questions that could be useful in learning about the law of cosines:

* What is the Pythagorean theorem and how does it relate to the law of cosines?
* What is the difference between a right triangle and a non-right triangle, and why does the law of cosines matter for non-right triangles?
* How do you apply the law of cosines to solve problems involving triangles?
* Are there any restrictions or limitations on the use of the law of cosines?
* Can the law of cosines be used in combination with other mathematical","| Metric | Score | Justification |
|---|---|---|
| Relevance | 5 | All questions are directly related to the statement, focusing on the topic of the law of cosines and its relationship to triangles and other mathematical concepts. |
| Coherence | 4 | The questions follow a logical progression, starting with a foundational question about the Pythagorean theorem and gradually introducing more complex concepts related to the law of cosines. |
| Diversity | 3 | The questions cover a range of aspects, including the definition, application, and limitations of the law of cosines, but could benefit from exploring additional perspectives or implications. |","Metric | Score | Justification
Relevance | 5 | All questions directly pertain to the details and concepts introduced in the statement regarding the law of cosines.
Coherence | 4 | The questions progress logically from understanding the Pythagorean theorem to the application of the law of cosines, with a slight digression in the fourth question.
Diversity | 5 | The questions cover different aspects of the law of cosines, including its relationship to the Pythagorean theorem, application in problem-solving, limitations, and potential collaborations with other mathematical concepts.","

| Metric | Score | Justification                                                                                                                                                                                                                                                                                                                                                                                                                                                                                                                                                                                                                                                                                                                                                                                                                                                                                                                                                                                                                                                                                                                                                                                                                                                                                                                                                                                                                                                                                                                                                                                                                                                                                                                                                                                                                                                                                                                                                                "
"Imagine you are a human, this is the first time you are coming across this Maths Statement or Equation, you have no previous knowledge of it "" An annulus is the area of a ring-shaped object, calculated as the difference between the area of two circles"", what are the top 5 questions that would pop up in your head which would be most useful in learning about it as you are new to it. Give me a simple bullet point list, don't explain them or expand them","Sure! Here are five questions that might be useful for learning about the concept of an annulus:

* What is the formula for calculating the area of an annulus?
* How do I visualize an annulus and its relationship to the surrounding circles?
* Can you provide an example of a real-world application of annuli?
* How does the size of the inner circle affect the area of the annulus?
* Is there a way to calculate the perimeter of an annulus?","| Metric | Score | Justification |
|---|---|---|
| Relevance | 4 | All questions directly relate to the statement, focusing on key concepts like area calculation, visualization, and real-world applications. |
| Coherence | 5 | The questions progress logically, beginning with the formula and progressing to applications and more advanced concepts. |
| Diversity | 4 | The questions cover a range of aspects, including calculation, visualization, real-world applications, and perimeter. |","| Metric   | Score | Justification                                                                                      |
|----------|-------|----------------------------------------------------------------------------------------------------|
| Relevance  |   5   | All questions directly pertain to understanding the concept of an annulus.                        |
| Coherence |   4   | The questions flow logically and build upon each other, except for the real-world application example question.  |
| Diversity |   5   | The questions cover various aspects of the concept, including formula, visualization, application, and relationship to other shapes. |","

| Metric | Score | Justification                                                                                                                                                                                                                                                                                                                                                                                                                                                                                                                                                                                                                                                                                                                                                                                                                                                                                                                                                                                                                                                                                                                                                                                                                                                                                                                                                                                                                                                                                                                                                                                                                                                                                                                                                                                                                                                                                                                                                                "
"Imagine you are a human, this is the first time you are coming across this Maths Statement or Equation, you have no previous knowledge of it "" The concept of function composition, where one function's output becomes another function's input, demonstrates the chaining of mathematical operations"", what are the top 5 questions that would pop up in your head which would be most useful in learning about it as you are new to it. Give me a simple bullet point list, don't explain them or expand them","Sure! Here are five questions that might be useful for learning about function composition:

* What does it mean for one function's output to become another function's input?
* How do the functions get ""chained"" together?
* Can you give an example of a simple function composition?
* How does the order of the functions matter in composition?
* What kind of mathematical operations can be chained together in this way?","| Metric | Score | Justification |
|---|---|---|
| Relevance | 5 | All questions directly address the elements of function composition mentioned in the statement, exhibiting high relevance. |
| Coherence | 4 | The questions follow a logical order, progressing from a basic understanding to more specific aspects of composition, providing a coherent line of inquiry for a beginner. |
| Diversity | 3 | While the questions cover several key aspects of function composition, they primarily focus on its definition, mechanism, and a simple example. To improve diversity, additional questions could explore applications or more complex examples of function composition. |","Metric | Score | Justification
Relevance | 5 | All questions directly pertain to the concept of function composition as presented in the statement.
Coherence | 4 | The questions form a logical progression to understand function composition, but the connection could be strengthened.
Diversity | 4 | The questions cover different aspects of function composition, offering a diverse exploration of the topic.","

| Metric | Score | Justification |
|---|---|---|
| Relevance | 5 | All questions are directly related to the concept of function composition, asking for clarification on key components such as the meaning of inputs/outputs, chaining, examples, order, and types of operations. |
| Coherence | 4 | The questions generally follow a logical progression, moving from basic definitions to more complex considerations like order and operation types. However, there is some room for improvement in terms of explicit connections between questions. |
| Diversity | 5 | The questions cover"
"Imagine you are a human, this is the first time you are coming across this Maths Statement or Equation, you have no previous knowledge of it "" A scatter plot displays values for typically two variables for a set of data, providing"", what are the top 5 questions that would pop up in your head which would be most useful in learning about it as you are new to it. Give me a simple bullet point list, don't explain them or expand them","Sure! Here are five questions that might be useful for learning about scatter plots:

* What are the two variables typically displayed in a scatter plot?
* What does the x-axis represent in a scatter plot?
* What does the y-axis represent in a scatter plot?
* How do the points on the scatter plot relate to the data being represented?
* Can you give an example of a real-world scenario where a scatter plot would be useful?","| Metric | Score | Justification |
|---|---|---|
| Relevance | 5 | All questions directly pertain to the elements and concepts presented in the statement, aiming to clarify and expand upon them. |
| Coherence | 4 | The questions are logically connected and form a coherent line of inquiry, progressing from basic concepts to specific characteristics and applications. |
| Diversity | 4 | The questions cover a range of aspects, including definitions, variables, axes, and real-world applications, providing a broad exploration of the statement. |","| Metric   | Score | Justification                                                                                                             |
|----------|-------|---------------------------------------------------------------------------------------------------------------------------|
| Relevance | 5     | All questions directly pertain to the details and elements of a scatter plot, focusing on key components and relationships.  |
| Coherence | 4     | The questions flow logically from defining variables to the use of scatter plots in real-world scenarios, forming a coherent line of inquiry. One question about point representation could be placed earlier for better progression. |
| Diversity | 4     | The questions cover fundamental aspects of scatter plots, including variable representation, axis meaning, point interpretation, and practical applications, offering a diverse exploration of the topic.   |","

| Metric | Score | Justification |
|---|---|---|
| Relevance | 5 | All questions are directly relevant to the concept of scatter plots, asking about their components, interpretation, and potential applications. |
| Coherence | 4 | The questions follow a logical progression, moving from basic components to more complex interpretations and examples, though they could be slightly more interconnected in terms of building on each other. |
| Diversity | 5 | The questions cover various aspects of scatter plots, including their structure, representation, and possible uses, offering a comprehensive"
"Imagine you are a human, this is the first time you are coming across this Maths Statement or Equation, you have no previous knowledge of it "" a visual representation of correlation"", what are the top 5 questions that would pop up in your head which would be most useful in learning about it as you are new to it. Give me a simple bullet point list, don't explain them or expand them","Sure! Here are five questions that might be useful for learning about the concept of correlation and its visual representation:

* What does correlation mean in statistics?
* How do you calculate correlation?
* What is a scatter plot and how is it used to visualize correlation?
* What are some examples of positive and negative correlation?
* How can correlation be used in real-world applications?","| Metric | Score | Justification |
|---|---|---|
| Relevance | 4 | All questions directly relate to the topic of ""a visual representation of correlation"" and provide a logical progression from defining correlation to its calculation, visualization, and practical applications. |
| Coherence | 4 | The sequence of questions flows logically, with each question building upon the previous one to deepen understanding of correlation and its visual representation. |
| Diversity | 3 | The questions cover a range of aspects related to correlation, including its definition, calculation methods, visualization using scatter plots, examples, and applications. While the questions provide a broad exploration, they could benefit from delving into additional perspectives or theoretical underpinnings of correlation. |","Relevance | 5 | The questions directly address the core concepts of correlation and its visual representation without straying into advanced topics.
Coherence | 4 | The questions flow logically and build upon each other, but could benefit from a clearer progression in exploring correlation.
Diversity | 4 | The questions cover a variety of aspects related to correlation, including definition, calculation, visualization, examples, and applications. However, they could introduce more diverse perspectives for a comprehensive understanding.","

| Metric | Score | Justification |
|---|---|---|
| Coherence | 4 | The questions follow a logical order, starting with defining correlation and moving towards more complex topics like real-world applications. However, there could be a stronger connection between the last two questions, such as discussing specific real-world examples related to positive and negative correlations. |
| Relevance | 5 | All questions are highly relevant to the concept of correlation and its visual representation. They cover essential aspects like calculation, visualization, and application, providing a comprehensive introduction to the topic. |
| D"
"Imagine you are a human, this is the first time you are coming across this Maths Statement or Equation, you have no previous knowledge of it "" The binomial theorem describes the algebraic expansion of powers of a binomial, illustrating the power of algebraic formulas"", what are the top 5 questions that would pop up in your head which would be most useful in learning about it as you are new to it. Give me a simple bullet point list, don't explain them or expand them","Sure! Here are five questions that might be useful for a human encountering the binomial theorem for the first time:

* What is a binomial?
* What does it mean to expand a binomial?
* How do algebraic formulas help with this expansion?
* What are some examples of using the binomial theorem in practice?
* Can I apply the binomial theorem to more complex mathematical problems?","| Metric | Score | Justification |
|---|---|---|
| Relevance | 5 | All five questions directly relate to the statement, exploring the definition, process, applications, and potential extensions of the binomial theorem. |
| Coherence | 4 | The questions form a logical sequence, starting with the basics and gradually delving deeper into the concept's implications and applications. |
| Diversity | 4 | The questions cover diverse aspects of the binomial theorem, including its definition, expansion method, algebraic significance, practical usage, and potential applications in solving complex problems. |","| Metric  | Score | Justification                                                                                           |
|---------|-------|---------------------------------------------------------------------------------------------------------|
| Relevance  | 5     | All questions directly pertain to the statement on the binomial theorem, focusing on key concepts.      |
| Coherence | 4     | The questions form a logical progression from defining a binomial to practical applications of the theorem. |
| Diversity | 4     | The questions cover a range of aspects from basic definitions to practical examples, offering a well-rounded exploration. |","

| Metric | Score | Justification |
|---|---|---|
| Relevance | 4 | All questions are relevant to the statement, however, the last two questions could be more specific to the binomial theorem itself. |
| Coherence | 5 | The questions follow a logical order, starting with basic concepts and gradually moving towards more complex ideas. |
| Diversity | 3 | Although all questions are relevant, there is some overlap in the topics they cover. For example, both the second and third questions touch upon the concept of expansion. |"
"Imagine you are a human, this is the first time you are coming across this Maths Statement or Equation, you have no previous knowledge of it ""The area of an ellipse is πab where a and b are the semi-major and semi-minor axes  "", what are the top 5 questions that would pop up in your head which would be most useful in learning about it as you are new to it. Give me a simple bullet point list, don't explain them or expand them","Sure! Here are five questions that might pop up in my head as a human encountering the equation ""The area of an ellipse is πab where a and b are the semi-major and semi-minor axes"" for the first time:

* What is an ellipse?
* What do the letters a and b represent in the equation?
* What does π represent in the equation?
* How do I calculate the area of an ellipse using this equation?
* Can I apply this equation to real-world problems or scenarios?","| Metric | Score | Justification |
| --- | --- | --- |
| Relevance | 5 | All questions are directly relevant to the statement, seeking clarification on key concepts (ellipse, a, b, π) and practical application. |
| Coherence | 4 | The questions form a logical progression, starting with foundational concepts and gradually moving towards practical application, providing a structured exploration of the statement. |
| Diversity | 3 | The questions cover a range of aspects, including definition, variable interpretation, constant identification, calculation method, and application potential, offering a broad exploration of the topic. However, they could delve deeper into theoretical underpinnings or explore different types of ellipses for improved diversity. |","Relevance | 5 | The questions directly pertain to the details and elements presented in the statement, aiming to clarify and explore the concept of the area of an ellipse.
Coherence | 4 | The questions form a coherent line of inquiry, starting with defining an ellipse and gradually progressing towards understanding the calculation of its area.
Diversity | 4 | The questions cover a range of aspects related to the statement, including definitions, calculations, and practical applications of the concept of the area of an ellipse.","

| Metric | Score | Justification |
| --- | --- | --- |
| Relevance | 5 | All questions are directly related to the statement, aiming to clarify its components and potential applications. |
| Coherence | 4 | The questions follow a logical order, moving from basic definitions to practical applications, though some connections could be stronger. |
| Diversity | 5 | The questions cover various aspects of the statement, providing a well-rounded exploration of the concept. |"
"Imagine you are a human, this is the first time you are coming across this Maths Statement or Equation, you have no previous knowledge of it ""The sum of any two sides of a triangle is greater than the third side  "", what are the top 5 questions that would pop up in your head which would be most useful in learning about it as you are new to it. Give me a simple bullet point list, don't explain them or expand them","Sure! Here are five questions that might be useful for learning about the equation ""The sum of any two sides of a triangle is greater than the third side"":

* What does it mean for two sides of a triangle to be ""greater"" than the third side?
* Are there any restrictions on the sizes of the sides of the triangle?
* How can I prove that this equation is true?
* Are there any exceptions to this rule, or does it apply to all triangles?
* Can this equation be applied to other types of geometric shapes, or is it unique to triangles?","| Metric | Score | Justification |
|---|---|---|
| Relevance | 5 | All five questions are directly relevant to the given statement. They seek to clarify the meaning of the statement, explore its implications, and consider its limitations. |
| Coherence | 4 | The questions are logically connected to one another. They progress from a basic understanding of the statement to more advanced considerations. |
| Diversity | 4 | The questions cover a range of aspects related to the statement, including its meaning, proof, exceptions, and applications. |","Metric        | Score | Justification
Relevance     | 4        | The questions directly relate to the given statement about the sum of triangle sides.
Coherence   | 5        | The questions progress logically from defining the concept to exploring exceptions and applications.
Diversity     | 4        | The questions cover various aspects like understanding, proof, exceptions, and generalizability.","

| Metric | Score | Justification                                                                                                                                                                                                                                                                                                                                                                                                                                                                                                                                                                                                                                                                                                                                                                                                                                                                                                                                                                                                                                                                                                                                                                                                                                                                                                                                                                                                                                                                                                                                                                                                                                                                                                                                                                                                                                                                                                                                                                "
"Imagine you are a human, this is the first time you are coming across this Maths Statement or Equation, you have no previous knowledge of it ""The volume of a cone is (1/3)πr²h  "", what are the top 5 questions that would pop up in your head which would be most useful in learning about it as you are new to it. Give me a simple bullet point list, don't explain them or expand them","Sure! Here are five questions that might be useful for learning about the equation for the volume of a cone:

* What is the formula trying to represent?
* What do the variables r and h represent?
* Why is the formula divided by 3?
* How does the formula relate to the volume of other shapes, like cylinders or spheres?
* Can I see an example of how to use the formula to find the volume of a real-world cone?","| Metric | Score | Justification |
|---|---|---|
| Relevance | 4 | The questions are directly related to the formula for the volume of a cone and aim to clarify its components and applications. |
| Coherence | 3 | The questions follow a logical progression, starting with the general concept and gradually exploring specific aspects of the formula and its implications. However, the connection between questions 4 and 5 could be stronger. |
| Diversity | 4 | The questions cover a range of aspects related to the formula, including its purpose, variables, derivation, and application to real-world scenarios. |","| Metric    | Score | Justification                                                                                                          |
|-----------|-------|------------------------------------------------------------------------------------------------------------------------|
| Relevance | 5     | All questions directly relate to understanding the formula for the volume of a cone.                                   |
| Coherence | 5     | The questions progress logically from understanding the formula to real-world applications.                            |
| Diversity | 5     | The questions cover interpretation, variables, division by 3, comparisons to other shapes, and practical examples.   |","

| Metric | Score | Justification                                                                                                                                                                                                                                                                                                                                                                                                                                                                                                                                                                                                                                                                                                                                                                                                                                                                                                                                                                                                                                                                                                                                                                                                                                                                                                                                                                                                                                                                                                                                                                                                                                                                                                                                                                                                                                                                                                                                                                "
"Imagine you are a human, this is the first time you are coming across this Maths Statement or Equation, you have no previous knowledge of it ""A cyclic quadrilateral is a quadrilateral with all its vertices on a single circle  "", what are the top 5 questions that would pop up in your head which would be most useful in learning about it as you are new to it. Give me a simple bullet point list, don't explain them or expand them","Sure! Here are five questions that might be useful in learning about cyclic quadrilaterals:

* What is a quadrilateral?
* What is a circle?
* How can all the vertices of a quadrilateral be on a single circle?
* Are there any specific properties or characteristics of cyclic quadrilaterals?
* Can you give an example of a cyclic quadrilateral?","| Metric | Score | Justification |
|---|---|---|
| Relevance | 5 | All five questions directly target the foundational concepts and details of cyclic quadrilaterals as presented in the statement. They focus on the definition, properties, and examples of cyclic quadrilaterals, fostering a clear understanding of the topic. |
| Coherence | 4 | The questions follow a logical progression, beginning with the most basic concepts of quadrilaterals and circles and gradually building toward the specific characteristics of cyclic quadrilaterals. This sequence facilitates a structured exploration of the topic. |
| Diversity | 3 | While the questions cover the essential elements of cyclic quadrilaterals, they primarily focus on the basic definition and properties. Expanding the questions to include other aspects like applications, historical context, or theoretical underpinnings would increase the diversity of exploration. |","Metric | Score | Justification
Relevance | 5 | All questions directly pertain to the concept of cyclic quadrilaterals as presented in the statement.
Coherence | 5 | The questions progress logically from defining basic terms to more specific aspects of cyclic quadrilaterals.
Diversity | 5 | Each question explores a different aspect of understanding cyclic quadrilaterals, providing a broad exploration of the topic.

(Note: Scores are based on the questions' alignment with the criteria for relevance, coherence, and diversity in relation to the given statement about cyclic quadrilaterals.)","

| Metric | Score | Justification                                                                                                                                                                                                                                                                                                                                                                                                                                                                                                                                                                                                                                                                                                                                                                                                                                                                                                                                                                                                                                                                                                                                                                                                                                                                                                                                                                                                                                                                                                                                                                                                                                                                                                                                                                                                                                                                                                                                                                "
"Imagine you are a human, this is the first time you are coming across this Maths Statement or Equation, you have no previous knowledge of it ""The square root of a negative number is not defined in the set of real numbers  "", what are the top 5 questions that would pop up in your head which would be most useful in learning about it as you are new to it. Give me a simple bullet point list, don't explain them or expand them","Sure! Here are five questions that might be useful for learning about the statement ""The square root of a negative number is not defined in the set of real numbers"":

* What does it mean for a number to be negative?
* What is the set of real numbers?
* What is a square root?
* Why can't the square root of a negative number be found in the set of real numbers?
* Are there any other ways to find the square root of a negative number?","| Metric | Score | Justification |
|---|---|---|
| Relevance | 5 | All questions directly relate to the given statement and explore its key elements and implications. |
| Coherence | 4 | The questions follow a logical progression that builds upon one another, gradually deepening the understanding of the concept. |
| Diversity | 4 | The questions cover various aspects of the statement, addressing definitions, limitations, and potential alternatives. |","Metric | Score | Justification
Relevance | 5 | All questions directly relate to the statement about the square root of a negative number not being defined in the set of real numbers.
Coherence | 4 | The questions progress logically from defining negative numbers, real numbers, and square roots to exploring why the square root of a negative number is undefined. The last question provides an extension to alternative methods.
Diversity | 4 | The questions cover definitions of negative numbers, real numbers, and square roots, as well as the specific limitation of finding the square root of a negative number in real numbers. The final question introduces the possibility of other methods for finding the square root.","

| Metric | Score | Justification                                                                                                                                                                                                                                                                                                                                                                                                                                                                                                                                                                                                                                                                                                                                                                                                                                                                                                                                                                                                                                                                                                                                                                                                                                                                                                                                                                                                                                                                                                                                                                                                                                                                                                                                                                                                                                                                                                                                                                "
"Imagine you are a human, this is the first time you are coming across this Maths Statement or Equation, you have no previous knowledge of it ""The area of a sector of a circle is ½r²θ where θ is in radians  "", what are the top 5 questions that would pop up in your head which would be most useful in learning about it as you are new to it. Give me a simple bullet point list, don't explain them or expand them","Sure! Here are five questions that might be helpful in learning about the equation for the area of a sector of a circle:

* What is a sector of a circle?
* What does r represent in the equation?
* What are radians and why are they used in the equation?
* How do I calculate the area of a sector using this equation?
* Can I use this equation to find the area of other shapes, or is it specific to sectors of circles?","| Metric | Score | Justification |
|---|---|---|
| Relevance | 5 | All questions directly relate to the given statement, aiming to clarify key concepts and the practical application of the equation. |
| Coherence | 4 | The questions follow a logical sequence, starting with basic definitions and progressing to more specific inquiries about the equation and its applications. |
| Diversity | 4 | The questions cover a range of aspects, including the definition of a sector, the meaning of variables, the use of radians, the application of the equation, and its limitations. |","| Metric   | Score | Justification                                                                                                                                                                 |
|----------|-------|-------------------------------------------------------------------------------------------------------------------------------------------------------------------------------|
| Relevance | 5     | All questions directly address key elements of the statement about the area of a sector of a circle, focusing on understanding its components and application.           |
| Coherence | 4     | The questions progress logically from defining a sector of a circle to understanding each element in the formula, culminating in practical application and extension.     |
| Diversity | 5     | The questions cover a range of aspects related to the statement, from basic definitions to calculation methods and potential extensions, offering a well-rounded exploration. |","

| Metric | Score | Justification                                                                                                                                                                                                                                                                                                                                                                                                                                                                                                                                                                                                                                                                                                                                                                                                                                                                                                                                                                                                                                                                                                                                                                                                                                                                                                                                                                                                                                                                                                                                                                                                                                                                                                                                                                                                                                                                                                                                                                "
"Imagine you are a human, this is the first time you are coming across this Maths Statement or Equation, you have no previous knowledge of it ""The sum of any two angles in a cyclic quadrilateral is 180°  "", what are the top 5 questions that would pop up in your head which would be most useful in learning about it as you are new to it. Give me a simple bullet point list, don't explain them or expand them","Sure! Here are five questions that might be useful for learning about the equation ""The sum of any two angles in a cyclic quadrilateral is 180°"":

* What is a cyclic quadrilateral?
* What does it mean for two angles to be in a cyclic quadrilateral?
* Why does the sum of any two angles in a cyclic quadrilateral equal 180°?
* Are there any exceptions to this rule?
* How can I use this equation to solve problems involving angles in a cyclic quadrilateral?","| Metric | Score | Justification |
|---|---|---|
| Relevance | 5 | All questions directly relate to the statement, seeking clarification on the definition, properties, and applications of angles in a cyclic quadrilateral. |
| Coherence | 4 | The questions form a logical progression, starting with basic definitions and progressing to more specific inquiries about the rule and its implications. |
| Diversity | 4 | The questions cover a range of aspects, including definitions, relationships, justifications, exceptions, and practical applications. |","Metric         Score     Justification
Relevance    5          The questions directly relate to the statement and aim to clarify its elements.
Coherence    4          The questions form a logical progression in understanding the concept.
Diversity    4          The questions cover various aspects of the statement, providing a broad exploration.","

| Metric | Score | Justification |
| --- | --- | --- |
| Coherence | 4 | The questions follow a logical order, starting with defining terms and gradually moving towards more complex ideas like the proof and application of the equation. However, the last question could potentially be split into multiple questions to further enhance the coherence. |
| Relevance | 5 | All questions are highly relevant to the given statement, aiming to clarify the definition, reasoning, and practical usage of the equation. They effectively address various aspects of the concept, ensuring a comprehensive exploration. |
"
"Imagine you are a human, this is the first time you are coming across this Maths Statement or Equation, you have no previous knowledge of it ""The product of the gradients of two perpendicular lines is -1  "", what are the top 5 questions that would pop up in your head which would be most useful in learning about it as you are new to it. Give me a simple bullet point list, don't explain them or expand them","Sure! Here are five questions that might be useful for learning about the equation ""The product of the gradients of two perpendicular lines is -1"":

* What do gradient and perpendicular mean in this context?
* Can you give an example of two perpendicular lines and their gradients?
* How does the product of the gradients relate to the slope of the lines?
* Is there a way to visualize this equation, perhaps using a graph or diagram?
* Are there any real-world applications of this equation, such as in engineering or physics?","| Metric | Score | Justification |
|---|---|---|
| Relevance | 5 | All questions directly relate to the equation, exploring its key concepts and implications. |
| Coherence | 4 | The questions form a logical sequence, starting with basic definitions and progressing to more advanced concepts. |
| Diversity | 4 | The questions cover a range of aspects, from definitions to applications, providing a comprehensive exploration of the equation. |","Relevance  
- Score: 5  
- Justification: All questions directly address key concepts in the statement about the product of gradients of perpendicular lines, focusing on clarification and understanding.  

Coherence  
- Score: 4  
- Justification: The questions form a logical progression by starting with definitions, moving to examples, and then exploring the implications and applications of the equation.  

Diversity  
- Score: 4  
- Justification: The questions cover a range of aspects including definitions, examples, visualization, and real-world applications, offering a diverse exploration of the topic.","

| Metric | Score | Justification                                                                                                                                                                                                                                                                                                                                                                                                                                                                                                                                                                                                                                                                                                                                                                                                                                                                                                                                                                                                                                                                                                                                                                                                                                                                                                                                                                                                                                                                                                                                                                                                                                                                                                                                                                                                                                                                                                                                                                "
"Imagine you are a human, this is the first time you are coming across this Maths Statement or Equation, you have no previous knowledge of it ""The volume of a pyramid is (1/3)Bh where B is the area of the base and h is the height  "", what are the top 5 questions that would pop up in your head which would be most useful in learning about it as you are new to it. Give me a simple bullet point list, don't explain them or expand them","Sure! Here are five questions that might be useful for learning about the equation for the volume of a pyramid:

* What does the symbol Bh represent?
* How do I calculate the area of the base (B)?
* What is the height (h) of the pyramid?
* Why is the volume of a pyramid equal to (1/3)Bh?
* Can I use this equation to find the volume of other types of shapes?","| Metric | Score | Justification |
|---|---|---|
| Relevance | 5 | The questions directly relate to the elements, their meanings, and significance within the formula (1/3)Bh for calculating the volume of a pyramid. |
| Coherence | 4 | The questions logically connect and progress from understanding the symbols and their representation of the base area and height to their application in the formula and the rationale behind the equation. |
| Diversity | 4 | The questions cover a range of aspects, including the interpretation of symbols, the process of calculating base area, measuring height, the derivation of the formula itself, and its broader applicability. |","| Metric    | Score | Justification                                                                                                       |
|-----------|-------|---------------------------------------------------------------------------------------------------------------------|
| Relevance | 5     | All questions directly relate to the statement about the volume of a pyramid and aim to clarify its components.     |
| Coherence | 4     | The questions progress logically from defining the components to understanding the formula and its application.      |
| Diversity | 3     | While the questions cover essential aspects of the statement, more variety in exploring implications or examples would enhance diversity. |","

| Metric | Score | Justification                                                                                                                                                                                                                                                                                                                                                                                                                                                                                                                                                                                                                                                                                                                                                                                                                                                                                                                                                                                                                                                                                                                                                                                                                                                                                                                                                                                                                                                                                                                                                                                                                                                                                                                                                                                                                                                                                                                                                                "
"Imagine you are a human, this is the first time you are coming across this Maths Statement or Equation, you have no previous knowledge of it ""An angle inscribed in a semicircle is a right angle  "", what are the top 5 questions that would pop up in your head which would be most useful in learning about it as you are new to it. Give me a simple bullet point list, don't explain them or expand them","Sure! Here are five questions that might be useful for learning about the equation ""An angle inscribed in a semicircle is a right angle"":

* What is an inscribed angle?
* What is a semicircle?
* What is a right angle?
* How do I know if an angle is inscribed in a semicircle?
* Can this equation be applied to other types of angles or shapes?","| Metric | Score | Justification |
|---|---|---|
| Relevance | 4 | The questions directly target the key concepts and definitions of the statement, exploring the meaning of inscribed angles, semicircles, and right angles. |
| Coherence | 3 | The questions generally follow a logical sequence, starting with basic concepts and progressing to more specific properties. However, the final question slightly deviates from the direct exploration of the statement. |
| Diversity | 4 | The questions cover various aspects of the statement, ranging from the components of the equation to the conditions for inscribed angles and the potential for the equation to apply to other shapes. |","Relevance  
- Score: 5  
- Justification: All questions directly pertain to the components of the statement, focusing on clarifying definitions and conditions related to the given equation.

Coherence  
- Score: 4  
- Justification: The questions form a coherent progression from understanding basic definitions to the application of the equation, with a logical flow overall.

Diversity  
- Score: 4  
- Justification: The questions cover various aspects such as definitions, properties of shapes, and application of the equation, offering a diverse exploration of the topic.

(Note: Scores are based on the given prompts and the LLM's output)","

| Metric | Score | Justification |
| --- | --- | --- |
| Coherence | 4 | The questions follow a logical order, starting with basic definitions and gradually building towards more complex ideas like application. However, there is some room for improvement in terms of making the questions flow even more smoothly into one another. |
| Relevance | 5 | All questions are highly relevant to the statement, focusing on key concepts such as inscribed angles, semicircles, and right angles. They also touch on important considerations like identifying inscribed angles and potential applications. |
|"
"Imagine you are a human, this is the first time you are coming across this Maths Statement or Equation, you have no previous knowledge of it ""The equation of a parabola with focus (a,b) and directrix y = k is (x-a)² = 4p(y-b)  "", what are the top 5 questions that would pop up in your head which would be most useful in learning about it as you are new to it. Give me a simple bullet point list, don't explain them or expand them","Sure! Here are five questions that might be useful for a human encountering the equation of a parabola for the first time:

* What is a parabola?
* What does it mean for a parabola to have a focus?
* What is the directrix of a parabola?
* What do the variables x, y, a, b, and p represent in the equation?
* How can I use this equation to graph a parabola on a coordinate plane?","| Metric | Score | Justification |
|---|---|---|
| Relevance | 4 | The questions are directly related to the elements and concepts presented in the statement. They aim to clarify and expand upon the key details of the equation of a parabola, including its focus, directrix, and the roles of variables. |
| Coherence | 4 | The questions logically connect to one another, forming a coherent line of inquiry. They start with a basic definition of a parabola and then gradually explore its focus, directrix, and the variables involved in its equation. |
| Diversity | 3 | The questions cover a range of aspects related to the parabola equation, including its definition, focus, directrix, variables, and graphing. However, they do not delve into more advanced topics such as the relationship between the focus and the directrix, or the use of the equation to solve problems. |","| Metric    | Score | Justification                                                                                                                                                             |
|-----------|-------|---------------------------------------------------------------------------------------------------------------------------------------------------------------------------|
| Relevance | 5     | All questions directly pertain to elements introduced in the equation of a parabola.                                                                                        |
| Coherence | 4     | Questions progress logically from defining a parabola to understanding key components like focus, directrix, and variables, though a smoother connection could enhance coherence. |
| Diversity | 5     | The questions cover various aspects of the equation, including definitions, components, and application for graphing, offering a broad exploration of the topic.               |","

| Metric | Score | Justification |
|---|---|---|
| Coherence | 5 | The questions follow a logical order, starting with general concepts and gradually moving towards more specific ones. They also build upon each other, creating a coherent line of inquiry. |
| Relevance | 5 | All questions are highly relevant to the statement, addressing essential components such as defining a parabola, understanding key terms, and applying the equation to graphing. |
| Diversity | 5 | The questions cover various aspects of the statement, providing a well-rounded exploration"
"Imagine you are a human, this is the first time you are coming across this Maths Statement or Equation, you have no previous knowledge of it ""The sum of the reciprocals of the roots of a quadratic equation ax² + bx + c = 0 is -b/a  "", what are the top 5 questions that would pop up in your head which would be most useful in learning about it as you are new to it. Give me a simple bullet point list, don't explain them or expand them","Sure! Here are five questions that might be useful for a human encountering the equation ""The sum of the reciprocals of the roots of a quadratic equation ax² + bx + c = 0 is -b/a"" for the first time:

* What is a quadratic equation?
* What are the roots of a quadratic equation?
* What does it mean for a number to be the reciprocal of another number?
* How do I find the reciprocals of the roots of a quadratic equation?
* Why is the sum of the reciprocals of the roots","| Metric | Score | Justification |
|---|---|---|
| Relevance | 5 | All questions directly relate to the given statement, seeking clarification on key concepts and their relationship to the sum of reciprocals. |
| Coherence | 4 | The questions form a logical sequence, building from basic definitions to specific aspects of the statement. However, the last question is slightly less connected. |
| Diversity | 4 | The questions cover a range of aspects, including the definition of a quadratic equation, the concept of roots, reciprocals, and their significance in the given statement. |","| Metric    | Score | Justification                                                                                         |
|-----------|-------|-------------------------------------------------------------------------------------------------------|
| Relevance | 5     | All questions directly pertain to elements within the statement or scenario.                             |
| Coherence | 4     | Questions form a coherent progression in understanding the quadratic equation and its components.      |
| Diversity | 4     | Questions cover various aspects of the statement, offering a broad exploration of the topic.           |","

| Metric | Score | Justification |
|---|---|---|
| Coherence | 4 | The questions follow a logical progression, moving from defining basic terms to exploring the relationship between those terms and the equation in question. |
| Relevance | 5 | All questions are directly relevant to the equation and its components, providing clear avenues for understanding the concept. |
| Diversity | 4 | The questions cover various aspects of the equation, including its definition, the roots, and the relationships between them. However, some questions could potentially overlap in their focus. |"
"Imagine you are a human, this is the first time you are coming across this Maths Statement or Equation, you have no previous knowledge of it ""The coefficient of x^n in the expansion of (a + b)^n is given by nCk a^(n-k)b^k  "", what are the top 5 questions that would pop up in your head which would be most useful in learning about it as you are new to it. Give me a simple bullet point list, don't explain them or expand them","Sure! Here are five questions that might be useful for a human encountering the equation ""The coefficient of x^n in the expansion of (a + b)^n is given by nCk a^(n-k)b^k"" for the first time:

* What does the notation ""nCk"" represent?
* What is the meaning of the expression ""a^(n-k)b^k""?
* How do we determine the value of k in the equation?
* Is there a pattern or method to the way the coefficients are calculated?
* Can you provide an example of","| Metric | Score | Justification |
|---|---|---|
| Relevance | 5 | All questions directly relate to the concepts and notations presented in the statement. |
| Coherence | 4 | The questions logically connect and build upon one another, providing a structured exploration of the statement. Question 4 somewhat deviates from the direct interpretation but still aligns with the theme. |
| Diversity | 4 | The questions cover various aspects of the statement, including notation, interpretation of terms, and patterns. While they mainly focus on the general formula, they provide a well-rounded exploration. |","Relevance | 4 | The questions directly address key components of the equation and seek to clarify its elements.
Coherence | 3 | The questions connect to each other but could benefit from a more structured progression.
Diversity | 4 | The questions cover different aspects of the equation, offering a range of perspectives for understanding.

(Note: The questions are relevant and diverse, but a clearer progression in inquiry could enhance coherence.)","

| Metric | Score | Justification |
| --- | --- | --- |
| Coherence | 4 | The questions follow a logical order, starting with basic terminology and gradually moving towards more complex concepts like patterns and examples. However, the final question could benefit from being more specific to ensure maximum relevance. |
| Relevance | 5 | All questions are highly relevant to the original statement, focusing on key components such as the notation, exponents, and the variable k. They also address broader concepts like patterns and examples, providing a well-rounded exploration of the topic. |"
"Imagine you are a human, this is the first time you are coming across this Maths Statement or Equation, you have no previous knowledge of it ""The harmonic mean of two numbers is 2ab/(a+b)  "", what are the top 5 questions that would pop up in your head which would be most useful in learning about it as you are new to it. Give me a simple bullet point list, don't explain them or expand them","Sure! Here are five questions that might be useful for learning about the harmonic mean equation:

* What is the harmonic mean, and how does it differ from other types of means (e.g. arithmetic mean, geometric mean)?
* What do the variables ""a"" and ""b"" represent in the equation, and how do they relate to each other?
* How do I solve for ""a"" and ""b"" in terms of the given equation?
* Are there any restrictions or limitations on the values of ""a"" and ""b"" that would make the equation invalid or impossible to solve","| Metric | Score | Justification |
|---|---|---|
| Relevance | 4 | The questions directly explore the definition, variables, and problem-solving aspects of the harmonic mean equation, covering core concepts from the statement. |
| Coherence | 4 | The questions follow a logical progression, starting with foundational inquiries about the harmonic mean, its variables, and then delving into problem-solving aspects, fostering a gradual understanding. |
| Diversity | 3 | While the questions cover key concepts, they primarily focus on understanding the equation's mechanics. Additional questions that explore applications or theoretical underpinnings would enhance the diversity of exploration. |","Relevance | 5 | The questions directly address the key elements of the statement, focusing on understanding the harmonic mean equation.
Coherence | 4 | The questions progress logically, starting with defining the harmonic mean and moving towards solving for the variables in the equation.
Diversity | 5 | The questions cover a range of aspects from understanding the harmonic mean to solving for variables and considering limitations, offering a diverse exploration of the topic. 

Relevance | 5 | The questions directly address the key elements of the statement, focusing on understanding the harmonic mean equation.
Coherence | 4 | The questions progress logically, starting with defining the harmonic mean and moving towards solving for the variables in the equation.
Diversity | 5 | The questions cover a range of aspects from understanding the harmonic mean to solving for variables and considering limitations, offering a diverse exploration of the topic. 

Relevance | 4 | The questions are relevant to understanding the harmonic mean equation, addressing key concepts and variables.
Coherence | 4 | The questions flow logically from defining the harmonic mean to solving for variables, forming a coherent line of inquiry.
Diversity | 4 | The questions cover different aspects of the equation, such as definitions, variable relationships, and restrictions, providing a diverse exploration of","

| Metric | Score | Justification |
| --- | --- | --- |
| Coherence | 4 | The questions follow a logical order, starting with general concepts and moving towards more specific concerns. However, some connections between questions could be made clearer. |
| Relevance | 5 | All questions directly address the given equation and its components, demonstrating strong relevance. |
| Diversity | 4 | The questions cover various aspects of the equation, such as definitions, problem-solving techniques, and constraints. However, additional perspectives could further enrich the exploration"
"Imagine you are a human, this is the first time you are coming across this Maths Statement or Equation, you have no previous knowledge of it ""The remainder when a polynomial f(x) is divided by (x-a) is f(a)  "", what are the top 5 questions that would pop up in your head which would be most useful in learning about it as you are new to it. Give me a simple bullet point list, don't explain them or expand them","Sure! Here are five questions that might be helpful in understanding the equation ""The remainder when a polynomial f(x) is divided by (x-a) is f(a)"" as a human encountering it for the first time:

* What is a polynomial?
* What does it mean to divide a polynomial by another expression?
* What is the meaning of the notation (x-a)?
* How can the remainder be equal to f(a)?
* Can you give an example of how this equation works?","|	 Metric  	|	 Score  	|	 Justification  	|
|---|---|---|
|	 Coherence  	|	 4  	|	The questions have a logical flow, as they start with basic concepts (e.g. what is a polynomial) and then move on to more specific questions about the equation. The sequence of questions facilitates a structured exploration of the statement.  	|
|	 Relevance  	|	 5  	|	Each question is directly related to the specific elements or concepts presented in the statement. The questions aim to clarify and expand upon the understanding of the statement, focusing on the immediate context.  	|
|	 Diversity  	|	 4  	|	The questions cover various aspects of the statement, providing a broad exploration of the topic. They cover definitions, concepts, and examples, offering a comprehensive understanding of the statement.  	|","| Metric   | Score | Justification                                                                                   |
|----------|-------|-------------------------------------------------------------------------------------------------|
| Relevance | 5     | All questions directly pertain to understanding the statement about a polynomial and division. |
| Coherence | 4     | The questions progress logically from defining polynomials to understanding the given equation. |
| Diversity | 4     | Each question introduces a new aspect of the topic, offering a varied exploration of the statement. |","

| Metric | Score | Justification                                                                                                                                                                                                                                                                                                                                                                                                                                                                                                                                                                                                                                                                                                                                                                                                                                                                                                                                                                                                                                                                                                                                                                                                                                                                                                                                                                                                                                                                                                                                                                                                                                                                                                                                                                                                                                                                                                                                                                "
"Imagine you are a human, this is the first time you are coming across this Maths Statement or Equation, you have no previous knowledge of it ""The angle between two vectors a and b is cos⁻¹((a·b)/(|a||b|))  "", what are the top 5 questions that would pop up in your head which would be most useful in learning about it as you are new to it. Give me a simple bullet point list, don't explain them or expand them","Sure! Here are five questions that might be useful for learning about the equation:

* What do the symbols ""·"" and ""|"" represent in the equation?
* What is the purpose of the parentheses in the equation?
* What does the inverse cosine (cos⁻¹) function do?
* How do I calculate the magnitude (length) of a vector?
* Can you give an example of how to use the equation to find the angle between two vectors?","| Metric | Score | Justification |
|---|---|---|
| Relevance | 4 | The questions are all directly related to understanding the elements and concepts in the given statement about the angle between two vectors. |
| Coherence | 3 | The questions form a logical progression for learning about the topic, starting with the basic elements and moving on to more complex concepts. However, the order of questions 2 and 3 could be swapped for a smoother flow. |
| Diversity | 4 | The questions cover a range of aspects related to the statement, including notation, mathematical functions, and practical applications. |","Relevance	| Score	| Justification
Coherence	| Score	| Justification
Diversity	| Score	| Justification

Relevance	| 5	| The questions directly pertain to understanding the symbols and concepts in the equation.
Coherence	| 4	| The questions form a logical progression from defining symbols to applying the equation.
Diversity	| 4	| The questions cover a range of aspects from symbols to calculation to application.","

| Metric | Score | Justification |
| --- | --- | --- |
| Coherence | 4 | The questions follow a logical order, starting with basic notation understanding and gradually moving towards more complex concepts like calculating magnitudes and applying the formula. |
| Relevance | 5 | All questions are highly relevant to the statement, addressing essential components such as symbol meanings, function interpretation, and practical application. |
| Diversity | 4 | The questions cover various aspects of the equation, providing a comprehensive introduction to the concept. However, there could be additional dimensions related to"
"Imagine you are a human, this is the first time you are coming across this Maths Statement or Equation, you have no previous knowledge of it ""The area of a rhombus is 1/2(d1d2) where d1 and d2 are the lengths of the diagonals  "", what are the top 5 questions that would pop up in your head which would be most useful in learning about it as you are new to it. Give me a simple bullet point list, don't explain them or expand them","Sure! Here are five questions that might pop up in my head as a human encountering the equation for the first time:

* What is a rhombus?
* What do the variables d1 and d2 represent?
* Why is the area of a rhombus equal to half the product of the two diagonal lengths?
* How can I use this equation to find the area of a rhombus if I know the lengths of its diagonals?
* Are there any restrictions or limitations on the values of d1 and d2, or can they be any positive or negative numbers?","| Metric | Score | Justification |
|---|---|---|
| Relevance | 5 | The questions are all directly relevant to the given statement. They seek to clarify the definition of a rhombus, the meaning of the variables, the rationale behind the formula, its practical application, and potential limitations. |
| Coherence | 4 | The questions follow a logical progression, starting with basic concepts and gradually moving towards more advanced inquiries. Each question builds upon the previous one, creating a coherent line of inquiry. |
| Diversity | 4 | The questions cover a range of aspects related to the statement, including the definition, variables, formula, application, and limitations. They provide a comprehensive exploration of the topic, offering different perspectives and levels of detail. |","Metric | Score | Justification
--- | --- | ---
Relevance | 5 | All questions directly pertain to the details and concepts contained in the statement about the area of a rhombus formula.
Coherence | 4 | The questions flow logically in exploring the understanding of a rhombus's area formula, though a slightly more structured progression could enhance coherence.
Diversity | 5 | The questions cover various aspects of the statement, from definitions to application, providing a diverse exploration of the topic.","

| Metric | Score | Justification                                                                                                                                                                                                                                                                                                                                                                                                                                                                                                                                                                                                                                                                                                                                                                                                                                                                                                                                                                                                                                                                                                                                                                                                                                                                                                                                                                                                                                                                                                                                                                                                                                                                                                                                                                                                                                                                                                                                                                "
"Imagine you are a human, this is the first time you are coming across this Maths Statement or Equation, you have no previous knowledge of it ""The centroid of a triangle divides each median into segments with a ratio of 2:1  "", what are the top 5 questions that would pop up in your head which would be most useful in learning about it as you are new to it. Give me a simple bullet point list, don't explain them or expand them","Sure! Here are five questions that might be useful for learning about the statement ""The centroid of a triangle divides each median into segments with a ratio of 2:1"":

* What is a centroid, and how do I find it?
* What is a median, and how do I find it?
* What does it mean for a line to divide a segment into two parts with a ratio of 2:1?
* How can I use this statement to solve problems involving triangles?
* Are there any exceptions or special cases where this statement doesn't hold true?","| Metric | Score | Justification |
|---|---|---|
| Relevance | 4 | The questions are directly related to the statement and aim to clarify key concepts (centroid, median, ratio). |
| Coherence | 3 | The questions follow a logical progression, starting with basic definitions (centroid, median) and moving on to more specific inquiries about the statement. |
| Diversity | 4 | The questions cover a range of aspects, including definitions, applications (problem-solving), and potential limitations. |","| Metric   | Score | Justification                                                                                              |
|----------|-------|------------------------------------------------------------------------------------------------------------|
| Relevance | 5     | All questions directly address key elements of the statement regarding centroids, medians, and ratios. |
| Coherence | 4     | The questions flow logically from defining basic terms to practical applications, lacking only a clear progression. |
| Diversity | 4     | The questions cover definitions, applications, exceptions, and problem-solving, offering a well-rounded exploration. |","

| Metric | Score | Justification |
| --- | --- | --- |
| Coherence | 4 | The questions follow a logical progression, starting with basic definitions and gradually moving towards more complex problem-solving and edge cases. |
| Relevance | 5 | All questions are highly relevant to the statement, addressing key concepts such as centroids, medians, ratios, and problem-solving techniques. |
| Diversity | 5 | The questions cover various aspects of the statement, including definitions, problem-solving, and potential limitations, offering a comprehensive"
"Imagine you are a human, this is the first time you are coming across this Maths Statement or Equation, you have no previous knowledge of it ""The equation of an ellipse with center at (h, k) is ((x-h)²/a²) + ((y-k)²/b²) = 1  "", what are the top 5 questions that would pop up in your head which would be most useful in learning about it as you are new to it. Give me a simple bullet point list, don't explain them or expand them","Sure! Here are five questions that might pop up in my head as a human encountering the equation of an ellipse for the first time:

* What does the equation represent?
* What do the variables x and y represent?
* What are the constants a and b, and why are they squared?
* How do the center coordinates (h, k) fit into the equation?
* Can you show me a graph of an ellipse so I can visualize what this equation looks like?","| Metric | Score | Justification |
|---|---|---|
| Relevance | 5 | The questions directly address the key elements and concepts presented in the given equation, demonstrating a clear understanding of the statement. |
| Coherence | 5 | The questions follow a logical sequence, building upon one another to guide a beginner's understanding of the topic. Each question addresses a new aspect, progressing the inquiry in a structured manner. |
| Diversity | 4 | The questions cover a range of aspects related to the equation, including its graphical representation, variable interpretation, and the roles of constants and center coordinates. While they provide a comprehensive exploration, they could delve deeper into the implications or applications of the equation. |","| Metric   | Score | Justification                                                                                                                                     |
|----------|-------|---------------------------------------------------------------------------------------------------------------------------------------------------|
| Relevance | 5     | All questions directly pertain to the details and elements of the given statement, focusing on understanding the equation of an ellipse.        |
| Coherence | 4     | The questions progress logically from understanding the representation to visualizing the graph, forming a coherent line of inquiry.            |
| Diversity | 4     | The questions cover a range of aspects including variables, constants, visualization, and the role of center coordinates, offering a diverse exploration. |","

| Metric | Score | Justification |
|---|---|---|
| Coherence | 4 | The questions follow a logical order, starting with understanding the overall representation, moving onto variable meanings, then diving deeper into specific constants, and finally requesting a visualization. |
| Relevance | 5 | All questions are highly relevant to the statement, aiming to clarify various components and their roles within the equation. |
| Diversity | 5 | The questions cover multiple dimensions, such as definition, structure, and visualization, offering a comprehensive exploration of the topic."
"Imagine you are a human, this is the first time you are coming across this Maths Statement or Equation, you have no previous knowledge of it ""The nth root of a product ab is equal to the nth root of a times the nth root of b  "", what are the top 5 questions that would pop up in your head which would be most useful in learning about it as you are new to it. Give me a simple bullet point list, don't explain them or expand them","Sure! Here are five questions that might be helpful in understanding the equation:

* What does ""nth root"" mean?
* What is the difference between ""a"" and ""b""?
* Why do we need to find the nth root of both ""a"" and ""b""?
* How do we determine the value of ""n""?
* Can you give an example of how to apply this equation in real life?","| Metric | Score | Justification |
|---|---|---|
| Relevance | 5 | The questions are directly related to the statement and explore different aspects of it, including the definition of ""nth root,"" the significance of ""a"" and ""b,"" and the purpose and application of the equation. |
| Coherence | 4 | The questions follow a logical sequence, starting with the basic concept of ""nth root"" and gradually moving on to more specific aspects of the equation. However, the connection between the fourth and fifth questions could be strengthened by explicitly linking the example to the previous questions. |
| Diversity | 4 | The questions cover a range of aspects, including definition, variables, purpose, application, and real-life examples. However, they could be further diversified by exploring theoretical underpinnings or potential limitations of the equation. |","Coherence | 4 | The questions flow logically from defining the nth root to understanding the differences between ""a"" and ""b"" and then exploring the purpose of finding the nth root of both. The progression ends with an application-based question, which provides a practical context for the equation.
Relevance | 5 | All questions directly relate to understanding the given statement about the nth root of the product of ""a"" and ""b."" Each question seeks clarification or expansion on essential components of the statement.
Diversity | 4 | The questions cover a range of aspects, including definitions, distinctions between variables, the rationale for finding nth roots, determining the value of ""n,"" and practical applications. While diverse, a broader range of applications or implications could enhance this aspect further.","

| Metric | Score | Justification |
| --- | --- | --- |
| Relevance | 4 | The questions are mostly relevant to the statement, except for the last one, which asks for a real-life application, which may not always be applicable depending on the context. |
| Coherence | 5 | The questions follow a logical order, starting with basic definitions and gradually moving towards more complex ideas like examples and applications. |
| Diversity | 3 | The questions cover some aspects of the statement, such as definitions and applications, but miss other important dimensions like limitations"
"Imagine you are a human, this is the first time you are coming across this Maths Statement or Equation, you have no previous knowledge of it ""The lateral surface area of a cylinder is 2πrh  "", what are the top 5 questions that would pop up in your head which would be most useful in learning about it as you are new to it. Give me a simple bullet point list, don't explain them or expand them","Sure! Here are five questions that might be useful for learning about the equation ""The lateral surface area of a cylinder is 2πrh"":

* What does ""lateral surface area"" mean?
* What is the formula for the area of a circle?
* What is the definition of ""r"" in the equation?
* How do you find the height (h) of a cylinder?
* Can you provide an example of a cylinder and show how to calculate its lateral surface area using the equation?","| Metric | Score | Justification |
|---|---|---|
| Relevance | 5 | Each question directly addresses the details and concepts in the given statement, aiming to clarify key terms, definitions, and their connection to the formula. The questions are highly relevant to understanding the formula. |
| Coherence | 4 | The questions follow a logical order, starting with fundamental concepts (definition of lateral surface area, area of a circle) and gradually building upon them. The sequence guides the learner towards a deeper understanding of the formula and its components, encouraging a structured exploration. |
| Diversity | 4 | The questions cover a range of aspects related to the formula, including definitions, interpretations, and practical applications. They explore different dimensions of the concept, providing a diverse understanding of the formula's implications, limitations, and significance. |","| Metric   | Score | Justification                                                                                                    |
|----------|-------|------------------------------------------------------------------------------------------------------------------|
| Relevance | 4     | The questions directly pertain to understanding the concept of lateral surface area of a cylinder.               |
| Coherence | 3     | The questions progress logically, but the link between finding the height and the lateral surface area could be clearer. |
| Diversity | 5     | The questions cover definitions, formulas, calculations, and examples, offering a comprehensive exploration.     |","

| Metric | Score | Justification                                                                                                                                                                                                                                                                                                                                                                                                                                                                                                                                                                                                                                                                                                                                                                                                                                                                                                                                                                                                                                                                                                                                                                                                                                                                                                                                                                                                                                                                                                                                                                                                                                                                                                                                                                                                                                                                                                                                                                "
"Imagine you are a human, this is the first time you are coming across this Maths Statement or Equation, you have no previous knowledge of it ""The diagonal of a cube is √3 times the length of a side  "", what are the top 5 questions that would pop up in your head which would be most useful in learning about it as you are new to it. Give me a simple bullet point list, don't explain them or expand them","Sure! Here are five questions that might be useful for learning about the equation ""The diagonal of a cube is √3 times the length of a side"":

* What is a cube?
* What is a diagonal?
* What does it mean to say that the diagonal of a cube is √3 times the length of a side?
* How can I visualize this equation?
* Can you give me an example of how to use this equation in a real-world scenario?","| Metric | Score | Justification |
|---|---|---|
| Relevance | 4 | The questions are all directly related to the statement and provide a logical progression of inquiry, starting with basic definitions before exploring the meaning and implications of the equation. |
| Coherence | 4 | The questions flow logically from one to the next, building upon each other to deepen the understanding of the statement. |
| Diversity | 3 | The questions cover a diverse range of aspects, including definitions, visualizations, and real-world applications, providing a comprehensive exploration of the statement. |","Metric | Score | Justification
Relevance | 5 | All questions directly address key elements of the statement, focusing on clarifying and understanding the equation about the diagonal of a cube.
Coherence | 4 | The questions progress logically from defining basic terms to visualizing the equation and applying it to real-world scenarios, forming a coherent line of inquiry.
Diversity | 4 | The questions cover a range of aspects related to the statement, including definitions, visualization, and practical applications, offering a diverse exploration of the topic.","

| Metric | Score | Justification |
| --- | --- | --- |
| Coherence | 4 | The questions follow a logical progression, starting with basic concepts and gradually building towards more complex ideas like visualization and application. |
| Relevance | 5 | All questions are directly relevant to the statement, aiming to clarify its meaning and contextualize it for a beginner. |
| Diversity | 4 | The questions cover various aspects of the statement, such as definition, visualization, and application, providing a well-rounded exploration of the concept"
"Imagine you are a human, this is the first time you are coming across this Maths Statement or Equation, you have no previous knowledge of it ""The sum of an infinite arithmetic series is given by S = a/(1 - r) where |r| < 1  "", what are the top 5 questions that would pop up in your head which would be most useful in learning about it as you are new to it. Give me a simple bullet point list, don't explain them or expand them","Sure! Here are five questions that might be useful for a human encountering the equation S = a/(1 - r) for the first time:

* What does the ""S"" represent in the equation?
* What is an arithmetic series, and how does it relate to the equation?
* What does the notation |r| < 1 mean, and why is it important?
* How do I determine the value of ""a"" in the equation?
* Can you give me an example of how to use the equation to find the sum of an infinite arithmetic series?","| Metric | Score | Justification |
|---|---|---|
| Relevance | 5 | All questions directly address key elements of the equation, focusing on its components, definitions, and implications. |
| Coherence | 5 | The questions progress logically from defining the sum and arithmetic series to exploring the conditions on r and determining the value of a. |
| Diversity | 4 | The questions cover a range of aspects, including definitions, notation, and practical application, providing a well-rounded exploration of the equation. |","| Metric   | Score | Justification                                                                                           |
|----------|-------|---------------------------------------------------------------------------------------------------------|
| Relevance | 5     | All questions directly pertain to the elements and concepts presented in the statement.                 |
| Coherence | 4     | The questions connect logically and form a coherent line of inquiry, but could be slightly more structured. |
| Diversity | 4     | The questions cover a range of aspects related to the statement, offering a broad exploration of the topic. |","

| Metric | Score | Justification                                                                                                                                                                                                                                                                                                                                                                                                                                                                                                                                                                                                                                                                                                                                                                                                                                                                                                                                                                                                                                                                                                                                                                                                                                                                                                                                                                                                                                                                                                                                                                                                                                                                                                                                                                                                                                                                                                                                                                "
"Imagine you are a human, this is the first time you are coming across this Maths Statement or Equation, you have no previous knowledge of it ""Pascal's triangle is used to find the coefficients of the expansion of (a + b)^n  "", what are the top 5 questions that would pop up in your head which would be most useful in learning about it as you are new to it. Give me a simple bullet point list, don't explain them or expand them","Sure! Here are five questions that might be helpful for a human encountering Pascal's triangle for the first time:

* What is the purpose of Pascal's triangle?
* How does it relate to the expansion of (a + b)^n?
* What are the coefficients in the expansion, and how do they relate to the rows of the triangle?
* How can I use Pascal's triangle to find the coefficients of the expansion?
* Are there any real-world applications of Pascal's triangle?","| Metric | Score | Justification |
|---|---|---|
| Relevance | 5 | All questions directly pertain to the details and concepts presented in the statement about Pascal's triangle and its relation to the expansion of (a + b)^n. |
| Coherence | 4 | The questions form a logical line of inquiry, starting with understanding the purpose of Pascal's triangle and then exploring its specific relationship to the expansion, finding the coefficients, and real-world applications. |
| Diversity | 4 | The questions cover a diverse range of aspects, including the purpose, relationship to the expansion, finding the coefficients, and applications of Pascal's triangle. |","| Metric    | Score | Justification                                                                                                                          |
|-----------|-------|-----------------------------------------------------------------------------------------------------------------------------------------|
| Relevance | 5     | All questions directly pertain to the details and concepts presented in the statement, focusing on the purpose and use of Pascal's triangle. |
| Coherence | 4     | The questions form a coherent progression from understanding the purpose of the triangle to its real-world applications, slightly disjointed. |
| Diversity | 4     | The questions cover various aspects of Pascal's triangle, including its purpose, relations to expansions, coefficients, and real-world applications.   |","

| Metric | Score | Justification                                                                                                                                                                                                                                                                                                                                                                                                                                                                                                                                                                                                                                                                                                                                                                                                                                                                                                                                                                                                                                                                                                                                                                                                                                                                                                                                                                                                                                                                                                                                                                                                                                                                                                                                                                                                                                                                                                                                                                "
"Imagine you are a human, this is the first time you are coming across this Maths Statement or Equation, you have no previous knowledge of it ""The interior angle of a regular polygon is (n-2)×180°/n where n is the number of sides  "", what are the top 5 questions that would pop up in your head which would be most useful in learning about it as you are new to it. Give me a simple bullet point list, don't explain them or expand them","Sure! Here are five questions that might be useful for learning about the equation for the interior angle of a regular polygon:

* What does the equation mean by ""interior angle""?
* What is the significance of the variable n in the equation?
* How does the equation relate to the number of sides of the polygon?
* Is there a way to visualize or draw the interior angles of a regular polygon to better understand the equation?
* Are there any real-world applications or examples that use this equation?","| Metric |Score |Justification|

| Coherence  | 5  | The questions form a logical and coherent sequence, starting with the most basic concepts and gradually progressing to more advanced ones, allowing a clear path for understanding. |

|Relevance  | 4  |All the questions are directly related to the statement and delve into different aspects of the equation, exploring its key components and their implications. |

|Diversity   | 4 | The questions cover a diverse range of aspects, including the definition of interior angle, the role of the number of sides, and real-world applications, providing a comprehensive exploration of the statement. |","| Metric    | Score | Justification                                                                                                          |
|-----------|-------|------------------------------------------------------------------------------------------------------------------------|
| Relevance | 5     | All questions directly pertain to the statement about the interior angle of a regular polygon and aim to clarify it.   |
| Coherence | 4     | The questions flow logically in exploring different aspects of the equation, but the sequence could be slightly improved. |
| Diversity | 5     | The questions cover various aspects such as definitions, significance of variables, visualization, and real-world applications. |","

| Metric | Score | Justification |
| --- | --- | --- |
| Coherence | 4 | The questions follow a logical progression, starting with basic terminology and gradually building towards more complex ideas like visualization and application. |
| Relevance | 5 | All questions are directly relevant to the statement, exploring various aspects such as variables, relationship to polygons, visualization, and real-world usage. |
| Diversity | 5 | A wide range of aspects are covered, including conceptual understanding, practical application, and visual representation. |"
"Imagine you are a human, this is the first time you are coming across this Maths Statement or Equation, you have no previous knowledge of it ""The volume of a frustum of a cone is (1/3)πh(r1² + r1r2 + r2²)  "", what are the top 5 questions that would pop up in your head which would be most useful in learning about it as you are new to it. Give me a simple bullet point list, don't explain them or expand them","Sure! Here are five questions that might be useful for learning about the equation for the volume of a frustum of a cone:

* What is a frustum of a cone?
* What do the variables h, r1, and r2 represent?
* Why is the volume equal to (1/3)π times the expression inside the parentheses?
* How do I solve for the volume if I know the height and radii of the frustum?
* Can I use this equation to find the volume of other shapes, or is it specific to frustums of cones?","| Metric | Score | Justification |
|---|---|---|
| Relevance | 4 | The questions are all directly related to the equation for the volume of a frustum of a cone, and they cover a range of aspects, from the definition of a frustum to the application of the equation. |
| Coherence | 4 | The questions build upon one another in a logical way, starting with basic concepts and moving on to more complex ones. The questions also flow well together, with each question naturally leading to the next. |
| Diversity | 3 | The questions cover a range of aspects of the equation, but they could be more diverse in terms of the types of questions asked. For example, one question could ask for a concrete example of how to use the equation, while another could ask for a more abstract explanation of the underlying concepts. |","| Metric   | Score | Justification                                                                                   |
|----------|-------|--------------------------------------------------------------------------------------------------|
| Relevance | 5     | All questions directly relate to the statement and aim to clarify its components and concepts. |
| Coherence | 4     | The questions follow a logical progression of understanding the equation and its variables.    |
| Diversity | 4     | The questions cover various aspects of the equation, including definitions and applications.   |","

| Metric | Score | Justification                                                                                                                                                                                                                                                                                                                                                                                                                                                                                                                                                                                                                                                                                                                                                                                                                                                                                                                                                                                                                                                                                                                                                                                                                                                                                                                                                                                                                                                                                                                                                                                                                                                                                                                                                                                                                                                                                                                                                                "
"Imagine you are a human, this is the first time you are coming across this Maths Statement or Equation, you have no previous knowledge of it ""The ratio of the areas of two similar triangles is equal to the square of the ratio of their corresponding sides  "", what are the top 5 questions that would pop up in your head which would be most useful in learning about it as you are new to it. Give me a simple bullet point list, don't explain them or expand them","Sure! Here are five questions that might be helpful in understanding the equation:

* What does ""similar triangles"" mean?
* What is the definition of ""ratio of areas""?
* How do I find the ratio of the corresponding sides?
* What does it mean for the ratio of the areas to be ""equal to the square"" of the ratio of the sides?
* Can you give an example of how to apply this equation in a real-world scenario?","| Metric | Score | Justification |
|---|---|---|
| Relevance | 4 | All questions directly relate to the elements and concepts presented in the statement. |
| Coherence | 3 | While the questions are sequenced logically, there could be a smoother transition between questions 3 and 4 to enhance the progression of inquiry. |
| Diversity | 3 | Questions cover a range of aspects, including definitions (1 and 2), implications (3 and 4), and applications (5). However, a question exploring theoretical underpinnings would increase diversity. |","Metric | Score | Justification
Relevance | 5 | All questions directly relate to the key elements and concepts in the statement of the Maths equation.
Coherence | 4 | The questions progress logically from understanding basic terminologies to applying the equation in a real-world scenario.
Diversity | 4 | The questions cover a range of aspects from definitions to practical applications, offering a well-rounded exploration of the topic.","

| Metric | Score | Justification |
| --- | --- | --- |
| Relevance | 5 | All questions are directly related to the concept of the statement. They cover various aspects such as definitions, calculations, and practical applications. |
| Coherence | 4 | The questions follow a logical order, starting with basic terminology and gradually moving towards more complex ideas like applying the equation in real life. However, there could be better transitions between questions to create a smoother flow. |
| Diversity | 5 | The questions address multiple dimensions of the statement, including"
"Imagine you are a human, this is the first time you are coming across this Maths Statement or Equation, you have no previous knowledge of it ""The equation of a hyperbola with foci along the x-axis is (x²/a²) - (y²/b²) = 1  "", what are the top 5 questions that would pop up in your head which would be most useful in learning about it as you are new to it. Give me a simple bullet point list, don't explain them or expand them","Sure! Here are five questions that might be useful for a human encountering the equation of a hyperbola with foci along the x-axis for the first time:

* What is a hyperbola?
* What do the variables x and y represent in the equation?
* What is the role of the constants a and b in the equation?
* How do the foci of the hyperbola relate to the x-axis?
* Can you show me a graph of a hyperbola with foci along the x-axis so I can visualize it better?","| Metric  | Score | Justification |
|---------|-------|---------------|
| Relevance| 5 | All questions directly relate to the equation and its components (hyperbola, variables x, y, constants a, b, and foci along the x-axis), seeking clarification and deeper understanding of each aspect. |
| Coherence| 5 | The questions logically progress from a general understanding of the hyperbola to specific features of the equation, forming a cohesive sequence that builds upon each question's answer. |
| Diversity| 5 | The questions cover a wide range of aspects, including the definition of a hyperbola, the role of variables and constants in the equation, and the relationship between the foci and the coordinate system. |","| Metric   | Score | Justification                                                                                        |
|----------|-------|------------------------------------------------------------------------------------------------------|
| Relevance | 5     | All questions directly pertain to the content of the statement and aim to clarify key concepts.      |
| Coherence | 4     | The questions progress logically from basic definitions to graphical visualization, aiding understanding. |
| Diversity | 5     | The questions cover different aspects such as definitions, variables, constants, graphical representation. |","

| Metric | Score | Justification                                                                                                                                                                                                                                                                                                                                                                                                                                                                                                                                                                                                                                                                                                                                                                                                                                                                                                                                                                                                                                                                                                                                                                                                                                                                                                                                                                                                                                                                                                                                                                                                                                                                                                                                                                                                                                                                                                                                                                "
"Imagine you are a human, this is the first time you are coming across this Maths Statement or Equation, you have no previous knowledge of it ""The sum of the interior angles of an n-sided convex polygon is (n-2)×180°  "", what are the top 5 questions that would pop up in your head which would be most useful in learning about it as you are new to it. Give me a simple bullet point list, don't explain them or expand them","Sure! Here are five questions that might be useful for learning about the equation:

* What does ""interior angle"" mean in this context?
* What is a convex polygon, and how does it relate to the equation?
* Why is the sum of the interior angles equal to (n-2)×180°?
* How can I use this equation to find the sum of the interior angles of a specific polygon?
* Are there any real-world applications of this equation that I should know about?","| Metric | Score | Justification |
|---|---|---|
| Relevance | 4 | The questions are all directly related to the statement and aim to clarify key concepts, providing a good foundation for understanding the equation. |
| Coherence | 4 | The questions have a logical progression, starting with basic definitions and gradually moving towards applications and implications. |
| Diversity | 3 | The questions cover a range of aspects, but could further delve into theoretical underpinnings or limitations of the equation for a more comprehensive exploration. |","| Metric   | Score | Justification                                                                                                                               |
|----------|-------|---------------------------------------------------------------------------------------------------------------------------------------------|
| Relevance | 4     | The questions directly address the key elements of the statement, guiding the learner to understand the concept of interior angles in polygons. |
| Coherence | 4     | The questions progress logically from defining terms to understanding the equation and its application, forming a coherent line of inquiry.    |
| Diversity | 4     | The questions cover a range of aspects from basic definitions to practical applications, offering a diverse exploration of the topic.           |","

| Metric | Score | Justification |
|---|---|---|
| Coherence | 4 | The questions follow a logical order, starting with defining key terms and gradually moving towards practical application. However, the last question seems slightly disconnected from the rest, causing a minor deduction. |
| Relevance | 5 | All questions are highly relevant to the statement, focusing on essential concepts such as definitions, relationships, and applications. They effectively address various aspects of the equation, making them very useful for learning. |
| Diversity | 5 | The questions cover a wide range of"
"Imagine you are a human, this is the first time you are coming across this Maths Statement or Equation, you have no previous knowledge of it ""The surface area of a sphere is 4πr²  "", what are the top 5 questions that would pop up in your head which would be most useful in learning about it as you are new to it. Give me a simple bullet point list, don't explain them or expand them","Sure! Here are five questions that might be useful for a human encountering the equation ""The surface area of a sphere is 4πr²"" for the first time:

* What is a sphere?
* What does the symbol π represent?
* What is the variable r in the equation?
* How do I calculate the surface area of a sphere using this equation?
* Are there any real-world applications of this equation?","| Metric | Score | Justification |
|---|---|---|
| Relevance | 5 | All questions directly relate to understanding the statement and its elements. |
| Coherence | 5 | Questions logically progress from defining the sphere to understanding the equation and its practical applications. |
| Diversity | 4 | Questions cover a range of aspects, including definitions, variables, calculations, and applications. While they address key concepts, they could delve deeper into theoretical implications or limitations. |","| Metric    | Score | Justification                                                                                     |
|-----------|-------|---------------------------------------------------------------------------------------------------|
| Relevance | 5     | All questions directly pertain to the details and concepts presented in the statement.            |
| Coherence | 4     | The questions form a logical progression, but the sequence could be slightly improved for clarity.|
| Diversity | 4     | The questions cover various aspects such as definitions, calculations, and real-world applications. |","

| Metric | Score | Justification |
|---|---|---|
| Relevance | 5 | All questions are directly relevant to the statement, aiming to clarify its components and potential uses. |
| Coherence | 4 | The questions generally follow a logical order, moving from basic definitions to practical application, though some connections could be stronger. |
| Diversity | 5 | A wide range of aspects are covered, including conceptual understanding, mathematical operations, and real-world implications. |"
"Imagine you are a human, this is the first time you are coming across this Maths Statement or Equation, you have no previous knowledge of it ""To find the inverse of a function f(x), solve the equation y = f(x) for x  "", what are the top 5 questions that would pop up in your head which would be most useful in learning about it as you are new to it. Give me a simple bullet point list, don't explain them or expand them","Sure! Here are five questions that might be helpful in understanding the equation y = f(x) for x:

* What does the notation f(x) represent?
* What does the equals sign (=) mean in this context?
* What is the purpose of solving for x in this equation?
* How do I know what the inverse of a function is?
* Can you give an example of how to apply this equation in real life?","| Metric | Score | Justification |
|---|---|---|
| Relevance | 5 | All questions are directly related to the statement, seeking clarification on its key elements and purpose. |
| Coherence | 5 | The questions flow logically from one another, starting with basic concepts and progressing to more specific aspects and applications. |
| Diversity | 4 | The questions cover a range of topics, from understanding notation to the practical applications of the equation, providing a well-rounded exploration. |","Relevance | 5 | The questions directly pertain to understanding the given equation and inverse functions.
Coherence | 4 | The questions flow logically in exploring the notation, purpose, and application of the equation.
Diversity | 5 | The questions cover definitions, application, and understanding of the equation, providing a well-rounded exploration.","

| Metric | Score | Justification |
| --- | --- | --- |
| Coherence | 4 | The questions follow a logical order, starting with basic terminology and gradually moving towards more complex ideas like application and examples. |
| Relevance | 5 | All questions are highly relevant to the original statement, addressing key concepts such as the meaning of symbols and the purpose of solving for x. |
| Diversity | 4 | The questions cover various aspects of the statement, including definition, operation, and practical use. However, there could be more focus on exploring the concept"
"Imagine you are a human, this is the first time you are coming across this Maths Statement or Equation, you have no previous knowledge of it ""The midpoint formula for the midpoint of a segment with endpoints (x1, y1) and (x2, y2) is ((x1+x2)/2, (y1+y2)/2)  "", what are the top 5 questions that would pop up in your head which would be most useful in learning about it as you are new to it. Give me a simple bullet point list, don't explain them or expand them","Sure! Here are five questions that might pop up in my head as a human encountering the midpoint formula for the first time:

* What does the notation (x1, y1) and (x2, y2) represent?
* What does the expression (x1+x2)/2 mean, and how do I calculate it?
* How does the formula work when the endpoints have different x-coordinates or y-coordinates?
* Can I use this formula to find the midpoint of a line segment in a coordinate plane?
* Are there any real-world applications","| Metric | Score | Justification |
|---|---|---|
| Relevance | 5 | All questions are directly relevant to understanding the midpoint formula, addressing its components, calculation, applicability, and practical implications. |
| Coherence | 4 | The questions logically progress from introducing the notation to explaining the components of the formula, its application, and potential uses, forming a coherent line of inquiry. |
| Diversity | 4 | The questions cover a range of aspects, including notation, calculation, applicability, and real-world significance, providing a diverse exploration of the midpoint formula. |","Relevance | 5 | The questions directly pertain to the details and elements of the midpoint formula and how it is used to find the midpoint of a segment.
Coherence | 4 | The questions logically progress from understanding the notation and calculation involved to real-world applications, forming a coherent line of inquiry.
Diversity | 4 | The questions cover various aspects such as understanding notation, calculation, different scenarios, applications, providing a diverse exploration of the topic.","

| Metric | Score | Justification |
| --- | --- | --- |
| Coherence | 4 | The questions follow a logical order, starting with basic terminology and gradually building towards practical application. However, the last question seems slightly disconnected from the others, causing a minor dip in coherence. |
| Relevance | 5 | All questions are highly relevant to the midpoint formula, aiming to clarify its components, calculations, and usage. They effectively target various aspects of the formula, ensuring a comprehensive exploration. |
| Diversity | 5 | The"
"Imagine you are a human, this is the first time you are coming across this Maths Statement or Equation, you have no previous knowledge of it ""The radius of the incircle of a triangle with sides a, b, c, and area T is T/s where s is the semiperimeter  "", what are the top 5 questions that would pop up in your head which would be most useful in learning about it as you are new to it. Give me a simple bullet point list, don't explain them or expand them","Sure! Here are five questions that might be helpful in learning about the equation:

* What is an incircle, and how does it relate to a triangle?
* What is the semiperimeter of a triangle, and how do I calculate it?
* How does the area of a triangle relate to its semiperimeter?
* Is there a relationship between the radius of the incircle and the lengths of the sides of the triangle?
* Are there any restrictions on the values of a, b, and c for which this equation is valid?","| Metric | Score | Justification |
|---|---|---|
| Relevance | 4 | Questions directly pertain to the elements and concepts of the statement, focusing on understanding the incircle, semiperimeter, and their relation to the triangle's area and side lengths. |
| Coherence | 4 | Questions logically progress from defining the incircle to exploring its relationship with the triangle's semiperimeter, area, and side lengths. |
| Diversity | 3 | Questions cover a range of aspects, including definitions, relationships, and potential restrictions, providing a diverse exploration of the statement. However, further exploration of applications or theoretical underpinnings could enhance diversity. |","| Metric   | Score | Justification                                                                                                   |
|---------|-------|---------------------------------------------------------------------------------------------------------------|
| Relevance | 4     | The questions directly pertain to the concept of incircles, semiperimeter, relationship between area and sides. |
| Coherence | 4     | The questions progress logically from defining terms to exploring relationships and constraints.               |
| Diversity | 4     | The questions cover various aspects of the statement, offering a well-rounded perspective.                   |","

| Metric | Score | Justification                                                                                                                                                                                                                                                                                                                                                                                                                                                                                                                                                                                                                                                                                                                                                                                                                                                                                                                                                                                                                                                                                                                                                                                                                                                                                                                                                                                                                                                                                                                                                                                                                                                                                                                                                                                                                                                                                                                                                                "
"Imagine you are a human, this is the first time you are coming across this Maths Statement or Equation, you have no previous knowledge of it ""The height of an equilateral triangle of side length a is √3/2 a  "", what are the top 5 questions that would pop up in your head which would be most useful in learning about it as you are new to it. Give me a simple bullet point list, don't explain them or expand them","Sure! Here are five questions that might be useful in learning about the equation for the height of an equilateral triangle:

* What is an equilateral triangle?
* What does the symbol ""a"" represent in the equation?
* What does the √3 represent in the equation?
* How do I calculate the square root of 3?
* Can I use this equation to find the height of other types of triangles?","| Metric | Score | Justification |
|---|---|---|
| Coherence | 4 | The questions have a logical progression and build upon one another, leading the reader from basic concepts to more specific aspects of the statement. |
| Relevance | 5 | Each question relates directly to the given statement and explores key elements within it, providing a well-rounded understanding of the topic. |
| Diversity | 3 | The questions cover a limited range of aspects, focusing primarily on definitions and computations rather than broader implications or applications of the statement. |","Relevance | 4 | The questions directly pertain to the details and concepts presented in the statement about the height of an equilateral triangle.

Coherence | 4 | The questions logically progress from understanding the basics of an equilateral triangle to the specifics of the given equation, forming a coherent line of inquiry.

Diversity | 3 | While the questions cover various aspects of the equation, there could be more diverse exploration of implications, applications, or comparisons with other geometrical concepts.","

| Metric | Score | Justification |
|---|---|---|
| Relevance | 4 | The questions are mostly relevant to the statement, except for the last question which seems to stray slightly from the main focus. |
| Coherence | 5 | The questions follow a logical progression, starting with basic concepts and gradually building towards more complex ideas. |
| Diversity | 4 | The questions cover a range of aspects related to the statement, although there could be more emphasis on practical applications or real-world examples. |"
"Imagine you are a human, this is the first time you are coming across this Maths Statement or Equation, you have no previous knowledge of it ""The area of a regular hexagon with side length a is (3√3/2)a²  "", what are the top 5 questions that would pop up in your head which would be most useful in learning about it as you are new to it. Give me a simple bullet point list, don't explain them or expand them","Sure! Here are five questions that might be useful for learning about the equation for the area of a regular hexagon:

* What is a regular hexagon?
* What does side length mean in this context?
* What is the significance of 3√3/2 in the equation?
* How do I calculate the area of a regular hexagon using this equation?
* Can I use this equation to find the area of other types of polygons?","| Metric | Score | Justification |
|---|---|---|
| Relevance | 4 | The questions directly relate to understanding the equation for the area of a regular hexagon, covering key details such as the definition of a regular hexagon, the meaning of side length, and the significance of the numerical constant. |
| Coherence | 4 | The questions follow a logical order, starting with basic concepts and gradually progressing to more specific aspects of the equation. Each question builds upon the previous one, guiding the learner towards a comprehensive understanding of the topic. |
| Diversity | 3 | While the questions cover important aspects of the equation, they primarily focus on its theoretical underpinnings and application in calculating the area of a regular hexagon. Exploring additional perspectives, such as historical context or practical applications, could enhance the diversity of the inquiry. |","| Metric    | Score | Justification                                                                                                                                                |
|-----------|-------|---------------------------------------------------------------------------------------------------------------------------------------------------------------|
| Relevance | 5     | All questions directly relate to the statement about the area of a regular hexagon and aim to clarify its components and calculation process.                 |
| Coherence | 4     | The questions flow logically from defining a regular hexagon to understanding the equation for its area, although the link to other polygons could be clearer. |
| Diversity | 4     | The questions cover aspects like polygon definition, side length interpretation, equation components, calculation method, and applicability to other polygons.  |","

| Metric | Score | Justification |
| --- | --- | --- |
| Coherence | 4 | The questions follow a logical order, starting with defining terms and building up to applying the formula. |
| Relevance | 5 | All questions relate directly to the equation and its components, providing a comprehensive overview. |
| Diversity | 4 | The questions cover various aspects, such as definition, calculation, and comparison, offering a well-rounded exploration. |"
"Imagine you are a human, this is the first time you are coming across this Maths Statement or Equation, you have no previous knowledge of it ""The volume of a torus is (πr²)(2πR) where r is the radius of the tube and R is the distance from the center of the tube to the center of the torus  "", what are the top 5 questions that would pop up in your head which would be most useful in learning about it as you are new to it. Give me a simple bullet point list, don't explain them or expand them","Sure! Here are five questions that might be useful for learning about the volume of a torus equation:

* What is a torus?
* What does the equation mean by ""volume""?
* How do we define the radius of the tube and the distance from the center of the tube to the center of the torus?
* Is there a relationship between the volume of the torus and the surface area of the torus?
* Can we use this equation to find the volume of other shapes, or is it specific to tori?","| Metric | Score | Justification |
|---|---|---|
| Relevance | 4 | The questions are all directly related to the definition and concepts of the volume of a torus, specifically inquiring about the torus shape itself, volume interpretation, measurements involved, potential relationships with other geometric aspects, and applicability to other shapes. |
| Coherence | 3 | The questions follow a logical progression, starting with the basic definition of a torus, then moving on to the interpretation of volume, measurement definitions, potential relationships, and ending with the broader applicability of the equation. However, the questioning might benefit from a smoother transition between each aspect. |
| Diversity | 4 | The questions cover a range of aspects related to the volume of a torus, including the definition of the shape, volume interpretation, measurement parameters, potential relationships, and broader applicability. The questions effectively explore different dimensions of understanding the statement. |","| Metric   | Score | Justification                                                                                      |
|----------|-------|----------------------------------------------------------------------------------------------------|
| Relevance | 5     | All questions directly pertain to the details and concepts presented in the statement.              |
| Coherence | 4     | The questions progress logically from defining the torus and volume to exploring its applications.  |
| Diversity | 5     | The questions cover various aspects such as definitions, relationships, and generalizability.       |","

| Metric | Score | Justification                                                                                                                                                                                                                                                                                                                                                                                                                                                                                                                                                                                                                                                                                                                                                                                                                                                                                                                                                                                                                                                                                                                                                                                                                                                                                                                                                                                                                                                                                                                                                                                                                                                                                                                                                                                                                                                                                                                                                                "
"Imagine you are a human, this is the first time you are coming across this Maths Statement or Equation, you have no previous knowledge of it ""The distance formula in 3D space for points (x1, y1, z1) and (x2, y2, z2) is √((x2-x1)² + (y2-y1)² + (z2-z1)²)  "", what are the top 5 questions that would pop up in your head which would be most useful in learning about it as you are new to it. Give me a simple bullet point list, don't explain them or expand them","Sure! Here are five questions that might pop up in my head as a human encountering the distance formula in 3D space for the first time:

* What do the variables x1, y1, z1, x2, y2, and z2 represent?
* What does the √ symbol mean and how does it relate to the rest of the equation?
* What is the purpose of the parentheses in the equation?
* How do the different parts of the equation (e.g. (x2-x1)², (y2-y1)², etc.) contribute to","| Metric | Score | Justification |
|---|---|---|
| **Coherence** | **4/5** | The questions logically connect and flow well from one another, guiding the learner from identifying the variables and symbols to understanding their contributions to the formula. However, the last question could be rephrased to provide a better transition to the next step of applying the formula in practice. |
| **Relevance** | **5/5** | All questions directly target key concepts within the statement, delving into the meanings of variables, symbols, and terms. They maintain a focus on the immediate context without introducing peripheral topics. |
| **Diversity** | **4/5** | The questions cover a range of aspects related to the statement, encompassing definitions, meanings of symbols, functions of parentheses, and contributions of different parts of the equation. While the questions efficiently address the core concepts, expanding beyond the formula itself (e.g., applications or limitations) could enhance diversity. |","| Metric    | Score | Justification                                                                                                    |
|-----------|-------|------------------------------------------------------------------------------------------------------------------|
| Relevance | 5     | All questions directly pertain to the details and elements presented in the statement.                              |
| Coherence | 5     | The questions logically progress from understanding the variables to the components of the formula.                 |
| Diversity | 5     | Each question explores a different aspect of the statement, covering variables, symbols, parentheses, and equation parts. |","

| Metric | Score | Justification |
| --- | --- | --- |
| Coherence | 4 | The questions follow a logical order, starting with variable definition, then moving onto symbols and structure. However, there is some overlap between the second and third questions regarding the meaning of the √ symbol and the role of parentheses. |
| Relevance | 5 | All questions are highly relevant to the statement, aiming to clarify the components and structure of the formula. They focus on essential aspects such as variable representation, mathematical symbols, and equation structure. |
| D"
"Imagine you are a human, this is the first time you are coming across this Maths Statement or Equation, you have no previous knowledge of it ""The lateral surface area of a pyramid is 1/2pl where p is the perimeter of the base and l is the slant height  "", what are the top 5 questions that would pop up in your head which would be most useful in learning about it as you are new to it. Give me a simple bullet point list, don't explain them or expand them","Sure! Here are five questions that might be useful for learning about the equation for the lateral surface area of a pyramid:

* What does ""lateral surface area"" mean?
* What is the formula for the perimeter of a shape?
* How do I calculate the slant height of a pyramid?
* Is there a relationship between the slant height and the height of the pyramid?
* Can I use this equation to find the lateral surface area of other types of shapes, or is it specific to pyramids?","| Metric | Score | Justification |
|---|---|---|
| Relevance | 5 | All questions are directly related to understanding the elements and concepts of the given statement. |
| Coherence | 4 | The questions follow a logical order, starting with basic concepts and gradually building towards more specific aspects of the statement. |
| Diversity | 3 | The questions cover a range of aspects, including definitions, calculations, and applicability, but could delve deeper into theoretical underpinnings. |","| Metric   | Score | Justification                                                                 |
|----------|-------|--------------------------------------------------------------------------------|
| Relevance | 5     | All questions directly pertain to the details and concepts presented in the statement. |
| Coherence | 4     | The questions flow logically, but the connection between slant height and height could be more explicit. |
| Diversity | 4     | The questions cover different aspects of the statement, from definitions to applications. |","

| Metric | Score | Justification                                                                                                                                                                                                                                                                                                                                                                                                                                                                                                                                                                                                                                                                                                                                                                                                                                                                                                                                                                                                                                                                                                                                                                                                                                                                                                                                                                                                                                                                                                                                                                                                                                                                                                                                                                                                                                                                                                                                                                "
"Imagine you are a human, this is the first time you are coming across this Maths Statement or Equation, you have no previous knowledge of it ""The equation of a circle in parametric form is x = r cos(t) and y = r sin(t)  "", what are the top 5 questions that would pop up in your head which would be most useful in learning about it as you are new to it. Give me a simple bullet point list, don't explain them or expand them","Sure! Here are five questions that might pop up in my head as a human encountering the equation of a circle in parametric form for the first time:

* What does ""parametric form"" mean?
* What is the significance of the variable t in the equation?
* How do the expressions r cos(t) and r sin(t) relate to the circle?
* Is there a specific value of r that defines a particular circle?
* Can I use this equation to find the center of the circle?","| Metric | Score | Justification |
|---|---|---|
| Relevance | 4 | The questions are directly related to the statement and aim to clarify key elements of the equation, such as the meaning of parametric form, the role of variable t, and the relationship between the expressions and the circle. |
| Coherence | 4 | The questions have a logical progression, starting with the definition of parametric form and moving on to explore the role of t, the expressions related to the circle, and the specific value of r associated with a circle. The line of inquiry facilitates a structured understanding of the equation. |
| Diversity | 3 | The questions cover a range of aspects, including the definition of parametric form, the significance of variable t, the relationship to the circle, the value of r, and finding the center of the circle. However, expanding on implications or applications would enhance diversity. |","Relevance    |   4   |   The questions directly address the key components and concepts of the statement about the equation of a circle in parametric form.
Coherence    |   5   |   The questions progress logically from understanding parametric form to the specifics of the variables involved in the equation.
Diversity    |   4   |   The questions cover a range of aspects including definitions, relationships within the equation, and practical applications for finding the center of a circle.","

| Metric | Score | Justification                                                                                                                                                                                                                                                                                                                                                                                                                                                                                                                                                                                                                                                                                                                                                                                                                                                                                                                                                                                                                                                                                                                                                                                                                                                                                                                                                                                                                                                                                                                                                                                                                                                                                                                                                                                                                                                                                                                                                                "
"Imagine you are a human, this is the first time you are coming across this Maths Statement or Equation, you have no previous knowledge of it ""The sum of the exterior angles, one at each vertex, of any polygon is 360°  "", what are the top 5 questions that would pop up in your head which would be most useful in learning about it as you are new to it. Give me a simple bullet point list, don't explain them or expand them","Sure! Here are five questions that might be useful for learning about the equation:

* What is an exterior angle?
* What is a polygon?
* Why do the exterior angles add up to 360°?
* How can I prove this equation is true?
* Are there any exceptions to this rule?","| **Metric** | **Score** | **Justification** |
|---|---|---|
| Relevance | 5 | The questions are directly related to the statement and aim to clarify key concepts and the equation itself. |
| Coherence | 4 | The questions form a logical sequence, starting with basic definitions and progressing to more advanced concepts and applications. |
| Diversity | 4 | The questions cover a range of aspects, including definitions, implications, and applications, offering a comprehensive exploration of the statement. |","Relevance     | 4 | The questions directly address the key elements of the statement and aim to clarify the concept.
Coherence     | 3 | The questions flow logically but could be more tightly connected to guide a beginner's understanding better.
Diversity     | 4 | The questions cover different aspects such as definitions, proofs, and exceptions, providing a broad exploration.

Relevance     | 4 | The questions are relevant as they focus on understanding the key concepts mentioned in the statement.
Coherence     | 3 | The questions follow a logical progression but could be more structured to guide learning.
Diversity     | 4 | The questions cover various dimensions of the statement, offering a diverse exploration of the topic. 

Relevance     | 4 | The questions directly address the elements introduced in the statement for better understanding.
Coherence     | 3 | The questions connect logically but could be more tightly integrated for a beginner's comprehension.
Diversity     | 4 | The questions cover different aspects of the statement, providing a diverse exploration of the topic.","

| Metric | Score | Justification |
| --- | --- | --- |
| Coherence | 4 | The questions follow a logical order, starting with basic definitions and building towards proof and potential exceptions. |
| Relevance | 5 | All questions relate directly to the statement, asking for clarification or expansion on its various components. |
| Diversity | 4 | The questions cover a range of aspects related to the statement, including definition, proof, and limitations. However, they all focus on understanding the statement itself, without exploring broader implications or applications. |"
"Imagine you are a human, this is the first time you are coming across this Maths Statement or Equation, you have no previous knowledge of it ""A line segment bisected by the perpendicular bisector is divided into two equal parts  "", what are the top 5 questions that would pop up in your head which would be most useful in learning about it as you are new to it. Give me a simple bullet point list, don't explain them or expand them","Sure! Here are five questions that might be useful for learning about the statement ""A line segment bisected by the perpendicular bisector is divided into two equal parts"":

* What is a line segment?
* What is a perpendicular bisector?
* What does it mean to bisect a line segment?
* How can we prove that the two parts are equal?
* Are there any exceptions or special cases to consider?","| Metric | Score | Justification |
|---|---|---|
| **Relevance:** | 5 | Each question directly relates to essential concepts presented in the statement: line segment, perpendicular bisector, bisecting, equality of parts, and exceptions. |
| **Coherence:** | 4 | The questions follow a logical progression, gradually asking for more specific details and implications about the statement. |
| **Diversity:** | 4 | The questions collectively explore various aspects of the statement, from basic definitions to more nuanced considerations. |","Relevance      |   5   |   The questions directly address key terms and concepts in the statement.
Coherence      |   4   |   The questions demonstrate a logical sequence in exploring the topic.
Diversity      |   4   |   The questions cover various aspects related to the statement, providing a well-rounded exploration.","

| Metric | Score | Justification |
| --- | --- | --- |
| Coherence | 4 | The questions follow a logical order, starting with basic concepts and gradually building towards more complex ideas like proof and potential exceptions. |
| Relevance | 5 | All questions are highly relevant to the original statement, addressing key terms and concepts directly related to the statement. |
| Diversity | 4 | The questions cover various aspects of the statement, such as definitions, properties, and conditions, providing a well-rounded exploration of the concept. |"
"Imagine you are a human, this is the first time you are coming across this Maths Statement or Equation, you have no previous knowledge of it ""The volume of a hemisphere is (2/3)πr³  "", what are the top 5 questions that would pop up in your head which would be most useful in learning about it as you are new to it. Give me a simple bullet point list, don't explain them or expand them","Sure! Here are five questions that might be useful for learning about the equation ""The volume of a hemisphere is (2/3)πr³"":

* What is a hemisphere?
* What does the symbol π represent?
* What is the meaning of the variable r in the equation?
* How do I calculate the volume of a hemisphere using this equation?
* Can I use this equation to find the volume of other shapes, or is it specific to hemispheres?","| Metric | Score | Justification |
|---|---|---|
| Relevance | 5 | All questions directly pertain to the elements and concepts presented in the statement. They focus on defining key terms, understanding the significance of the variables, and exploring the scope of the equation. |
| Coherence | 4 | The questions follow a logical sequence, starting with basic definitions and progressing to more complex concepts. They provide a structured approach to understanding the statement. |
| Diversity | 4 | The questions cover a wide range of aspects, including the definition of a hemisphere, the meaning of π, the role of the variable r, the application of the equation, and its limitations. |","| Metric   | Score | Justification                                                                                            |
|----------|-------|----------------------------------------------------------------------------------------------------------|
| Relevance | 5     | All questions directly pertain to the statement and aim to clarify its elements.                        |
| Coherence | 4     | The questions follow a logical progression from defining terms to applying the equation practically.    |
| Diversity | 5     | Each question covers a different aspect of understanding the statement, contributing to a broad view.   |","

| Metric | Score | Justification |
| --- | --- | --- |
| Coherence | 4 | The questions follow a logical order, starting with defining basic terms and gradually moving towards more complex concepts like calculation and application. |
| Relevance | 5 | All questions are highly relevant to the statement, addressing fundamental concepts required to understand the equation. |
| Diversity | 5 | The questions cover various dimensions, such as definition, symbols, variables, calculations, and potential applications, providing a comprehensive exploration of the topic. |"
"Imagine you are a human, this is the first time you are coming across this Maths Statement or Equation, you have no previous knowledge of it ""The equation of a line in point-slope form is y - y1 = m(x - x1)  "", what are the top 5 questions that would pop up in your head which would be most useful in learning about it as you are new to it. Give me a simple bullet point list, don't explain them or expand them","Sure! Here are five questions that might be helpful for a human encountering the equation of a line in point-slope form for the first time:

* What do the letters ""y"" and ""x"" represent in the equation?
* What is the meaning of the number ""m"" in the equation?
* What is the difference between ""y1"" and ""x1"" in the equation?
* How do I use this equation to find the slope of a line?
* Can I use this equation to graph a line on a coordinate plane?","| Metric | Score | Justification |
|---|---|---|
| Relevance | 5 | The questions directly relate to the elements and concepts presented in the statement. They seek to clarify the variables, their roles, and the purpose of the equation for understanding the relationship between points and lines. |
| Coherence | 4 | The questions are logically connected, forming a progressive line of inquiry. They start with basic definitions, move to the significance of individual terms, and then explore practical applications. |
| Diversity | 4 | The questions cover a range of aspects, including variable identification, interpretation of parameters, and real-world applications. They delve into theoretical understanding as well as practical utility. |","Metric | Score | Justification
---|---|---
Relevance | 5 | All questions directly pertain to the details and concepts presented in the statement about the equation of a line in point-slope form.
Coherence | 4 | The questions form a logical progression of understanding, but could be slightly improved by connecting them more explicitly.
Diversity | 4 | The questions cover a range of aspects related to the equation, such as variables, slope, graphing, etc., providing a diverse exploration of the topic.","

| Metric | Score | Justification                                                                                                                                                                                                                                                                                                                                                                                                                                                                                                                                                                                                                                                                                                                                                                                                                                                                                                                                                                                                                                                                                                                                                                                                                                                                                                                                                                                                                                                                                                                                                                                                                                                                                                                                                                                                                                                                                                                                                                "
"Imagine you are a human, this is the first time you are coming across this Maths Statement or Equation, you have no previous knowledge of it ""The area of a kite is 1/2(d1d2) where d1 and d2 are the lengths of the diagonals  "", what are the top 5 questions that would pop up in your head which would be most useful in learning about it as you are new to it. Give me a simple bullet point list, don't explain them or expand them","Sure! Here are five questions that might pop up in my head as a human encountering the equation ""The area of a kite is 1/2(d1d2)"" for the first time:

* What is a kite?
* What do the variables d1 and d2 represent?
* Why is the area of a kite equal to half the product of two diagonal lengths?
* How can I use this equation to find the area of a kite in practice?
* Are there any real-world applications of this equation that I should know about?","| Metric | Score | Justification |
|---|---|---|
| Relevance | 5 | All questions directly relate to the equation and its components (kite definition, variable meanings, calculation rationale, practical applications). |
| Coherence | 5 | Questions logically connect to each other, forming a coherent inquiry: defining the kite (1), understanding variables (2), exploring formula justification (3), applying in practice (4), real-world relevance (5). |
| Diversity | 4 | Questions cover a range of aspects: kite definition (geometrical), variable interpretation (algebraic), formula rationale (geometric/algebraic), practical application (practical), real-world context (interdisciplinary). While they offer a broad exploration, the last question could be more specific to connect it directly to the equation. |","Metric | Score | Justification
---|---|---
Relevance | 5 | All questions directly address elements of the statement, focusing on defining key terms and understanding the equation.
Coherence | 4 | The questions follow a logical progression from defining terms to practical applications, but there could be a clearer thread connecting them.
Diversity | 4 | The questions cover a range of aspects from basic definitions to real-world applications, providing a well-rounded exploration of the topic.","

| Metric | Score | Justification                                                                                                                                                                                                                                                                                                                                                                                                                                                                                                                                                                                                                                                                                                                                                                                                                                                                                                                                                                                                                                                                                                                                                                                                                                                                                                                                                                                                                                                                                                                                                                                                                                                                                                                                                                                                                                                                                                                                                                "
"Imagine you are a human, this is the first time you are coming across this Maths Statement or Equation, you have no previous knowledge of it ""If two angles of one triangle are congruent to two angles of another triangle, the triangles are similar  "", what are the top 5 questions that would pop up in your head which would be most useful in learning about it as you are new to it. Give me a simple bullet point list, don't explain them or expand them","Sure! Here are five questions that might be useful for learning about the equation ""If two angles of one triangle are congruent to two angles of another triangle, the triangles are similar"":

* What does ""congruent"" mean in this context?
* How can we determine if two angles are congruent?
* What does ""similar"" mean in this context?
* Are there any other criteria that must be met for triangles to be considered similar?
* Can you provide an example of two similar triangles and show how they can be proven to be similar using this equation?","| Metric | Score | Justification |
|---|---|---|
| Relevance | 5 | The questions directly relate to understanding the key concepts of the statement, such as congruence, similarity, and conditions for triangle similarity. |
| Coherence | 4 | The questions logically progress from defining congruence and similarity to exploring additional criteria and examples. |
| Diversity | 4 | The questions cover a range of aspects, including definitions, criteria, and practical applications. |","| Metric   | Score | Justification                                                                                           |
|----------|-------|---------------------------------------------------------------------------------------------------------|
| Relevance | 5     | All questions directly pertain to the concept of the statement about angles and similarity in triangles. |
| Coherence | 4     | The questions progress logically from understanding congruence and similarity to examples and proofs.  |
| Diversity | 4     | The questions cover definitions, criteria for similarity, and practical application through examples.  |","

| Metric | Score | Justification |
| --- | --- | --- |
| Coherence | 4 | The questions follow a logical progression, starting with defining key terms and building towards more complex ideas like examples and proofs. However, the last question could potentially be broken down into simpler steps to further improve the coherence. |
| Relevance | 5 | All questions are highly relevant to the given statement, focusing on essential concepts such as definitions, criteria, and examples. They effectively address the core components of the statement without straying into tangential topics. |
|"
"Imagine you are a human, this is the first time you are coming across this Maths Statement or Equation, you have no previous knowledge of it ""The equation for calculating interest compounded annually is A = P(1 + r/n)^(nt)  "", what are the top 5 questions that would pop up in your head which would be most useful in learning about it as you are new to it. Give me a simple bullet point list, don't explain them or expand them","Sure! Here are five questions that might pop up in my head as a human encountering the equation for calculating interest compounded annually for the first time:

* What does the letter ""A"" represent in the equation?
* What does the letter ""P"" represent in the equation?
* What does the symbol ""r"" represent in the equation?
* What does the symbol ""n"" represent in the equation?
* What does the notation ""(nt)"" mean in the equation?","| Metric | Score | Justification |
|---|---|---|
| Relevance | 5 | All questions directly pertain to the elements and concepts presented in the equation, aiming to clarify and expand its understanding. |
| Coherence | 5 | The questions logically connect to one another, forming a coherent line of inquiry that would progressively uncover the equation's components and their significance. |
| Diversity | 3 | While the questions cover a range of aspects, they primarily focus on defining the individual variables in the equation, lacking diversity in exploring implications, applications, or theoretical underpinnings. |","Relevance | 4 | The questions directly address specific elements of the equation, seeking clarification on their meanings.
Coherence | 3 | The questions follow a logical sequence by starting with the elements of the equation, but the last question introduces a new notation abruptly.
Diversity | 3 | The questions cover different components of the equation, but they could benefit from exploring implications or applications for a broader perspective.","

| Metric | Score | Justification |
|---|---|---|
| Relevance | 5 | All questions are directly related to understanding the components of the equation. |
| Coherence | 4 | The questions follow a logical order, moving from basic variables to more complex terms. However, there is no explicit connection between the questions beyond their sequential order. |
| Diversity | 5 | Each question focuses on a distinct aspect of the equation, providing a comprehensive overview of its structure and meaning. |"
"Imagine you are a human, this is the first time you are coming across this Maths Statement or Equation, you have no previous knowledge of it ""The arc length of a circle is θr where θ is the central angle in radians  "", what are the top 5 questions that would pop up in your head which would be most useful in learning about it as you are new to it. Give me a simple bullet point list, don't explain them or expand them","Sure! Here are five questions that might be useful for learning about the equation for the arc length of a circle:

* What is a central angle in radians?
* How do I measure the central angle in radians?
* What is the relationship between the central angle and the arc length?
* How does the radius of the circle affect the arc length?
* Can I use this equation to find the arc length of any circle, or are there certain restrictions or assumptions that apply?","| Metric | Score | Justification |
|---|---|---|
| Relevance | 5 | The questions are directly related to the elements and concepts presented in the given statement. Each question explores a different aspect of the arc length formula, providing a deep understanding of its components and implications. |
| Coherence | 4 | The questions follow a logical progression, building from fundamental concepts to more complex aspects. They collectively facilitate a structured exploration of the statement, guiding the learner through a coherent line of inquiry. |
| Diversity | 5 | The questions cover a wide range of aspects related to the statement, including definitions, relationships, and limitations. Each question offers a unique perspective, ensuring a comprehensive exploration of the topic. |","Metric         | Score | Justification
Relevance      | 5        | The questions directly pertain to the central angle, arc length, and their relationship, which are the key concepts of the given statement.
Coherence    | 4        | The questions follow a logical progression from defining the central angle to understanding how it relates to the arc length, although the flow could be slightly improved.
Diversity       | 4        | The questions cover different aspects such as measurement of central angle, relationship with arc length, and possible restrictions, offering a diverse exploration of the topic.","

| Metric | Score | Justification |
|---|---|---|
| Coherence | 4 | The questions follow a logical progression, starting with understanding the components of the equation before moving onto its application and limitations. |
| Relevance | 5 | All questions are directly relevant to the equation and its underlying concepts, providing a comprehensive introduction to the topic. |
| Diversity | 4 | The questions cover various dimensions of the equation, such as measurement, relationships, and applicability, offering a well-rounded exploration. |"
"Imagine you are a human, this is the first time you are coming across this Maths Statement or Equation, you have no previous knowledge of it ""The surface area of a rectangular prism is 2lw + 2lh + 2wh  "", what are the top 5 questions that would pop up in your head which would be most useful in learning about it as you are new to it. Give me a simple bullet point list, don't explain them or expand them","Sure! Here are five questions that might be useful for learning about the equation for the surface area of a rectangular prism:

* What do the letters l, w, and h represent?
* What is the formula trying to calculate?
* What is the difference between the surface area of a rectangular prism and the surface area of a cube?
* How can I use this formula to find the surface area of a specific rectangular prism?
* Are there any real-world applications of this formula that I should know about?","| Metric | Score | Justification |
|---|---|---|
| Relevance | 5 | All questions directly pertain to the equation and its elements. |
| Coherence | 5 | The questions follow a logical sequence, starting with definitions and progressing to applications. |
| Diversity | 4 | The questions cover a range of aspects, including definitions, calculations, comparisons, and real-world applications. |","| Metric   | Score | Justification                                                                                                      |
|----------|-------|--------------------------------------------------------------------------------------------------------------------|
| Relevance | 5     | All questions directly pertain to understanding the given statement about the surface area of a rectangular prism. |
| Coherence | 4     | The questions progress logically from defining terms to real-world applications, forming a coherent inquiry.        |
| Diversity | 4     | The questions cover a range of aspects including definitions, calculations, comparisons, and practical applications. |","

| Metric | Score | Justification |
|---|---|---|
| Coherence | 4 | The questions follow a logical order, starting with basic terminology and gradually moving towards more complex ideas like application and comparison with other shapes. However, the last question seems slightly disconnected from the rest, causing a minor dip in coherence. |
| Relevance | 5 | All questions are highly relevant to the original statement, addressing essential components such as variable meanings, purpose, and practical usage. They effectively target various facets of understanding the formula, making the set well-rounded and"
"Imagine you are a human, this is the first time you are coming across this Maths Statement or Equation, you have no previous knowledge of it ""A line parallel to the x-axis has an equation of the form y = k  "", what are the top 5 questions that would pop up in your head which would be most useful in learning about it as you are new to it. Give me a simple bullet point list, don't explain them or expand them","Sure! Here are five questions that might be useful for learning about the equation of a line parallel to the x-axis:

* What does the ""y"" represent in the equation?
* What does the ""k"" represent in the equation?
* What does it mean for a line to be parallel to the x-axis?
* How can I use this equation to find the value of y for a given value of x?
* Are there any restrictions on the value of k, and if so, what are they?","| Metric | Score | Justification |
|---|---|---|
| Relevance | 5 | The questions directly address the key elements and concepts presented in the statement, focusing on the equation and its components. |
| Coherence | 4 | The questions follow a logical progression, starting with basic definitions and concepts and gradually exploring more specific aspects of the equation. |
| Diversity | 4 | The questions cover a range of aspects related to the equation, including its representation, interpretation, and application. |","| Metric   | Score | Justification                                                                                           |
|----------|-------|---------------------------------------------------------------------------------------------------------|
| Relevance | 5     | All questions directly pertain to the details and concepts presented in the statement.                 |
| Coherence | 4     | The questions progress logically in exploring the equation and its components, except for the last one. |
| Diversity | 5     | Each question brings a new dimension to understanding the equation, covering various aspects of it.    |","

| Metric | Score | Justification                                                                                                                                                                                                                                                                                                                                                                                                                                                                                                                                                                                                                                                                                                                                                                                                                                                                                                                                                                                                                                                                                                                                                                                                                                                                                                                                                                                                                                                                                                                                                                                                                                                                                                                                                                                                                                                                                                                                                                "
"Imagine you are a human, this is the first time you are coming across this Maths Statement or Equation, you have no previous knowledge of it ""The base angles of an isosceles triangle are equal  "", what are the top 5 questions that would pop up in your head which would be most useful in learning about it as you are new to it. Give me a simple bullet point list, don't explain them or expand them","Sure! Here are five questions that might be useful for learning about the equation ""The base angles of an isosceles triangle are equal"":

* What is an isosceles triangle?
* What are base angles?
* Why are the base angles of an isosceles triangle equal?
* How can I prove that the base angles of an isosceles triangle are equal?
* Are there any exceptions or special cases where the base angles of an isosceles triangle are not equal?","| Metric | Score | Justification |
|---|---|---|
| Relevance | 5 | All questions directly relate to the statement, addressing key concepts such as isosceles triangles, base angles, and their equality. |
| Coherence | 4 | The questions form a logical progression, starting with basic definitions and progressing to more specific inquiries about proof and exceptions. |
| Diversity | 4 | The questions cover a range of aspects, from definitions to proofs and potential exceptions, providing a broad exploration of the statement. |","| Metric   | Score | Justification                                                                                                                                |
|----------|-------|----------------------------------------------------------------------------------------------------------------------------------------------|
| Relevance | 5     | All questions directly relate to the statement about base angles of an isosceles triangle, addressing fundamental concepts and properties. |
| Coherence | 4     | The questions flow logically from defining terms to exploring properties and proofs, forming a coherent progression of inquiry.          |
| Diversity | 5     | The questions cover a range of aspects including definitions, reasons, proofs, exceptions, ensuring a comprehensive exploration of the topic. |","

| Metric | Score | Justification |
| --- | --- | --- |
| Relevance | 5 | All questions are directly related to the concept of isosceles triangles and their base angles. They aim to clarify and expand upon the statement, focusing on the definition, properties, proof, and potential exceptions. |
| Coherence | 4 | The questions follow a logical progression, starting with basic definitions before moving onto more complex topics like proof and exceptions. However, some questions could be reordered to create a more seamless transition between simpler and more advanced topics. |"
"Imagine you are a human, this is the first time you are coming across this Maths Statement or Equation, you have no previous knowledge of it ""The trapezoidal rule is used to approximate the integral of a function."", what are the top 5 questions that would pop up in your head which would be most useful in learning about it as you are new to it. Give me a simple bullet point list, don't explain them or expand them","Sure! Here are five questions that might be useful for learning about the trapezoidal rule:

* What is an integral and why do we need to approximate it?
* What is the trapezoidal rule and how does it work?
* How accurate is the trapezoidal rule in approximating integrals?
* What kinds of functions can the trapezoidal rule be applied to?
* Are there any limitations or restrictions on using the trapezoidal rule?","| Metric | Score | Justification |
|---|---|---|
| Relevance | 5 | All five questions directly relate to understanding the trapezoidal rule, its purpose, and its applicability. |
| Coherence | 4 | The questions flow logically, building upon each other to deepen understanding of the trapezoidal rule. |
| Diversity | 4 | The questions cover a range of aspects, including the definition, accuracy, applicability, and limitations of the trapezoidal rule. |","| Metric   | Score | Justification                                                                                                              |
|----------|-------|----------------------------------------------------------------------------------------------------------------------------|
| Relevance | 5     | All questions directly pertain to the statement about the trapezoidal rule and focus on understanding its application.    |
| Coherence | 4     | The questions progress logically from defining integrals to exploring the trapezoidal rule and its accuracy and limitations. |
| Diversity | 5     | Each question uncovers a different aspect such as definition, accuracy, applicability, and restrictions of the trapezoidal rule. |","

| Metric | Score | Justification |
| --- | --- | --- |
| Relevance | 5 | All questions are directly related to the trapezoidal rule and its application, providing a comprehensive overview of the concept. |
| Coherence | 4 | The questions follow a logical progression, moving from basic concepts like integrals and approximation to more specific considerations such as function applicability and limitations. However, the order could be rearranged for better flow. |
| Diversity | 5 | The questions cover various aspects of the trapezoidal"
"Imagine you are a human, this is the first time you are coming across this Maths Statement or Equation, you have no previous knowledge of it """", what are the top 5 questions that would pop up in your head which would be most useful in learning about it as you are new to it. Give me a simple bullet point list, don't explain them or expand them","Sure! Here are five questions that might be useful for a human encountering the equation for the first time:

* What do the letters in the equation represent?
* Is this equation used to solve a specific type of problem or is it a general formula?
* Can you give an example of how to use the equation to solve a problem?
* What are the steps involved in solving the equation?
* Are there any common mistakes people make when using this equation?","| Metric | Score | Justification |
|---|---|---|
| Relevance | 5 | All questions directly target crucial aspects of the statement: understanding variable significance, problem applicability, problem-solving methodology, solution process, and common pitfalls. |
| Coherence | 4 | Questions follow a logical sequence, starting with variable identification, then exploring equation applicability and usage, and finally focusing on problem-solving techniques and potential issues. |
| Diversity | 4 | Questions effectively cover a range of dimensions: variable interpretation, equation purpose, problem-solving approach, solution steps, and common errors. They provide a well-rounded exploration of the statement. |","Metric | Score | Justification
Relevance | 5 | All questions directly pertain to understanding the equation and its applications.
Coherence | 5 | The questions form a logical progression from understanding the components to practical application.
Diversity | 4 | The questions cover a range of aspects from definitions to common mistakes, but could include more about real-world uses or historical context.","

| Metric | Score | Justification |
|---|---|---|
| Coherence | 4 | The questions follow a logical progression, starting with basic understanding and moving towards application and potential pitfalls. |
| Relevance | 5 | All questions relate directly to the equation and its usage, without straying into tangential topics. |
| Diversity | 4 | The questions cover various aspects of the equation, including its components, purpose, application, process, and common errors. However, they could delve deeper into theoretical underpinnings or historical context. |"
