Instruction,outputs_Phi2_5_csv,Mistral Output,Gemini Output,GPT Output
"Imagine you are a human, this is the first time you are coming across this Chemistry Statement, you have no previous knowledge of it ""Organic chemistry focuses on compounds containing carbon."", what are the top 5 questions that would pop up in your head which would be most useful in learning about it as you are new to it. Give me a simple bullet point list, don't explain them or expand them","1. What is Carbon? 
2. How does Carbon form bonds with other elements? 
3. What are some common organic compounds and their uses? 
4. How do we study Organic Chemistry? 
5. What are the applications of Organic Chemistry in our daily lives?","

| Metric | Score | Justification |
|---|---|---|
| Relevance | 5 | All questions directly relate to the concept of Organic Chemistry and its focus on Carbon compounds. |
| Coherence | 4 | The questions follow a logical progression from defining Carbon to exploring its bonding properties, common compounds, methods of study, and real-world applications. |
| Diversity | 5 | The questions cover various aspects of Organic Chemistry, including definition, structure, examples, methodology, and practical applications. |","| Metric | Score | Justification |
|---|---|---|
| Relevance | 5 | All questions directly relate to the statement's focus on carbon and organic compounds. |
| Coherence | 4 | The questions progress logically from understanding carbon to its bonding properties, common compounds, study methods, and applications. |
| Diversity | 3 | The questions cover a range of aspects, including the nature of carbon, bonding, applications, and study methods, but could further explore theoretical underpinnings or implications. |","| Metric    |   Score   | Justification                                                                                                |
|-----------|-----------|--------------------------------------------------------------------------------------------------------------|
| Relevance |     5     | The questions directly align with the essence of organic chemistry focusing on carbon compounds.           |
| Coherence |     4     | The questions form a logical progression from basic understanding of carbon to applications in daily life.  |
| Diversity |     4     | The questions cover definitions, bonding, common compounds, study methods, and practical applications.     |"
"Imagine you are a human, this is the first time you are coming across this Chemistry Statement, you have no previous knowledge of it ""Stereochemistry involves the study of the spatial arrangement of atoms in molecules."", what are the top 5 questions that would pop up in your head which would be most useful in learning about it as you are new to it. Give me a simple bullet point list, don't explain them or expand them","1. What does'spatial arrangement' mean?
2. How do atoms form molecules?
3. Can you give an example of a molecule and its spatial arrangement?
4. Why is stereochemistry important?
5. Are there any real-world applications for stereochemistry?","

| Metric | Score | Justification |
|---|---|---|
| Coherence | 4 | The questions follow a logical order, starting with basic concepts like 'What does spatial arrangement mean?' and gradually moving towards more complex ideas such as real-world applications. However, they could be slightly more diverse in exploring other dimensions like historical development or theoretical frameworks. |
| Relevance | 5 | All questions are highly relevant to the statement, focusing on key aspects of stereochemistry like molecular structure, importance, and application. They effectively address various facets of the definition provided. |
","| Metric | Score | Justification |
|---|---|---|
| Relevance | 4/5 | Questions 1, 2, and 3 directly address the definition of stereochemistry and its focus on spatial arrangement. Question 4 explores the significance of stereochemistry, while Question 5 investigates its practical applications. |
| Coherence | 3/5 | While the questions are generally relevant, the sequence could be improved for a more logical progression. For example, defining terms (Q1) could precede discussing molecular formation (Q2) and examples (Q3). |
| Diversity | 4/5 | The questions cover a range of aspects, including definitions, mechanisms, applications, and potential implications. They provide a balanced exploration of stereochemistry's key concepts. |","| Metric    | Score | Justification                                                                                          |
|-----------|-------|---------------------------------------------------------------------------------------------------------|
| Relevance | 5     | All questions directly relate to the concept of stereochemistry and aim to clarify its fundamental aspects. |
| Coherence | 4     | The questions progress logically from defining spatial arrangement to real-world applications.             |
| Diversity | 4     | The questions cover definitions, examples, importance, and applications, offering a well-rounded exploration. |"
"Imagine you are a human, this is the first time you are coming across this Chemistry Statement, you have no previous knowledge of it ""Thermodynamics relates to the energy changes in chemical reactions."", what are the top 5 questions that would pop up in your head which would be most useful in learning about it as you are new to it. Give me a simple bullet point list, don't explain them or expand them","1. What is Thermodynamics? 
2. How does it relate to Chemical Reactions? 
3. Can you give an example of how it works? 
4. What are some common applications of Thermodynamics? 
5. Are there any specific formulas or equations I should know?","

| Metric | Score | Justification |
|---|---|---|
| Coherence | 5 | The questions follow a logical order, starting with defining thermodynamics before moving onto its relationship with chemical reactions, then providing examples, applications, and finally mentioning formulas. This progression allows for a comprehensive understanding of the topic. |
| Relevance | 5 | All questions are directly related to the provided statement, exploring various aspects such as definition, application, and mathematical representation. They do not stray into irrelevant tangents or overly complex topics. |
| Diversity | ","| Metric | Score | Justification |
|---|---|---|
| Coherence | 4 | The questions are well-sequenced and follow a logical progression, starting with a broad definition, exploring the relation to chemical reactions, seeking an example, inquiring about applications, and finally asking for specific formulas or equations. |
| Relevance | 5 | All the questions directly target the key concepts presented in the statement, focusing on the connection between thermodynamics and chemical reactions and their practical applications. |
| Diversity | 3 | The questions cover a range of aspects, including definition, relation to chemical reactions, examples, applications, and formulas. However, they could benefit from exploring theoretical underpinnings or broader implications to increase diversity. |","| Metric   | Score | Justification                                                                                                                                                                          |
|----------|-------|----------------------------------------------------------------------------------------------------------------------------------------------------------------------------------------|
| Relevance| 5     | The questions directly pertain to the statement about Thermodynamics and its relation to energy changes in chemical reactions.                                                         |
| Coherence| 4     | The questions progress logically from defining Thermodynamics to its applications and potential equations, forming a coherent line of inquiry.                                      |
| Diversity| 4     | The questions cover different aspects such as definitions, examples, applications, and formulas, offering a broad exploration of the topic while staying relevant to the statement. |"
"Imagine you are a human, this is the first time you are coming across this Chemistry Statement, you have no previous knowledge of it ""Kinetics studies the rate of chemical reactions."", what are the top 5 questions that would pop up in your head which would be most useful in learning about it as you are new to it. Give me a simple bullet point list, don't explain them or expand them","1. What does Kinetics study?
2. How can I measure the rate of a chemical reaction?
3. What factors affect the rate of a chemical reaction?
4. Can Kinetics help predict how fast a reaction will occur?
5. Are there any real-world applications for studying Kinetics?","

| Metric | Score | Justification |
|---|---|---|
| Coherence | 5 | The questions follow a logical order, starting with defining kinetics and then moving onto measurement, factors affecting rates, predictions, and finally applications. This structure allows for a comprehensive understanding of the topic. |
| Relevance | 5 | All questions relate directly to the provided statement, asking about the definition, measurement, factors, prediction, and application of kinetics in chemical reactions. They focus on essential aspects of the topic without straying into irrelevant tangents. |
| Diversity","| Metric | Score | Justification |
|---|---|---|
| Relevance | 5 | All questions directly relate to understanding the rate of chemical reactions, which is the central concept of the statement. |
| Coherence | 4 | The questions follow a logical progression, starting with the definition of kinetics and then exploring its applications. |
| Diversity | 4 | The questions cover a range of aspects, including the definition, measurement, factors affecting, prediction, and applications of kinetics. |","Metric | Score | Justification
Relevance | 5 | All questions directly pertain to the statement about Kinetics studying the rate of chemical reactions.
Coherence | 4 | The questions form a logical progression of understanding, though a clearer connection between some questions could enhance coherence.
Diversity | 4 | The questions cover various aspects such as definitions, measurements, factors affecting reactions, predictions, and real-world applications, providing a well-rounded exploration of the topic."
"Imagine you are a human, this is the first time you are coming across this Chemistry Statement, you have no previous knowledge of it ""Quantum chemistry describes the behavior of electrons in atoms and molecules."", what are the top 5 questions that would pop up in your head which would be most useful in learning about it as you are new to it. Give me a simple bullet point list, don't explain them or expand them","1. What does quantum chemistry describe?
2. How do electrons behave in atoms and molecules according to quantum chemistry?
3. Can you provide an example of how quantum chemistry can be applied in real-world situations?
4. Are there any specific tools or software used for performing quantum chemical calculations?
5. Who are some notable scientists who have contributed significantly to the field of quantum chemistry?","

| Metric | Score | Justification |
|---|---|---|
| Relevance | 5 | All questions are directly related to the provided statement, exploring various aspects such as definition, application, methods, and historical context. |
| Coherence | 4 | The questions follow a logical order, moving from basic concepts to more specific applications and background information. However, they could benefit from a stronger thematic link between each other. |
| Diversity | 5 | A wide range of aspects are addressed, allowing for a comprehensive exploration of the topic. This includes both practical and theoretical dimensions","| Metric | Score | Justification |
|---|---|---|
| Relevance | 5 | All questions directly pertain to the statement's content, exploring the behavior of electrons in atoms and molecules according to quantum chemistry. |
| Coherence | 4 | The questions follow a logical sequence, starting with the basic definition and progressing to applications and notable contributors. The line of inquiry is coherent and facilitates a structured understanding. |
| Diversity | 3 | The questions cover a range of aspects, including the definition, behavior of electrons, applications, tools, and historical contributions. However, they could delve deeper into theoretical underpinnings or limitations for enhanced diversity. |","| Metric   | Score | Justification                                                                                                                  |
|----------|-------|--------------------------------------------------------------------------------------------------------------------------------|
| Relevance | 5     | All questions directly pertain to the behavior of electrons in atoms and molecules as described in quantum chemistry.     |
| Coherence | 4     | The questions form a coherent progression from defining quantum chemistry to its applications and notable figures in the field. |
| Diversity | 4     | The questions cover a range of aspects including definitions, behaviors, applications, tools, and historical context.       |"
"Imagine you are a human, this is the first time you are coming across this Chemistry Statement, you have no previous knowledge of it ""Electrochemistry involves chemical reactions that produce or require an electric current."", what are the top 5 questions that would pop up in your head which would be most useful in learning about it as you are new to it. Give me a simple bullet point list, don't explain them or expand them","1. What is Electrochemistry? 
2. How does Electrochemistry work? 
3. What are some examples of Electrochemical processes? 
4. What are the applications of Electrochemistry? 
5. How can I learn more about Electrochemistry?","

| Metric | Score | Justification |
|---|---|---|
| Coherence | 5 | The questions follow a logical order, starting with defining electrochemistry, then moving onto its mechanism, examples, applications, and finally suggesting a way to learn more. This creates a clear path for understanding the concept. |
| Relevance | 5 | All questions are directly related to the provided statement, asking for clarification on the term, its function, instances, impact, and resources for further study. They all pertain to the core aspects of the statement. |
| Diversity |","| Metric | Score | Justification |
|---|---|---|
| Relevance | 5 | The questions directly address the key elements of the statement, focusing on the definition, mechanism, examples, applications, and learning resources for electrochemistry. |
| Coherence | 4 | The questions follow a logical progression, starting with the basics (definition and mechanism) and gradually expanding to more advanced concepts (examples, applications, and learning resources). |
| Diversity | 4 | The questions cover a wide range of aspects related to electrochemistry, including its definition, principles, applications, and learning resources. |","| Metric   | Score | Justification                                                                                    |
|----------|-------|---------------------------------------------------------------------------------------------------|
| Relevance | 5     | All questions directly pertain to the statement about Electrochemistry.                          |
| Coherence | 4     | The questions progress logically from defining Electrochemistry to its applications.            |
| Diversity | 4     | The questions cover different aspects such as definition, working, examples, and applications.   |"
"Imagine you are a human, this is the first time you are coming across this Chemistry Statement, you have no previous knowledge of it ""Spectroscopy measures the interaction of light with matter to study the structure of molecules."", what are the top 5 questions that would pop up in your head which would be most useful in learning about it as you are new to it. Give me a simple bullet point list, don't explain them or expand them","1. What is Spectroscopy?
2. How does it measure the interaction between light and matter?
3. Why is studying the structure of molecules important?
4. Can Spectroscopy be used for any other purposes besides studying molecules?
5. Are there different types of Spectroscopy?","

| Metric | Score | Justification |
|---|---|---|
| Relevance | 5 | All questions are directly related to the concept of spectroscopy and its role in studying molecular structures. They do not stray into irrelevant tangents or assumptions. |
| Coherence | 4 | The questions generally follow a logical order, moving from basic definitions to more complex considerations like applications and subcategories. However, some transitions could be smoother, such as connecting the importance of molecular studies to potential uses of spectroscopy. |
| Diversity | 5 |","| Metric | Score | Justification |
|---|---|---|
| Relevance | 3 | The questions directly explore the key concepts of spectroscopy, including its definition, measurement technique, and applications. |
| Coherence | 3 | The questions follow a logical order, starting with a broad definition and gradually narrowing down to more specific aspects of spectroscopy. |
| Diversity | 4 | The questions cover a range of topics, including the definition, technique, importance, applications, and variations of spectroscopy. |","Metric         Score    Justification
Relevance      5       The questions directly address the key components of the statement, focusing on Spectroscopy, the interaction of light with matter, studying molecule structures, and possible applications.
Coherence      4       The questions flow logically from defining Spectroscopy to its applications, with a clear progression of understanding the topic.
Diversity      4       The questions cover a range of aspects related to Spectroscopy, including its definition, processes, significance, applications, and variations, offering a comprehensive exploration of the topic."
"Imagine you are a human, this is the first time you are coming across this Chemistry Statement, you have no previous knowledge of it ""Polymer chemistry focuses on the synthesis and properties of polymers."", what are the top 5 questions that would pop up in your head which would be most useful in learning about it as you are new to it. Give me a simple bullet point list, don't explain them or expand them","1. What are polymers? 
2. How do they differ from other types of materials? 
3. What are some common applications for polymers? 
4. How can we synthesize polymers? 
5. What factors affect the properties of polymers?","

| Metric | Score | Justification |
|---|---|---|
| Coherence | 5 | The questions follow a logical order, starting with defining polymers and gradually moving towards more complex topics like synthesis and property determination. This structure allows for a clear progression of understanding. |
| Relevance | 5 | All questions directly relate to the provided statement, exploring various aspects of polymer chemistry such as composition, comparison to other materials, applications, synthesis methods, and determining factors for properties. |
| Diversity | 5 | The questions cover multiple dimensions of polymer","| Metric | Score | Justification |
|---|---|---|
| Relevance | 4 | The questions are directly related to the elements and concepts introduced in the statement, primarily focusing on defining polymers, understanding their distinctions, exploring their applications, and investigating the processes and factors involved in polymer synthesis and property determination. |
| Coherence | 3 | While the questions are logically connected, forming a somewhat coherent line of inquiry, there could be improvements in the sequencing to create a smoother progression of understanding. For instance, question 2 on exploring differences might follow question 1 on defining polymers, leading to a more logical flow of information. |
| Diversity | 4 | The questions cover a diverse range of topics, including the definition and nature of polymers, their contrasting characteristics, practical applications, synthesis methods, and the factors influencing their properties. This broad exploration offers a comprehensive overview of polymer chemistry. |","| Metric    | Score | Justification                                                                                     |
|-----------|-------|--------------------------------------------------------------------------------------------------|
| Relevance | 5     | All questions directly pertain to the synthesis and properties of polymers.                      |
| Coherence | 4     | The questions progress logically from defining polymers to exploring their properties and synthesis methods. |
| Diversity | 4     | The questions cover a range of aspects including definitions, differences, applications, synthesis, and factors affecting properties. |"
"Imagine you are a human, this is the first time you are coming across this Chemistry Statement, you have no previous knowledge of it ""Biochemistry explores the chemical processes within living organisms."", what are the top 5 questions that would pop up in your head which would be most useful in learning about it as you are new to it. Give me a simple bullet point list, don't explain them or expand them","1. What does biochemistry study?
2. How do chemical processes occur in living organisms?
3. Can you give an example of a chemical process in a living organism?
4. What are some applications of biochemistry?
5. Are there any famous scientists who contributed to the field of biochemistry?","

| Metric | Score | Justification |
|---|---|---|
| Relevance | 5 | All questions are directly related to the statement, exploring various aspects such as the subject matter, mechanisms, examples, applications, and historical context. |
| Coherence | 4 | The questions follow a logical order, moving from general concepts to more specific instances, creating a coherent line of inquiry. However, the last question seems slightly disconnected from the rest, focusing on individuals rather than the field itself. |
| Diversity | 5 | The questions cover a wide range of aspects","| Metric | Score | Justification |
|---|---|---|
| Relevance | 5 | All questions directly pertain to the key elements of the statement, exploring the scope, processes, examples, applications, and historical contributions within biochemistry. |
| Coherence | 4 | The questions follow a logical progression, starting with the core subject of biochemistry and gradually expanding to include specific processes, examples, applications, and historical figures. |
| Diversity | 3 | The questions cover a good range of aspects, including definition, processes, applications, and historical perspectives. However, further diversity could be introduced by exploring ethical implications or interdisciplinary connections. |","| Metric    | Score | Justification                                                                      |
|-----------|-------|------------------------------------------------------------------------------------|
| Relevance | 4     | The questions directly pertain to the chemical processes in living organisms.     |
| Coherence | 5     | The questions form a logical progression in understanding biochemistry.           |
| Diversity | 4     | The questions cover a range of aspects from definitions to applications and history.|"
"Imagine you are a human, this is the first time you are coming across this Chemistry Statement, you have no previous knowledge of it ""Green chemistry aims to design chemical products and processes that reduce or eliminate the use and generation of hazardous substances."", what are the top 5 questions that would pop up in your head which would be most useful in learning about it as you are new to it. Give me a simple bullet point list, don't explain them or expand them","1. What does 'green' mean in chemistry? 
2. How can we reduce or eliminate hazardous substances in chemical products and processes? 
3. Can you give an example of a green chemistry product or process? 
4. Are there any regulations or policies related to green chemistry? 
5. How can I learn more about green chemistry?","

| Metric | Score | Justification |
|---|---|---|
| Relevance | 5 | All questions directly relate to the concept of green chemistry and its practical implementation, without straying into tangential topics. |
| Coherence | 4 | The questions follow a logical progression, moving from basic definitions to practical examples and further resources, though some may argue for a stronger connection between questions. |
| Diversity | 4 | The questions cover various aspects of green chemistry, such as definition, methods, examples, regulations, and learning resources, offering a comprehensive introduction to the","| Metric | Score | Justification | 
|---|---|---|
| Relevance | 5 | The questions are highly relevant to the statement, directly exploring the concept of green chemistry, its goals, and potential applications. |
| Coherence | 4 | The questions follow a logical sequence, starting with the basic concept and progressing to more detailed inquiries about implementation, examples, regulations, and learning resources. |
| Diversity | 4 | The questions cover a wide range of aspects related to green chemistry, including its definition, methods, applications, regulations, and further exploration. |","| Metric    | Score | Justification                                                                                   |
|-----------|-------|-------------------------------------------------------------------------------------------------|
| Relevance | 5     | All questions directly pertain to the details of the statement about green chemistry.           |
| Coherence | 4     | The questions form a logical progression but could benefit from a more structured sequence.     |
| Diversity | 4     | The questions cover different aspects of green chemistry, providing a broad exploration.       |"
"Imagine you are a human, this is the first time you are coming across this Chemistry Statement, you have no previous knowledge of it ""Enzymes are biological catalysts that speed up biochemical reactions."", what are the top 5 questions that would pop up in your head which would be most useful in learning about it as you are new to it. Give me a simple bullet point list, don't explain them or expand them","1. What exactly is an enzyme? 
2. How do enzymes work as biological catalysts? 
3. Can you give examples of biochemical reactions that enzymes can speed up? 
4. Are there different types of enzymes and how do they differ from each other? 
5. What factors affect the activity of enzymes?","

| Metric | Score | Justification |
|---|---|---|
| Coherence | 5 | The questions follow a logical order, starting with defining an enzyme before moving onto its function, examples, classification, and influencing factors. This structure allows for a clear progression of understanding. |
| Relevance | 5 | All questions relate directly to the provided statement, asking for clarification or expansion on various components of the definition. They remain focused on the core concept without straying into tangential topics. |
| Diversity | 4 | The questions cover multiple dimensions","| Metric | Score | Justification |
|---|---|---|
| Relevance | 5 | All questions are directly relevant to the statement, focusing on the definition, function, types, and factors affecting enzymes. |
| Coherence | 4 | The questions follow a logical progression, starting with a basic definition and gradually exploring different aspects of enzymes. |
| Diversity | 4 | The questions cover a range of aspects, including definition, mechanisms, examples, classification, and factors affecting enzyme activity. |","| Metric   | Score | Justification                                                                                         |
|----------|-------|-------------------------------------------------------------------------------------------------------|
| Relevance|   5   | All questions directly address aspects of enzymes as biological catalysts and their functions.       |
| Coherence|   4   | Questions follow a logical progression from defining enzymes to their types and factors affecting them.|
| Diversity|   5   | The questions cover various essential aspects of enzymes, from definitions to examples and factors affecting them. |"
"Imagine you are a human, this is the first time you are coming across this Chemistry Statement, you have no previous knowledge of it ""Nuclear chemistry involves the study of radioactive decay, nuclear fission, and nuclear fusion."", what are the top 5 questions that would pop up in your head which would be most useful in learning about it as you are new to it. Give me a simple bullet point list, don't explain them or expand them","1. What is radioactive decay? 
2. How does nuclear fission work? 
3. What is nuclear fusion? 
4. What are some applications of nuclear chemistry? 
5. What safety precautions should be taken when working with radioactive materials?","

| Metric | Score | Justification |
|---|---|---|
| Coherence | 5 | The questions follow a logical progression from basic concepts like radioactive decay to more complex ones such as applications and safety precautions. They also build upon each other well, creating a clear line of inquiry. |
| Relevance | 5 | All questions are directly related to the provided statement, exploring various aspects of nuclear chemistry without straying into irrelevant tangents. |
| Diversity | 4 | While the questions cover a range of topics, there is room for further exploration","| Metric | Score | Justification |
|---|---|---|
| Relevance | 5 | The questions are directly related to the statement and cover key aspects of nuclear chemistry, including radioactive decay, nuclear fission, nuclear fusion, applications, and safety. |
| Coherence | 4 | The questions progress logically, starting with basic concepts (radioactive decay, nuclear fission, and nuclear fusion) and then exploring applications and safety. |
| Diversity | 4 | The questions cover a range of aspects of nuclear chemistry, including definitions, applications, and safety considerations. They provide a broad overview of the field, balancing specific focus and broad exploration. |","| Metric    | Score | Justification                                                                                       |
|-----------|-------|-----------------------------------------------------------------------------------------------------|
| Relevance | 5     | All questions directly relate to the elements and concepts mentioned in the statement.              |
| Coherence | 4     | The questions progress logically from understanding basic terms to applications and safety measures.|
| Diversity | 4     | The questions cover various aspects of nuclear chemistry, including decay, fission, fusion, applications, and safety precautions. |"
"Imagine you are a human, this is the first time you are coming across this Chemistry Statement, you have no previous knowledge of it ""The principle of quantum mechanics underlies the behavior of electrons in atoms."", what are the top 5 questions that would pop up in your head which would be most useful in learning about it as you are new to it. Give me a simple bullet point list, don't explain them or expand them","1. What is quantum mechanics?
2. How does it relate to electron behavior in atoms?
3. Can you give an example of how quantum mechanics affects our daily lives?
4. Are there any practical applications for understanding quantum mechanics?
5. Where can I learn more about quantum mechanics and its principles?","

| Metric | Score | Justification |
|---|---|---|
| Coherence | 4 | The questions follow a logical order, starting with understanding the basics of quantum mechanics before moving onto its relationship with electron behavior in atoms, real-world examples, applications, and resources for further learning. |
| Relevance | 5 | All questions are highly relevant to the initial statement, focusing on understanding quantum mechanics and its impact on electron behavior in atoms. |
| Diversity | 4 | The questions cover various aspects related to the statement, such as definition, application, and resources for","| Metric | Score | Justification |
|---|---|---|
| Relevance | 4 | The questions directly address the key elements of the statement, focusing on the relationship between quantum mechanics and electron behavior in atoms. The questions align with a beginner's understanding of the topic. |
| Coherence | 3 | The questions follow a logical progression, starting with a basic understanding of quantum mechanics and gradually exploring its implications and applications. However, there could be a smoother transition between questions 2 and 3. |
| Diversity | 4 | The questions cover a range of aspects, including definitions (question 1), practical implications (question 3), and resources for further learning (question 5). While question 4 touches on applications, it could be expanded to include specific examples. |","| Metric    | Score | Justification                                                                                                                                                   |
|-----------|-------|------------------------------------------------------------------------------------------------------------------------------------------------------------------|
| Relevance  | 5     | All questions directly pertain to the statement about the behavior of electrons in atoms and quantum mechanics.                                                 |
| Coherence | 4     | The questions follow a logical progression from defining quantum mechanics to practical applications and resources for further learning.                     |
| Diversity | 4     | The questions cover a range of aspects related to quantum mechanics, including definitions, examples, applications, and additional resources for study. |"
"Imagine you are a human, this is the first time you are coming across this Chemistry Statement, you have no previous knowledge of it ""Chromatography is a technique used to separate the components of a mixture."", what are the top 5 questions that would pop up in your head which would be most useful in learning about it as you are new to it. Give me a simple bullet point list, don't explain them or expand them","1. What is Chromatography?
2. How does Chromatography work?
3. What are the different types of Chromatography?
4. What are some applications of Chromatography?
5. How can I perform Chromatography myself?","

| Metric | Score | Justification |
|---|---|---|
| Coherence | 5 | The questions follow a logical order, starting with defining chromatography and gradually moving towards more practical concerns such as application and performance. |
| Relevance | 5 | All questions directly relate to the provided statement, exploring various aspects of chromatography without deviating into tangential topics. |
| Diversity | 4 | Although the questions cover multiple dimensions of chromatography, there could be room for further diversification by asking about its history, limitations, or future potential. |","| Metric | Score | Justification |
|---|---|---|
| Relevance | 5 | All questions directly relate to the definition of Chromatography, its components, applications, and practicalities, showcasing a high level of relevance to the statement. |
| Coherence | 5 | The questions are logically connected and follow a structured line of inquiry, starting with the definition and progressing to applications and practicalities. |
| Diversity | 4 | The questions cover a broad range of aspects, from basic definitions to applications and practical implementation, providing a comprehensive exploration of the topic. However, adding a question on limitations or theoretical principles could enhance diversity. |","| Metric    | Score | Justification                                                                                                              |
|-----------|-------|-----------------------------------------------------------------------------------------------------------------------------|
| Relevance  | 5     | All questions directly relate to understanding the technique of Chromatography.                                           |
| Coherence  | 4     | The questions progress logically from defining Chromatography to practical applications and self-performance.           |
| Diversity  | 4     | The questions cover a broad range of aspects from basics to applications, providing a well-rounded exploration of the topic. |"
"Imagine you are a human, this is the first time you are coming across this Chemistry Statement, you have no previous knowledge of it ""Chemical kinetics involves the mechanisms by which reactions occur and the factors that influence their rates."", what are the top 5 questions that would pop up in your head which would be most useful in learning about it as you are new to it. Give me a simple bullet point list, don't explain them or expand them","1. What is chemical kinetics?
2. How do reactions occur?
3. What factors affect reaction rates?
4. Can we control reaction rates?
5. Why is understanding chemical kinetics important?","

| Metric | Score | Justification |
|---|---|---|
| Coherence | 5 | The questions follow a logical order, starting with defining chemical kinetics and gradually moving towards more complex aspects like controlling reaction rates and importance of understanding chemical kinetics. |
| Relevance | 5 | All questions are directly related to the provided statement, covering all key elements such as mechanisms, factors influencing reaction rates, and significance of chemical kinetics. |
| Diversity | 5 | A wide range of aspects are covered, from basic definitions to practical implications and theoretical importance","| Metric | Score | Justification |
|---|---|---|
| Relevance | 5 | All questions directly pertain to the details and concepts presented in the statement, covering the mechanisms of reactions and factors influencing their rates. |
| Coherence | 4 | The questions form a coherent line of inquiry, starting with a broad definition of chemical kinetics and progressively exploring its core components and implications. |
| Diversity | 3 | While the questions cover essential aspects of chemical kinetics, they primarily focus on the core concepts of reaction mechanisms and rate factors, with limited exploration of potential applications or theoretical underpinnings. |","| Metric    | Score | Justification                                                                                     |
|-----------|-------|---------------------------------------------------------------------------------------------------|
| Relevance | 5     | All questions directly pertain to the statement on chemical kinetics.                               |
| Coherence | 4     | The questions form a logical progression in exploring the topic but could be more tightly connected. |
| Diversity | 4     | The questions cover different aspects of chemical kinetics, offering a varied exploration.          |"
"Imagine you are a human, this is the first time you are coming across this Chemistry Statement, you have no previous knowledge of it ""The Hardy-Weinberg principle applies to genetic equilibrium in populations, connecting chemistry to biology."", what are the top 5 questions that would pop up in your head which would be most useful in learning about it as you are new to it. Give me a simple bullet point list, don't explain them or expand them","1. What does the Hardy-Weinberg principle state?
2. How does it apply to genetic equilibrium in populations?
3. Can you give an example of how it connects chemistry and biology?
4. Are there any real-world applications of the Hardy-Weinberg principle?
5. How can I learn more about this topic?","

| Metric | Score | Justification |
|---|---|---|
| Relevance | 5 | All questions directly relate to the statement, exploring its meaning, application, and implications. |
| Coherence | 5 | The questions follow a logical order, moving from basic understanding to further exploration, creating a coherent line of inquiry. |
| Diversity | 5 | The questions cover various aspects of the topic, including definition, application, and resources for further learning. |","| Metric | Score | Justification |
|---|---|---|
| Relevance | 5 | All questions directly address key elements of the statement, seeking clarification on the principle, its application, implications, and avenues for further exploration. |
| Coherence | 4 | The questions follow a logical sequence, starting with a foundational definition and gradually exploring deeper aspects and connections. They provide a structured path for understanding the concept. |
| Diversity | 4 | The questions cover a range of topics, including the definition, application, connection to biology, real-world implications, and resources for further learning. They offer a comprehensive exploration of the principle's various dimensions. |","| Metric    | Score | Justification                                                                                         |
|-----------|-------|-------------------------------------------------------------------------------------------------------|
| Relevance | 5     | All questions directly pertain to the details and concepts presented in the statement.               |
| Coherence | 4     | The questions form a logical progression of inquiry, but could benefit from a clearer thematic connection. |
| Diversity | 4     | The questions cover different aspects of the statement, offering a broad exploration of the topic.    |"
"Imagine you are a human, this is the first time you are coming across this Chemistry Statement, you have no previous knowledge of it ""Materials science explores the properties and applications of materials in engineering and technology."", what are the top 5 questions that would pop up in your head which would be most useful in learning about it as you are new to it. Give me a simple bullet point list, don't explain them or expand them","1. What is Materials Science?
2. How does it relate to Engineering and Technology?
3. What types of materials are studied in Materials Science?
4. What are some examples of how Materials Science has been applied in Engineering and Technology?
5. What are some current research areas in Materials Science?","

| Metric | Score | Justification |
| --- | --- | --- |
| Coherence | 5 | The questions follow a logical order, starting with defining Materials Science, then exploring its relationship with Engineering and Technology, moving onto the study of materials, followed by real-world applications, and finally current research areas. This structure provides a comprehensive overview of the field. |
| Relevance | 5 | All questions are directly related to the provided statement, focusing on understanding the concept of Materials Science and its role in Engineering and Technology. They avoid delving into tangential topics and maintain","| Metric | Score | Justification |
|---|---|---|
| Relevance | 5 | All questions directly relate to the statement, seeking clarification on the definition, applications, and current research areas in Materials Science. |
| Coherence | 4 | The questions follow a logical progression, starting with a basic definition, exploring the relationship to engineering and technology, and then delving into specific types of materials, applications, and current research areas. |
| Diversity | 4 | The questions cover a wide range of aspects, from definition and basic concepts to applications and current research, providing a comprehensive overview of Materials Science. |","| Metric   | Score | Justification                                                                                            |
|----------|-------|----------------------------------------------------------------------------------------------------------|
| Relevance | 5     | All questions directly pertain to the details and concepts presented in the statement.                    |
| Coherence | 4     | The questions form a logical progression of inquiry, starting with defining Materials Science and ending with current research areas. |
| Diversity | 4     | The questions cover various aspects of Materials Science, including its definition, applications, and ongoing research. |"
"Imagine you are a human, this is the first time you are coming across this Chemistry Statement, you have no previous knowledge of it ""Supramolecular chemistry focuses on the non-covalent interactions between molecules."", what are the top 5 questions that would pop up in your head which would be most useful in learning about it as you are new to it. Give me a simple bullet point list, don't explain them or expand them","1. What does 'non-covalent' mean?
2. How do these interactions differ from covalent bonds?
3. Can you give an example of a supramolecular system?
4. What are some applications of supramolecular chemistry?
5. Are there any limitations to supramolecular chemistry?","

| Metric | Score | Justification |
|---|---|---|
| Coherence | 5 | The questions follow a logical order, starting with understanding the term 'non-covalent', then comparing it to covalent bonds, providing an example, discussing applications, and finally addressing limitations. This structure allows for a comprehensive introduction to the topic. |
| Relevance | 5 | All questions relate directly to the provided statement, exploring various aspects such as terminology, comparison, examples, applications, and limitations. They remain focused on the core concept without deviating into tangential topics.","| Metric | Score | Justification |
|---|---|---|
| Relevance | 5 | All questions directly relate to the statement's key concepts: non-covalent interactions and supramolecular chemistry. |
| Coherence | 4 | The questions follow a logical progression from defining the term ""non-covalent"" to exploring its applications and limitations in supramolecular chemistry. |
| Diversity | 4 | The questions cover a range of aspects, including the definition, distinction from covalent bonds, examples, applications, and limitations. |","| Metric   | Score | Justification                                                                                           | 
|----------|-------|---------------------------------------------------------------------------------------------------------|
| Relevance    |   5   | All questions directly relate to the statement about supramolecular chemistry.                        |
| Coherence    |   4   | The questions progress logically from defining non-covalent interactions to applications and limitations. | 
| Diversity    |   4   | The questions cover definitions, examples, applications, and limitations, providing a broad exploration.  |"
"Imagine you are a human, this is the first time you are coming across this Chemistry Statement, you have no previous knowledge of it ""Environmental chemistry studies the chemical and biochemical phenomena that occur in natural places."", what are the top 5 questions that would pop up in your head which would be most useful in learning about it as you are new to it. Give me a simple bullet point list, don't explain them or expand them","1. What does environmental chemistry study?
2. Where do these chemical and biochemical phenomena occur?
3. How can we identify and analyze these phenomena?
4. What are some examples of environmental chemistry?
5. Why is understanding environmental chemistry important for our planet's health?","

| Metric | Score | Justification |
|---|---|---|
| Coherence | 5 | The questions follow a logical order, starting with defining the subject matter, moving to its location, then discussing analysis methods, providing examples, and finally emphasizing importance. |
| Relevance | 5 | All questions relate directly to the provided statement, covering essential aspects of environmental chemistry. |
| Diversity | 5 | The questions cover various dimensions of environmental chemistry, such as definition, location, methodology, examples, and significance. |","| Metric | Score | Justification |
|---|---|---|
| Relevance | 5 | All questions directly target key concepts within the statement, exploring the definition, scope, and significance of environmental chemistry. |
| Coherence | 4 | The questions follow a logical sequence, starting with a broad overview and gradually narrowing down to specific aspects, facilitating a coherent understanding of the topic. |
| Diversity | 5 | The questions cover a diverse range of aspects, including the definition, application, methods, and importance of environmental chemistry, providing a comprehensive exploration. |","| Metric   | Score | Justification                                                                                   |
|----------|-------|-------------------------------------------------------------------------------------------------|
| Relevance | 5     | All questions directly relate to the statement and focus on clarifying the key concepts.       |
| Coherence | 4     | Questions flow logically and build upon each other, except for a slight disjoint in Question 3. |
| Diversity | 4     | Covers different aspects of environmental chemistry, including study focus, examples, and importance. |"
"Imagine you are a human, this is the first time you are coming across this Chemistry Statement, you have no previous knowledge of it ""Medicinal chemistry involves the design, development, and synthesis of pharmaceutical compounds."", what are the top 5 questions that would pop up in your head which would be most useful in learning about it as you are new to it. Give me a simple bullet point list, don't explain them or expand them","1. What is medicinal chemistry?
2. How does it relate to drug discovery and development?
3. What are some common techniques used in medicinal chemistry?
4. Who are some notable figures in the field of medicinal chemistry?
5. What are some current trends and challenges in medicinal chemistry research?","

| Metric | Score | Justification |
|---|---|---|
| Coherence | 5 | The questions follow a logical order, starting with defining the concept and gradually moving towards more specific aspects such as techniques, notable figures, and current trends. This structure allows for a comprehensive understanding of the topic. |
| Relevance | 5 | All questions are highly relevant to the provided statement, addressing various essential components of medicinal chemistry. They focus on providing a clear understanding of the field without deviating into tangential subjects. |
| Diversity | 4 | Although the questions cover","| Metric | Score | Justification |
|---|---|---|
| Relevance | 5 | The questions directly address the key elements of the statement, covering the definition, relationship with drug development, and current trends in medicinal chemistry. |
| Coherence | 4 | The questions follow a logical progression, starting with a basic definition and then exploring the field's methods, key figures, and recent developments. |
| Diversity | 4 | The questions cover a broad range of aspects related to medicinal chemistry, from its scope and techniques to its history and future directions. |","| Metric    | Score | Justification                                                                                                 |
|-----------|-------|---------------------------------------------------------------------------------------------------------------|
| Relevance | 5     | All questions directly relate to the design, development, and synthesis of pharmaceutical compounds.          |
| Coherence | 4     | The questions form a logical progression from defining medicinal chemistry to exploring current trends.     |
| Diversity | 5     | The questions cover a range of aspects from definitions to challenges, offering a broad exploration of the topic.|"
"Imagine you are a human, this is the first time you are coming across this Chemistry Statement, you have no previous knowledge of it ""The Schrödinger equation describes how the quantum state of a physical system changes over time."", what are the top 5 questions that would pop up in your head which would be most useful in learning about it as you are new to it. Give me a simple bullet point list, don't explain them or expand them","1. What does the Schrödinger equation describe?
2. How does the quantum state change over time according to the equation?
3. What is a physical system?
4. Can you provide an example of a physical system described by the Schrödinger equation?
5. How can we use the Schrödinger equation to understand and predict the behavior of such systems?","

| Metric | Score | Justification                                                                                           |
|---------|-------|---------------------------------------------------------------------------------------------------|
| Relevance | 5     | All questions are directly related to the provided statement, exploring its various components. |
| Coherence | 5     | The questions follow a logical order, gradually building on each other to create a coherent line of inquiry. |
| Diversity | 5     | The questions cover multiple dimensions of the statement, including definitions, examples, and applications. |","| Metric | Score | Justification |
|---|---|---|
| Relevance | 5 | All questions directly relate to the statement's core concepts and aim to clarify key elements of the Schrödinger equation. |
| Coherence | 4 | The questions logically progress from defining the equation to exploring its application and implications, providing a coherent inquiry. |
| Diversity | 3 | While the questions cover essential aspects, they primarily focus on the equation's description, time dependence, and system scope. Expanding to include questions on limitations, historical context, or experimental verification could enhance diversity. |","| Metric   | Score | Justification                                                                                                                        |
|----------|-------|--------------------------------------------------------------------------------------------------------------------------------------|
| Relevance | 5     | All questions directly address the key aspects of the statement concerning the Schrödinger equation and its application to systems. |
| Coherence | 4     | The questions flow logically and build upon each other, except for a slight deviation in question 3 that could be better connected.   |
| Diversity | 4     | The questions cover various aspects of the topic, from defining terms to practical applications, offering a diverse exploration.        |"
"Imagine you are a human, this is the first time you are coming across this Chemistry Statement, you have no previous knowledge of it ""Organometallic chemistry combines aspects of organic and inorganic chemistry to study compounds containing metal-carbon bonds."", what are the top 5 questions that would pop up in your head which would be most useful in learning about it as you are new to it. Give me a simple bullet point list, don't explain them or expand them","1. What is an organometallic compound?
2. How does organometallic chemistry combine organic and inorganic chemistry?
3. Can you give examples of organometallic compounds?
4. What are some applications of organometallic chemistry?
5. How do metal-carbon bonds form in organometallic compounds?","

| Metric | Score | Justification |
|---|---|---|
| Relevance | 5 | All questions directly relate to the provided statement, exploring various aspects such as definitions, relationships between fields, examples, applications, and formation processes. |
| Coherence | 4 | The questions follow a logical order, transitioning from basic definitions to more complex aspects like applications and formation processes. However, there is room for better interconnection between questions to create a more seamless flow of inquiry. |
| Diversity | 5 | The questions cover a wide range of aspects related to the","| Metric | Score | Justification |
|---|---|---|
| Relevance | 5 | All questions directly relate to the statement, exploring key concepts such as the definition of organometallic compounds, their synthesis, applications, and the nature of metal-carbon bonds. |
| Coherence | 4 | The questions form a logical sequence, starting with a basic definition and gradually delving into more specific aspects. Question 5 logically follows from the previous ones, as it explores the underlying mechanism for the formation of metal-carbon bonds. |
| Diversity | 5 | The questions cover a wide range of topics within organometallic chemistry, including definitions, synthesis, applications, and the nature of metal-carbon bonds, providing a comprehensive exploration of the field. |","| Metric   | Score | Justification                                                                                                                         |
|----------|-------|----------------------------------------------------------------------------------------------------------------------------------------|
| Relevance|   5   | All questions directly pertain to the details and concepts presented in the statement about organometallic chemistry.              |
| Coherence|   4   | The questions form a logical progression of inquiry to understand organometallic chemistry, but the sequence could be slightly improved.|
| Diversity|   5   | Each question brings a new aspect or perspective to understanding organometallic chemistry, covering definitions, examples, applications, and formation of metal-carbon bonds. |"
"Imagine you are a human, this is the first time you are coming across this Chemistry Statement, you have no previous knowledge of it ""The Gibbs free energy predicts the spontaneity of chemical reactions."", what are the top 5 questions that would pop up in your head which would be most useful in learning about it as you are new to it. Give me a simple bullet point list, don't explain them or expand them","1. What does Gibbs free energy predict?
2. How can I determine if a reaction is spontaneous based on Gibbs free energy?
3. Can Gibbs free energy help me understand why some reactions occur spontaneously while others do not?
4. Are there any factors besides Gibbs free energy that affect whether a reaction will occur spontaneously?
5. How can I calculate Gibbs free energy for a given reaction?","

| Metric | Score | Justification |
|---|---|---|
| Coherence | 5 | The questions follow a logical order, starting with understanding the role of Gibbs free energy and moving towards more specific aspects like calculation and influencing factors. |
| Relevance | 5 | All questions directly relate to the provided statement, exploring various facets of Gibbs free energy and its impact on reaction spontaneity. |
| Diversity | 5 | A wide range of aspects are covered, such as prediction, conditions for spontaneity, alternative factors, and calculation methods. |","| Metric | Score | Justification |
|---|---|---|
| Relevance | 4 | The questions directly address the concept of Gibbs free energy and its role in predicting spontaneity, exploring the practical application of the concept. |
| Coherence | 5 | The questions logically progress in a sequential manner, starting with understanding what Gibbs free energy predicts to exploring factors that affect the spontaneity of reactions. |
| Diversity | 5 | The questions cover a diverse range of aspects, including the definition, determining spontaneity, understanding the underlying reasons, considering external factors, and calculating Gibbs free energy. |","Metric    |   Score   |   Justification
Relevance |   5       |   All questions directly address the statement about Gibbs free energy predicting the spontaneity of chemical reactions.
Coherence |   4       |   The questions flow logically from defining what Gibbs free energy predicts to calculating it for a reaction.
Diversity |   4       |   The questions cover a range of aspects including prediction, calculation, understanding of spontaneity, and other factors influencing reactions."
"Imagine you are a human, this is the first time you are coming across this Chemistry Statement, you have no previous knowledge of it ""Photochemistry studies the chemical effects of light."", what are the top 5 questions that would pop up in your head which would be most useful in learning about it as you are new to it. Give me a simple bullet point list, don't explain them or expand them","1. What is photochemistry?
2. How does light affect chemicals?
3. Can you give an example of photochemical reactions?
4. What are some applications of photochemistry?
5. How can I learn more about photochemistry?","

| Metric | Score | Justification |
|---|---|---|
| Coherence | 5 | The questions follow a logical order, starting with defining photochemistry, then exploring its mechanisms, examples, applications, and finally suggesting a path for further learning. |
| Relevance | 5 | All questions relate directly to the provided statement, addressing various aspects of photochemistry without deviating into tangential topics. |
| Diversity | 5 | The questions cover multiple dimensions of photochemistry, such as definition, mechanism, application, and learning resources, providing","| Metric | Score | Justification |
|---|---|---|
| Relevance | 5 | The questions directly address the key elements of the statement, exploring the definition, effects, examples, applications, and learning opportunities within photochemistry. |
| Coherence | 4 | The sequence of questions follows a logical progression, with each question building upon the previous one to guide the learner's understanding. |
| Diversity | 3 | The questions adequately cover various aspects of photochemistry, including its nature, applications, and accessibility. However, they could benefit from exploring the theoretical underpinnings or limitations of photochemistry for a more comprehensive understanding. |","Relevance | 5 | The questions directly address the key points of photochemistry as presented in the statement.
Coherence | 4 | The questions flow logically from defining photochemistry to exploring its effects and applications.
Diversity | 4 | The questions cover a range of aspects from definitions to examples and applications."
"Imagine you are a human, this is the first time you are coming across this Chemistry Statement, you have no previous knowledge of it ""Solid-state chemistry focuses on the synthesis, structure, and properties of solid phase materials."", what are the top 5 questions that would pop up in your head which would be most useful in learning about it as you are new to it. Give me a simple bullet point list, don't explain them or expand them","1. What is Solid-state chemistry?
2. How does it differ from other branches of chemistry?
3. What types of materials can be studied using Solid-state chemistry?
4. What are some applications of Solid-state chemistry in real life?
5. Who are some notable scientists who have contributed to the field of Solid-state chemistry?","

| Metric | Score | Justification |
|---|---|---|
| Relevance | 5 | All questions are directly related to the statement, exploring various aspects such as definition, comparison, application, and historical context. |
| Coherence | 4 | The questions follow a logical order, moving from basic definitions to more complex topics like applications and historical figures. However, there is room for better thematic connections between questions. |
| Diversity | 5 | A wide range of aspects are covered, offering a comprehensive introduction to the topic through multiple perspectives. |","| Metric | Score | Justification |
|---|---|---|
| Relevance | 5 | All questions directly relate to the statement's key elements, exploring the definition, scope, and applications of solid-state chemistry. |
| Coherence | 4 | The questions flow logically, starting with a broad definition and gradually narrowing down to specific aspects such as material types, applications, and notable scientists. |
| Diversity | 4 | The questions cover a range of perspectives, including definition, comparison, application, and historical contributions. |","| Metric   | Score | Justification                                                                                                      |
|----------|-------|--------------------------------------------------------------------------------------------------------------------|
| Relevance | 5     | All questions directly relate to the statement on Solid-state chemistry, focusing on core concepts and applications. |
| Coherence | 4     | The questions flow logically, building upon each other to explore the field of Solid-state chemistry effectively.       |
| Diversity | 4     | The questions cover a range of aspects from defining the field to historical context and practical applications.         |"
"Imagine you are a human, this is the first time you are coming across this Chemistry Statement, you have no previous knowledge of it ""Chemical thermodynamics deals with the relationship between heat, work, and chemical reactions."", what are the top 5 questions that would pop up in your head which would be most useful in learning about it as you are new to it. Give me a simple bullet point list, don't explain them or expand them","1. What is Chemical Thermodynamics?
2. How does it relate to Heat, Work, and Chemical Reactions?
3. Can you give an example of how it works?
4. What are some real-world applications of Chemical Thermodynamics?
5. Are there any key concepts or formulas I should know when studying this topic?","

| Metric | Score | Justification |
|---|---|---|
| Coherence | 5 | The questions follow a logical order, starting with defining the concept and gradually moving towards more specific aspects like examples, applications, and key concepts. This structure allows for a systematic exploration of the topic. |
| Relevance | 5 | All questions are directly related to the provided statement, focusing on the core components of Chemical Thermodynamics and its connections to heat, work, and chemical reactions. They avoid straying into tangential subjects, ensuring that each question contributes to understanding the main","| Metric | Score | Justification |
|---|---|---|
| Relevance | 5 | The questions directly target the key aspects mentioned in the statement, effectively exploring the connection between heat, work, and chemical reactions in thermodynamics. |
| Coherence | 4 | The sequence of questions follows a logical progression, starting with a broad definition and gradually delving deeper into the topic, fostering a coherent understanding. |
| Diversity | 4 | The questions cover a diverse range of aspects, including definitions, examples, applications, and important concepts, providing a comprehensive exploration of chemical thermodynamics. |","| Metric    | Score | Justification                                                                                                               |
|-----------|-------|---------------------------------------------------------------------------------------------------------------|
| Relevance | 4     | The questions directly pertain to the details and concepts within the statement.                                  |
| Coherence | 3     | The questions follow a logical progression, but could be enhanced by more explicit connections between them.     |
| Diversity | 4     | The questions cover a range of aspects related to Chemical Thermodynamics, including applications and key concepts. |"
"Imagine you are a human, this is the first time you are coming across this Chemistry Statement, you have no previous knowledge of it ""Spectroscopic methods can determine the structure of organic compounds."", what are the top 5 questions that would pop up in your head which would be most useful in learning about it as you are new to it. Give me a simple bullet point list, don't explain them or expand them","1. What is Spectroscopy?
2. How does Spectroscopy work?
3. What are Organic Compounds?
4. Why is determining their structure important?
5. What are some common Spectroscopic methods used for Organic Compounds?","

| Metric | Score | Justification |
|---|---|---|
| Coherence | 5 | The questions follow a logical order, starting with general concepts and gradually becoming more specific, allowing for a structured exploration of the topic. |
| Relevance | 5 | All questions directly relate to the statement, focusing on essential components like spectroscopy, its functionality, organic compounds, and relevant techniques. |
| Diversity | 5 | The questions cover various aspects of the statement, providing a comprehensive introduction to the topic through definitions, principles, and practical applications. |","| Metric | Score | Justification |
|---|---|---|
| Relevance | 5 | All questions directly relate to the statement, seeking to explore the concepts of spectroscopy, organic compounds, and their structural determination. |
| Coherence | 4 | The questions follow a logical progression, starting with the basics (Spectroscopy, organic compounds) and gradually leading to the specific application (structure determination) and methods used. |
| Diversity | 4 | The questions cover different aspects of the statement, including the definition of spectroscopy, its mechanism, relevance of organic compounds, importance of structural determination, and common methods used. |","| Metric   | Score | Justification                                                                                   |
|----------|-------|-------------------------------------------------------------------------------------------------|
| Relevance | 5     | All questions directly relate to the statement and aim at clarifying key concepts.             |
| Coherence | 4     | The questions progress logically from defining spectroscopy to its application in chemistry.    |
| Diversity | 5     | Covers key aspects such as definitions, working principles, importance, and common methods.     |"
"Imagine you are a human, this is the first time you are coming across this Chemistry Statement, you have no previous knowledge of it ""Computational chemistry uses computer simulation to solve chemical problems."", what are the top 5 questions that would pop up in your head which would be most useful in learning about it as you are new to it. Give me a simple bullet point list, don't explain them or expand them","1. What is computational chemistry?
2. How does it use computers to solve chemical problems?
3. Can you give an example of how it has been used successfully?
4. Are there any limitations to its effectiveness?
5. How can I learn more about computational chemistry and its applications?","

| Metric | Score | Justification |
|---|---|---|
| Coherence | 5 | The questions follow a logical order, starting with defining computational chemistry before moving onto examples, limitations, and further learning opportunities. |
| Relevance | 5 | All questions relate directly to the provided statement, exploring various facets of computational chemistry and its practical application. |
| Diversity | 4 | The questions cover several angles, such as definition, success stories, limitations, and resources for learning more. However, they all revolve around understanding the concept itself, without venturing","| Metric | Score | Justification |
|---|---|---|
| **Relevance** | 5 | The questions are all directly relevant to the statement, exploring different aspects of computational chemistry. |
| **Coherence** | 5 | The questions are logically sequenced, building upon each other to provide a comprehensive understanding of the concept. |
| **Diversity** | 5 | The questions cover a wide range of topics related to computational chemistry, including its definition, applications, limitations, and learning resources. |","Relevance
1. 5 - Directly addresses the core concept of computational chemistry.
2. 5 - Explores the methodology behind computational chemistry.
3. 5 - Asks for an example to better understand practical applications.
4. 4 - Although not explicitly mentioned in the statement, still relevant to understanding limitations.
5. 5 - Seeks further resources for learning about computational chemistry.

Coherence
1. 4 - Establishes the foundation by asking about computational chemistry.
2. 4 - Builds upon the first question to delve into the use of computers in solving chemical problems.
3. 5 - Raises the need for a practical example, providing context to theoretical knowledge.
4. 3 - Slightly breaks the flow by introducing limitations before exploring more examples.
5. 4 - Concludes with a question on resources, connecting back to learning about computational chemistry.

Diversity
1. 5 - Focuses on defining computational chemistry.
2. 5 - Explores the methodology of computational chemistry.
3. 4 - Requests an example for practical understanding.
4. 4 - Addresses potential limitations for a holistic view.
5. 5 - Encourages seeking more information and resources for a broader perspective.

Overall, the questions"
"Imagine you are a human, this is the first time you are coming across this Chemistry Statement, you have no previous knowledge of it ""The mechanism of drug action involves the interaction between drug molecules and biological targets."", what are the top 5 questions that would pop up in your head which would be most useful in learning about it as you are new to it. Give me a simple bullet point list, don't explain them or expand them","1. What is a drug molecule?
2. What are biological targets?
3. How do drug molecules interact with biological targets?
4. Why is understanding the mechanism of drug action important?
5. Can you provide an example of how drugs work on biological targets?","

| Metric | Score | Justification |
|---|---|---|
| Coherence | 5 | The questions follow a logical order, starting with defining basic terms and gradually moving towards more complex ideas like importance and examples. |
| Relevance | 5 | All questions directly relate to the provided statement, exploring various aspects of drug action mechanisms. |
| Diversity | 4 | The questions cover several dimensions, such as definition, significance, and application; however, all questions focus on understanding the concept itself without delving into related topics. |","| Metric | Score | Justification |
|---|---|---|
| Relevance | 4 | All questions directly relate to the statement's concepts (drug molecules, biological targets, interaction) and explore the mechanism of drug action. |
| Coherence | 4 | The questions logically progress from defining terms to exploring the interaction and its significance, facilitating a structured understanding. |
| Diversity | 5 | The questions cover various aspects, including definitions, types of molecules, interaction dynamics, importance, and practical examples, providing a broad exploration. |","| Metric    | Score | Justification                                                                                                       |
|-----------|-------|---------------------------------------------------------------------------------------------------------------------|
| Relevance | 5     | All questions directly pertain to the details and concepts presented in the statement.                              |
| Coherence | 4     | Questions form a logical progression in understanding the mechanism of drug action.                              |
| Diversity | 4     | Questions cover various aspects including definitions, interactions, importance, and examples of drug mechanisms. |"
"Imagine you are a human, this is the first time you are coming across this Chemistry Statement, you have no previous knowledge of it ""Nanotechnology in chemistry involves the manipulation of materials on an atomic or molecular scale"", what are the top 5 questions that would pop up in your head which would be most useful in learning about it as you are new to it. Give me a simple bullet point list, don't explain them or expand them","1. What does nanotechnology mean?
2. How is nanotechnology used in chemistry?
3. Can you give some examples of nanomaterials and their applications?
4. Are there any potential risks associated with using nanotechnology in chemistry?
5. How can nanotechnology contribute to advancements in medicine and healthcare?","

| Metric | Score | Justification |
| --- | --- | --- |
| Relevance | 5 | All questions relate directly to the provided statement, exploring various aspects such as definition, application, and risk. |
| Coherence | 4 | The questions follow a logical order, moving from basic concepts to more specific applications, creating a coherent line of inquiry. |
| Diversity | 4 | The questions cover multiple dimensions of the topic, including definitions, examples, risks, and potential benefits, offering a well-rounded exploration. |","| Metric | Score | Justification |
|---|---|---|
| Relevance | 4 | All questions directly pertain to the statement, exploring different aspects of nanotechnology in chemistry. |
| Coherence | 3 | The questions follow a logical sequence, starting with basic concepts and progressing to applications and implications. However, the connection between question 4 and 5 could be stronger. |
| Diversity | 5 | The questions cover a wide range of topics, including definition, applications, potential risks, and impact on medicine, providing a comprehensive exploration of the statement. |","| Metric   | Score | Justification                                                                                       |
|----------|-------|-----------------------------------------------------------------------------------------------------|
| Relevance | 5     | All questions directly pertain to nanotechnology in chemistry and address key aspects of the topic. |
| Coherence | 4     | The questions form a logical progression in exploring different facets of nanotechnology in chemistry. |
| Diversity | 4     | The questions cover a range of aspects from definitions to applications and potential risks of nanotechnology. |"
"Imagine you are a human, this is the first time you are coming across this Chemistry Statement, you have no previous knowledge of it ""Quantum dots are semiconductor particles that exhibit quantum mechanical properties."", what are the top 5 questions that would pop up in your head which would be most useful in learning about it as you are new to it. Give me a simple bullet point list, don't explain them or expand them","1. What are Quantum Dots?
2. How do they work?
3. What are their applications?
4. Are there any risks associated with using them?
5. Where can I find more information on Quantum Dots?","

| Metric | Score | Justification |
|---|---|---|
| Relevance | 5 | All questions directly relate to the provided statement, exploring various aspects such as definition, functionality, applications, potential risks, and further resources. |
| Coherence | 5 | The questions follow a logical order, starting with basic definitions before moving onto functionalities, applications, risks, and finally leading to seeking additional information. This structure allows for a systematic build-up of understanding. |
| Diversity | 5 | A wide range of aspects related to the statement are addressed, providing a comprehensive","| Metric | Score | Justification |
|---|---|---|
| Relevance | 5 | All questions are directly related to the statement, covering basic definitions, mechanisms, applications, safety, and resources. |
| Coherence | 5 | The questions follow a logical progression from defining quantum dots to exploring their applications, risks, and sources of information. |
| Diversity | 4 | The questions cover a range of aspects, including fundamental concepts, practical uses, potential hazards, and avenues for further learning. While they encompass essential dimensions, they could delve deeper into theoretical underpinnings or specific industry applications. |","| Metric   | Score | Justification                                                                                        |
|----------|-------|------------------------------------------------------------------------------------------------------|
| Relevance | 5     | All questions directly relate to the statement on Quantum dots.                                      |
| Coherence | 4     | Questions form a logical progression of understanding Quantum dots.                                   |
| Diversity | 4     | Questions cover various aspects such as definition, functioning, applications, risks, and resources. |"
"Imagine you are a human, this is the first time you are coming across this Chemistry Statement, you have no previous knowledge of it ""Cryo-electron microscopy allows for the visualization of molecules at near-atomic resolutions."", what are the top 5 questions that would pop up in your head which would be most useful in learning about it as you are new to it. Give me a simple bullet point list, don't explain them or expand them","1. What is Cryo-electron microscopy?
2. How does it allow for the visualization of molecules at near-atomic resolutions?
3. What are some applications of Cryo-electron microscopy?
4. Who developed Cryo-electron microscopy and when was it invented?
5. What are the limitations of Cryo-electron microscopy?","

| Metric | Score | Justification |
|---|---|---|
| Coherence | 5 | The questions follow a logical order, starting with a basic definition and then moving onto more specific aspects such as its functionality, applications, history, and limitations. |
| Relevance | 5 | All questions are directly related to the statement, exploring various facets of Cryo-electron microscopy without deviating into tangential topics. |
| Diversity | 5 | A wide range of aspects are covered, providing a comprehensive introduction to the topic through questions that touch upon definition","| Metric | Score | Justification |
|---|---|---|
| Relevance | 5 | All questions directly relate to the statement, seeking clarification on the definition, methodology, applications, and limitations of Cryo-electron microscopy. |
| Coherence | 4 | The questions follow a logical progression, starting with the basic definition and moving on to applications, limitations, and historical context. However, the question about the inventor could be placed after the definition for a smoother flow. |
| Diversity | 4 | The questions cover a wide range of aspects, including definition, methodology, applications, historical context, and limitations. However, they could delve deeper into the technical details or theoretical underpinnings of the technique to enhance diversity. |","| Metric    | Score | Justification                                         |
|-----------|-------|-------------------------------------------------------|
| Relevance  |   5   | The questions directly address key aspects of the statement.|
| Coherence |   4   | The questions flow logically and build upon each other.  |
| Diversity |   5   | The questions cover various angles related to the topic. |"
"Imagine you are a human, this is the first time you are coming across this Chemistry Statement, you have no previous knowledge of it ""The Heck reaction is a method for coupling aryl halides with alkenes to form substituted alkenes."", what are the top 5 questions that would pop up in your head which would be most useful in learning about it as you are new to it. Give me a simple bullet point list, don't explain them or expand them","1. What is the Heck reaction?
2. How does the Heck reaction work?
3. What are aryl halides and alkenes?
4. Why do we need to couple these two compounds together?
5. What are some applications of the Heck reaction?","

| Metric | Score | Justification |
|---|---|---|
| Coherence | 5 | The questions follow a logical order, starting with defining the Heck reaction, then moving onto its mechanism, components, purpose, and finally applications. This structure allows for a comprehensive understanding of the topic. |
| Relevance | 5 | All questions are highly relevant to the provided statement, addressing essential aspects of the Heck reaction without deviating into tangential subjects. They focus on providing foundational knowledge for someone unfamiliar with the concept. |
| Diversity | 5 | The","| Metric | Score | Justification |
|---|---|---|
| Relevance | 5 | All questions directly relate to the Heck reaction and aim to clarify its key elements and purpose. |
| Coherence | 4 | The questions progress logically, starting with a basic definition and gradually expanding into the mechanics, reactants, and applications of the Heck reaction. |
| Diversity | 3 | While the questions cover several aspects, they primarily focus on the reaction mechanism and applications. Including questions on limitations, historical context, or variations of the Heck reaction could enhance diversity. |","| Metric   | Score | Justification                                                                                        |
|----------|-------|------------------------------------------------------------------------------------------------------|
| Relevance | 5     | All questions directly relate to the statement about the Heck reaction.                           |
| Coherence | 4     | The questions form a logical progression, but could benefit from a clearer link between some of them. |
| Diversity | 4     | The questions cover different aspects of the Heck reaction, but could include more on its significance and limitations. |"
"Imagine you are a human, this is the first time you are coming across this Chemistry Statement, you have no previous knowledge of it ""Molecular docking studies predict the preferred orientation of one molecule to a second when bound to each other to form a stable complex."", what are the top 5 questions that would pop up in your head which would be most useful in learning about it as you are new to it. Give me a simple bullet point list, don't explain them or expand them","1. What does molecular docking mean?
2. How can we use molecular docking to study interactions between molecules?
3. Can molecular docking help us design better drugs and materials?
4. What are some examples of applications of molecular docking?
5. What are the limitations and challenges of molecular docking?","

| Metric | Score | Justification                                                                                           |
|--------|-------|---------------------------------------------------------------------------------------------------|
| Relevance | 5     | All questions are directly related to the concept of molecular docking studies and its applications. |
| Coherence | 5     | The questions follow a logical order, starting with basic concepts and gradually moving towards more specific applications and limitations. |
| Diversity | 5     | The questions cover various aspects of molecular docking studies, such as definition, methodology, applications, and challenges. |","| Metric | Score | Justification |
|---|---|---|
| Relevance | 4 | The questions are directly related to the statement and explore its key concepts. |
| Coherence | 3 | The questions follow a logical progression, starting with a basic definition and moving towards more specific applications and limitations. |
| Diversity | 4 | The questions cover a range of aspects, including the definition, methodology, applications, and challenges of molecular docking. |","```
| Metric    | Score | Justification                                                                                                  |
|-----------|-------|----------------------------------------------------------------------------------------------------------------|
| Relevance | 5     | All questions directly relate to the statement on molecular docking studies and aim to clarify its concepts.   |
| Coherence | 4     | The questions progress logically to explore different aspects of molecular docking, forming a coherent inquiry. |
| Diversity | 4     | The questions cover various angles of molecular docking, including applications, limitations, and definitions.  |
```"
"Imagine you are a human, this is the first time you are coming across this Chemistry Statement, you have no previous knowledge of it ""The synthesis of nanoparticles involves controlling size and shape at the nanometer scale for specific applications."", what are the top 5 questions that would pop up in your head which would be most useful in learning about it as you are new to it. Give me a simple bullet point list, don't explain them or expand them","1. What is nanoparticle synthesis? 
2. How does controlling size and shape affect its application? 
3. Can you give an example of how nanoparticles are used in real-world applications? 
4. What are some common methods for synthesizing nanoparticles? 
5. Are there any safety concerns associated with working with nanoparticles?","

| Metric | Score | Justification                                                                                           |
|---------|-------|---------------------------------------------------------------------------------------------------|
| Relevance | 5     | All questions are directly related to the statement, exploring various aspects such as process, effects, examples, methods, and safety. |
| Coherence | 5     | The questions follow a logical order, starting with understanding the concept, then moving onto implications, examples, methods, and finally safety concerns. |
| Diversity | 5     | Each question focuses on a unique aspect of the statement, providing a","| Metric | Score | Justification |
|---|---|---| 
| Relevance | 5 | All questions directly relate to the specific elements and concepts presented in the statement, seeking to clarify and expand upon the core idea of nanoparticle synthesis and its applications. |
| Coherence | 4 | The questions form a logical sequence, starting with a broad overview of nanoparticle synthesis, then delving into its implications, applications, methods, and potential risks. The progression of questions facilitates a structured exploration of the topic. |
| Diversity | 5 | The questions cover a wide range of aspects, including the definition, applications, methods, and safety concerns surrounding nanoparticle synthesis, providing a comprehensive exploration of the topic from multiple perspectives. |","| Metric    | Score | Justification                                                                                           |
|-----------|-------|---------------------------------------------------------------------------------------------------------|
| Relevance | 5     | All questions directly relate to the statement and aim to clarify key aspects within the topic         |
| Coherence | 4     | The questions form a logical progression of inquiry, building on understanding from one question to another |
| Diversity | 4     | The questions cover different aspects such as definitions, applications, methods, and safety concerns   |"
"Imagine you are a human, this is the first time you are coming across this Chemistry Statement, you have no previous knowledge of it ""Green chemistry principles aim to reduce the environmental impact of chemical manufacturing."", what are the top 5 questions that would pop up in your head which would be most useful in learning about it as you are new to it. Give me a simple bullet point list, don't explain them or expand them","1. What does 'environmental impact' mean?
2. How do green chemistry principles differ from traditional methods?
3. Can you provide examples of how these principles can be applied in real-world scenarios?
4. Are there any specific industries or products that benefit from using green chemistry practices?
5. How can individuals contribute to promoting and implementing green chemistry principles in their daily lives?","

| Metric | Score | Justification |
|---|---|---|
| Relevance | 5 | All questions directly relate to the provided statement, exploring various aspects such as definition, comparison, application, industry focus, and individual contribution. |
| Coherence | 4 | The questions follow a logical order, moving from basic understanding to more specific applications and contributions. However, they could be slightly more interconnected, for example, by explicitly linking individual contribution to real-world scenarios. |
| Diversity | 5 | A wide range of aspects related to the statement are covered, offering","| Metric | Score | Justification |
|---|---|---|
| Relevance | 5 | All questions are directly related to the statement and aim to clarify its key elements and implications. |
| Coherence | 4 | The questions form a logical sequence, starting with defining key terms, exploring differences from traditional methods, and then discussing applications and individual contributions. |
| Diversity | 4 | The questions cover a broad range of aspects, including the definition, comparison, application, impact, and individual involvement in green chemistry principles. |","| Metric    | Score | Justification                                                                                                    |
|-----------|-------|------------------------------------------------------------------------------------------------------------------|
| Relevance | 5     | All questions directly relate to the statement about green chemistry principles and aim to clarify key concepts. |
| Coherence | 4     | The questions progress logically from understanding basic terms to practical applications, forming a coherent line of inquiry. |
| Diversity | 5     | Each question explores a different aspect of green chemistry principles, offering a diverse perspective on the topic. |"
"Imagine you are a human, this is the first time you are coming across this Chemistry Statement, you have no previous knowledge of it ""Single-molecule spectroscopy techniques can observe the properties of individual molecules."", what are the top 5 questions that would pop up in your head which would be most useful in learning about it as you are new to it. Give me a simple bullet point list, don't explain them or expand them","1. What is single-molecule spectroscopy?
2. How does it work?
3. What kind of information can we gather from observing individual molecules?
4. What are some applications of single-molecule spectroscopy?
5. Are there any limitations or challenges associated with using this technique?","

| Metric | Score | Justification |
|---|---|---|
| Relevance | 5 | All questions directly relate to the provided statement, exploring various aspects such as definition, functionality, benefits, applications, and limitations. |
| Coherence | 5 | The questions follow a logical order, starting with defining single-molecule spectroscopy and gradually moving towards its applications and limitations, allowing for a structured learning experience. |
| Diversity | 5 | A wide range of aspects related to the statement are addressed, offering a comprehensive introduction to the topic without straying","| Metric | Score | Justification |
|---|---|---|
| Relevance | 5 | All questions directly relate to the statement, seeking to understand the concept, methodology, and applications of single-molecule spectroscopy. |
| Coherence | 4 | The questions follow a logical progression, from defining the technique to exploring its workings, applications, and limitations, providing a cohesive line of inquiry. |
| Diversity | 3 | While the questions cover various aspects, they primarily focus on the technical aspects of single-molecule spectroscopy. Exploring potential theoretical underpinnings or broader implications could enhance diversity. |","| Metric    | Score | Justification                                                                                              |
|-----------|-------|------------------------------------------------------------------------------------------------------------|
| Relevance | 4     | The questions directly address the key aspects of the statement, focusing on understanding the technique.  |
| Coherence | 4     | The questions flow logically and build upon each other to explore single-molecule spectroscopy effectively. |
| Diversity | 4     | The questions cover a range of aspects from definitions to applications, providing a well-rounded exploration. |"
"Imagine you are a human, this is the first time you are coming across this Chemistry Statement, you have no previous knowledge of it ""Organocatalysis involves small organic molecules acting as catalysts in chemical reactions."", what are the top 5 questions that would pop up in your head which would be most useful in learning about it as you are new to it. Give me a simple bullet point list, don't explain them or expand them","1. What does 'organocatalysis' mean? 
2. How do these small organic molecules act as catalysts? 
3. Can you give an example of a specific organocatalyst and its application? 
4. What types of chemical reactions can organocatalysts facilitate? 
5. Are there any advantages or disadvantages compared to traditional catalysis methods?","

| Metric | Score | Justification |
|---|---|---|
| Coherence | 5 | The questions follow a logical order, starting with defining the term before moving onto mechanisms, examples, reaction types, and finally comparing it to other methods. This structure allows for a comprehensive understanding of the topic. |
| Relevance | 5 | All questions relate directly to the concept of organocatalysis, asking for clarification on key terms, exploring the role of organic molecules, seeking real-world examples, and comparing it to alternative approaches. |
| Diversity | 5 |","| Metric | Score | Justification |
|---|---|---|
| Relevance | 5 | All questions directly pertain to the elements and concepts within the given statement, focusing on clarity and expanding upon the immediate context of organocatalysis and its characteristics. |
| Coherence | 4 | The questions form a logical sequence of inquiry, starting with the basic definition of organocatalysis and then exploring the mechanisms, applications, and comparisons to traditional catalysis methods. |
| Diversity | 4 | The questions cover a range of aspects related to organocatalysis, including its definition, mechanism, example, applications, and advantages/disadvantages, offering a broad exploration of the topic. |","Relevance      5      The questions directly address the key concepts and details of the statement.
Coherence      4      The questions flow logically in exploring the topic of organocatalysis.
Diversity      4      The questions cover a range of aspects related to organocatalysis, enhancing understanding."
"Imagine you are a human, this is the first time you are coming across this Chemistry Statement, you have no previous knowledge of it ""Supercritical fluids have properties of both gases and liquids and are used in various extraction processes."", what are the top 5 questions that would pop up in your head which would be most useful in learning about it as you are new to it. Give me a simple bullet point list, don't explain them or expand them","1. What are supercritical fluids?
2. How do they differ from gases and liquids?
3. In what ways are they used in extraction processes?
4. Can you provide examples of specific applications for supercritical fluids?
5. Are there any potential drawbacks or limitations to using supercritical fluids in these processes?","

| Metric | Score | Justification |
|---|---|---|
| Relevance | 5 | All questions directly relate to the provided statement, exploring its key components and implications. |
| Coherence | 5 | The questions follow a logical order, moving from general definitions to specific applications and potential concerns, creating a coherent line of inquiry. |
| Diversity | 5 | The questions cover multiple dimensions of the topic, including definitions, applications, and potential challenges, offering a well-rounded exploration of supercritical fluids. |","| Metric | Score | Justification |
| ---------- | ----------- | ----------- |
| Relevance | 5 | All questions directly relate to the statement, exploring the nature of supercritical fluids (Q1), their distinguishing characteristics (Q2), and their usage in extraction processes (Q3-4). |
| Coherence | 4 | The questions progress logically, starting with fundamental concepts (Q1-2) and then delving into their applications (Q3-4) and potential drawbacks (Q5). |
| Diversity | 3 | The questions cover a range of aspects, including definitions (Q1), comparative analysis (Q2), applications (Q3-4), and limitations (Q5). However, they could delve deeper into the underlying mechanisms or specific industries where supercritical fluids are utilized. |","Relevance | 5 | The questions directly address the key elements of the statement about supercritical fluids and their use in extraction processes.
Coherence | 4 | The questions flow logically from defining supercritical fluids to their applications, though the connection could be strengthened.
Diversity | 4 | The questions cover a range of aspects, from understanding supercritical fluids to practical applications and potential limitations."
"Imagine you are a human, this is the first time you are coming across this Chemistry Statement, you have no previous knowledge of it ""The study of interfacial chemistry examines the chemical phenomena that occur at the interface of two phases, such as solid-liquid or liquid-gas interfaces"", what are the top 5 questions that would pop up in your head which would be most useful in learning about it as you are new to it. Give me a simple bullet point list, don't explain them or expand them","1. What is an interface? 
2. How does interfacial chemistry differ from other types of chemistry? 
3. Can you give some examples of interfacial chemistry in everyday life? 
4. What are some applications of interfacial chemistry? 
5. How can I learn more about interfacial chemistry?","

| Metric | Score | Justification |
|---|---|---|
| Relevance | 5 | All questions directly relate to the provided statement, exploring various aspects of interfacial chemistry without deviating into tangential topics. |
| Coherence | 4 | The questions generally follow a logical order, moving from basic concepts like interfaces to practical applications and further study. However, there is room for better thematic connections between questions. |
| Diversity | 5 | The questions cover a wide range of aspects related to the statement, providing a comprehensive introduction to interfacial chemistry","| Metric | Score | Justification |
|---|---|---|
| Relevance | 5 | All questions directly relate to the statement, exploring key concepts and applications of interfacial chemistry. |
| Coherence | 4 | The questions flow logically, starting with basic definitions and gradually progressing to more specific aspects and applications. |
| Diversity | 3 | The questions cover a range of topics, including definitions, examples, applications, and learning resources. However, they could explore theoretical underpinnings or implications more deeply. |","| Metric    | Score | Justification                                                                                               |
|-----------|-------|-------------------------------------------------------------------------------------------------------------|
| Relevance | 5     | All questions directly address the statement and aim to clarify or expand upon the concept of interfacial chemistry.  |
| Coherence | 4     | Questions follow a logical sequence from defining an interface to exploring applications and learning resources, with a slight jump from 2 to 3. |
| Diversity | 4     | The questions cover definitions, differences in types of chemistry, examples, applications, and further learning resources, offering a broad exploration.   |"
"Imagine you are a human, this is the first time you are coming across this Chemistry Statement, you have no previous knowledge of it ""Atomic layer deposition is a thin-film deposition technique based on the sequential use of a gas phase chemical process."", what are the top 5 questions that would pop up in your head which would be most useful in learning about it as you are new to it. Give me a simple bullet point list, don't explain them or expand them","1. What is Atomic Layer Deposition? 
2. How does it work? 
3. What are its applications? 
4. What materials can be used for ALD? 
5. What are the advantages and disadvantages compared to other thin film deposition techniques?","

| Metric | Score | Justification |
|---|---|---|
| Coherence | 5 | The questions follow a logical order, starting with defining the concept, followed by its operation, then applications, materials involved, and finally comparing it with alternatives. This structure provides a comprehensive overview of the topic. |
| Relevance | 5 | All questions relate directly to the provided statement, exploring various aspects such as function, methodology, usage, components, and comparison with similar processes. They focus on essential aspects of the topic without deviating into tangential subjects. |
| Diversity","| Metric | Score | Justification |
|---|---|---|
| Relevance | 5 | All questions directly relate to the key elements and concepts of atomic layer deposition, providing a comprehensive exploration of the statement. |
| Coherence | 4 | The questions progress logically from a basic definition to specific details, forming a coherent line of inquiry that facilitates understanding. |
| Diversity | 4 | The questions cover a range of aspects, including definition, process, applications, materials, and comparative analysis, providing a diverse exploration of the statement. |","| Metric   | Score | Justification                                                                                  |
|-------------|-------|----------------------------------------------------------------------------------------------|
| Relevance  | 4       | The questions directly address core elements of the statement about Atomic Layer Deposition. |
| Coherence | 3       | The questions flow logically and build upon each other, but there could be a clearer progression. |
| Diversity    | 3       | The questions cover a decent range of aspects, but could include more varied perspectives. |"
"Imagine you are a human, this is the first time you are coming across this Chemistry Statement, you have no previous knowledge of it ""The Diels-Alder reaction is a chemical reaction between a conjugated diene and a substituted alkene to form a cyclohexene derivative."", what are the top 5 questions that would pop up in your head which would be most useful in learning about it as you are new to it. Give me a simple bullet point list, don't explain them or expand them","1. What is a conjugated diene?
2. What is a substituted alkene?
3. How does the Diels-Alder reaction work?
4. What is a cyclohexene derivative?
5. Can you give an example of the Diels-Alder reaction?","

| Metric | Score | Justification |
|---|---|---|
| Relevance | 5 | All questions are directly related to the key components of the Diels-Alder reaction, providing essential foundational knowledge. |
| Coherence | 5 | The questions follow a logical order, starting with defining terms before moving onto the mechanism and examples, allowing for a systematic understanding. |
| Diversity | 5 | A wide range of aspects are addressed, including definitions, mechanisms, products, and examples, offering a comprehensive introduction to the topic. |","| Metric | Score | Justification |
|---|---|---|
| Relevance | 5 | All questions are directly relevant to the statement, seeking clarification on key concepts (conjugated diene, substituted alkene, cyclohexene derivative) and the mechanism (How does it work?). |
| Coherence | 5 | The questions form a coherent line of inquiry, logically progressing from the components of the reaction (What is...) to the process (How does it work?) and finally to a practical illustration (Can you give an example?). |
| Diversity | 4 | The questions cover a range of aspects, including definitions, mechanism, and an example. While the example could be expanded to include more details, it provides a basic understanding of the reaction's application. |","| Metric   | Score | Justification                                                                                                         |
|----------|-------|-----------------------------------------------------------------------------------------------------------------------|
| Relevance| 4     | The questions directly pertain to elements introduced in the statement, addressing key components of the reaction.   |
| Coherence| 4     | The questions flow logically, building upon each other to explore different aspects of the Diels-Alder reaction.     |
| Diversity| 3     | While the questions cover essential aspects, more diversity could be added by including potential applications or variations of the reaction.     |"
"Imagine you are a human, this is the first time you are coming across this Chemistry Statement, you have no previous knowledge of it ""Chemiluminescence is the emission of light as a result of a chemical reaction without a rise in temperature."", what are the top 5 questions that would pop up in your head which would be most useful in learning about it as you are new to it. Give me a simple bullet point list, don't explain them or expand them","1. What is Chemiluminescence?
2. How does Chemiluminescence work?
3. What are some examples of Chemiluminescent reactions?
4. What are the applications of Chemiluminescence?
5. How can I observe and measure Chemiluminescence?","

| Metric | Score | Justification |
|---|---|---|
| Relevance | 5 | All questions are directly related to the concept of chemiluminescence, asking for explanations, examples, applications, and observation methods. |
| Coherence | 4 | The questions follow a logical progression from basic understanding to practical application, although they do not explicitly build upon each other's answers. |
| Diversity | 5 | The questions cover various aspects of chemiluminescence, including definition, mechanism, instances, uses, and measurement, providing a","| Metric | Score | Justification |
| --- | ---: | --- |
| Relevance | 5 | All questions are directly relevant to the statement, seeking to understand the definition, mechanism, examples, applications, and observation of chemiluminescence. |
| Coherence | 4 | The questions form a logical progression, starting with a basic definition and then exploring the mechanism, examples, applications, and observation methods. |
| Diversity | 4 | The questions cover a range of aspects, including the definition, mechanism, examples, applications, and observation methods, providing a broad exploration of chemiluminescence. |","| Metric   | Score | Justification                                                                                                                         |
|----------|-------|----------------------------------------------------------------------------------------------------------------------------------------|
| Relevance|   5   | The questions directly address the key aspects of Chemiluminescence as presented in the statement.                                     |
| Coherence|   4   | The questions progress logically in exploring Chemiluminescence, but a more seamless connection between them could enhance coherence. |
| Diversity|   4   | The questions cover various aspects like definition, mechanism, examples, applications, and observation, offering a diverse perspective. |"
"Imagine you are a human, this is the first time you are coming across this Chemistry Statement, you have no previous knowledge of it ""The Flory-Huggins theory describes the thermodynamics of polymer solutions."", what are the top 5 questions that would pop up in your head which would be most useful in learning about it as you are new to it. Give me a simple bullet point list, don't explain them or expand them","1. What is a polymer?
2. How does the Flory-Huggins theory describe the behavior of polymer solutions?
3. Why is understanding the thermodynamics of polymer solutions important?
4. Can you provide an example of how the Flory-Huggins theory has been applied in real-world situations?
5. Are there any limitations or criticisms of the Flory-Huggins theory?","

| Metric | Score | Justification |
|---|---|---|
| Relevance | 5 | All questions are directly related to the statement, exploring various aspects such as definitions, applications, significance, and limitations. |
| Coherence | 4 | The questions generally follow a logical order, moving from basic definitions to more complex topics like applications and criticisms. However, some connections could be stronger, particularly between questions 3 and 4. |
| Diversity | 5 | The questions cover a wide range of aspects related to the statement, offering multiple perspectives for understanding the Fl","| Metric | Score | Justification |
|---|---|---|
| Relevance | 4 | The questions are directly related to the statement, exploring fundamental concepts and applications of the Flory-Huggins theory. |
| Coherence | 3 | The questions follow a logical progression, starting with basic definitions and moving towards more complex aspects and applications. However, the connection between the first and third questions could be strengthened. |
| Diversity | 4 | The questions cover a range of topics, including the definition of polymers, the theory's description of polymer solutions, its importance, real-world applications, and limitations. |","| Metric   | Score | Justification                                                                                                                                |
|----------|-------|----------------------------------------------------------------------------------------------------------------------------------------------|
| Relevance | 5     | All questions directly address the specific details and concepts introduced in the statement about the Flory-Huggins theory.                 |
| Coherence | 4     | The questions form a logical progression starting from defining a polymer to exploring applications and limitations of the theory.          |
| Diversity | 4     | The questions cover a range of aspects related to the statement, including definition, behavior description, importance, real-world examples, and criticisms. |"
"Imagine you are a human, this is the first time you are coming across this Chemistry Statement, you have no previous knowledge of it ""Spintronics involves the study of the intrinsic spin of the electron and its associated magnetic moment, in addition to its fundamental electronic charge, in solid-state devices."", what are the top 5 questions that would pop up in your head which would be most useful in learning about it as you are new to it. Give me a simple bullet point list, don't explain them or expand them","1. What is spintronics?
2. How does it differ from traditional electronics?
3. What are some applications of spintronics?
4. Who discovered spintronics?
5. What materials are used in spintronic devices?","

| Metric | Score | Justification |
|---|---|---|
| Relevance | 5 | All questions directly relate to the concept of spintronics, asking about its definition, differences from traditional electronics, applications, discoverer, and materials used. |
| Coherence | 4 | The questions follow a logical progression from defining spintronics to exploring its practical uses and components, though they could be more explicitly connected. |
| Diversity | 5 | The questions cover various aspects of spintronics, providing a comprehensive introduction to the topic through different angles","| Metric | Score | Justification |
|---|---|---|
| Relevance | 5 | The questions directly pertain to the statement, focusing on the definition, applications, and theoretical underpinnings of spintronics. |
| Coherence | 5 | The questions progress sequentially, starting with a general definition and moving to specific aspects like applications, history, and materials used. |
| Diversity | 4 | While the questions cover multiple dimensions of spintronics, the inclusion of a discovery-related question (question 4) could be considered a tangential aspect not directly introduced by the statement. |","| Metric   | Score | Justification                                                                                                                            |
|----------|-------|------------------------------------------------------------------------------------------------------------------------------------------|
| Relevance | 5     | All questions directly pertain to the details and concepts presented in the statement about spintronics.                                 |
| Coherence | 4     | The questions logically progress from defining spintronics to its applications and materials used, with some slight room for clearer flow. |
| Diversity | 4     | The questions cover a range of aspects such as definition, differences, applications, discovery, and materials used in spintronics.    |"
"Imagine you are a human, this is the first time you are coming across this Chemistry Statement, you have no previous knowledge of it ""Bioremediation uses microorganisms to degrade environmental pollutants."", what are the top 5 questions that would pop up in your head which would be most useful in learning about it as you are new to it. Give me a simple bullet point list, don't explain them or expand them","1. What are microorganisms? 
2. How do they degrade environmental pollutants? 
3. Can bioremediation be used for all types of pollutants? 
4. Are there any risks associated with using bioremediation? 
5. What are some examples of successful bioremediation projects?","

| Metric | Score | Justification |
|---|---|---|
| Coherence | 5 | The questions follow a logical order, starting with defining key terms and gradually moving towards more complex topics like application and potential risks. |
| Relevance | 5 | All questions directly relate to the provided statement, exploring various aspects such as the process, scope, risks, and examples of bioremediation. |
| Diversity | 4 | The questions cover several dimensions of the topic, though they could benefit from further exploration of the underlying mechanisms or principles of bioremediation. |","| Metric | Score | Justification |
|---|---|---|
| Relevance | 4 | All questions are directly related to the statement, exploring different aspects of bioremediation. |
| Coherence | 4 | The questions follow a logical progression, starting with basic concepts and moving on to more specific applications and implications. |
| Diversity | 3 | While the questions cover a range of topics, they primarily focus on the mechanics and applications of bioremediation. Additional questions could explore the limitations, economic aspects, or ethical considerations of bioremediation. |","| Metric    | Score | Justification                                                                                                                                             |
|-----------|-------|-----------------------------------------------------------------------------------------------------------------------------------------------------------|
| Relevance | 5     | All questions directly pertain to the details and concepts presented in the statement about bioremediation.                                                  |
| Coherence | 4     | The questions form a coherent progression of inquiry, starting from the basics of microorganisms to applications and risks of bioremediation.          |
| Diversity | 4     | The questions cover various aspects of bioremediation, including the nature of microorganisms, the process of degradation, potential risks, and examples. |"
"Imagine you are a human, this is the first time you are coming across this Chemistry Statement, you have no previous knowledge of it ""Zeolites are microporous, aluminosilicate minerals used as commercial adsorbents and catalysts."", what are the top 5 questions that would pop up in your head which would be most useful in learning about it as you are new to it. Give me a simple bullet point list, don't explain them or expand them","1. What are zeolites?
2. How do they work as adsorbents and catalysts?
3. What are their applications in industry?
4. What makes zeolites unique compared to other materials?
5. Are there any potential environmental concerns with using zeolites?","

| Metric | Score | Justification |
|---|---|---|
| Relevance | 5 | All questions directly relate to the provided statement, exploring various aspects such as definition, function, application, comparison, and potential concerns. |
| Coherence | 4 | The questions follow a logical order, moving from basic definitions to more complex considerations like industrial applications and environmental impacts. However, some connections could be strengthened between questions to create a smoother transition. |
| Diversity | 5 | A wide range of aspects related to the statement are addressed, offering a comprehensive introduction","| Metric | Score | Justification |
|---|---|---|
| Relevance | 5 | All questions directly relate to the statement, seeking clarification on the nature, properties, and applications of zeolites. |
| Coherence | 5 | The questions progress logically from basic definitions to their functions, applications, unique features, and potential environmental concerns. |
| Diversity | 4 | The questions cover a broad range of aspects, including definitions, functionality, applications, distinguishing features, and environmental considerations. However, a question exploring the history or synthesis of zeolites could enhance diversity. |","| Metric     | Score | Justification                                                                                                                    |
|------------|-------|--------------------------------------------------------------------------------------------------------------------|
| Relevance   | 5     | All questions directly relate to the initial statement about zeolites.                                                 |
| Coherence  | 4     | The questions flow logically, but there could be a slightly clearer progression in exploring zeolites.   |
| Diversity   | 4     | The questions cover various aspects of zeolites, but could include a question on the structure or history for more depth.    |"
"Imagine you are a human, this is the first time you are coming across this Chemistry Statement, you have no previous knowledge of it ""Peptide synthesis involves the production of peptides, which are organic compounds in which multiple amino acids are linked via amide bonds."", what are the top 5 questions that would pop up in your head which would be most useful in learning about it as you are new to it. Give me a simple bullet point list, don't explain them or expand them","1. What are peptides?
2. How do they form?
3. What are amide bonds?
4. Why are they important in peptide synthesis?
5. Can you give an example of a peptide and its function?","

| Metric | Score | Justification |
|---|---|---|
| Coherence | 5 | The questions follow a logical order, starting with defining terms and gradually moving towards more complex ideas like the importance and examples of peptides. |
| Relevance | 5 | All questions relate directly to the provided statement, covering essential aspects such as definitions, formation process, and functions. |
| Diversity | 4 | The questions cover various dimensions of the topic, but there might be room for further diversification by exploring methods or techniques used in peptide synthesis. |","| Metric | Score | Justification |
|---|---|---|
| Relevance | 4 | The questions are directly related to the statement, focusing on the definition, formation, and significance of peptides and amide bonds in peptide synthesis. |
| Coherence | 4 | The questions logically progress from defining peptides to understanding their formation, the role of amide bonds, and their importance in synthesis, providing a coherent line of inquiry. |
| Diversity | 3 | While the questions cover essential aspects of peptide synthesis, they primarily focus on the fundamental concepts rather than exploring diverse applications or theoretical underpinnings. |","Metric | Score | Justification
Relevance | 5 | All questions directly relate to the statement by addressing key components and processes involved in peptide synthesis.
Coherence | 4 | The questions flow logically in exploring the concept of peptide synthesis, but could have a more seamless progression in terms of complexity.
Diversity | 4 | The questions cover a range of aspects such as peptide structure, bond formation, importance in synthesis, and practical examples, providing a well-rounded exploration.

Metric | Score | Justification
Relevance | 4 | The questions revolve around fundamental aspects of peptide synthesis and related concepts, maintaining relevance to the given statement.
Coherence | 3 | There is some coherence in the progression of questions, but the link between them could be more explicit to enhance the overall flow.
Diversity | 4 | The questions touch upon different dimensions like peptide formation, bond types, significance, and real-world applications, offering a diverse exploration of the topic.

Metric | Score | Justification
Relevance | 5 | Each question directly addresses a specific element or concept mentioned in the statement, maintaining high relevance throughout.
Coherence | 5 | The questions form a coherent sequence that logically builds upon the understanding of peptide synthesis without veering off into unrelated topics.
"
"Imagine you are a human, this is the first time you are coming across this Chemistry Statement, you have no previous knowledge of it ""The concept of aromaticity describes the increased stability of compounds with conjugated ring systems."", what are the top 5 questions that would pop up in your head which would be most useful in learning about it as you are new to it. Give me a simple bullet point list, don't explain them or expand them","1. What does ""conjugated"" mean?
2. How do ring systems contribute to the stability of a compound?
3. Can you provide an example of an aromatic compound?
4. Are there any specific rules for determining if a molecule is aromatic?
5. How does aromaticity affect the properties and reactivity of these compounds?","

| Metric | Score | Justification |
|---|---|---|
| Relevance | 5 | All questions directly relate to the concept of aromaticity and its contributing factors, such as conjugation and ring systems. |
| Coherence | 4 | The questions follow a logical order, starting with basic terminology and gradually moving towards more complex aspects like rules and reactivities. However, some connections could be stronger between questions. |
| Diversity | 5 | A wide range of aspects related to aromaticity are addressed, including definition, structure, examples, properties,","| Metric | Score | Justification |
|---|---|---|
| Relevance | 5 | All questions directly address elements or concepts within the statement and aim to clarify or expand upon the definition of aromaticity. |
| Coherence | 4 | The questions are logically connected, forming a coherent line of inquiry. They progress from defining key terms (conjugation) to exploring the role of ring systems and the properties of aromatic compounds. |
| Diversity | 5 | The questions cover a diverse range of aspects related to aromaticity, including definitions, implications for stability, examples, rules for identification, and effects on properties. |","| Metric   | Score | Justification                                                                                                                                                                                                                                                                                       |
|----------|-------|------------------------------------------------------------------------------------------------------------------------------------------------------------------------------------------------------------------------------------------------------------------------------------------------------|
| Relevance | 5     | All questions directly relate to the concept of aromaticity and its components.                                                                                                                                                                                                                        |
| Coherence | 4     | The questions flow logically, with a progression from defining terms to exploring examples and implications. However, the connection between ring systems and stability could be further elaborated.                                                                                                   |
| Diversity | 4     | The questions cover a range of aspects, from definitions to examples to applications of aromaticity. However, delving into the historical background or experimental evidence could provide additional perspectives.                                                                   |"
"Imagine you are a human, this is the first time you are coming across this Chemistry Statement, you have no previous knowledge of it ""Molecular imprinting creates polymer matrices with specific shapes and functional groups for targeted molecule recognition."", what are the top 5 questions that would pop up in your head which would be most useful in learning about it as you are new to it. Give me a simple bullet point list, don't explain them or expand them","1. What is molecular imprinting?
2. How does it create polymer matrices with specific shapes and functional groups?
3. Why is it important for targeted molecule recognition?
4. Can you give an example of how this technology can be used?
5. Are there any limitations or challenges associated with molecular imprinting?","

| Metric | Score | Justification |
|---|---|---|
| Relevance | 5 | All questions directly relate to the concept of molecular imprinting, its process, importance, examples, and limitations. |
| Coherence | 4 | The questions follow a logical order, starting with understanding the concept, then moving onto its mechanism, significance, application, and finally challenges. However, the transition between significance and application could be more explicit. |
| Diversity | 5 | The questions cover various aspects of the topic, providing a comprehensive introduction to molecular imprinting. They","| Metric | Score | Justification |
|---|---|---|
| Relevance | 4 | All the questions are directly related to the statement and aim to clarify the process and significance of molecular imprinting. |
| Coherence | 3 | The questions follow a logical sequence, starting with the basic concept and gradually delving into its applications and potential limitations. However, the connection between Q4 and Q5 could be strengthened to improve overall coherence. |
| Diversity | 4 | The questions cover a range of aspects, including the definition, mechanism, importance, and practical applications of molecular imprinting. The inclusion of potential limitations in Q5 adds to the diversity of exploration. |","| Metric   | Score | Justification                                                                                  |
|----------|-------|-----------------------------------------------------------------------------------------------|
| Relevance | 5     | All questions directly pertain to the details and concepts presented in the statement.        |
| Coherence | 4     | The questions follow a logical progression in understanding molecular imprinting.            |
| Diversity | 4     | The questions cover different aspects of molecular imprinting, offering a broad exploration. |"
"Imagine you are a human, this is the first time you are coming across this Chemistry Statement, you have no previous knowledge of it ""Carbon nanotubes are cylindrical molecules with novel properties, useful in nanotechnology and electronics."", what are the top 5 questions that would pop up in your head which would be most useful in learning about it as you are new to it. Give me a simple bullet point list, don't explain them or expand them","1. What are Carbon Nanotubes?
2. How do they differ from other materials?
3. What are their unique properties?
4. In what fields are they used?
5. Can you provide examples of how they are applied in real-world applications?","

| Metric | Score | Justification |
|---|---|---|
| Coherence | 5 | The questions follow a logical order, starting with defining Carbon Nanotubes and gradually moving towards more specific applications and examples. This structure allows for a clear progression of understanding. |
| Relevance | 5 | All questions are highly relevant to the provided statement, addressing various aspects such as definition, comparison, properties, applications, and real-world examples. They focus directly on the core components of the statement. |
| Diversity | 5 | The questions cover multiple dimensions","| Metric | Score | Justification |
|---|---|---|
| Relevance | 5 | All questions directly target essential aspects of the statement, seeking to understand the definition, properties, applications, and examples of carbon nanotubes. |
| Coherence | 4 | The questions logically progress from defining carbon nanotubes to exploring their uniqueness, applications, and real-world use cases, offering a coherent path of inquiry. |
| Diversity | 4 | The questions cover various dimensions: defining carbon nanotubes (Q1), comparing them to other materials (Q2), exploring their properties (Q3), applications (Q4), and real-world examples (Q5), demonstrating a comprehensive exploration. |","Metric | Score | Justification
Relevance | 5 | All questions directly pertain to the details and concepts presented in the statement.
Coherence | 5 | The questions progress logically from defining carbon nanotubes to exploring their properties, applications, and real-world examples.
Diversity | 5 | The questions cover a range of aspects from definition to applications, offering a broad exploration of the topic."
"Imagine you are a human, this is the first time you are coming across this Chemistry Statement, you have no previous knowledge of it ""Protein folding is a complex process that determines the three-dimensional structure of proteins."", what are the top 5 questions that would pop up in your head which would be most useful in learning about it as you are new to it. Give me a simple bullet point list, don't explain them or expand them","1. What is protein folding?
2. Why is protein folding important?
3. How does protein folding occur?
4. What happens if protein folding goes wrong?
5. Are there any tools or techniques used to study protein folding?","

| Metric | Score | Justification |
|---|---|---|
| Coherence | 5 | The questions follow a logical order, starting with defining protein folding, then moving onto its importance, process, consequences, and finally methods of studying it. |
| Relevance | 5 | All questions are directly related to the provided statement, exploring various aspects of protein folding without deviating into unrelated topics. |
| Diversity | 5 | A wide range of aspects are covered, including definition, significance, mechanism, impact, and methodology, providing a comprehensive introduction to","| Metric | Score | Justification |
|---|---|---|
| Relevance | 4 | The questions directly relate to the statement and explore various aspects of protein folding, demonstrating a clear understanding of the topic. |
| Coherence | 3 | The questions follow a logical sequence, starting with a basic definition and progressing to more specific aspects, which facilitates a structured exploration of the topic. However, the transition from question 3 to 4 could be smoother. |
| Diversity | 4 | The questions cover a range of aspects, including the definition, importance, mechanism, consequences of failure, and research methods. They collectively provide a comprehensive overview of the topic. |","| Metric    | Score | Justification                                                                                          |
|-----------|-------|--------------------------------------------------------------------------------------------------------|
| Relevance | 5     | All questions directly pertain to protein folding and aim to clarify its importance and mechanisms.  |
| Coherence | 4     | The questions follow a logical sequence from defining protein folding to exploring its implications.  |
| Diversity | 4     | The questions cover different aspects of protein folding, from definition to consequences and study methods. |"
"Imagine you are a human, this is the first time you are coming across this Chemistry Statement, you have no previous knowledge of it ""The Suzuki coupling involves the cross-coupling of organoboron compounds with organic halides to form carbon-carbon bonds."", what are the top 5 questions that would pop up in your head which would be most useful in learning about it as you are new to it. Give me a simple bullet point list, don't explain them or expand them","1. What is the purpose of the Suzuki coupling?
2. How does the process work?
3. What are organoboron compounds and organic halides?
4. Can you provide an example of how the reaction can be used?
5. Are there any safety precautions I should take when working with these chemicals?","

| Metric | Score | Justification |
|---|---|---|
| Relevance | 5 | All questions directly relate to the provided statement, exploring various aspects such as purpose, mechanism, components, examples, and safety measures. |
| Coherence | 4 | The questions follow a logical order, moving from general concepts to more specific considerations like safety. However, some connections could be stronger, such as between the mechanism and components. |
| Diversity | 5 | A wide range of aspects related to the statement are addressed, providing a comprehensive introduction to the Suzuki coupling.","| Metric | Score | Justification |
|---|---|---|
| Relevance | 4 | The questions directly address elements of the provided statement, aiming to clarify key concepts and processes. |
| Coherence | 4 | The questions follow a logical progression, building upon each other to comprehensively explore the core elements of the statement. |
| Diversity | 3 | The questions cover a range of aspects, including purpose, mechanism, and applications. However, they could further explore safety considerations and limitations of the reaction. |","| Metric   | Score | Justification                                                                                                                   |
|----------|-------|---------------------------------------------------------------------------------------------------------------------------------|
| Relevance | 5     | All questions directly relate to the details and concepts presented in the statement about the Suzuki coupling.                |
| Coherence | 4     | The questions flow logically from understanding the purpose to practical aspects, but could benefit from a more structured sequence. |
| Diversity | 4     | The questions cover different aspects such as purpose, process, chemicals involved, application, and safety concerns.              |"
"Imagine you are a human, this is the first time you are coming across this Chemistry Statement, you have no previous knowledge of it ""Photocatalysis uses light to accelerate a reaction that modifies the rate of a chemical reaction without being consumed."", what are the top 5 questions that would pop up in your head which would be most useful in learning about it as you are new to it. Give me a simple bullet point list, don't explain them or expand them","1. What is Photocatalysis?
2. How does it work?
3. What types of reactions can be accelerated using photocatalysis?
4. What materials are commonly used for photocatalysts?
5. What are some potential applications of photocatalysis?","

| Metric | Score | Justification |
|---|---|---|
| Coherence | 5 | The questions follow a logical order, starting with defining Photocatalysis and gradually moving towards its applications, providing a clear path for understanding the concept. |
| Relevance | 5 | All questions are highly relevant to the provided statement, addressing various aspects such as mechanism, materials, and applications. |
| Diversity | 4 | The questions cover multiple dimensions of Photocatalysis, however, there is room for further exploration of the role of light and energy in the process. |","| Metric | Score | Justification |
|---|---|---|
| Relevance | 5 | All questions are directly related to the statement, focusing on key concepts and exploring its different aspects. |
| Coherence | 4 | The questions follow a logical progression, starting with basic definitions and gradually moving towards applications and implications. |
| Diversity | 4 | The questions cover a range of topics, including definition, mechanism, applications, and materials, providing a comprehensive overview. |","| Metric    | Score | Justification                                                                                                                        |
|-----------|-------|--------------------------------------------------------------------------------------------------------------------------------------|
| Relevance | 5     | All questions directly relate to the key aspects of photocatalysis as presented in the statement.                                   |
| Coherence | 4     | The questions form a logical progression from understanding the mechanism to applications, but a clearer sequence could improve it.  |
| Diversity | 5     | The questions cover a range of aspects including definition, mechanism, materials, reactions, and applications of photocatalysis. |"
"Imagine you are a human, this is the first time you are coming across this Chemistry Statement, you have no previous knowledge of it ""Supercritical CO2 is a fluid state of carbon dioxide where it is held at or above its critical temperature and critical pressure."", what are the top 5 questions that would pop up in your head which would be most useful in learning about it as you are new to it. Give me a simple bullet point list, don't explain them or expand them","1. What is supercritical CO2? 
2. How does it differ from regular CO2? 
3. What are some applications for supercritical CO2? 
4. Is it safe to use? 
5. Where can I find more information on supercritical CO2?","

| Metric | Score | Justification |
|---|---|---|
| Relevance | 5 | All questions directly relate to the concept of supercritical CO2, asking about its nature, differences, applications, safety, and sources of additional information. |
| Coherence | 4 | The questions generally follow a logical order, moving from basic definition to potential uses and safety concerns, though there isn't a strong connection between the final question and the rest of the set. |
| Diversity | 4 | The questions cover various aspects of supercritical CO2, such as","| Metric | Score | Justification |
|---|---|---|
| Relevance | 5 | All questions directly relate to the elements and concepts presented in the statement. |
| Coherence | 4 | The questions form a logical line of inquiry that progresses a beginner's understanding of the topic. However, the connection between Q4 and Q5 could be stronger. |
| Diversity | 3 | The questions cover a range of aspects related to the statement, including definition, applications, and safety. However, they do not delve into the theoretical underpinnings or implications of supercritical CO2. |","| Metric   | Score | Justification                                                                                               |
|----------|-------|-------------------------------------------------------------------------------------------------------------|
| Relevance| 5     | All questions directly pertain to understanding supercritical CO2, its properties, applications, and safety.|
| Coherence| 4     | Questions progress logically from defining supercritical CO2 to exploring its differences, applications, safety, and further resources.|
| Diversity| 4     | The questions cover a range of aspects, such as definitions, comparisons, applications, safety considerations, and additional information sources. |"
"Imagine you are a human, this is the first time you are coming across this Chemistry Statement, you have no previous knowledge of it ""Quantum chemistry computationally studies the properties and behavior of molecules at the quantum level."", what are the top 5 questions that would pop up in your head which would be most useful in learning about it as you are new to it. Give me a simple bullet point list, don't explain them or expand them","1. What does ""quantum"" mean?
2. How can we study molecules at the quantum level?
3. What kind of properties and behaviors do these molecules exhibit?
4. Why is it important to understand these properties and behaviors?
5. Can you provide an example of how quantum chemistry has been used in real-world applications?","

| Metric | Score | Justification |
|---|---|---|
| Coherence | 5 | The questions follow a logical order, starting with understanding the term ""quantum"", moving onto methods of studying molecules at the quantum level, then exploring the properties and behaviors, and finally discussing real-world applications. |
| Relevance | 5 | All questions are directly relevant to the provided statement, asking for clarification on key terms, explaining methodologies, probing the significance, and seeking examples of practical use. |
| Diversity | 5 | Each question addresses a unique aspect","| Metric | Score | Justification |
|---|---|---|
| Relevance | 4 | Questions 1-3 directly target the statement, addressing its main concepts and scope. However, questions 4 and 5 slightly deviate from the immediate context by exploring the importance and applications of quantum chemistry, which could be considered a step beyond a beginner's understanding. |
| Coherence | 3 | The questions logically flow from one another, forming a coherent inquiry line. Question 1 introduces the concept, while questions 2 and 3 delve into the technical aspects of studying molecules at the quantum level. Questions 4 and 5 provide a broader perspective. The sequence provides a structured exploration, but the transition from question 3 to 4 could be smoother. |
| Diversity | 3 | The questions cover a range of aspects within the statement. Questions 1-3 focus on the fundamental concepts and methods of quantum chemistry, while questions 4 and 5 explore its significance and practical applications. While question 4 slightly deviates from the beginner's perspective, it still provides a diverse exploration of the topic. |","| Metric    | Score | Justification                                                                                                  |
|-----------|-------|---------------------------------------------------------------------------------------------------------------|
| Relevance | 5     | Each question directly pertains to the main concept of quantum chemistry and explores essential elements of it. |
| Coherence | 4     | The questions progress logically from defining key terms to understanding applications, with a minor gap in linking study methods to properties.     |
| Diversity | 4     | The questions cover a variety of aspects from definitions to applications, offering a broad exploration of the topic.     |"
"Imagine you are a human, this is the first time you are coming across this Chemistry Statement, you have no previous knowledge of it ""Metal-organic frameworks (MOFs) are compounds consisting of metal ions or clusters coordinated to organic ligands to form one-, two-, or three-dimensional structures."", what are the top 5 questions that would pop up in your head which would be most useful in learning about it as you are new to it. Give me a simple bullet point list, don't explain them or expand them","1. What are Metal-Organic Frameworks?
2. How do they work and what are their applications?
3. What types of metals and ligands can be used to create MOFs?
4. How are MOFs synthesized and characterized?
5. What are some current research areas and challenges related to MOFs?","

| Metric | Score | Justification |
| --- | --- | --- |
| Relevance | 5 | All questions directly relate to the provided statement, exploring various aspects such as definition, function, composition, synthesis, characterization, and research. |
| Coherence | 4 | The questions follow a logical order, starting with basic definitions and gradually moving towards more complex topics like synthesis and research. However, there is room for better interconnection between questions, making the transition smoother. |
| Diversity | 5 | The questions cover a wide range of aspects","| Metric | Score | Justification |
|---|---|---|
| Relevance | 5 | The questions directly address key elements of the statement, including the definition, components, synthesis, and research areas related to MOFs. |
| Coherence | 4 | The sequence of questions follows a logical progression, starting with a basic definition and gradually exploring more specific aspects. |
| Diversity | 4 | The questions cover a range of aspects, including the structure, composition, synthesis, applications, and research challenges of MOFs. |","| Metric   | Score | Justification                                                                                      |
|----------|-------|----------------------------------------------------------------------------------------------------|
| Relevance | 5     | All questions directly pertain to the details and concepts presented in the statement about MOFs. |
| Coherence | 4     | The questions follow a logical progression in exploring MOFs, but could be slightly more interconnected.  |
| Diversity | 5     | The questions cover a broad range of aspects related to MOFs, including definition, applications, synthesis, and current research areas. |"
"Imagine you are a human, this is the first time you are coming across this Chemistry Statement, you have no previous knowledge of it ""The Grignard reaction involves the addition of Grignard reagents to carbonyl compounds to form alcohols."", what are the top 5 questions that would pop up in your head which would be most useful in learning about it as you are new to it. Give me a simple bullet point list, don't explain them or expand them","1. What is a Grignard reagent?
2. How does the Grignard reaction work?
3. What types of carbonyl compounds can be used in the reaction?
4. What are some common applications of the Grignard reaction?
5. Are there any safety precautions I should take when working with Grignard reagents?","

| Metric | Score | Justification |
|---|---|---|
| Relevance | 5 | All questions directly relate to the provided statement, exploring various aspects such as the definition of Grignard reagents, reaction mechanism, applicable carbonyl compounds, real-world uses, and safety measures. |
| Coherence | 4 | The questions generally follow a logical order, moving from basic concepts like Grignard reagents to more specific concerns like safety. However, the transition between some questions could be smoother, creating a clearer path for learners. |
","| Metric | Score | Justification |
|---|---|---|
| Relevance | 5 | All questions directly pertain to understanding the elements and concepts presented in the statement. |
| Coherence | 5 | The questions are logically connected, forming a coherent line of inquiry that progresses the understanding of the reaction. |
| Diversity | 4 | The questions cover a range of aspects, including definitions, mechanisms, applications, and safety precautions. While question 4 could be expanded to include more specific examples, the set as a whole demonstrates good diversity. |","| Metric   | Score | Justification                                                                                   |
|----------|-------|-------------------------------------------------------------------------------------------------|
| Relevance | 5     | All questions directly relate to the Grignard reaction and its components, addressing key aspects mentioned in the statement.                                                              |
| Coherence | 4     | The questions flow logically from understanding the basics to applications and safety considerations, but the sequence could be slightly improved for a more cohesive exploration.         |
| Diversity | 5     | Each question covers a distinct aspect such as definition, mechanism, application, and safety, offering a comprehensive exploration of the topic.                                  |"
"Imagine you are a human, this is the first time you are coming across this Chemistry Statement, you have no previous knowledge of it ""Heterogeneous catalysis occurs at the interface between phases, typically involving a solid catalyst and a gas or liquid reactant."", what are the top 5 questions that would pop up in your head which would be most useful in learning about it as you are new to it. Give me a simple bullet point list, don't explain them or expand them","1. What is heterogeneous catalysis? 
2. How does it occur at the interface between phases? 
3. Can you give an example of a solid catalyst and a gas/liquid reactant involved? 
4. What is the purpose of heterogeneous catalysis? 
5. How can we use this information to improve chemical reactions?","

| Metric | Score | Justification |
|---|---|---|
| Relevance | 5 | All questions directly relate to the concept of heterogeneous catalysis, its mechanisms, examples, and applications. |
| Coherence | 4 | The questions follow a logical order, moving from basic definition to more complex applications, though some may argue that the last two questions could be reordered. |
| Diversity | 5 | A wide range of aspects are covered, including definition, mechanism, examples, and potential uses, providing a comprehensive introduction to the topic. |","| Metric | Score | Justification |
|---|---|---|
| Relevance | 5 | All 5 questions directly pertain to the details and concepts presented in the statement. They aim to clarify what heterogeneous catalysis is, how it occurs, and its potential applications. |
| Coherence | 4 | The questions form a coherent line of inquiry, starting with the definition of heterogeneous catalysis and progressing to its mechanisms and applications. The sequence facilitates a logical exploration of the concept. |
| Diversity | 4 | The questions cover a wide range of aspects related to heterogeneous catalysis, including its definition, occurrence, mechanism, purpose, and potential applications. They offer a broad exploration of the topic, addressing both theoretical and practical perspectives. |","| Metric    | Score | Justification                                                                                   |
|-----------|-------|-----------------------------------------------------------------------------------------------|
| Relevance  | 5     | All questions directly pertain to the details of the statement about heterogeneous catalysis. |
| Coherence | 4     | The questions progress logically from defining heterogeneous catalysis to its applications.  |
| Diversity | 4     | The questions cover aspects like examples, purpose, and potential improvements of catalysts. |"
"Imagine you are a human, this is the first time you are coming across this Chemistry Statement, you have no previous knowledge of it ""Perovskite materials are used in solar cells due to their efficient light absorption and charge-carrier mobilities."", what are the top 5 questions that would pop up in your head which would be most useful in learning about it as you are new to it. Give me a simple bullet point list, don't explain them or expand them","1. What are perovskite materials?
2. How do they work in solar cells?
3. Why are they more efficient than traditional materials?
4. What are some potential drawbacks or limitations of using perovskite materials?
5. Are there any current research efforts or advancements in perovskite technology for solar energy?","

| Metric | Score | Justification |
|---|---|---|
| Relevance | 5 | All questions are directly related to the statement, providing essential information about perovskite materials and their use in solar cells. |
| Coherence | 5 | The questions follow a logical order, starting with basic definitions and gradually moving towards more complex topics like efficiency and research. |
| Diversity | 5 | A wide range of aspects are covered, including composition, function, comparison to other materials, challenges, and ongoing developments. |","| Metric | Score | Justification |
|---|---|---|
| Relevance | 4 | All questions are directly relevant to the statement, exploring different aspects of perovskite materials in solar cells. |
| Coherence | 4 | The questions flow logically from one to another, building upon the previous question and expanding the understanding of perovskite materials. |
| Diversity | 3 | The questions cover a range of aspects, including the nature of perovskite materials, their application in solar cells, their advantages, limitations, and ongoing research. |","| Metric   | Score | Justification                                                                                                  |
|----------|-------|---------------------------------------------------------------------------------------------------------------|
| Relevance|   5   | The questions directly relate to the statement about perovskite materials used in solar cells.                 |
| Coherence|   4   | The questions follow a logical sequence exploring the basics, functioning, efficiency, limitations, and advancements of perovskite materials in solar cells.|
| Diversity|   5   | The questions cover different aspects such as definitions, working principles, comparisons, limitations, and current research, providing a comprehensive exploration. |"
"Imagine you are a human, this is the first time you are coming across this Chemistry Statement, you have no previous knowledge of it ""The study of femtochemistry explores chemical reactions on extremely short timescales, allowing observation of the transition states in reactions."", what are the top 5 questions that would pop up in your head which would be most useful in learning about it as you are new to it. Give me a simple bullet point list, don't explain them or expand them","1. What does 'extremely short timescales' mean?
2. How do we observe these transitions states?
3. Why is studying these reactions important?
4. Can you give an example of a reaction studied using femtochemistry?
5. What are some applications of femtochemistry in real-world scenarios?","

| Metric | Score | Justification |
|---|---|---|
| Relevance | 5 | All questions directly relate to the concept of femtochemistry, its methods, importance, examples, and applications. |
| Coherence | 4 | The questions follow a logical progression from basic understanding to more complex applications, though they could be slightly more interconnected. |
| Diversity | 5 | A wide range of aspects are covered, including foundational knowledge, practical implementation, significance, and potential impact. |","| Metric | Score | Justification |
|---|---|---|
| Relevance | 5 | All questions directly relate to the core concepts presented in the statement about femtochemistry, chemical reactions, timescales, and transition states. |
| Coherence | 3 | While the questions connect logically, with the first three questions building upon each other, the fourth and fifth questions introduce new topics (example and applications) that could be explored separately, reducing the overall coherence. |
| Diversity | 4 | The questions cover a range of aspects, including definitions (1), methods (2), importance (3), examples (4), and applications (5), providing a diverse exploration of the statement. |","| Metric    | Score | Justification                                                                                      |
|-----------|-------|----------------------------------------------------------------------------------------------------|
| Relevance | 5     | All questions directly pertain to the details and concepts presented in the statement.             |
| Coherence | 4     | The questions form a logical progression, except for the slight jump between questions 2 and 3.    |
| Diversity | 5     | Each question explores a different aspect of femtochemistry, offering a broad understanding.       |"
"Imagine you are a human, this is the first time you are coming across this Chemistry Statement, you have no previous knowledge of it ""Cyclic voltammetry is an electrochemical technique used to study the electrochemical properties of materials."", what are the top 5 questions that would pop up in your head which would be most useful in learning about it as you are new to it. Give me a simple bullet point list, don't explain them or expand them","1. What is cyclic voltammetry?
2. How does it work?
3. What are its applications?
4. What kind of materials can be studied using this technique?
5. What are some common parameters measured during cyclic voltammetry experiments?","

| Metric | Score | Justification |
|---|---|---|
| Coherence | 5 | The questions follow a logical order, starting with defining the concept, moving onto its functionality, then exploring its uses, applicable materials, and finally measuring parameters. This structure allows for a comprehensive understanding of the topic. |
| Relevance | 5 | All questions are directly related to the provided statement, asking for clarification on key terms, processes, and measurements involved in cyclic voltammetry. They focus on essential aspects of the statement without deviating into tangential topics. |
| D","| Metric | Score | Justification |
|---|---:|---|
| Relevance | 5 | The five questions are all highly relevant to the given statement, covering the basic definition, working principle, applications, applicable materials, and commonly measured parameters in cyclic voltammetry. |
| Coherence | 4 | The questions form a logical progression, starting with a broad understanding of the technique, then delving into its mechanism, uses, and specific experimental aspects. However, the transition from question 3 to 4 could be smoother by exploring the connection between materials and their electrochemical properties. |
| Diversity | 5 | The questions collectively provide a diverse exploration of the statement, encompassing the theoretical concept, practical applications, and experimental details of cyclic voltammetry. Each question introduces a distinct aspect, providing a well-rounded initial understanding. |","| Metric   | Score | Justification                                                                                      |
|----------|-------|----------------------------------------------------------------------------------------------------|
| Relevance | 5     | All questions directly address key aspects of cyclic voltammetry, focusing on its definition, working principle, applications, materials studied, and parameters measured.                                 |
| Coherence | 4     | The questions form a logical progression from understanding the technique to its practical applications and measurements, though could be more tightly connected for improved coherence.                                          |
| Diversity | 4     | The questions cover a broad range of aspects related to cyclic voltammetry, offering insight into its various dimensions such as theory, application, and experimental details.                             |"
"Imagine you are a human, this is the first time you are coming across this Chemistry Statement, you have no previous knowledge of it ""Cryogenic techniques in chemistry involve the study of materials at very low temperatures to understand their properties and reactions."", what are the top 5 questions that would pop up in your head which would be most useful in learning about it as you are new to it. Give me a simple bullet point list, don't explain them or expand them","1. What are cryogenic techniques?
2. How do they work?
3. What kind of materials can be studied using these techniques?
4. What are some applications of cryogenic techniques in chemistry?
5. Are there any safety concerns when working with extremely cold temperatures?","

| Metric | Score | Justification |
|---|---|---|
| Relevance | 5 | All questions are directly related to the provided statement, exploring various aspects such as definition, functionality, application, and safety concerns. |
| Coherence | 4 | The questions generally follow a logical order, moving from basic concepts like defining cryogenic techniques to more complex ideas like safety considerations. However, there could be better transitions between questions to create a smoother flow. |
| Diversity | 5 | A wide range of aspects are covered, providing a comprehensive introduction to the","| Metric | Score | Justification |
|---|---|---|
| Relevance | 5 | All questions directly address the key elements of the statement, focusing on the definition, methodology, applications, and potential risks associated with cryogenic techniques in chemistry. |
| Coherence | 4 | The questions follow a logical sequence, starting with a broad inquiry about the nature of cryogenic techniques and gradually narrowing down to specific aspects such as applications and safety considerations. |
| Diversity | 3 | The questions cover a range of perspectives, including the definition, methodology, applicable materials, applications, and safety concerns. However, they could further explore the theoretical underpinnings or limitations of cryogenic techniques to provide a more comprehensive understanding. |","| Metric   | Score | Justification                                                                                                                              |
|----------|-------|--------------------------------------------------------------------------------------------------------------------------------------------|
| Relevance | 5     | All questions directly relate to understanding cryogenic techniques in chemistry.                                                       |
| Coherence | 4     | The questions progress logically from defining cryogenic techniques to exploring their applications and safety concerns.                |
| Diversity | 4     | The questions cover a range of aspects including definition, function, application, materials, and safety aspects of cryogenic techniques. |"
"Imagine you are a human, this is the first time you are coming across this Chemistry Statement, you have no previous knowledge of it ""The synthesis and study of fullerenes, carbon allotropes with unique properties, have implications for materials science and nanotechnology."", what are the top 5 questions that would pop up in your head which would be most useful in learning about it as you are new to it. Give me a simple bullet point list, don't explain them or expand them","1. What are fullerenes? 
2. How do they differ from other forms of carbon? 
3. What are their unique properties? 
4. How can they be synthesized? 
5. What applications do fullerenes have in materials science and nanotechnology?","

| Metric | Score | Justification |
|---|---|---|
| Relevance | 5 | All questions directly relate to the provided statement, exploring various aspects such as definition, comparison, properties, synthesis, and applications. |
| Coherence | 5 | The questions follow a logical order, starting with defining fullerenes before moving onto their distinct properties, synthesis methods, and potential uses. This structure allows for a systematic understanding of the topic. |
| Diversity | 5 | The questions cover multiple dimensions of the topic, providing a comprehensive introduction to fullerenes.","| Metric | Score | Justification |
|---|---|---|
| Relevance | 5 | All questions are directly related to the statement, addressing various aspects of fullerenes and their relevance to the field. |
| Coherence | 4 | The questions follow a logical progression, starting with a basic definition of fullerenes and then exploring their unique properties, synthesis, and applications. |
| Diversity | 4 | The questions cover a wide range of topics, including the definition, properties, synthesis, and applications of fullerenes, providing a comprehensive overview. |","| Metric   | Score | Justification                                                                                               |
|----------|-------|-------------------------------------------------------------------------------------------------------------|
| Relevance | 5     | All questions directly pertain to the details and concepts presented in the statement.                        |
| Coherence | 4     | The questions form a logical progression in exploring fullerenes, their properties, and applications.         |
| Diversity | 4     | The questions cover a range of aspects from defining fullerenes to their synthesis and practical applications. |"
"Imagine you are a human, this is the first time you are coming across this Chemistry Statement, you have no previous knowledge of it ""Atomic force microscopy (AFM) allows scientists to visualize surfaces and measure forces at the atomic level."", what are the top 5 questions that would pop up in your head which would be most useful in learning about it as you are new to it. Give me a simple bullet point list, don't explain them or expand them","1. What is Atomic Force Microscopy?
2. How does AFM work?
3. What can AFM be used for?
4. What are the advantages of using AFM over other imaging techniques?
5. Are there any limitations or challenges associated with AFM?","

| Metric | Score | Justification |
|---|---|---|
| Relevance | 5 | All questions are directly related to the provided statement, exploring various aspects such as definition, functionality, application, comparison, and limitations. |
| Coherence | 5 | The questions follow a logical order, starting with basic definitions and gradually moving towards more complex aspects like advantages and limitations, creating a coherent line of inquiry. |
| Diversity | 5 | The questions cover multiple dimensions of the topic, providing a comprehensive introduction to AFM, its operation, uses, benefits, and","| Metric | Score | Justification |
|---|---|---|
| Relevance | 5 | All questions directly address key concepts of the statement |
| Coherence | 4 | Questions logically progress from definition to applications and limitations |
| Diversity | 5 | Questions cover a broad range of aspects, including definition, functionality, applications, advantages, and challenges |","Relevance | 5 | The questions directly address the specific details and concepts in the statement about AFM.
Coherence | 4 | The questions follow a logical progression from understanding the basics of AFM to its applications and limitations.
Diversity | 4 | The questions cover a range of aspects including definition, working principles, uses, advantages, and challenges of AFM. 
"
"Imagine you are a human, this is the first time you are coming across this Chemistry Statement, you have no previous knowledge of it ""The Langmuir-Blodgett technique is used to deposit single layers of molecules onto surfaces, important for creating thin film materials."", what are the top 5 questions that would pop up in your head which would be most useful in learning about it as you are new to it. Give me a simple bullet point list, don't explain them or expand them","1. What is the Langmuir-Blodgett technique?
2. How does it work?
3. Why is it important for creating thin film materials?
4. Can you give an example of how it's used?
5. Are there any limitations or challenges associated with using this technique?","

| Metric | Score | Justification |
|---|---|---|
| Relevance | 5 | All questions directly relate to the statement, exploring various aspects such as definition, function, importance, examples, and challenges. |
| Coherence | 5 | The questions follow a logical order, starting with understanding the concept and gradually moving towards more specific aspects like application and limitations. |
| Diversity | 5 | A wide range of perspectives are covered, providing a comprehensive introduction to the topic without unnecessary repetition or tangential queries. |","| Metric | Score | Justification |
|---|---|---|
| Relevance | 5 | All questions are directly related to the statement, seeking to clarify the technique, its mechanism, significance, and practical applications. |
| Coherence | 4 | The questions follow a logical progression, starting with a basic introduction to the technique and gradually exploring its key aspects. However, the last question could be more closely tied to the previous ones. |
| Diversity | 4 | The questions cover a range of aspects, including the definition, mechanism, importance, application, and limitations of the Langmuir-Blodgett technique. However, they could delve deeper into theoretical underpinnings or alternative methods for thin film deposition. |","| Metric   | Score | Justification                                                                                                                                                                      |
|----------|-------|------------------------------------------------------------------------------------------------------------------------------------------------------------------------------------|
| Relevance | 5     | The questions directly address the key elements of the statement, focusing on the technique, its importance, applications, and challenges.                                           |
| Coherence | 4     | The questions progress logically from understanding the technique to its applications and limitations, forming a coherent line of inquiry.                                    |
| Diversity | 4     | The questions cover a range of aspects related to the Langmuir-Blodgett technique, providing a well-rounded exploration of the topic for a beginner in chemistry.                    |"
"Imagine you are a human, this is the first time you are coming across this Chemistry Statement, you have no previous knowledge of it ""Transition state theory explains the rates of chemical reactions by considering the highest energy state during the reaction."", what are the top 5 questions that would pop up in your head which would be most useful in learning about it as you are new to it. Give me a simple bullet point list, don't explain them or expand them","1. What is Transition State Theory?
2. How does it explain the rate of chemical reactions?
3. What is the highest energy state during a chemical reaction?
4. How can we use this theory to predict the rate of a reaction?
5. Can we apply this theory to any type of chemical reaction?","

| Metric | Score | Justification |
|---|---|---|
| Coherence | 5 | The questions follow a logical order, starting with understanding the concept, then delving into its application and finally exploring limitations. |
| Relevance | 5 | All questions relate directly to the provided statement, asking for clarification on key terms and exploring practical uses. |
| Diversity | 4 | Although all questions are relevant, there could be more variety in terms of questioning the underlying assumptions or exploring related theories. |","| Metric | Score | Justification |
|---|---|---|
| Relevance | 5 | All questions are directly relevant to the statement, seeking clarification on key concepts, implications, and applicability. |
| Coherence | 5 | The questions form a logical progression, building upon each other to explore different aspects of the theory, from its definition to its applications. |
| Diversity | 4 | The questions cover a range of aspects, including the definition, mechanism, applications, and limitations of the theory, providing a comprehensive exploration. |","Metric | Score | Justification
Relevance | 4 | The questions directly pertain to the details and concepts presented in the statement, focusing on understanding Transition State Theory and its application to chemical reactions.
Coherence | 3 | The questions progress logically in exploring the theory and its implications, but there could have been a clearer flow between them to enhance coherence.
Diversity | 4 | The questions cover different aspects of Transition State Theory, such as its definition, practical applications, and relevance to various types of reactions, offering a diverse exploration of the topic."
"Imagine you are a human, this is the first time you are coming across this Chemistry Statement, you have no previous knowledge of it ""The use of isotope labeling helps to trace the path of atoms through reaction mechanisms."", what are the top 5 questions that would pop up in your head which would be most useful in learning about it as you are new to it. Give me a simple bullet point list, don't explain them or expand them","1. What is an isotope?
2. How does isotope labeling work?
3. Why is tracing the path of atoms important in chemistry?
4. Can isotope labeling help us understand complex chemical reactions?
5. Are there any limitations or challenges associated with using isotope labeling in chemistry research?","

| Metric | Score | Justification |
|---|---|---|
| Relevance | 5 | All questions are directly related to the concept of isotope labeling and its application in tracing atom paths in chemical reactions. |
| Coherence | 4 | The questions generally follow a logical order, moving from basic concepts like isotopes to more specific applications such as understanding complex reactions. However, some transitions could be smoother, like connecting the importance of tracing atom paths to the limitations of isotope labeling. |
| Diversity | 4 | The questions cover various","| Metric | Score | Justification |
|---|---|---|
| Relevance | 4 | The questions directly address the core concept of isotope labeling and its purpose in tracing the path of atoms in reaction mechanisms, demonstrating strong relevance to the given statement. |
| Coherence | 3 | While the questions are logically connected, forming a coherent line of inquiry, the transition could be smoother, especially between the third and fourth questions. |
| Diversity | 4 | The questions encompass a diverse range of aspects, including the definition of isotopes, the mechanism of isotope labeling, the significance of tracing atoms, the potential applications in complex reactions, and potential limitations. |","| Metric    | Score | Justification                                                                                      |
|-----------|-------|----------------------------------------------------------------------------------------------------|
| Relevance | 5     | All questions directly relate to the use of isotope labeling in tracing atoms through reactions.    |
| Coherence | 4     | The questions progress logically from defining isotopes to understanding their role in reactions. |
| Diversity | 4     | Covers aspects like definition of isotopes, mechanism of isotope labeling, importance, limitations. |"
"Imagine you are a human, this is the first time you are coming across this Chemistry Statement, you have no previous knowledge of it ""Sonogashira coupling involves the cross-coupling of an alkynyl copper compound with an aryl or vinyl halide, facilitating the synthesis of complex organic molecules."", what are the top 5 questions that would pop up in your head which would be most useful in learning about it as you are new to it. Give me a simple bullet point list, don't explain them or expand them","1. What is Sonogashira coupling?
2. How does it work?
3. What are the applications of Sonogashira coupling?
4. Can you give some examples of complex organic molecules synthesized using Sonogashira coupling?
5. Are there any limitations or challenges associated with Sonogashira coupling?","

| Metric | Score | Justification |
|---|---|---|
| Relevance | 5 | All questions are directly related to the provided statement, exploring various aspects such as definition, mechanism, applications, examples, and limitations. |
| Coherence | 4 | The questions follow a logical order, starting with defining the concept and gradually moving towards more specific aspects like examples and limitations. However, they could be slightly more interconnected in terms of building upon each other's answers. |
| Diversity | 5 | A wide range of aspects are covered, providing a comprehensive introduction to","| Metric | Score | Justification |
|---|---|---|
| Relevance | 5 | The questions directly address key elements of the statement, seeking to clarify the concept and its applications. |
| Coherence | 4 | The questions have a logical progression, beginning with foundational concepts and moving towards more specific details and applications. |
| Diversity | 4 | The questions cover a range of aspects, including definition, mechanism, applications, examples, and limitations, providing a comprehensive exploration of the topic. |","Relevance | 5 | The questions directly pertain to the details and concepts presented in the statement about Sonogashira coupling.
Coherence | 4 | The questions form a logical progression in understanding Sonogashira coupling, but could be slightly improved in connecting the concepts more smoothly.
Diversity | 5 | The questions cover a range of aspects related to Sonogashira coupling, offering a broad exploration of the topic.

Relevance | 4 | The questions are relevant to the statement, but could be more specific in addressing the elements of Sonogashira coupling.
Coherence | 3 | The questions somewhat connect to each other but may benefit from a clearer progression in understanding Sonogashira coupling.
Diversity | 4 | The questions cover a variety of aspects related to Sonogashira coupling, offering a diverse exploration of the topic.

Relevance | 4 | The questions directly relate to the elements and concepts introduced in the statement about Sonogashira coupling.
Coherence | 5 | The questions form a coherent line of inquiry that logically progresses the understanding of Sonogashira coupling.
Diversity | 4 | The questions cover a range of aspects related to Sonogashira coupling, offering a diverse exploration of the topic."
"Imagine you are a human, this is the first time you are coming across this Chemistry Statement, you have no previous knowledge of it ""Molecular dynamics simulations are computational methods used to model the physical movements of atoms and molecules, providing insights into the structure, dynamics, and function of biological macromolecules and materials"", what are the top 5 questions that would pop up in your head which would be most useful in learning about it as you are new to it. Give me a simple bullet point list, don't explain them or expand them","1. What is molecular dynamics simulation?
2. How does it work?
3. What can we learn from it?
4. What are some applications of molecular dynamics simulation?
5. Who uses molecular dynamics simulation and why?","

| Metric | Score | Justification |
|---|---|---|
| Coherence | 5 | The questions follow a logical order, starting with defining the concept, followed by its functionality, potential learnings, applications, and users. This creates a clear path for understanding the topic. |
| Relevance | 5 | All questions relate directly to the provided statement, covering essential aspects of molecular dynamics simulations. They avoid venturing into tangential topics, ensuring focus on the core subject matter. |
| Diversity | 4 | Although the questions cover various dimensions of the topic, there is","| Metric | Score | Justification |
|---|---|---|
| Relevance | 4 | The questions directly address the key concepts and elements presented in the statement, effectively seeking to clarify and expand upon the understanding of molecular dynamics simulations. |
| Coherence | 4 | The questions form a logical and cohesive progression, starting with a broad overview and gradually narrowing down to specific aspects, facilitating a structured exploration of the topic. |
| Diversity | 5 | The questions cover a broad range of dimensions, encompassing the definition, methodology, applications, and users of molecular dynamics simulations, providing a well-rounded exploration of the topic. |","Metric | Score | Justification
Relevance | 5 | All questions directly pertain to the statement and aim to clarify its details.
Coherence | 4 | The questions form a logical progression in understanding molecular dynamics simulations.
Diversity | 4 | The questions cover various aspects such as definition, working, applications, and users of molecular dynamics simulations."
"Imagine you are a human, this is the first time you are coming across this Chemistry Statement, you have no previous knowledge of it ""Non-linear optical materials have applications in laser technology due to their interaction with light."", what are the top 5 questions that would pop up in your head which would be most useful in learning about it as you are new to it. Give me a simple bullet point list, don't explain them or expand them","1. What are non-linear optical materials? 
2. How do they interact with light? 
3. What are some specific applications for these materials? 
4. Can you provide examples of lasers that use non-linear optical materials? 
5. Are there any limitations or drawbacks to using these materials in laser technology?","

| Metric | Score | Justification |
|---|---|---|
| Coherence | 5 | The questions follow a logical order, starting with defining terms and gradually moving towards more specific applications and limitations. |
| Relevance | 5 | All questions directly relate to the provided statement, exploring various aspects of non-linear optical materials and their role in laser technology. |
| Diversity | 4 | The questions cover multiple dimensions, such as definitions, applications, and limitations; however, they all revolve around the same theme of material-light interaction. |","| Metric | Score | Justification |
|---|---|---|
| Relevance | 5 | All questions directly pertain to the statement, exploring its key concepts. |
| Coherence | 4 | The questions logically connect, starting with basic definitions and progressing to specific applications and limitations. |
| Diversity | 3 | While the questions cover basic aspects, they could expand on theoretical underpinnings or future applications for greater diversity. |","| Metric    | Score | Justification                                                                                  |
|-----------|-------|-----------------------------------------------------------------------------------------------|
| Relevance | 5     | All questions directly address the specifics of the statement about non-linear optical materials and their applications in laser technology.                                                                                                                         |
| Coherence | 4     | The questions form a logical progression of inquiry, starting with defining the materials and their interaction with light, moving to applications and examples, and ending with limitations. One minor improvement could be a smoother transition between questions.                                                                                                                                 |
| Diversity | 4     | The questions cover a range of aspects related to non-linear optical materials, including properties, applications, examples, and limitations. One potential area for improvement could be including a question on the underlying principles of non-linear optical behavior.                                                                                                                                 |"
"Imagine you are a human, this is the first time you are coming across this Chemistry Statement, you have no previous knowledge of it ""The Kasha rule predicts the emission of photons from the lowest excited state of a molecule."", what are the top 5 questions that would pop up in your head which would be most useful in learning about it as you are new to it. Give me a simple bullet point list, don't explain them or expand them","1. What is Kasha? 
2. What does the Kasha rule predict? 
3. How do molecules emit photons? 
4. What is the lowest excited state of a molecule? 
5. Why is understanding these concepts important?","

| Metric | Score | Justification |
|---|---|---|
| Coherence | 5 | The questions follow a logical order, starting with understanding the concept itself, then delving into its components, and finally addressing the significance of the topic. |
| Relevance | 5 | All questions directly relate to the Kasha rule and its associated concepts, providing a comprehensive introduction to the topic. |
| Diversity | 4 | The questions cover various aspects of the Kasha rule, such as its definition, predictions, molecular states, and importance. However, some questions could potentially overlap","| Metric   	| Score 	| Justification                                                                                                                                                                           	|
|----------	|---------	|--------------------------------------------------------------------------------------------------------------------------------------------------------------------------------------------------	|
| Relevance 	| 5       	| All questions are directly relevant to the provided statement, seeking to clarify key concepts and establish a basic understanding of the Kasha rule.                                               	|
| Coherence 	| 5       	| Questions follow a logical sequence, building upon one another to progressively explore different aspects of the Kasha rule and related concepts (Kasha, photon emission, molecular states, importance). 	|
| Diversity  	| 4       	| Questions cover a range of aspects, including definitions (Kasha, lowest excited state), processes (photon emission), and implications (importance). While they touch upon theoretical underpinnings, they could be expanded to explore applications. 	|","| Metric   | Score | Justification                                                                                     |
|----------|-------|---------------------------------------------------------------------------------------------------|
| Relevance | 4     | Questions directly pertain to the details of the statement and explore the concepts introduced.   |
| Coherence | 3     | Questions form a logical progression but could benefit from clearer linking between them.        |
| Diversity | 3     | Each question covers a different aspect, but additional perspectives could enhance diversity.     |"
"Imagine you are a human, this is the first time you are coming across this Chemistry Statement, you have no previous knowledge of it ""Metamaterials exhibit properties not found in naturally occurring materials, often achieved through structure rather than composition."", what are the top 5 questions that would pop up in your head which would be most useful in learning about it as you are new to it. Give me a simple bullet point list, don't explain them or expand them","1. What are metamaterials?
2. How do they differ from naturally occurring materials?
3. Can you give an example of a property exhibited by metamaterials?
4. How are these properties achieved?
5. Are there any practical applications for metamaterials?","

| Metric | Score | Justification |
|---|---|---|
| Relevance | 5 | All questions directly relate to the provided statement, exploring various aspects such as definition, comparison, examples, mechanisms, and applications. |
| Coherence | 5 | The questions follow a logical order, starting with basic definitions before moving onto more complex topics like mechanisms and applications. This structure allows for a smooth progression of understanding. |
| Diversity | 5 | A wide range of aspects related to the statement are covered, providing a comprehensive introduction to the topic without straying into irrelevant","| Metric | Score | Justification |
|---|---|---|
| Relevance | 5 | The questions directly target the key concept of metamaterials, their uniqueness, and practical applications. |
| Coherence | 3 | The questions follow a logical progression, starting with basic definitions and moving towards properties and applications. However, the connection between Q3 and Q4 could be stronger. |
| Diversity | 4 | The questions cover a range of aspects, from definitions to properties, characteristics, and practical implications. They provide a well-rounded exploration of the statement. |","| Metric   | Score | Justification  |
|----------|-------|----------------|
| Relevance | 5     | The questions directly pertain to the details presented in the statement about metamaterials.   |
| Coherence | 4     | The questions form a logical progression in exploring the concept of metamaterials.   |
| Diversity | 4     | The questions cover various aspects of metamaterials, from definitions to practical applications.   |"
"Imagine you are a human, this is the first time you are coming across this Chemistry Statement, you have no previous knowledge of it ""Single-photon emission computed tomography (SPECT) is a nuclear medicine tomographic imaging technique using gamma rays."", what are the top 5 questions that would pop up in your head which would be most useful in learning about it as you are new to it. Give me a simple bullet point list, don't explain them or expand them","1. What is SPECT?
2. How does SPECT work?
3. What is nuclear medicine?
4. What is a gamma ray?
5. What is a tomographic imaging technique?","

| Metric | Score | Justification |
|---|---|---|
| Coherence | 5 | The questions follow a logical order, starting with basic terminology and gradually moving towards more complex concepts like the functioning of SPECT and its relationship with other fields such as nuclear medicine. |
| Relevance | 5 | All questions are highly relevant to the provided statement, addressing essential components like the definition of SPECT, its mechanism, and related terms. |
| Diversity | 4 | Although the questions cover various aspects, there is room for further diversification by exploring potential applications or limitations","| Metric | Score | Justification |
|---|---|---|
| Relevance | 4 | The questions directly address the key concepts introduced in the statement, focusing on understanding the meaning of SPECT, its mechanism, and the foundational concepts related to nuclear medicine and gamma rays. |
| Coherence | 3 | While the questions are logically connected, there is room for improvement in forming a structured line of inquiry. The questions could be ordered to build upon each other more effectively, leading to a more cohesive exploration of the topic. |
| Diversity | 4 | The questions cover a range of aspects related to SPECT, including its nature, functioning, core principles, and classification, providing a well-rounded exploration of the statement. |","| Metric   | Score | Justification                                                                                                                                    |
|----------|-------|--------------------------------------------------------------------------------------------------------------------------------------------------|
| Relevance| 5     | The questions directly pertain to the elements mentioned in the statement about SPECT, nuclear medicine, gamma rays, and imaging techniques. |
| Coherence| 4     | The questions form a logical progression from understanding SPECT to related concepts, but could be slightly more interconnected.             |
| Diversity| 4     | The questions cover a range of aspects related to SPECT, though they could include more varied perspectives or applications of the technique.  |"
"Imagine you are a human, this is the first time you are coming across this Chemistry Statement, you have no previous knowledge of it ""The Stille reaction couples organotin compounds with organohalides to form carbon-carbon bonds."", what are the top 5 questions that would pop up in your head which would be most useful in learning about it as you are new to it. Give me a simple bullet point list, don't explain them or expand them","1. What is an organotin compound?
2. What is an organohalide?
3. How does the Stille reaction work?
4. Why is the formation of carbon-carbon bonds important?
5. Can you provide examples of how the Stille reaction can be used in real-world applications?","

| Metric | Score | Justification |
|---|---|---|
| Coherence | 5 | The questions follow a logical order, starting with defining key terms, then exploring the mechanism, importance, and finally applications of the Stille reaction. |
| Relevance | 5 | All questions are highly relevant to the provided statement, focusing on essential components and concepts related to the Stille reaction. |
| Diversity | 4 | The questions cover various aspects of the statement, though there might be room for more diverse perspectives, such as limitations or challenges associated with the Stille reaction","| Metric | Score | Justification |
|---|---|---|
| Relevance | 4 | The questions directly address the key elements and concepts mentioned in the statement, specifically organotin compounds, organohalides, the Stille reaction, and the formation of carbon-carbon bonds. |
| Coherence | 5 | The questions are logically connected and form a coherent line of inquiry that progresses from basic concepts (definitions) to broader implications and applications. |
| Diversity | 3 | While the questions cover a range of aspects, they primarily focus on the core components of the Stille reaction. Expanding the scope to include more theoretical or advanced concepts could enhance diversity. |","| Metric    | Score | Justification                                                                                         |
|-----------|-------|-------------------------------------------------------------------------------------------------------|
| Relevance | 5     | All questions directly pertain to the elements and concepts presented in the statement.                |
| Coherence | 4     | The questions form a coherent line of inquiry, but could be slightly improved in flow for a beginner. |
| Diversity | 4     | The questions cover a range of aspects related to the statement, offering a broad exploration.         |"
"Imagine you are a human, this is the first time you are coming across this Chemistry Statement, you have no previous knowledge of it ""X-ray crystallography can determine the arrangement of atoms within a crystal, revealing molecular structures."", what are the top 5 questions that would pop up in your head which would be most useful in learning about it as you are new to it. Give me a simple bullet point list, don't explain them or expand them","1. What is X-ray crystallography? 
2. How does it work? 
3. Why is it important for determining molecular structures? 
4. Can it be used on any type of crystal? 
5. Are there any limitations or challenges associated with using X-ray crystallography?","

| Metric | Score | Justification |
|---|---|---|
| Coherence | 5 | The questions follow a logical order, starting with understanding the concept, moving onto its functionality, significance, applicability, and finally potential limitations. This structure allows for a comprehensive understanding of the topic. |
| Relevance | 5 | All questions are directly related to the provided statement, exploring various aspects such as definition, mechanism, importance, scope, and constraints. They remain focused on the core subject matter without deviating into tangential topics. |
| Diversity | 5 | Each","| Metric | Score | Justification |
|---|---|---|
| Relevance | 5 | Each question directly pertains to the details, elements, and concepts presented in the statement, focusing on the immediate context without introducing peripheral or advanced topics. |
| Coherence | 4 | The questions connect logically to one another, forming a coherent line of inquiry that would logically progress a beginner's understanding of the topic. The sequence of questions is well-structured and facilitates a systematic exploration of the statement. |
| Diversity | 4 | The questions cover a range of aspects related to the statement, including its definition, mechanism, importance, applicability, and limitations. Each question brings a new dimension or perspective to understanding the statement, offering a broad exploration of the topic. |","| Metric    | Score | Justification                                                                   |
|-----------|-------|---------------------------------------------------------------------------------|
| Relevance | 5     | All questions directly pertain to the details and concepts in the statement.     |
| Coherence | 4     | Questions form a logical progression of understanding but could be more tightly connected. |
| Diversity | 4     | The questions cover various aspects of X-ray crystallography, providing a broad exploration. |"
"Imagine you are a human, this is the first time you are coming across this Chemistry Statement, you have no previous knowledge of it ""Peptoid nanosheets are a new class of two-dimensional polymers with potential in biotechnology and materials science."", what are the top 5 questions that would pop up in your head which would be most useful in learning about it as you are new to it. Give me a simple bullet point list, don't explain them or expand them","1. What are peptoids?
2. How do they differ from traditional polymers?
3. What are their applications in biotechnology and materials science?
4. Can you provide examples of specific peptoid nanosheets and their uses?
5. Are there any limitations or challenges associated with using peptoid nanosheets?","

| Metric | Score | Justification |
|---|---|---|
| Coherence | 5 | The questions follow a logical order, starting with defining terms and gradually moving towards more specific applications and limitations. |
| Relevance | 5 | All questions are directly relevant to the provided statement, exploring various aspects of peptoid nanosheets. |
| Diversity | 4 | The questions cover multiple dimensions, such as definition, comparison, application, example, and limitation. However, all questions remain within the scope of the initial statement. |","| Metric | Score | Justification |
|---|---|---|
| Relevance | 5 | All questions directly relate to the core concepts and elements of the statement, aiming to clarify and expand upon the topic of peptoid nanosheets. |
| Coherence | 4 | The questions follow a logical progression, starting with basic definitions and differences, then exploring applications and specific examples, before concluding with potential challenges. This structure facilitates a step-by-step understanding of the topic. |
| Diversity | 5 | The questions cover a wide range of aspects, from defining peptoids to exploring their applications and limitations, offering a comprehensive exploration of the topic. |","| Metric   | Score | Justification                                                                                             |
|----------|-------|-----------------------------------------------------------------------------------------------------------|
| Relevance|   5   | All questions directly address the key aspects of the statement about peptoid nanosheets.                 |
| Coherence|   4   | The questions flow logically from defining peptoids to exploring their applications and limitations.      |
| Diversity|   5   | The questions cover definitions, differences, applications, examples, and challenges of peptoid nanosheets. |"
"Imagine you are a human, this is the first time you are coming across this Chemistry Statement, you have no previous knowledge of it ""The concept of ""chemical space"" explores the theoretical and practical possibilities of all chemical compounds."", what are the top 5 questions that would pop up in your head which would be most useful in learning about it as you are new to it. Give me a simple bullet point list, don't explain them or expand them","1. What does ""chemical space"" mean?
2. How can we explore the theoretical and practical possibilities of all chemical compounds?
3. Why is understanding chemical space important for chemistry?
4. Can you provide an example of how chemical space has been used in practice?
5. Are there any limitations or challenges associated with exploring chemical space?","

| Metric | Score | Justification |
|---|---|---|
| Relevance | 5 | All questions directly relate to the provided statement, asking for clarification of terms, examples, importance, and potential challenges. |
| Coherence | 5 | The questions follow a logical order, starting with defining terms and building up to broader considerations like application and challenges. |
| Diversity | 5 | A wide range of aspects are addressed, such as definition, significance, examples, and limitations, providing a comprehensive introduction to the topic. |","| Metric | Score | Justification |
|---|---|---|
| Relevance | 4 | The questions are all directly related to the statement, aiming to clarify its meaning and implications, and address potential limitations or applications. |
| Coherence | 4 | The questions follow a logical progression, with each question building on the previous one and forming a coherent line of inquiry, effectively guiding a beginner's understanding. |
| Diversity | 5 | The questions cover a broad range of aspects, from defining chemical space to discussing its importance, exploration methods, practical applications, and potential challenges, providing a comprehensive perspective on the topic. |","| Metric   | Score | Justification                                                                                          |
|----------|-------|--------------------------------------------------------------------------------------------------------|
| Relevance | 4     | The questions directly pertain to the details of the statement and explore its practical and theoretical aspects. |
| Coherence | 4     | The questions form a coherent line of inquiry, starting from defining ""chemical space"" to understanding its applications and limitations. |
| Diversity | 4     | The questions cover various aspects of ""chemical space,"" including definition, exploration methods, importance, examples, and challenges. |"
"Imagine you are a human, this is the first time you are coming across this Chemistry Statement, you have no previous knowledge of it ""High-pressure chemistry studies the effects of high pressure on chemical reactions, often leading to the synthesis of novel materials."", what are the top 5 questions that would pop up in your head which would be most useful in learning about it as you are new to it. Give me a simple bullet point list, don't explain them or expand them","1. What is high-pressure chemistry?
2. How does high pressure affect chemical reactions?
3. What types of novel materials can be synthesized through high-pressure chemistry?
4. Are there any practical applications for high-pressure chemistry?
5. Can you provide examples of successful experiments conducted using high-pressure chemistry?","

| Metric | Score | Justification |
| --- | --- | --- |
| Relevance | 5 | All questions directly relate to the provided statement, exploring various aspects such as definition, impact, products, applications, and examples. |
| Coherence | 5 | The questions follow a logical order, starting with defining high-pressure chemistry and gradually moving towards more specific aspects like applications and examples. |
| Diversity | 5 | A wide range of dimensions are covered, allowing for a comprehensive understanding of the topic without losing focus on the main subject matter. |","| Metric | Score | Justification |
|---|---|---|
| Relevance | 5 | All questions directly relate to the statement, seeking to clarify high-pressure chemistry, its effects, potential outcomes, and real-world applications. |
| Coherence | 4 | The questions follow a logical sequence, starting with a definition and progressing to applications and practical examples. Questions 3 and 4 could be slightly reordered for better flow. |
| Diversity | 4 | The questions cover a range of aspects, including definition, effects, applications, and specific examples. They provide a comprehensive exploration of the statement. |","Relevance | 4 | The questions directly pertain to the details and elements presented in the statement about high-pressure chemistry.
Coherence | 4 | The questions progress logically in exploring the topic of high-pressure chemistry, building upon each other.
Diversity | 4 | The questions cover a range of aspects related to high-pressure chemistry, including effects on reactions, synthesis of materials, applications, and examples of experiments."
"Imagine you are a human, this is the first time you are coming across this Chemistry Statement, you have no previous knowledge of it ""Electrospinning is a technique to produce ultra-fine fibers with applications in tissue engineering and filtration."", what are the top 5 questions that would pop up in your head which would be most useful in learning about it as you are new to it. Give me a simple bullet point list, don't explain them or expand them","1. What is Electrospinning?
2. How does Electrospinning work?
3. What are the applications of Electrospinning?
4. What materials can be used for Electrospinning?
5. What are the advantages of using Electrospinning over other techniques?","

| Metric | Score | Justification |
|---|---|---|
| Coherence | 5 | The questions follow a logical order, starting with understanding the concept, then moving onto its functionality, applications, materials, and comparison with other methods. |
| Relevance | 5 | All questions are directly related to the provided statement, covering all essential aspects of Electrospinning. |
| Diversity | 4 | Although the questions cover various dimensions, there is room for more diverse angles like challenges, future potential, etc. However, considering the beginner level, it is acceptable.","| Metric | Score | Justification |
|---|---|---|
| Relevance | 5 | All questions directly pertain to the information presented in the statement, seeking clarification on key concepts and applications. |
| Coherence | 4 | Questions follow a logical progression from the basic definition to applications, materials, and advantages, fostering a structured understanding. |
| Diversity | 4 | Questions cover a range of aspects, including definition, mechanism, applications, materials, and comparative advantages, providing a comprehensive exploration. |","Relevance | 5 | The questions directly address the key elements of the statement, focusing on Electrospinning, its process, applications, materials, and advantages.
Coherence | 4 | The questions form a logical progression from defining Electrospinning to exploring various aspects related to its applications and benefits. 
Diversity | 4 | The questions cover a range of dimensions such as the process, materials, applications, and advantages of Electrospinning, providing a well-rounded understanding."
"Imagine you are a human, this is the first time you are coming across this Chemistry Statement, you have no previous knowledge of it ""Quantum dots have size-dependent optical and electronic properties, useful in electronics and imaging."", what are the top 5 questions that would pop up in your head which would be most useful in learning about it as you are new to it. Give me a simple bullet point list, don't explain them or expand them","1. What are quantum dots?
2. How do their size affect their optical and electronic properties?
3. In what ways can they be used in electronics and imaging?
4. Can you provide examples of specific applications for quantum dots?
5. Are there any potential drawbacks or limitations to using quantum dots?","

| Metric | Score | Justification |
|---|---|---|
| Coherence | 5 | The questions follow a logical order, starting with basic terminology and gradually moving towards more specific applications and limitations. |
| Relevance | 5 | All questions relate directly to the provided statement, exploring various aspects of quantum dots' size-dependent properties, uses, and potential challenges. |
| Diversity | 4 | The questions cover multiple dimensions, such as definitions, applications, and potential issues, but could benefit from addressing other perspectives like underlying principles or comparison with alternatives. |","| Metric | Score | Justification |
|---|---|---|
| Relevance | 5 | All questions directly relate to the statement and explore its key elements. |
| Coherence | 4 | The questions logically progress from defining quantum dots to exploring their properties, applications, and potential limitations. |
| Diversity | 5 | The questions cover a wide range of aspects, including definition, properties, applications, examples, and potential drawbacks. |","Relevance, 5, The questions directly address the key elements of the statement about the properties and applications of quantum dots.
Coherence, 4, The questions flow logically from defining quantum dots to their properties and applications, but could be slightly more interconnected.
Diversity, 5, The questions cover various aspects of quantum dots, including their nature, effects of size, uses, examples, and limitations."
"Imagine you are a human, this is the first time you are coming across this Chemistry Statement, you have no previous knowledge of it ""The Belousov-Zhabotinsky reaction is a non-equilibrium chemical oscillator that can produce a variety of temporal and spatial patterns."", what are the top 5 questions that would pop up in your head which would be most useful in learning about it as you are new to it. Give me a simple bullet point list, don't explain them or expand them","1. What is a chemical oscillator?
2. How does the Belousov-Zhabotinsky reaction work?
3. What types of patterns can be produced by this reaction?
4. Why is it called a non-equilibrium reaction?
5. What are some real-world applications for this type of reaction?","

| Metric | Score | Justification |
|---|---|---|
| Relevance | 5 | All questions are directly related to the provided statement, exploring various aspects such as definition, mechanism, pattern production, equilibrium state, and applications. |
| Coherence | 4 | The questions follow a logical order, moving from basic concepts like chemical oscillators to more complex ideas like real-world applications. However, there is room for better interconnection between questions to create a smoother flow of inquiry. |
| Diversity | 5 | The questions cover multiple dimensions of the statement","| Metric | Score | Justification |
|---|---|---|
| Relevance | 4 | The questions are directly related to the statement, covering key aspects such as the definition of chemical oscillator, mechanism of the reaction, patterns produced, non-equilibrium nature, and applications. |
| Coherence | 5 | The questions progress logically from basic concepts (chemical oscillator) to more specific aspects (Belousov-Zhabotinsky reaction, patterns, non-equilibrium behavior, applications). Each question builds upon the previous one, creating a coherent line of inquiry. |
| Diversity | 5 | The questions cover a wide range of aspects related to the statement, including both fundamental concepts and practical applications. They explore the phenomenon from different perspectives, providing a comprehensive understanding. |","| Metric   | Score | Justification                                                                                       |
|----------|-------|-----------------------------------------------------------------------------------------------------|
| Relevance| 5     | All questions directly relate to the statement and aim to clarify specific aspects of the topic.   |
| Coherence| 4     | The questions progress logically from understanding the basics to applications, forming a cohesive line of inquiry.|
| Diversity| 4     | The questions cover various dimensions such as mechanism, patterns, applications, and unique features of the reaction. |"
"Imagine you are a human, this is the first time you are coming across this Chemistry Statement, you have no previous knowledge of it ""Nanocatalysis involves the use of nanomaterials as catalysts to increase the efficiency of chemical reactions."", what are the top 5 questions that would pop up in your head which would be most useful in learning about it as you are new to it. Give me a simple bullet point list, don't explain them or expand them","1. What exactly is nanotechnology?
2. How does nanocatalysis work and why is it important for chemical reactions?
3. Can you give an example of how nanocatalysts have been used in real-world applications?
4. Are there any potential risks associated with using nanomaterials as catalysts?
5. How can we ensure the safe and responsible use of nanocatalysts in industry?","

| Metric | Score | Justification |
|---|---|---|
| Coherence | 4 | The questions follow a logical order, starting with understanding the basics of nanotechnology before diving into nanocatalysis, then exploring its importance, applications, risks, and safety measures. This structure allows for a comprehensive understanding of the topic. However, some connections between questions could be strengthened, such as explicitly linking nanotechnology to nanocatalysis in the second question. |
| Relevance | 5 | All questions are highly relevant to the provided statement, addressing various","| Metric | Score | Justification |
|---|---|---|
| Relevance | 5 | All five questions directly pertain to the statement, exploring specific elements and concepts: nanotechnology, mechanism and importance of nanocatalysis, real-world applications, potential risks, and responsible use. |
| Coherence | 4 | The questions follow a logical progression, starting with a foundational understanding of nanotechnology and progressing to more specific aspects of nanocatalysis. The sequence facilitates a structured inquiry into the topic. |
| Diversity | 3 | The questions cover a range of aspects, including definitions, mechanisms, applications, risks, and responsible use. However, they could explore a broader range of theoretical underpinnings or advanced applications to increase diversity. |","| Metric   | Score | Justification                                                                                                                         |
|----------|-------|---------------------------------------------------------------------------------------------------------------------------------------|
| Relevance|   5   | All questions directly relate to nanocatalysis and the use of nanomaterials as catalysts, fitting the context of the initial statement. |
| Coherence|   4   | The questions flow logically from defining nanocatalysis to discussing its applications, risks, and safety measures.                 |
| Diversity|   4   | The questions cover a range of aspects like definitions, working principles, examples, risks, and safety considerations of nanocatalysis. |"
"Imagine you are a human, this is the first time you are coming across this Chemistry Statement, you have no previous knowledge of it ""The synthesis of artificial enzymes aims to mimic the catalytic functions of natural enzymes."", what are the top 5 questions that would pop up in your head which would be most useful in learning about it as you are new to it. Give me a simple bullet point list, don't explain them or expand them","1. What is an enzyme?
2. How do natural enzymes work?
3. Why is it important to synthesize artificial enzymes?
4. What are some applications of artificial enzymes?
5. What challenges are there in creating synthetic enzymes?","

| Metric | Score | Justification |
|---|---|---|
| Coherence | 5 | The questions follow a logical order, starting with defining basic terms and gradually moving towards more complex ideas like applications and challenges. |
| Relevance | 5 | All questions relate directly to the provided statement, exploring various aspects of artificial enzyme synthesis without deviating into tangential topics. |
| Diversity | 5 | A wide range of aspects are covered, including definition, function, importance, applications, and challenges, providing a comprehensive introduction to the topic. |","| Metric | Score | Justification |
|---|---|---|
| Relevance | 5 | All questions are directly relevant to understanding the statement about the synthesis of artificial enzymes, addressing key concepts like natural enzymes, their functions, and the significance and challenges of creating artificial enzymes. |
| Coherence | 4 | The questions progress logically, starting with the basics (defining enzymes) and gradually moving towards more specific aspects (functions, importance, applications, and challenges). The flow of questions facilitates a coherent line of inquiry. |
| Diversity | 3 | While the questions cover essential aspects, they mainly focus on defining and characterizing enzymes, their importance, and applications. Exploring additional dimensions, such as the different types of artificial enzymes, their limitations, or potential future directions, could enhance the diversity of perspectives. |","Relevance | 5 | The questions directly address the key components of the statement about artificial enzymes.
Coherence | 4  | The questions flow logically from defining an enzyme to discussing the importance and challenges of synthetic enzymes.
Diversity | 4 | The questions cover different aspects like definitions, working principles, applications, and challenges of artificial enzymes."
"Imagine you are a human, this is the first time you are coming across this Chemistry Statement, you have no previous knowledge of it ""Supramolecular assemblies involve the organization of molecules into structured systems without covalent bonding."", what are the top 5 questions that would pop up in your head which would be most useful in learning about it as you are new to it. Give me a simple bullet point list, don't explain them or expand them","1. What does'molecules' mean?
2. How do these molecules organize themselves into structured systems?
3. What is meant by 'covalent bonding'?
4. Can you give an example of a supramolecular assembly?
5. Why is understanding supramolecular chemistry important?","

| Metric | Score | Justification |
|---|---|---|
| Relevance | 4 | Most questions are relevant, except #1 which may be too basic depending on the user's background. |
| Coherence | 5 | The questions follow a logical order, starting from basics and moving towards more complex aspects. |
| Diversity | 4 | The questions cover various aspects, but could benefit from exploring the practical applications or challenges of supramolecular assemblies. |","| Metric | Score | Justification |
|---|---|---|
| Relevance | 3 | Questions 1, 2, 3, and 4 directly pertain to the elements presented in the statement, seeking clarification on key terms and the process of organization. Question 5, while relevant to the field of supramolecular chemistry, is not directly related to the specific statement given. |
| Coherence | 4 | The questions form a logical sequence, starting with basic definitions (question 1) and progressing to the organization of molecules (question 2), the exclusion of covalent bonding (question 3), and an example (question 4). Question 5 is less coherent as it shifts the focus to the importance of supramolecular chemistry, a topic not directly introduced by the statement. |
| Diversity | 3 | The questions cover a range of aspects, including definitions (questions 1 and 3), processes (question 2), examples (question 4), and broader applications (question 5). However, the questions focus primarily on the basic understanding of supramolecular assemblies and do not delve into more advanced or nuanced aspects. |","| Metric    | Score | Justification                                                                 |
|-----------|-------|--------------------------------------------------------------------------------|
| Relevance | 5     | All questions directly pertain to the details and concepts in the statement.  |
| Coherence | 4     | The questions form a logical progression but could have better continuity.   |
| Diversity | 4     | Each question covers a different aspect but could include more varied perspectives. |"
"Imagine you are a human, this is the first time you are coming across this Chemistry Statement, you have no previous knowledge of it ""The Heck reaction is a palladium-catalyzed coupling between aryl halides and alkenes to form substituted alkenes."", what are the top 5 questions that would pop up in your head which would be most useful in learning about it as you are new to it. Give me a simple bullet point list, don't explain them or expand them","1. What is the Heck reaction? 
2. How does it work? 
3. What are the reactants involved? 
4. What products can be formed from the reaction? 
5. Are there any limitations or challenges associated with the reaction?","

| Metric | Score | Justification |
|---|---|---|
| Relevance | 5 | All questions directly relate to the provided statement, exploring various aspects such as definition, mechanism, reactants, products, and limitations. |
| Coherence | 5 | The questions follow a logical order, starting with defining the reaction before moving onto its components and finally discussing potential challenges, allowing for a structured exploration of the topic. |
| Diversity | 5 | A wide range of aspects related to the statement are addressed, providing a comprehensive introduction to the topic without straying into tang","| Metric | Score | Justification |
|---|---|---|
| Relevance | 5 | All questions directly pertain to key elements or concepts of the statement, aiming to clarify and expand on its content. |
| Coherence | 4 | Questions are logically connected, forming a structured inquiry that progressively explores the Heck reaction from its definition to its process, reactants, products, and potential limitations. |
| Diversity | 5 | Questions cover a broad range of aspects, including the reaction's nature, mechanism, components, outcomes, and potential challenges. |","| Metric    | Score | Justification                                                                                 |
|-----------|-------|----------------------------------------------------------------------------------------------|
| Relevance | 5     | All questions directly pertain to the details and elements of the statement.                  |
| Coherence | 4     | The questions form a logical progression, but could be improved by further linking concepts. |
| Diversity | 4     | Each question explores a different aspect of the statement, providing a diverse exploration.   |"
"Imagine you are a human, this is the first time you are coming across this Chemistry Statement, you have no previous knowledge of it ""Spin chemistry explores the effects of electron spin states on chemical reactions."", what are the top 5 questions that would pop up in your head which would be most useful in learning about it as you are new to it. Give me a simple bullet point list, don't explain them or expand them","1. What is electron spin? 
2. How does electron spin affect chemical reactions? 
3. Can you give an example of how spin chemistry has been used in real-world applications? 
4. Are there any limitations or challenges associated with studying spin chemistry? 
5. How can I learn more about spin chemistry and its potential applications?","

| Metric | Score | Justification |
|---|---|---|
| Relevance | 5 | All questions directly relate to the concept of spin chemistry and its impact on chemical reactions, asking for clarification on key terms, examples of application, limitations, and resources for further study. |
| Coherence | 5 | The questions follow a logical order, starting with foundational concepts like electron spin before moving onto more complex ideas such as real-world applications and limitations. This structure allows for a clear progression of understanding. |
| Diversity | 5 | The questions cover various aspects","| Metric | Score | Justification |
|---|---|---|
| Relevance | 4 | The questions directly address key concepts in the statement, exploring different aspects of spin chemistry's relevance to chemical reactions. |
| Coherence | 4 | The questions flow logically from one to the next, building a structured understanding of spin chemistry's effects, applications, limitations, and further learning resources. |
| Diversity | 3 | The questions cover a diverse range of aspects, from the basics of electron spin to its real-world applications and learning opportunities, providing a well-rounded exploration. However, further diversity could be introduced by exploring theoretical implications or advanced techniques in spin chemistry. |","| Metric    | Score | Justification                                                                                           |
|-----------|-------|----------------------------------------------------------------------------------------------------------|
| Relevance | 5     | All questions directly address the key elements of the statement about spin chemistry.                 |
| Coherence | 4     | The questions progress logically from defining electron spin to real-world applications and limitations. |
| Diversity | 4     | The questions cover definitions, effects on chemical reactions, applications, challenges, and further learning opportunities. |"
"Imagine you are a human, this is the first time you are coming across this Chemistry Statement, you have no previous knowledge of it ""Carbon capture and storage (CCS) technologies aim to reduce CO2 emissions from industrial sources."", what are the top 5 questions that would pop up in your head which would be most useful in learning about it as you are new to it. Give me a simple bullet point list, don't explain them or expand them","1. What is Carbon Capture and Storage? 
2. How does CCS work? 
3. Why is CCS important for reducing CO2 emissions? 
4. What are some examples of industries that use CCS technology? 
5. What are the potential benefits and drawbacks of using CCS?","

| Metric | Score | Justification |
|---|---|---|
| Coherence | 5 | The questions follow a logical order, starting with a general definition and then moving towards more specific aspects like its functionality, importance, applications, and pros/cons. |
| Relevance | 5 | All questions are highly relevant to the provided statement, exploring various dimensions of CCS technologies without deviating from the main topic. |
| Diversity | 5 | A wide range of aspects related to CCS technologies are addressed, providing a comprehensive introduction to the topic. |","| Metric | Score | Justification |
|---|---|---|
| Relevance | 5 | All questions directly pertain to the details and concepts presented in the statement, focusing on understanding CCS technologies and their role in reducing CO2 emissions. |
| Coherence | 5 | The questions form a logical line of inquiry, starting with the definition and mechanism of CCS, then exploring its importance, applications, and potential implications. |
| Diversity | 4 | The questions cover a broad range of aspects related to CCS, including its definition, operation, significance, industrial applications, and potential advantages and disadvantages, offering a comprehensive exploration of the topic. |","Relevance | 5 | The questions directly address the core concept of CCS and its relationship to reducing CO2 emissions from industrial sources. 
Coherence | 4 | The questions progress in a logical sequence from defining CCS to exploring its workings, importance, examples, and implications. 
Diversity | 4 | The questions cover a range of aspects, including definitions, processes, applications, and potential pros and cons of CCS."
"Imagine you are a human, this is the first time you are coming across this Chemistry Statement, you have no previous knowledge of it ""The development of biodegradable polymers seeks to address environmental concerns associated with traditional plastics."", what are the top 5 questions that would pop up in your head which would be most useful in learning about it as you are new to it. Give me a simple bullet point list, don't explain them or expand them","1. What are biodegradable polymers? 
2. Why do we need to develop them? 
3. How do they differ from traditional plastics? 
4. What are some examples of biodegradable polymers? 
5. What are the benefits and drawbacks of using biodegradable polymers compared to traditional plastics?","

| Metric | Score | Justification |
|---|---|---|
| Relevance | 5 | All questions directly relate to the statement, exploring various aspects such as definition, necessity, comparison, examples, and advantages/disadvantages. |
| Coherence | 5 | The questions follow a logical order, starting with defining terms and gradually moving towards more complex topics like comparing and contrasting with traditional plastics. |
| Diversity | 5 | A wide range of aspects related to the statement are covered, offering a comprehensive introduction to the topic without deviating into tang","| Metric | Score | Justification |
|---|---|---|
| Relevance | 5 | All questions are directly relevant to the statement and focus on the key concepts of biodegradable polymers, their need, and their comparison to traditional plastics. |
| Coherence | 4 | The questions follow a logical sequence, starting with a basic definition and progressing to more specific aspects such as benefits and drawbacks. However, the transition between questions 2 and 3 could be smoother to maintain a clear flow. |
| Diversity | 4 | The questions cover a range of aspects, including definition, need, comparison, examples, and benefits/drawbacks. They provide a broad exploration of the topic and address different perspectives. |","| Metric   | Score | Justification                                                                                                               |
|----------|-------|-----------------------------------------------------------------------------------------------------------------------------|
| Relevance | 5     | All questions directly relate to the statement about biodegradable polymers, focusing on key aspects for clarification.       |
| Coherence | 4     | The questions flow logically, building upon each other to explore different aspects of biodegradable polymers effectively.    |
| Diversity | 5     | Each question brings a new dimension to understanding biodegradable polymers, covering definitions, differences, examples, and implications. |"
"Imagine you are a human, this is the first time you are coming across this Chemistry Statement, you have no previous knowledge of it ""Atomically precise manufacturing (APM) aims to create materials and devices with atomic precision, potentially revolutionizing nanotechnology and materials science"", what are the top 5 questions that would pop up in your head which would be most useful in learning about it as you are new to it. Give me a simple bullet point list, don't explain them or expand them","1. What does 'atomically precise' mean?
2. How can APM revolutionize nanotechnology and materials science?
3. Can you give an example of how APM works?
4. What are some potential applications for APM?
5. Are there any limitations or challenges associated with APM?","

| Metric | Score | Justification |
|---|---|---|
| Coherence | 5 | The questions follow a logical order, starting with defining atomically precise manufacturing, then exploring its potential impact, providing examples, discussing applications, and finally addressing challenges. This structure allows for a comprehensive understanding of the topic. |
| Relevance | 5 | All questions relate directly to the provided statement, focusing on understanding the concept of APM, its possible effects, practical instances, potential uses, and constraints. They remain focused on the core subject without deviating into tangential areas. |
|","| Metric | Score | Justification |
|---|---|---|
| Relevance | 5 | All questions directly relate to the statement, exploring its key concepts and potential implications. |
| Coherence | 5 | Questions are logically connected, progressing from understanding the basic concept to exploring applications and challenges. |
| Diversity | 4 | Questions cover a range of aspects, including definition, impact, applications, and limitations, providing a comprehensive exploration of the statement. |","Metric     |  Score | Justification
Relevance  |   5    | The questions directly relate to the concept of APM and its implications.
Coherence  |   4    | The questions flow logically and build upon each other, but could have a clearer progression.
Diversity  |   4    | The questions cover various aspects of APM, including definitions, applications, and challenges."
"Imagine you are a human, this is the first time you are coming across this Chemistry Statement, you have no previous knowledge of it ""Photochemical reactions involve chemical changes initiated by light, such as photosynthesis and photovoltaic energy conversion."", what are the top 5 questions that would pop up in your head which would be most useful in learning about it as you are new to it. Give me a simple bullet point list, don't explain them or expand them","1. What is a photochemical reaction?
2. How does light initiate chemical changes?
3. Can you give examples of photochemical reactions?
4. What is photosynthesis and how does it work?
5. How can we use photochemistry for energy conversion?","

| Metric | Score | Justification |
|---|---|---|
| Relevance | 5 | All questions are directly related to the provided statement, exploring its key components and implications. |
| Coherence | 4 | The questions generally follow a logical order, moving from basic definitions to more complex applications, though some connections could be clearer. |
| Diversity | 5 | The questions cover various aspects of the topic, including definitions, mechanisms, examples, and practical applications. |","| Metric | Score | Justification |
|---|---|---|
| Relevance | 5 | All questions directly relate to and explore concepts within the statement, focusing on the initiation of chemical reactions by light, examples, and potential applications. |
| Coherence | 4 | The questions follow a logical progression, starting with a broad definition, then exploring the mechanism of light-induced chemical change, examples, and finally practical applications. While the transition from question 3 to 4 is slightly abrupt, the overall line of inquiry is cohesive. |
| Diversity | 5 | The questions cover a range of aspects, providing a balanced exploration of the statement. They include definitions, mechanisms, examples, and applications in the fields of biology and energy. |","| Metric    | Score | Justification                                                                                   |
|-----------|-------|-------------------------------------------------------------------------------------------------|
| Relevance | 5     | All questions directly address elements of photochemical reactions and related concepts.      |
| Coherence | 4     | The questions flow logically, building upon each other to deepen understanding of the topic.  |
| Diversity | 4     | The questions cover a range of aspects of photochemical reactions, offering a broad exploration. |"
"Imagine you are a human, this is the first time you are coming across this Chemistry Statement, you have no previous knowledge of it ""Cryochemistry studies chemical reactions at extremely low temperatures to stabilize reactive intermediates for analysis."", what are the top 5 questions that would pop up in your head which would be most useful in learning about it as you are new to it. Give me a simple bullet point list, don't explain them or expand them","1. What is Cryochemistry? 
2. Why study chemical reactions at extremely low temperatures? 
3. How does studying these reactions help stabilize reactive intermediates? 
4. What kind of analysis can be done with stabilized reactive intermediates? 
5. Can you give an example of how Cryochemistry has been used in real-world applications?","

| Metric | Score | Justification |
|---|---|---|
| Coherence | 5 | The questions follow a logical order, starting with defining Cryochemistry and gradually moving towards more specific aspects like its application and real-world examples. |
| Relevance | 5 | All questions are directly relevant to the provided statement, exploring various facets of Cryochemistry without deviating into tangential topics. |
| Diversity | 4 | Although the questions cover multiple angles, there could be slightly more variation in terms of questioning techniques (e.g., cause-","| Metric | Score | Justification |
|---|---|---|
| Relevance | 4 | The questions directly explore the key concepts and elements of the statement, seeking to clarify the nature of Cryochemistry, its objectives, and its applications. |
| Coherence | 4 | The questions follow a logical progression, starting with a basic definition then exploring the purpose and applications of Cryochemistry, forming a coherent line of inquiry. |
| Diversity | 3 | While the questions cover various aspects of the statement, they primarily focus on the basic concepts and applications, leaving room for more diverse exploration of theoretical underpinnings or limitations. |","| Metric    | Score | Justification                                                                                   |
|-----------|-------|-------------------------------------------------------------------------------------------------|
| Relevance | 5     | All questions directly relate to the statement about Cryochemistry and its components.        |
| Coherence | 4     | The questions form a logical progression from defining Cryochemistry to practical applications. |
| Diversity | 4     | The questions cover various aspects of Cryochemistry, including purpose, methods, and applications. |"
"Imagine you are a human, this is the first time you are coming across this Chemistry Statement, you have no previous knowledge of it ""The use of chiral catalysts in synthesis allows for the production of enantiomerically pure compounds, important in pharmaceuticals."", what are the top 5 questions that would pop up in your head which would be most useful in learning about it as you are new to it. Give me a simple bullet point list, don't explain them or expand them","1. What does 'chiral catalyst' mean?
2. Why is enantiomeric purity important in pharmaceuticals?
3. How do chiral catalysts help achieve enantiomeric purity?
4. Can you give an example of a pharmaceutical product that requires enantiomeric purity?
5. Are there any other applications of chiral catalysts besides pharmaceuticals?","

| Metric | Score | Justification |
|---|---|---|
| Relevance | 5 | All questions are directly related to the provided statement, exploring various aspects such as definition, importance, mechanism, examples, and alternative applications. |
| Coherence | 5 | The questions follow a logical order, starting with defining key terms before moving onto the significance and practical applications of the concept. This structure provides a clear pathway for understanding the topic. |
| Diversity | 5 | The questions cover multiple dimensions of the statement, providing a comprehensive introduction to the topic through various angles.","| Metric | Score | Justification |
|---|---|---|
| Relevance | 5 | All questions directly pertain to the statement's elements and concepts, exploring chiral catalysts, enantiomeric purity, and their significance in pharmaceuticals. |
| Coherence | 4 | The questions form a coherent line of inquiry, starting with basic definitions and progressing to the specific application in pharmaceuticals. The sequence of questions fosters logical exploration of the topic. |
| Diversity | 4 | The questions cover a range of aspects, including definitions, importance, applications, and examples. They provide a broad understanding of chiral catalysts and their significance. |","|Metric   | Score | Justification                                                                                     |
|----------|-------|---------------------------------------------------------------------------------------------------|
|Relevance | 5     | All questions directly relate to the statement about chiral catalysts and enantiomerically pure compounds. |
|Coherence | 4     | The questions progress logically from defining chiral catalysts to their applications, though a clearer connection between questions 2 and 3 could improve coherence. |
|Diversity | 4     | The questions cover definitions, importance in pharmaceuticals, applications, and broader uses, providing a good range of exploration. |"
"Imagine you are a human, this is the first time you are coming across this Chemistry Statement, you have no previous knowledge of it ""Atomic force microscopy (AFM) can characterize the surface of materials at the nanoscale, including molecules and even atoms."", what are the top 5 questions that would pop up in your head which would be most useful in learning about it as you are new to it. Give me a simple bullet point list, don't explain them or expand them","1. What is atomic force microscopy?
2. How does AFM work?
3. What types of surfaces can AFM characterize?
4. What are some applications of AFM?
5. How accurate is AFM compared to other imaging techniques?","

| Metric | Score | Justification |
|---|---|---|
| Coherence | 5 | The questions follow a logical order, starting with understanding the concept, moving onto its functionality, then exploring applicability, and finally comparing it with alternatives. |
| Relevance | 5 | All questions relate directly to the provided statement, covering various aspects such as definition, mechanism, application, and comparison. |
| Diversity | 4 | Although the questions cover multiple dimensions, there is room for further diversification by asking about limitations, challenges, or future developments in AFM technology. |","| Metric | Score | Justification |
|---|---|---|
| Relevance | 4 | All questions directly pertain to the details of the statement, seeking clarification on the definition, mechanism, applications, and accuracy of AFM. |
| Coherence | 5 | The questions form a logical sequence, starting with defining AFM, then exploring its workings, applications, and comparative accuracy. Each question builds upon the previous one, fostering a coherent understanding. |
| Diversity | 4 | The questions cover a range of aspects related to AFM, including its definition, operation, capabilities, and limitations. They collectively provide a broad exploration of the topic. |","| Metric   | Score | Justification                                                                                              |
|----------|-------|------------------------------------------------------------------------------------------------------------|
| Relevance | 5     | All questions directly pertain to the details introduced in the statement about atomic force microscopy. |
| Coherence | 4     | The questions progress logically in exploring AFM, but could be slightly more interconnected.              |
| Diversity | 4     | The questions cover various aspects of AFM, but could further diversify by including historical context.   |"
"Imagine you are a human, this is the first time you are coming across this Chemistry Statement, you have no previous knowledge of it ""Electrochemical impedance spectroscopy (EIS) is a technique for characterizing the impedance of electrochemical systems over a range of frequencies."", what are the top 5 questions that would pop up in your head which would be most useful in learning about it as you are new to it. Give me a simple bullet point list, don't explain them or expand them","1. What is Electrochemical Impedance Spectroscopy? 
2. How does EIS work and why is it important? 
3. What types of electrochemical systems can be characterized using EIS? 
4. What frequency range should I expect when performing an EIS experiment? 
5. What are some common applications of EIS in industry and research?","

| Metric | Score | Justification |
|---|---|---|
| Coherence | 5 | The questions follow a logical order, starting with a general definition and then moving towards more specific aspects like its importance, application, and experimental parameters. |
| Relevance | 5 | All questions directly relate to the provided statement, covering essential aspects of EIS without deviating into tangential topics. |
| Diversity | 5 | The questions cover various dimensions of EIS, such as its nature, significance, applicability, and practical considerations, providing a comprehensive introduction to the","| Metric | Score | Justification |
|---|---|---|
| Relevance | 5 | All questions directly address key aspects of the statement, exploring the definition, purpose, application, and frequency range of EIS. |
| Coherence | 4 | The questions logically progress from defining EIS to understanding its operation, applications, and specific frequency considerations. |
| Diversity | 4 | The questions cover a range of topics, including the definition, working principle, types of systems it can characterize, frequency range, and applications. |","| Metric   | Score | Justification                                                                                                      |
|----------|-------|--------------------------------------------------------------------------------------------------------------------|
| Relevance | 5     | All questions directly relate to the definition, working principle, types of systems, frequency range, and applications of EIS.                                                                                                |
| Coherence | 4     | The questions flow logically from understanding EIS basics to its applications, forming a coherent progression.                                  |
| Diversity | 4     | The questions cover a range of aspects about EIS, from theoretical understanding to practical applications, enhancing the exploration of the topic.                                                                                                                                                                                                                                                                                    |"
"Imagine you are a human, this is the first time you are coming across this Chemistry Statement, you have no previous knowledge of it ""The development of fluorescent probes and dyes has revolutionized imaging techniques in biological and chemical research."", what are the top 5 questions that would pop up in your head which would be most useful in learning about it as you are new to it. Give me a simple bullet point list, don't explain them or expand them","1. What exactly are fluorescent probes and dyes? 
2. How do they work in imaging techniques? 
3. What kind of impact have they had on biological and chemical research? 
4. Can you provide examples of specific applications where these probes and dyes have been used successfully? 
5. Are there any limitations or challenges associated with using fluorescent probes and dyes in imaging techniques?","

| Metric | Score | Justification |
|---|---|---|
| Relevance | 5 | All questions directly relate to the statement, exploring various aspects such as definition, function, impact, examples, and limitations. |
| Coherence | 5 | The questions follow a logical order, starting with basic definitions and gradually moving towards more specific and complex aspects like applications and limitations. |
| Diversity | 5 | A wide range of aspects related to the statement are covered, offering a comprehensive exploration of the topic without deviating from the main theme. |","| Metric | Score | Justification |
|---|---|---|
| Relevance | 5 | All questions are directly relevant to the statement, seeking to clarify the nature, function, impact, and limitations of fluorescent probes and dyes in imaging techniques. |
| Coherence | 4 | The questions follow a logical progression, starting with basic definitions and moving on to explore applications, impact, and challenges. |
| Diversity | 4 | The questions cover a range of aspects, including definition, mechanism, impact, applications, and limitations, providing a comprehensive exploration of the topic. |","| Metric   | Score | Justification                                                                                                                                                                            |
|----------|-------|------------------------------------------------------------------------------------------------------------------------------------------------------------------------------------------|
| Relevance | 5     | All questions directly pertain to the details and impact of fluorescent probes and dyes in biological and chemical research.                                                             |
| Coherence | 4     | The questions progress logically from defining fluorescent probes to exploring their impact and potential limitations, forming a coherent line of inquiry.                        |
| Diversity | 4     | The questions cover a range of aspects including definitions, workings, impact, applications, and limitations of fluorescent probes and dyes, offering a broad exploration.           |"
"Imagine you are a human, this is the first time you are coming across this Chemistry Statement, you have no previous knowledge of it ""Dynamic covalent chemistry involves reversible reactions that allow for the adaptive modification of molecular networks under equilibrium conditions."", what are the top 5 questions that would pop up in your head which would be most useful in learning about it as you are new to it. Give me a simple bullet point list, don't explain them or expand them","1. What does dynamic covalent chemistry involve?
2. How do reversible reactions work in dynamic covalent chemistry?
3. Can you give an example of how molecular networks can be modified using dynamic covalent chemistry?
4. What are some applications of dynamic covalent chemistry?
5. Are there any limitations or challenges associated with dynamic covalent chemistry?","

| Metric | Score | Justification |
|---|---|---|
| Relevance | 5 | All questions directly relate to the provided statement, exploring various aspects such as definition, mechanism, examples, applications, and limitations. |
| Coherence | 4 | The questions generally follow a logical order, moving from basic concepts to more complex considerations like applications and limitations. However, the transition between questions could be smoother, and connections between questions could be made more explicit. |
| Diversity | 5 | The questions cover a wide range of aspects related to the statement, providing","| Metric | Score | Justification |
|---|---|---|
| **Relevance** | 5 | All questions directly relate to the key details and concepts presented in the statement. They seek to understand the nature, mechanisms, and implications of dynamic covalent chemistry. |
| **Coherence** | 5 | The questions form a logical progression, starting with an exploration of the basic concepts and moving on to more specific aspects, such as applications and limitations. The sequence facilitates a gradual understanding of the topic. |
| **Diversity** | 4 | The questions cover a wide range of aspects, including definition, mechanisms, applications, and limitations. They provide a multifaceted perspective on dynamic covalent chemistry. |","| Metric    | Score | Justification                                                                                           |
|-----------|-------|---------------------------------------------------------------------------------------------------------|
| Relevance | 5     | The questions directly address the key elements of the statement regarding dynamic covalent chemistry. |
| Coherence | 4     | The questions flow logically from defining the concept to exploring its applications and limitations.  |
| Diversity | 4     | The questions cover various aspects such as definition, mechanism, examples, applications, and challenges. |"
"Imagine you are a human, this is the first time you are coming across this Chemistry Statement, you have no previous knowledge of it ""The application of green solvents aims to reduce the environmental impact of chemical processes."", what are the top 5 questions that would pop up in your head which would be most useful in learning about it as you are new to it. Give me a simple bullet point list, don't explain them or expand them","1. What are green solvents? 
2. How do they help reduce environmental impact? 
3. Can you give examples of green solvents and their applications? 
4. Are there any drawbacks to using green solvents? 
5. How can we encourage more widespread adoption of green solvents in industry?","

| Metric | Score | Justification |
|---|---|---|
| Relevance | 5 | All questions directly relate to the concept of green solvents and their role in reducing environmental impact. They cover various aspects such as definition, functionality, examples, limitations, and promotion strategies. |
| Coherence | 5 | The questions follow a logical order, starting with defining green solvents and gradually moving towards exploring their applications, limitations, and potential for wider use. This structure allows for a systematic build-up of understanding. |
| Diversity | 5 | The questions address","| Metric     | Score | Justification |
| ---------- | ----- | ------------- |
| Relevance   | 4     | All questions directly relate to the statement and seek to clarify concepts or explore applications. |
| Coherence   | 3     | The questions are structured logically, starting with basic definitions and progressing to more specific topics like examples, drawbacks, and adoption. However, the connection between questions 4 and 5 could be improved for smoother flow. |
| Diversity   | 3     | The questions cover a range of aspects, including definitions, applications, limitations, and potential solutions for adoption, providing a comprehensive exploration. However, further diversification could include questions on environmental regulations or future developments. |","| Metric   | Score | Justification                                                                                       |
|----------|-------|-----------------------------------------------------------------------------------------------------|
| Relevance | 5     | All questions directly relate to the statement about green solvents and their environmental impact. |
| Coherence | 4     | The questions flow logically, building upon the previous ones to gain a better understanding.      |
| Diversity | 4     | The questions cover various aspects of green solvents, including definition, benefits, drawbacks, and promotion. |"
"Imagine you are a human, this is the first time you are coming across this Chemistry Statement, you have no previous knowledge of it ""Single-molecule magnets show magnetic hysteresis, a property typically associated with bulk materials, at the molecular level."", what are the top 5 questions that would pop up in your head which would be most useful in learning about it as you are new to it. Give me a simple bullet point list, don't explain them or expand them","1. What does ""single-molecule magnet"" mean? 
2. How can something so small exhibit magnetic properties? 
3. What is hysteresis and how does it relate to magnetism? 
4. Why is this discovery significant for the field of chemistry? 
5. Are there any practical applications for single-molecule magnets?","

| Metric | Score | Justification                                                                                       |
|---------|-------|-----------------------------------------------------------------------------------------------|
| Relevance | 5     | All questions are directly related to the statement, aiming to clarify key terms and concepts. |
| Coherence | 5     | The questions follow a logical order, moving from basic definitions to broader implications.   |
| Diversity | 5     | A wide range of aspects are covered, including definitions, mechanisms, significance, and applications. |","| Metric | Score | Justification |
|---|---|---|
| Relevance | 5 | The questions are directly related to the statement and explore the key concepts of single-molecule magnets, magnetic hysteresis, and their significance. |
| Coherence | 4 | The questions form a logical inquiry sequence, progressing from defining single-molecule magnets to understanding magnetic hysteresis and its molecular manifestation, then exploring the significance and potential applications. |
| Diversity | 5 | The questions cover a broad range of aspects, including definitions, underlying concepts, scientific significance, and potential applications, providing a comprehensive exploration of the statement. |","| Metric   | Score | Justification                                                                                                                   | 
|----------|-------|---------------------------------------------------------------------------------------------------------------------------------| 
| Relevance|   4   | The questions directly pertain to the details and concepts presented in the statement, focusing on clarifying and exploring them.| 
| Coherence|   5   | The questions progress logically from defining terms to practical applications, forming a coherent line of inquiry for a beginner.| 
| Diversity|   4   | The questions cover a range of aspects including definitions, implications, and applications, offering a broad exploration of the topic.|"
"Imagine you are a human, this is the first time you are coming across this Chemistry Statement, you have no previous knowledge of it ""The study of ionic liquids as solvents and catalysts in chemical reactions offers advantages such as low volatility and high thermal stability."", what are the top 5 questions that would pop up in your head which would be most useful in learning about it as you are new to it. Give me a simple bullet point list, don't explain them or expand them","1. What are ionic liquids? 
2. How do they differ from traditional organic solvents? 
3. What types of chemical reactions can be performed using ionic liquids? 
4. What are some specific examples of applications for ionic liquids? 
5. Are there any drawbacks or limitations to using ionic liquids in chemical processes?","

| Metric | Score | Justification |
|---|---|---|
| Relevance | 5 | All questions directly relate to the statement, exploring various aspects of ionic liquids as solvents and catalysts. |
| Coherence | 5 | The questions follow a logical order, starting with basic definitions and gradually moving towards more specific applications and limitations. |
| Diversity | 5 | A wide range of aspects are covered, including definitions, comparisons, applications, and potential drawbacks. |","| Metric | Score | Justification |
|---|---|---|
| Relevance | 5 | The questions directly address the elements and concepts presented in the statement, focusing on the key points about ionic liquids as solvents and catalysts. |
| Coherence | 4 | The questions form a coherent line of inquiry, starting with the definition of ionic liquids, then exploring their differences from traditional solvents, their applications in chemical reactions, specific examples of their uses, and finally discussing any limitations. |
| Diversity | 4 | The questions cover a range of aspects related to ionic liquids, including their nature, properties, applications, and potential drawbacks. They offer a comprehensive exploration of the topic. |","| Metric    | Score | Justification                                                                                   |
|-----------|-------|-----------------------------------------------------------------------------------------------|
| Relevance | 5     | All questions directly relate to the statement about ionic liquids as solvents and catalysts. |
| Coherence | 4     | The questions form a logical progression in understanding the basics of ionic liquids.        |
| Diversity | 4     | The questions cover different aspects like definition, comparison, applications, and limitations of ionic liquids. |"
"Imagine you are a human, this is the first time you are coming across this Chemistry Statement, you have no previous knowledge of it ""Quantum tunneling in chemical reactions allows particles to bypass energy barriers."", what are the top 5 questions that would pop up in your head which would be most useful in learning about it as you are new to it. Give me a simple bullet point list, don't explain them or expand them","1. What is quantum tunneling?
2. How does quantum tunneling occur in chemical reactions?
3. Why is quantum tunneling important in chemistry?
4. Can you provide an example of how quantum tunneling affects a specific chemical reaction?
5. Are there any practical applications for understanding and utilizing quantum tunneling in chemical reactions?","

| Metric | Score | Justification |
|---|---|---|
| Relevance | 5 | All questions are directly related to the concept of quantum tunneling in chemical reactions, addressing its definition, mechanism, significance, examples, and applications. |
| Coherence | 4 | The questions follow a logical order, transitioning from basic definitions to more complex ideas such as examples and applications. However, they could benefit from a stronger thematic link between them, making the line of inquiry clearer. |
| Diversity | 5 | The questions cover various aspects of quantum tunneling","| Metric | Score | Justification |
|---|---|---|
| Relevance | 5 | All questions directly pertain to the specific details and concepts presented in the statement, focusing on the immediate context rather than peripheral or advanced topics. |
| Coherence | 4 | The questions form a logical line of inquiry that would logically progress a beginner's understanding of quantum tunneling in chemical reactions, starting with a basic definition and progressing to more specific and complex questions. |
| Diversity | 4 | The questions cover a range of aspects related to quantum tunneling in chemical reactions, including its definition, occurrence, importance, and practical applications. |","| Metric    | Score | Justification                                                                                                      |
|-----------|-------|--------------------------------------------------------------------------------------------------------------------|
| Relevance | 5     | All questions directly pertain to the statement about quantum tunneling in chemical reactions.                    |
| Coherence | 4     | The questions progress logically from defining quantum tunneling to practical applications, but could be more structured. |
| Diversity | 4     | The questions cover various aspects of quantum tunneling in chemical reactions, providing a broad exploration.   |"
"Imagine you are a human, this is the first time you are coming across this Chemistry Statement, you have no previous knowledge of it ""The synthesis of quantum dots for use in electronics and photovoltaics involves controlling particle size and surface properties."", what are the top 5 questions that would pop up in your head which would be most useful in learning about it as you are new to it. Give me a simple bullet point list, don't explain them or expand them","1. What are quantum dots?
2. How do they work in electronics and photovoltaics?
3. What factors affect their performance?
4. How can we control their size and surface properties?
5. What are some applications of quantum dot technology?","

| Metric | Score | Justification |
|---|---|---|
| Relevance | 5 | All questions directly relate to the statement, exploring various aspects of quantum dots, their synthesis, and applications. |
| Coherence | 4 | The questions follow a logical order, moving from basic concepts to more complex applications, though they could be slightly more interconnected. |
| Diversity | 5 | A wide range of aspects are covered, from fundamental definitions to practical implications, providing a comprehensive introduction to the topic. |","| Metric | Score | Justification |
|---|---|---|
| Relevance | 5 | All questions directly relate to the statement, exploring various aspects of quantum dots in electronics and photovoltaics. |
| Coherence | 4 | The questions follow a logical progression, starting with the basics (what are quantum dots) and gradually delving into their applications and properties. |
| Diversity | 4 | The questions cover a range of topics, including definitions, applications, factors affecting performance, and methods for controlling size and surface properties. |","| Metric  | Score | Justification                                                                                                      |
|---------|-------|--------------------------------------------------------------------------------------------------------------------|
| Relevance | 5     | All questions directly pertain to the details and concepts presented in the statement about quantum dots.          |
| Coherence | 4     | The questions form a logical progression in exploring quantum dots, with a slight deviation in the last question.  |
| Diversity | 5     | The questions cover a range of aspects related to quantum dots, including their definition, application, and control methods. |"
"Imagine you are a human, this is the first time you are coming across this Chemistry Statement, you have no previous knowledge of it ""Metal-organic frameworks (MOFs) are used for gas storage, separation, and catalysis due to their high porosity."", what are the top 5 questions that would pop up in your head which would be most useful in learning about it as you are new to it. Give me a simple bullet point list, don't explain them or expand them","1. What are Metal-Organic Frameworks?
2. How do MOFs store gases?
3. What is the purpose of separating gases using MOFs?
4. How does the porosity of MOFs contribute to their function?
5. Can MOFs be used for any other applications besides gas storage, separation, and catalysis?","

| Metric | Score | Justification |
|---|---|---|
| Relevance | 5 | All questions are directly related to the statement, exploring various aspects of MOFs such as their nature, functionality, and potential uses. |
| Coherence | 4 | The questions follow a logical order, starting with basic definitions before moving onto more complex functions and applications. However, there is room for better thematic connections between questions. |
| Diversity | 5 | A wide range of aspects are covered, providing a comprehensive introduction to MOFs without delving into overly specialized","| Metric | Score | Justification |
|---|---|---|
| Relevance | 5 | All questions directly relate to the statement, exploring the definition, applications, and properties of MOFs. |
| Coherence | 4 | The questions follow a logical sequence, starting with a general definition and progressing to specific applications and properties. |
| Diversity | 4 | The questions cover a broad range of aspects, including definition, storage, separation, catalysis, and other potential applications. |","| Metric   | Score | Justification                                                                                        |
|----------|-------|-------------------------------------------------------------------------------------------------------|
| Relevance | 5     | All questions directly address the elements and concepts presented in the statement.                |
| Coherence | 4     | The questions progress logically from defining MOFs to exploring their applications and versatility. |
| Diversity | 4     | The questions cover different aspects of MOFs, from their composition to potential applications.     |"
"Imagine you are a human, this is the first time you are coming across this Chemistry Statement, you have no previous knowledge of it ""The study of biomimetic materials focuses on the development of synthetic systems that mimic natural processes."", what are the top 5 questions that would pop up in your head which would be most useful in learning about it as you are new to it. Give me a simple bullet point list, don't explain them or expand them","1. What does 'biomimetic' mean? 
2. How do these synthetic systems mimic natural processes? 
3. Can you give an example of a biomimetic material and how it works? 
4. Why is studying biomimetic materials important? 
5. Are there any current applications for biomimetic materials in real-world industries?","

| Metric | Score | Justification |
|---|---|---|
| Relevance | 5 | All questions are directly related to the concept of biomimetic materials and their significance. They explore various aspects such as definition, functionality, importance, and application. |
| Coherence | 5 | The questions follow a logical order, starting with understanding the term 'biomimetic', followed by examples, importance, and real-world applications. This progression helps build comprehension systematically. |
| Diversity | 5 | A wide range of perspectives are covered, from","| Metric | Score | Justification |
|---|---|---|
| Relevance | 5 | The questions directly address the main elements of the statement, focusing on the meaning of ""biomimetic,"" the mimicking of natural processes, and the significance and applications of biomimetic materials. |
| Coherence | 4 | The questions flow logically and coherently, progressing from the definition of ""biomimetic"" to its function and real-world relevance. However, the transition from question 4 to question 5 could be smoother, explaining the connection between the importance of studying biomimetic materials and their practical applications. |
| Diversity | 4 | The questions cover a diverse range of aspects, including defining terms, exploring mechanisms, providing examples, discussing importance, and examining applications. However, a question about potential challenges or limitations of biomimetic materials could further enhance diversity. |","| Metric    | Score | Justification                                                                                     |
|-----------|-------|---------------------------------------------------------------------------------------------------|
| Relevance | 4     | Questions directly pertain to the details of the statement and aim to clarify key concepts.      |
| Coherence | 4     | The questions progress logically in exploring biomimetic materials, forming a coherent inquiry.  |
| Diversity | 3     | While covering different aspects, some questions could have delved deeper into various perspectives. |"
"Imagine you are a human, this is the first time you are coming across this Chemistry Statement, you have no previous knowledge of it ""High-throughput screening methods accelerate the discovery of new drugs by testing thousands of compounds simultaneously."", what are the top 5 questions that would pop up in your head which would be most useful in learning about it as you are new to it. Give me a simple bullet point list, don't explain them or expand them","1. What does high-throughput mean?
2. How do these methods speed up drug discovery?
3. Can you give an example of one such method?
4. What kind of compounds are tested using these methods?
5. How many compounds can be tested at once with these methods?","

| Metric | Score | Justification |
|---|---|---|
| Coherence | 4 | The questions follow a logical order, starting with understanding key terms before delving into specifics about the process and its capabilities. |
| Relevance | 5 | All questions relate directly to the provided statement, exploring various aspects of high-throughput screening methods in drug discovery. |
| Diversity | 4 | The questions cover multiple dimensions, including definition, functionality, examples, types of compounds, and scale; however, deeper exploration of potential challenges or limitations could further enrich the","| Metric | Score | Justification |
|---|---|---|
| Relevance | 5 | All questions directly target key concepts mentioned in the statement. |
| Coherence | 4 | The questions progress logically, starting with definitions and progressing to applications and technical aspects. |
| Diversity | 4 | The questions cover a range of topics, including speed of discovery, methods, compounds, and capacity. |","Relevance | 5 | The questions directly address key aspects of the statement regarding high-throughput screening methods for drug discovery.
Coherence | 4 | The questions progress logically from defining high-throughput screening to understanding its applications and implications.
Diversity | 5 | The questions cover various dimensions of the topic, including definitions, examples, types of compounds tested, and the scale of testing."
"Imagine you are a human, this is the first time you are coming across this Chemistry Statement, you have no previous knowledge of it ""The Casimir effect influences the forces between objects at nanoscale distances, relevant in nanotechnology."", what are the top 5 questions that would pop up in your head which would be most useful in learning about it as you are new to it. Give me a simple bullet point list, don't explain them or expand them","1. What is nanotechnology?
2. How does the Casimir effect work?
3. What are some applications of the Casimir effect in nanotechnology?
4. How can we measure the Casimir force between two surfaces?
5. Are there any limitations or challenges associated with using the Casimir effect in nanotechnology?","

| Metric | Score | Justification |
|---|---|---|
| Relevance | 5 | All questions relate directly to the provided statement, exploring various aspects of the Casimir effect and its relevance in nanotechnology. |
| Coherence | 4 | The questions generally follow a logical order, moving from basic concepts like nanotechnology to more specific considerations such as measurement and limitations. However, the transition between questions could be smoother, and the line of inquiry could be more explicitly connected. |
| Diversity | 5 | The questions cover a","| Metric | Score | Justification |
|---|---|---|
| Relevance | 4 | The questions are directly related to the statement and explore various aspects of the Casimir effect in nanotechnology. |
| Coherence | 3 | The questions follow a logical progression, starting from basic concepts to applications and limitations. However, question 4 could be placed earlier to provide context for measurement techniques. |
| Diversity | 4 | The questions cover a broad range of topics, including the definition of nanotechnology, the mechanism of the Casimir effect, its applications, measurement techniques, and challenges. |","| Metric   | Score | Justification                                                                                      |
|----------|-------|----------------------------------------------------------------------------------------------------|
| Relevance | 5     | All questions directly pertain to the details and concepts presented in the statement.            |
| Coherence | 4     | The questions form a logical progression, but could benefit from a clearer thematic connection.    |
| Diversity | 4     | The questions cover various aspects of the statement, but could include more perspectives or depth. |"
"Imagine you are a human, this is the first time you are coming across this Chemistry Statement, you have no previous knowledge of it ""Photodynamic therapy uses light-activated compounds for targeted cancer treatment."", what are the top 5 questions that would pop up in your head which would be most useful in learning about it as you are new to it. Give me a simple bullet point list, don't explain them or expand them","1. What is Photodynamic Therapy? 
2. How does it work? 
3. What types of cancers can it treat? 
4. Are there any side effects? 
5. Is it effective compared to other treatments?","

| Metric | Score | Justification |
|---|---|---|
| Coherence | 5 | The questions follow a logical order, starting with general concepts and moving towards more specific concerns, allowing for a structured exploration of the topic. |
| Relevance | 5 | All questions are directly related to the provided statement, focusing on essential aspects such as function, application, and comparison with other treatments. |
| Diversity | 4 | The questions cover various dimensions of photodynamic therapy, though additional perspectives like cost or accessibility could further enrich the exploration. |","| Metric | Score | Justification |
|---|---|---|
| Relevance | 4 | The questions directly explore key aspects of the statement, such as the definition of photodynamic therapy, its mechanisms, applications, potential risks, and comparative efficacy. |
| Coherence | 4 | The questions follow a logical sequence, beginning with general inquiries and progressing to more specific and comparative aspects, fostering a structured understanding of the concept. |
| Diversity | 3 | The questions cover a range of aspects, including definition, mechanisms, applications, safety, and efficacy, providing a broad exploration of photodynamic therapy. However, there could be additional dimensions, such as research advancements or limitations, to enhance the diversity. |","Relevance     5   - All questions directly pertain to the statement about photodynamic therapy for cancer treatment.
Coherence     4   - The questions follow a logical progression from defining the therapy to its efficacy.
Diversity     4   - The questions cover different aspects such as the mechanism, effectiveness, and potential side effects of the therapy."
"Imagine you are a human, this is the first time you are coming across this Chemistry Statement, you have no previous knowledge of it ""Artificial photosynthesis seeks to replicate the natural process of photosynthesis for sustainable energy production."", what are the top 5 questions that would pop up in your head which would be most useful in learning about it as you are new to it. Give me a simple bullet point list, don't explain them or expand them","1. What is artificial photosynthesis? 
2. How does it work? 
3. Why is it important? 
4. What are its potential applications? 
5. Who is working on developing artificial photosynthesis technology?","

| Metric | Score | Justification |
|---|---|---|
| Coherence | 5 | The questions follow a logical order, starting with defining artificial photosynthesis, then moving onto its functionality, significance, applications, and finally involvement of relevant parties. This structure allows for a comprehensive understanding of the concept. |
| Relevance | 5 | All questions are highly relevant to the provided statement, addressing essential aspects of artificial photosynthesis. They focus on understanding the concept, its importance, and practical implications, ensuring a well-rounded exploration of the topic. |
| D","| Metric | Score | Justification |
|---|---|---|
| Relevance | 5 | All questions directly relate to the statement, exploring its definition, mechanism, importance, applications, and contributors. |
| Coherence | 4 | The questions follow a logical progression, starting with a basic definition and moving on to more complex aspects like working principle, importance, applications, and research efforts. |
| Diversity | 3 | The questions cover various aspects of the statement, including its nature, functionality, significance, potential uses, and current research. However, they could delve deeper into theoretical or technical dimensions for greater diversity. |","| Metric   | Score | Justification  |
|----------|-------|----------------|
| Relevance |   5   | The questions directly pertain to the details, elements, and concepts presented in the statement about artificial photosynthesis. |
| Coherence |   4   | The questions form a coherent line of inquiry, progressing logically from defining artificial photosynthesis to exploring its importance, functioning, applications, and researchers involved. |
| Diversity |   4   | The questions cover various aspects including definition, mechanism, significance, applications, and researchers, offering a broad exploration of the topic. |"
"Imagine you are a human, this is the first time you are coming across this Chemistry Statement, you have no previous knowledge of it ""The development of smart materials that respond to environmental stimuli has applications in various fields, including medicine and engineering."", what are the top 5 questions that would pop up in your head which would be most useful in learning about it as you are new to it. Give me a simple bullet point list, don't explain them or expand them","1. What are smart materials?
2. How do they respond to environmental stimuli?
3. What are some examples of their applications in medicine and engineering?
4. Can you give me an overview of how they work?
5. Are there any limitations or challenges associated with using smart materials?","

| Metric | Score | Justification |
|---|---|---|
| Coherence | 5 | The questions follow a logical order, starting with defining smart materials, moving onto their interaction with environmental stimuli, then exploring real-world applications, providing an overview of their functionality before concluding with potential challenges. This structure allows for a comprehensive understanding of the topic. |
| Relevance | 5 | All questions relate directly to the provided statement, addressing key components such as the nature of smart materials, their interactions, practical uses, mechanisms, and constraints. They focus on essential aspects without deviating","| Metric | Score | Justification |
|---|---|---|
| Relevance | 5 | All questions are directly related to the statement, seeking clarification on the definition, functionality, applications, and potential drawbacks of smart materials. |
| Coherence | 4 | The questions follow a logical progression, starting with basic definitions and moving on to applications and limitations. However, question 4 could be rephrased to better connect to the previous ones. |
| Diversity | 4 | The questions cover a range of aspects, including the nature of smart materials, their response to stimuli, applications, functionality, and potential challenges. |","Metric | Score | Justification
Relevance | 5 | All questions directly relate to the specific details and concepts introduced in the statement.
Coherence | 4 | The questions form a logical progression of inquiry but could be slightly improved with a clearer connection between some questions.
Diversity | 4 | The questions cover a range of aspects from definitions to applications, offering a broad exploration of the topic. Additional perspectives could enhance diversity."
"Imagine you are a human, this is the first time you are coming across this Chemistry Statement, you have no previous knowledge of it ""The investigation of topological insulators has opened new pathways in quantum computing and electronics."", what are the top 5 questions that would pop up in your head which would be most useful in learning about it as you are new to it. Give me a simple bullet point list, don't explain them or expand them","1. What is a topological insulator? 
2. How does its unique structure make it useful for quantum computing and electronics? 
3. Can you give an example of how topological insulators can be used in real-world applications? 
4. Are there any limitations or challenges associated with using topological insulators in technology? 
5. How do scientists study and manipulate topological insulators in the lab?","

| Metric | Score | Justification |
|---|---|---|
| Relevance | 5 | All questions directly relate to the statement, exploring various aspects of topological insulators and their application in quantum computing and electronics. |
| Coherence | 4 | The questions follow a logical order, starting with defining a topological insulator before moving onto its applications, limitations, and methods of study. However, some transitions could be smoother. |
| Diversity | 5 | A wide range of aspects are covered, including definitions, applications, limitations, and methodology","| Metric | Score | Justification |
|---|---|---|
| Coherence | 4 | The questions logically connect to each other, forming a coherent line of inquiry that progresses understanding of topological insulators. |
| Relevance | 5 | The questions are all directly related to the statement and aim to clarify, expand upon, and directly explore its content. |
| Diversity | 4 | The questions cover a wide range of aspects related to topological insulators, including their definition, applications, and scientific study. |","| Metric    | Score | Justification                                                                                                                 |
|-----------|-------|--------------------------------------------------------------------------------------------------------------------------------|
| Relevance | 5     | All questions directly pertain to the details and concepts of topological insulators, exploring their structure, applications, limitations, and study methods. |
| Coherence | 4     | The questions form a logical progression from defining topological insulators to discussing their practical applications and challenges, with a coherent flow of inquiry. |
| Diversity | 5     | The questions cover a wide range of aspects related to topological insulators, including definitions, applications, limitations, and experimental methods, offering a diverse exploration of the topic. |"
"Imagine you are a human, this is the first time you are coming across this Chemistry Statement, you have no previous knowledge of it ""Spin crossover materials change their magnetic properties in response to external stimuli, such as temperature or pressure."", what are the top 5 questions that would pop up in your head which would be most useful in learning about it as you are new to it. Give me a simple bullet point list, don't explain them or expand them","1. What are spin crossover materials?
2. How do they change their magnetic properties?
3. What kind of external stimuli can cause these changes?
4. Can you give an example of how spin crossover materials work?
5. Why are spin crossover materials important in chemistry and technology?","

| Metric | Score | Justification |
|---|---|---|
| Relevance | 5 | All questions directly relate to the provided statement, exploring various aspects of spin crossover materials, their behavior, and significance. |
| Coherence | 4 | The questions follow a logical order, transitioning from basic definitions to more complex implications and applications. However, there is room for better interconnection between questions to create a smoother flow of inquiry. |
| Diversity | 5 | A wide range of aspects are covered, including definitions, mechanisms, examples, and","| Metric | Score | Justification |
|---|---|---|
| **Coherence** | 5 | The questions progress logically from defining spin crossover materials to exploring the mechanisms, stimuli, and applications of their property changes. |
| **Relevance** | 4 | All questions directly pertain to the statement, focusing on understanding the nature and behavior of spin crossover materials. |
| **Diversity** | 4 | The questions cover a range of aspects, from definition and mechanisms to examples and applications, providing a broad exploration of the statement. |","Relevance | 5 | The questions directly address the key elements of the statement, focusing on spin crossover materials and their response to external stimuli.
Coherence | 4 | The questions progress logically from understanding the materials to their properties, stimuli, examples, and relevance, forming a cohesive line of inquiry.
Diversity | 4 | The questions cover a broad range of aspects related to spin crossover materials, including definitions, mechanisms, examples, and applications."
"Imagine you are a human, this is the first time you are coming across this Chemistry Statement, you have no previous knowledge of it ""The concept of aromaticity extends beyond benzene-like compounds to include non-traditional cyclic and polycyclic systems."", what are the top 5 questions that would pop up in your head which would be most useful in learning about it as you are new to it. Give me a simple bullet point list, don't explain them or expand them","1. What is aromaticity?
2. How does aromaticity extend beyond benzene-like compounds?
3. Can you give examples of non-traditional cyclic and polycyclic systems that exhibit aromaticity?
4. What makes these systems aromatic?
5. How can we determine if a system is aromatic or not?","

| Metric | Score | Justification |
|---|---|---|
| Relevance | 5 | All questions directly relate to the statement, exploring various aspects of aromaticity and its extension beyond traditional systems. |
| Coherence | 4 | The questions follow a logical progression, moving from defining aromaticity to identifying characteristics of aromatic systems, though some transitions could be smoother. |
| Diversity | 5 | A wide range of aspects are covered, including definitions, examples, properties, and methods for determining aromaticity, offering a comprehensive introduction to the topic","| Metric | Score | Justification |
|---|---|---|
| Relevance | 5 | The questions directly relate to the definition, extension, and characteristics of aromaticity in non-traditional systems as mentioned in the statement. |
| Coherence | 4 | The questions form a logical sequence, starting with a basic definition and then exploring non-traditional systems, their aromatic properties, and methods for determining aromaticity. |
| Diversity | 4 | The questions cover various aspects of aromaticity, including its definition, extension, examples, characteristics, and determination methods. While they cover a range of topics, they could delve deeper into the implications or applications of aromaticity in these systems. |","Relevance      5   - The questions directly address the core concept of aromaticity and its extension to non-traditional systems.
Coherence      4   - The questions form a logical progression in exploring aromaticity and its extension.
Diversity      4   - The questions cover a range of aspects related to understanding aromaticity and its application to different systems."
"Imagine you are a human, this is the first time you are coming across this Chemistry Statement, you have no previous knowledge of it ""Single-atom catalysts (SACs) offer high efficiency and selectivity due to the isolated active sites."", what are the top 5 questions that would pop up in your head which would be most useful in learning about it as you are new to it. Give me a simple bullet point list, don't explain them or expand them","1. What exactly is a single-atom catalyst? 
2. How do SACs achieve high efficiency and selectivity? 
3. Can you provide examples of applications for SACs? 
4. Are there any limitations or challenges associated with using SACs? 
5. How does the use of SACs compare to traditional catalytic processes?","

| Metric | Score | Justification |
|---|---|---|
| Relevance | 5 | All questions directly relate to the concept of Single-Atom Catalysts, addressing their nature, functionality, applications, limitations, and comparison to conventional methods. |
| Coherence | 5 | The questions follow a logical order, transitioning from basic definition to more complex considerations such as performance, limitations, and comparative analysis. |
| Diversity | 5 | A wide array of aspects is explored, covering essential components of understanding SACs, including their operation, benefits,","| Metric | Score | Justification |
|---|---|---|
| Relevance | 5 | The questions are directly relevant to the statement, aiming to clarify its key aspects, such as the definition of SACs, their mechanism of action, and their applications, challenges, and comparison with traditional catalysts. |
| Coherence | 4 | The questions form a coherent line of inquiry, beginning with the definition of SACs and progressing to their properties, applications, limitations, and comparison to traditional catalysts. However, the connection between question 4 and the others could be stronger. |
| Diversity | 4 | The questions cover a diverse range of aspects related to SACs, including their definition, mechanism of action, applications, limitations, and comparison to traditional catalysts. However, they could delve deeper into the theoretical underpinnings or potential future directions of SAC research. |","| Metric    | Score | Justification                                                                                          |
|-----------|-------|--------------------------------------------------------------------------------------------------------|
| Relevance | 5     | All questions directly address elements of the statement, focusing on understanding SACs and their properties. |
| Coherence | 5     | The questions flow logically, progressing from defining SACs to exploring their efficiency, applications, limitations, and comparison to traditional catalysts. |
| Diversity | 5     | Each question introduces a new aspect of SACs, covering definition, function, applications, challenges, and comparison, offering a broad exploration of the topic. |"
"Imagine you are a human, this is the first time you are coming across this Chemistry Statement, you have no previous knowledge of it ""The study of mechanochemistry focuses on chemical reactions that are induced by mechanical force."", what are the top 5 questions that would pop up in your head which would be most useful in learning about it as you are new to it. Give me a simple bullet point list, don't explain them or expand them","1. What is mechanochemistry? 
2. How does mechanical force induce chemical reactions? 
3. What types of chemical reactions can be studied using mechanochemistry? 
4. What are some applications of mechanochemistry? 
5. Who developed the field of mechanochemistry and when was it established?","

| Metric | Score | Justification |
|---|---|---|
| Coherence | 5 | The questions follow a logical order, starting with defining the concept and gradually moving towards more specific aspects such as reaction types, applications, and history. |
| Relevance | 5 | All questions directly relate to the provided statement, exploring various dimensions of the topic without deviating into irrelevant tangents. |
| Diversity | 4 | The questions cover several key aspects of the topic, though there may be room for further diversification by incorporating additional perspectives like challenges, limitations,","| Metric | Score | Justification |
|---|---|---|
| Relevance | 5 | All questions are directly relevant to the statement, delving into the definition, mechanism, scope, applications, and history of mechanochemistry. |
| Coherence | 4 | The questions follow a logical sequence, beginning with the core concept and progressing to its implications, applications, and origins. However, the question about the founder could be moved to the end or omitted to maintain focus on the core principles. |
| Diversity | 5 | The questions cover a wide range of aspects of mechanochemistry, encompassing its definition, mechanism, types of reactions studied, applications, and historical context. |","| Metric   | Score | Justification                                                                                                                                                                                                                      |
|----------|-------|-------------------------------------------------------------------------------------------------------------------------------------------------------------------------------------------------------------------------------------|
| Relevance | 5     | All questions directly relate to the statement about mechanochemistry and seek to clarify different aspects of it.                                                                                                                |
| Coherence | 4     | The questions progress logically from defining mechanochemistry to its applications and history, forming a coherent line of inquiry. The connection could be stronger between mechanical force and types of chemical reactions. |
| Diversity | 4     | The questions cover a range of topics from definitions to applications and history, offering a broad exploration of mechanochemistry. However, more diversity could be achieved by including potential challenges or limitations of the field.   |"
"Imagine you are a human, this is the first time you are coming across this Chemistry Statement, you have no previous knowledge of it ""Perovskite solar cells have emerged as a highly efficient class of photovoltaic devices with a simple manufacturing process."", what are the top 5 questions that would pop up in your head which would be most useful in learning about it as you are new to it. Give me a simple bullet point list, don't explain them or expand them","1. What are perovskite solar cells?
2. How do they work?
3. What makes them so efficient?
4. What is the manufacturing process for these cells?
5. How do they compare to traditional silicon-based solar cells?","

| Metric | Score | Justification |
|---|---|---|
| Coherence | 5 | The questions follow a logical order, starting with defining perovskite solar cells and gradually moving towards more specific aspects like efficiency and comparison with traditional cells. |
| Relevance | 5 | All questions are directly relevant to the provided statement, exploring various facets of perovskite solar cells such as their functionality, efficiency, manufacturing process, and relative performance. |
| Diversity | 4 | The questions cover several dimensions related to the statement, however, there could be additional pers","| Metric | Score | Justification |
|---|---|---|
| Relevance | 5 | Questions directly address the key elements of the statement, focusing on defining perovskite solar cells, their working principle, efficiency, manufacturing process, and comparison to traditional cells. |
| Coherence | 5 | Questions follow a logical order, building upon one another to progressively explore the topic from definition to comparison, facilitating a structured understanding. |
| Diversity | 5 | Questions cover a wide range of aspects, including definition, functionality, efficiency, manufacturing, and comparison, offering a comprehensive exploration of the statement's main concepts. |","| Metric   | Score | Justification                                                                                           |
|----------|-------|---------------------------------------------------------------------------------------------------------|
| Relevance | 5     | All questions directly relate to the details and concepts presented in the statement.                   |
| Coherence | 4     | The questions progress logically, starting with basic definitions and moving towards comparisons.       |
| Diversity | 4     | The questions cover different aspects such as definition, working principle, efficiency, and comparison. |"
"Imagine you are a human, this is the first time you are coming across this Chemistry Statement, you have no previous knowledge of it ""The application of sonochemistry involves using ultrasonic waves to induce or accelerate chemical reactions."", what are the top 5 questions that would pop up in your head which would be most useful in learning about it as you are new to it. Give me a simple bullet point list, don't explain them or expand them","1. What is sonochemistry?
2. How does it work?
3. What types of chemical reactions can it induce/accelerate?
4. What are some practical applications of sonochemistry?
5. Are there any safety concerns with using sonochemistry?","

| Metric | Score | Justification |
|---|---|---|
| Relevance | 5 | All questions are directly related to the concept of sonochemistry and its application, providing a comprehensive overview of the topic. |
| Coherence | 4 | The questions generally follow a logical order, moving from basic concepts to more specific applications and safety considerations. However, the transition between some questions could be smoother. |
| Diversity | 5 | The questions cover various aspects of sonochemistry, including definition, mechanism, applications, and safety, offering a well","| Metric | Score | Justification |
| - | - | - |
| Relevance | 5 | The questions directly address the key elements of the statement about sonochemistry, focusing on its definition, mechanism, applicability, and safety considerations. |
| Coherence | 4 | The questions form a logical progression, starting with a general definition, exploring the mechanism of action, specific applications, and concluding with potential safety concerns. However, the connection between the third and fourth questions could be stronger. |
| Diversity | 4 | The questions cover a diverse range of aspects, encompassing the basic concept, technical details, practical implications, and safety considerations. They collectively provide a comprehensive introduction to the topic. |","| Metric   | Score | Justification                                                                                     |
|----------|-------|---------------------------------------------------------------------------------------------------|
| Relevance |  5    | All questions directly pertain to the details and concepts in the statement.                      |
| Coherence |  4    | The questions form a logical progression, with the first three establishing the basics and the last two exploring further aspects. However, a slightly smoother transition between the last two questions could improve coherence. |
| Diversity |  5    | The questions cover a range of aspects such as definitions, mechanisms, applications, and safety concerns, providing a comprehensive exploration of sonochemistry. |"
"Imagine you are a human, this is the first time you are coming across this Chemistry Statement, you have no previous knowledge of it ""Molecular machines are molecules designed to perform specific mechanical movements in response to specific stimuli."", what are the top 5 questions that would pop up in your head which would be most useful in learning about it as you are new to it. Give me a simple bullet point list, don't explain them or expand them","1. What exactly do molecular machines do?
2. How are they different from regular machines?
3. Can you give an example of a molecular machine and its function?
4. Are there any real-world applications for molecular machines?
5. Who discovered molecular machines and how did they come about?","

| Metric | Score | Justification |
|---|---|---|
| Relevance | 5 | All questions are directly related to the concept of molecular machines, asking for explanations, comparisons, examples, applications, and history. |
| Coherence | 4 | The questions generally follow a logical order, moving from basic understanding to more complex aspects like real-world applications and discovery. However, some questions could be rearranged for a smoother transition between topics. |
| Diversity | 5 | The questions cover various dimensions of the topic, such as definition, distinction","| Metric | Score | Justification |
|---|---|---|
| Relevance | 5 | All questions directly relate to the statement, seeking clarification on the definition, functionality, and practical aspects of molecular machines. |
| Coherence | 4 | The questions follow a logical progression, starting with the basic function of molecular machines and moving on to their differentiation from regular machines, examples, applications, and historical context. |
| Diversity | 3 | While the questions cover a range of aspects, they primarily focus on the descriptive and practical elements of molecular machines, with less emphasis on their theoretical underpinnings or broader implications. |","Relevance | 5 | The questions directly address the definition and applications of molecular machines.
Coherence | 4 | The questions flow logically from understanding the basic concept to exploring real-world examples and applications.
Diversity | 4 | The questions cover a range of aspects including function, differences from regular machines, applications, and origin. 

Relevance | 5 | The questions are directly relevant to understanding molecular machines.
Coherence | 5 | The questions progress logically from defining molecular machines to exploring their differences, examples, applications, and discovery.
Diversity | 5 | The questions cover various aspects of molecular machines, ensuring a comprehensive exploration of the topic.

Relevance | 5 | The questions directly address the core concept and applications of molecular machines.
Coherence | 4 | The questions progress logically by starting with defining molecular machines and then exploring differences, examples, applications, and discovery.
Diversity | 4 | The questions cover a range of aspects related to molecular machines, offering a comprehensive understanding of the topic."
"Imagine you are a human, this is the first time you are coming across this Chemistry Statement, you have no previous knowledge of it ""The principles of green chemistry aim to reduce or eliminate the use and generation of hazardous substances in chemical manufacturing."", what are the top 5 questions that would pop up in your head which would be most useful in learning about it as you are new to it. Give me a simple bullet point list, don't explain them or expand them","1. What does 'green chemistry' mean? 
2. How can we reduce or eliminate the use of hazardous substances in chemical manufacturing? 
3. Can you provide examples of hazardous substances commonly used in chemical manufacturing? 
4. Are there any specific guidelines or regulations for implementing green chemistry practices? 
5. What are some potential benefits of adopting green chemistry principles?","

| Metric | Score | Justification |
|---|---|---|
| Relevance | 5 | All questions are directly related to the provided statement, exploring various aspects such as definition, implementation strategies, examples, regulations, and benefits. |
| Coherence | 4 | The questions follow a logical order, starting with defining green chemistry before moving onto reduction strategies, examples, regulations, and finally benefits. However, the transition between some questions could be smoother. |
| Diversity | 5 | The questions cover multiple dimensions of the topic, providing a comprehensive introduction to green chemistry principles","| Metric | Score | Justification |
|---|---|---|
| Relevance | 5 | The questions are all directly related to the statement and explore various aspects of green chemistry. |
| Coherence | 4 | The questions logically connect to one another, starting with a basic definition and gradually delving into more specific aspects. |
| Diversity | 3 | The questions cover a range of topics, including the definition of green chemistry, methods for reducing hazardous substances, examples of hazardous substances, guidelines for implementation, and benefits of adoption. However, they could delve deeper into the theoretical underpinnings or applications of green chemistry. |","| Metric   | Score | Justification                                                                                      |
|----------|-------|----------------------------------------------------------------------------------------------------|
| Relevance | 5     | All questions directly address the main elements and concepts in the statement.                    |
| Coherence | 4     | The questions form a logical progression of inquiry but could be slightly more connected.          |
| Diversity | 4     | The questions cover a range of aspects related to the topic, offering a broad exploration.          |"
"Imagine you are a human, this is the first time you are coming across this Chemistry Statement, you have no previous knowledge of it ""Electrochromic materials change color when an electric charge is applied, useful in displays and smart windows."", what are the top 5 questions that would pop up in your head which would be most useful in learning about it as you are new to it. Give me a simple bullet point list, don't explain them or expand them","1. What are Electrochromic materials? 
2. How do they work? 
3. What are their applications? 
4. Can you give examples of how they are used? 
5. Are there any limitations or drawbacks to using Electrochromic materials?","

| Metric | Score | Justification |
|---|---|---|
| Coherence | 5 | The questions follow a logical order, starting with defining electrochromic materials, moving onto their functionality, then exploring real-world uses, and finally addressing potential limitations. This structure allows for a comprehensive understanding of the topic. |
| Relevance | 5 | All questions are directly related to the provided statement, focusing on essential aspects such as definition, mechanism, application, examples, and limitations. They avoid tangential subjects and maintain a strong focus on the core concept. |
| Diversity","| Metric | Score | Justification |
|---|---|---|
| Relevance | 5 | All questions are directly related to the statement, aiming to understand the definition, mechanism, applications, examples, and limitations of electrochromic materials. |
| Coherence | 4 | The questions follow a logical sequence, starting with the basics and gradually delving into more specific aspects, forming a coherent inquiry line. |
| Diversity | 4 | The questions cover a wide range of topics related to electrochromic materials, including their composition, functionality, applications, examples, and potential drawbacks. |","| Metric   | Score | Justification                                                                                         |
|----------|-------|-------------------------------------------------------------------------------------------------------|
| Relevance| 5     | All questions directly pertain to the details of the statement and aim to clarify the concept.       |
| Coherence| 4     | The questions form a logical progression of understanding, with the first laying the foundation.     |
| Diversity| 4     | The questions cover various aspects - definition, working principle, applications, examples, limitations. |"
"Imagine you are a human, this is the first time you are coming across this Chemistry Statement, you have no previous knowledge of it ""The exploration of two-dimensional materials beyond graphene, such as phosphorene and silicene, for applications in electronics and energy storage."", what are the top 5 questions that would pop up in your head which would be most useful in learning about it as you are new to it. Give me a simple bullet point list, don't explain them or expand them","1. What are two-dimensional materials?
2. How do they differ from traditional three-dimensional materials?
3. What are some potential applications for these materials?
4. Why are researchers exploring these materials specifically?
5. Are there any challenges associated with working with two-dimensional materials?","

| Metric | Score | Justification |
|---|---|---|
| Relevance | 5 | All questions directly relate to the provided statement, addressing various aspects like definition, comparison, application, motivation, and challenges. |
| Coherence | 5 | The questions follow a logical order, starting with basic definitions and gradually moving towards more complex topics like challenges and applications. |
| Diversity | 5 | A wide range of aspects related to the statement are covered, providing a comprehensive overview without losing focus on the main topic. |","| Metric | Score | Justification |
|---|---|---|
| Relevance | 5 | All questions directly relate to the statement, exploring different aspects of two-dimensional materials. |
| Coherence | 4 | The questions follow a logical progression, starting with basic concepts and gradually delving into more specific aspects. |
| Diversity | 4 | The questions cover a wide range of topics, from definitions and properties to applications and challenges. |","Relevance | 5 | The questions directly address the concepts mentioned in the statement about two-dimensional materials, their applications, and the focus on phosphorene and silicene.
Coherence | 4 | The questions flow logically from understanding the basic nature of two-dimensional materials to their applications and challenges.
Diversity | 5 | Each question explores a different aspect of two-dimensional materials, ensuring a comprehensive exploration of the topic.

Relevance | 5 | The questions are all directly related to the statement about two-dimensional materials, their applications, and the specific materials mentioned.
Coherence | 4 | The questions progress logically from defining two-dimensional materials to their applications and challenges, forming a coherent line of inquiry.
Diversity | 5 | Each question brings a new dimension to understanding two-dimensional materials, offering a broad exploration of the topic.

Relevance | 5 | The questions are highly relevant, focusing on understanding the nature of two-dimensional materials, their applications, and the challenges associated with them.
Coherence | 4 | The questions form a coherent line of inquiry, starting with the basics of two-dimensional materials and moving on to their applications and challenges.
Diversity | 5 | Each question provides a new perspective on two-dimensional materials, ensuring a comprehensive exploration of the"
"Imagine you are a human, this is the first time you are coming across this Chemistry Statement, you have no previous knowledge of it ""The development of organically modified ceramics (ormocers) has led to new materials with unique optical, electrical, and mechanical properties."", what are the top 5 questions that would pop up in your head which would be most useful in learning about it as you are new to it. Give me a simple bullet point list, don't explain them or expand them","1. What are ceramics? 
2. How do organic compounds affect the properties of ceramics? 
3. What are some examples of organically modified ceramics? 
4. What are the potential applications for these materials? 
5. How can we synthesize and characterize organically modified ceramics?","

| Metric | Score | Justification |
|---|---|---|
| Relevance | 5 | All questions directly relate to the statement, exploring various aspects such as definition, impact, examples, applications, and methods of synthesis/characterization. |
| Coherence | 5 | The questions follow a logical order, starting with basic concepts before moving onto more complex ideas like applications and synthesis methods. This structure allows for a smooth progression of understanding. |
| Diversity | 5 | The questions cover multiple dimensions of the topic, providing a comprehensive overview of organically modified cer","| Metric | Score | Justification |
|---|---|---|
| **Relevance** | 4 | The questions are directly relevant to the statement, seeking to understand the basics and applications of organically modified ceramics. |
| **Coherence** | 4 | The questions flow logically, starting with foundational concepts and progressing to more specific inquiries about properties, examples, applications, and synthesis techniques. |
| **Diversity** | 5 | The questions cover a wide range of aspects, including definitions, types, properties, applications, and synthesis, providing a comprehensive exploration of the topic. |","| Metric    | Score | Justification                                                                                      |
|-----------|-------|----------------------------------------------------------------------------------------------------|
| Relevance | 4     | The questions directly relate to understanding organically modified ceramics and their properties |
| Coherence | 3     | The questions follow a logical progression but could be more structured for a beginner's understanding  |
| Diversity | 5     | The questions cover various aspects of organically modified ceramics, providing a broad exploration |"
"Imagine you are a human, this is the first time you are coming across this Chemistry Statement, you have no previous knowledge of it ""Atom probe tomography allows for three-dimensional atomic-scale reconstruction of materials."", what are the top 5 questions that would pop up in your head which would be most useful in learning about it as you are new to it. Give me a simple bullet point list, don't explain them or expand them","1. What is Atom Probe Tomography? 
2. How does it work? 
3. What can it be used for? 
4. What are its advantages over other imaging techniques? 
5. Are there any limitations or challenges associated with using APT?","

| Metric | Score | Justification |
|---|---|---|
| Coherence | 5 | The questions follow a logical order, starting with understanding the concept, moving onto its functionality, applications, benefits compared to alternatives, and finally potential drawbacks. This structure provides a comprehensive overview of the topic. |
| Relevance | 5 | All questions are directly related to the provided statement, exploring various facets such as definition, operation, purpose, advantages, and limitations. They focus on the core components necessary for grasping atom probe tomography. |
| Diversity | 5 |","| Metric | Score | Justification |
|---|---|---|
| Relevance | 5 | All questions directly pertain to the concepts and key details presented in the statement. They focus on understanding the technique, its applications, advantages, and potential limitations. |
| Coherence | 4 | The questions follow a logical progression, starting with a basic definition and then delving into the working principle, applications, and limitations of atom probe tomography. However, there could be a smoother transition between questions 3 and 4. |
| Diversity | 4 | The questions cover a range of aspects, including definition, working principle, applications, advantages, and limitations. They collectively provide a comprehensive exploration of the topic for a beginner. |","| Metric    | Score | Justification                                                                                         |
|-----------|-------|-------------------------------------------------------------------------------------------------------|
| Relevance | 5     | All questions directly pertain to the details and concepts introduced in the statement.               |
| Coherence | 4     | The questions progress logically from defining APT to its applications and limitations.                |
| Diversity | 5     | The questions cover various aspects of APT, including its function, uses, advantages, and challenges. |"
"Imagine you are a human, this is the first time you are coming across this Chemistry Statement, you have no previous knowledge of it ""The concept of supramolecular polymers involves the reversible association of monomeric units through non-covalent bonds."", what are the top 5 questions that would pop up in your head which would be most useful in learning about it as you are new to it. Give me a simple bullet point list, don't explain them or expand them","1. What are monomeric units?
2. How do they associate with each other?
3. What kind of bonds hold these associations together?
4. Can these associations be reversed?
5. What are some applications for supramolecular polymers?","

| Metric | Score | Justification |
|---|---|---|
| Coherence | 4 | The questions follow a logical order, starting from defining terms and moving towards more complex aspects like bond types and applications. However, there is no explicit connection between the last question and the rest of the set. |
| Relevance | 5 | All questions relate directly to the provided statement, exploring various facets such as component definition, bond type, reversibility, and potential uses. |
| Diversity | 4 | The questions cover several dimensions related to the statement, but could benefit from","| Metric | Score | Justification |
|---|---|---|
| Relevance | 4 | All questions are directly related to the statement and aim to clarify its key concepts. |
| Coherence | 3 | The questions follow a logical progression from the introduction of monomeric units to their association and the nature of the bonds involved, culminating in potential applications. |
| Diversity | 3 | The questions cover various aspects of supramolecular polymers, including the nature of their components, their reversible association, and their potential uses. |","| Metric    | Score | Justification                                                                                                                             |
|-----------|-------|-------------------------------------------------------------------------------------------------------------------------------------------|
| Relevance | 5     | All questions directly pertain to the details and concepts presented in the statement, focusing on understanding supramolecular polymers. |
| Coherence | 4     | The questions form a logical progression of inquiry, building on each other to explore the concept of supramolecular polymers effectively.  |
| Diversity | 5     | The questions cover various aspects of supramolecular polymers, from definitions to applications, offering a broad exploration of the topic. |"
"Imagine you are a human, this is the first time you are coming across this Chemistry Statement, you have no previous knowledge of it ""Transition state analogs are designed to inhibit enzymes by mimicking the transition state of the substrate."", what are the top 5 questions that would pop up in your head which would be most useful in learning about it as you are new to it. Give me a simple bullet point list, don't explain them or expand them","1. What is an enzyme? 
2. What is a substrate? 
3. How do transition state analogs work? 
4. Why are they important in chemistry? 
5. Can you give examples of transition state analogs and their applications?","

| Metric | Score | Justification |
|---|---|---|
| Relevance | 5 | All questions directly relate to the statement, providing foundational knowledge necessary for understanding transition state analogs and their role in inhibiting enzymes. |
| Coherence | 5 | The questions follow a logical order, starting with basic concepts like enzymes and substrates before moving onto more complex ideas such as mechanisms and applications. This structure allows for a smooth progression of understanding. |
| Diversity | 5 | The questions cover various aspects of the topic, including definitions, mechanisms","| Metric | Score | Justification |
|---|---|---|
| Relevance | 5 | All questions directly target fundamental concepts mentioned in the statement, exhibiting high relevance to understanding the core topic. |
| Coherence | 4 | The questions construct a logical sequence, starting with the basics of enzymes and substrates, then moving to the mechanism of transition state analogs, their significance, and practical examples. While there is a coherent progression, some improvements could be made in connecting the questions even more seamlessly. |
| Diversity | 4 | The questions cover a diverse range of aspects, from defining key terms to exploring the mechanism, importance, and applications of transition state analogs. They collectively provide a well-rounded exploration of the topic. However, further improvement could be made by including additional questions that delve into the theoretical or experimental aspects of transition state analogs. |","| Metric  | Score | Justification |
|---------|-------|---------------|
| Relevance | 5     | The questions directly pertain to the specific details mentioned in the statement, focusing on enzymes, substrates, transition state analogs, and their importance in chemistry.|
| Coherence | 4     | The questions form a coherent line of inquiry starting with basic concepts such as enzymes and substrates before delving into transition state analogs. A logical progression is evident. |
| Diversity  | 5     | The questions cover a range of aspects including definitions (enzyme, substrate, transition state analog), workings of transition state analogs, importance, and examples/applications. A broad exploration is achieved. |"
"Imagine you are a human, this is the first time you are coming across this Chemistry Statement, you have no previous knowledge of it ""Molecular self-assembly is a process by which molecules adopt a defined arrangement without guidance or management from an outside source."", what are the top 5 questions that would pop up in your head which would be most useful in learning about it as you are new to it. Give me a simple bullet point list, don't explain them or expand them","1. What is molecular self-assembly? 
2. How does it occur? 
3. Can it happen naturally or do we need to create conditions for it? 
4. Are there any real-world applications of molecular self-assembly? 
5. Is it similar to other processes like crystallization or phase transitions?","

| Metric | Score | Justification |
|---|---|---|
| Relevance | 5 | All questions directly relate to the concept of molecular self-assembly, asking about its nature, process, conditions, applications, and comparison with other phenomena. |
| Coherence | 4 | The questions follow a logical progression from defining the term to exploring its practical implications and comparisons, though they could benefit from a stronger thematic link between them. |
| Diversity | 5 | The questions cover various aspects of molecular self-assembly, providing a comprehensive introduction to the topic through","| Metric | Score | Justification |
|---|---|---|
| Relevance | 5 | Each question directly pertains to the statement, clarifying the definition, process, and applications of molecular self-assembly. |
| Coherence | 5 | The questions progress logically, introducing the concept, exploring its mechanisms, and connecting it to related processes. |
| Diversity | 4 | The questions cover the definition, process, natural occurrence, applications, and related phenomena, providing a comprehensive exploration.","| Metric   | Score | Justification                                                                                               |
|----------|-------|-------------------------------------------------------------------------------------------------------------|
| Relevance   |   5   | All questions directly address the details and concepts of the statement about molecular self-assembly.     |
| Coherence   |   4   | The questions flow logically and build upon each other to explore different aspects of molecular self-assembly. However, a slightly clearer progression could enhance coherence.     |
| Diversity   |   4   | The questions cover a range of aspects including definition, occurrence, applications, and comparison, offering a diverse exploration of the topic.                                |"
"Imagine you are a human, this is the first time you are coming across this Chemistry Statement, you have no previous knowledge of it ""Electroactive polymers change shape or size when stimulated by an electric field, useful in sensors and actuators."", what are the top 5 questions that would pop up in your head which would be most useful in learning about it as you are new to it. Give me a simple bullet point list, don't explain them or expand them","1. What are electroactive polymers? 
2. How do they change shape or size when stimulated by an electric field? 
3. In what applications are they used? 
4. Can you give examples of sensors and actuators made from electroactive polymers? 
5. Are there any other properties or characteristics of electroactive polymers that I should know about?","

| Metric | Score | Justification |
|---|---|---|
| Relevance | 5 | All questions directly relate to the provided statement, exploring various aspects such as definition, mechanism, application, and additional properties. |
| Coherence | 5 | The questions follow a logical order, starting with defining electroactive polymers and gradually moving towards more specific aspects like examples and additional properties. This structure allows for a systematic understanding of the topic. |
| Diversity | 5 | The questions cover multiple dimensions of the topic, providing a comprehensive overview. They address the nature of electro","| Metric | Score | Justification |
|---|---|---|
| Relevance | 5 | Each question directly relates to the key elements of the statement, addressing their composition, mechanism of action, applications, and notable properties. |
| Coherence | 4 | The questions logically connect to each other, starting with basic definitions and progressing towards applications and specific examples. However, the final question could be rephrased to maintain a direct connection to the statement. |
| Diversity | 5 | The questions cover a wide range of aspects, including definitions, mechanisms, applications, examples, and potential characteristics, effectively exploring various dimensions of the statement. |","| Metric   | Score | Justification                                                                                                          |
|----------|-------|------------------------------------------------------------------------------------------------------------------------|
| Relevance| 5     | The questions directly relate to the details and concepts presented in the statement about electroactive polymers.    |
| Coherence| 4     | The questions form a coherent line of inquiry, logically progressing from defining electroactive polymers to their applications and properties.  |
| Diversity| 4     | The questions cover a range of aspects such as definition, behavior, applications, and other properties of electroactive polymers.   |"
"Imagine you are a human, this is the first time you are coming across this Chemistry Statement, you have no previous knowledge of it ""The study of nanofluidics focuses on the behavior of fluids that are confined to nanometer-sized channels."", what are the top 5 questions that would pop up in your head which would be most useful in learning about it as you are new to it. Give me a simple bullet point list, don't explain them or expand them","1. What does 'confined' mean? 
2. How small are nanometer-sized channels? 
3. Why is studying fluid behavior important? 
4. Can you give an example of how nanofluidics can be used? 
5. Are there any real-world applications for nanofluidics?","

| Metric | Score | Justification |
|---|---|---|
| Relevance | 5 | All questions directly relate to the provided statement, exploring various aspects such as definitions, importance, examples, and applications. |
| Coherence | 4 | The questions follow a logical order, moving from basic definitions to more complex applications, creating a coherent line of inquiry. However, some connections could be stronger, especially between questions 4 and 5. |
| Diversity | 5 | A wide range of aspects related to the statement are covered, offering a comprehensive introduction to nan","| Metric | Score | Justification |
|---|---|---|
| Relevance | 4 | The questions are directly related to the statement, focusing on key concepts such as confinement, size, importance, applications, and real-world relevance. |
| Coherence | 3 | The questions follow a logical progression, starting with basic concepts (confinement, size) and then moving on to more advanced topics (importance, applications, real-world implications). However, the transition from question 3 to 4 could be smoother. |
| Diversity | 4 | The questions cover a wide range of aspects, including definitions, size considerations, importance, practical applications, and real-world implications. |","| Metric   | Score | Justification                                                                                      |
|----------|-------|----------------------------------------------------------------------------------------------------|
| Relevance | 4     | Questions 2, 4, and 5 directly address the statement about nanofluidics, while 1 and 3 are slightly less relevant but still related to understanding the topic.                                        |
| Coherence | 3     | The questions do not have a clear progression or flow, jumping between different aspects of nanofluidics. Some linkage between questions could enhance coherence. |
| Diversity | 4     | The questions cover a range of aspects including definition, size, importance, applications, and real-world relevance, offering a broad exploration of the topic.                                           |"
"Imagine you are a human, this is the first time you are coming across this Chemistry Statement, you have no previous knowledge of it ""Photoredox catalysis uses light to activate a catalyst, enabling energy-efficient chemical transformations."", what are the top 5 questions that would pop up in your head which would be most useful in learning about it as you are new to it. Give me a simple bullet point list, don't explain them or expand them","1. What is photoredox catalysis?
2. How does light activate a catalyst?
3. What types of chemical transformations can be enabled by photoredox catalysis?
4. What makes photoredox catalysis energy efficient?
5. Can you provide an example of how photoredox catalysis has been used in real-world applications?","

| Metric | Score | Justification |
|---|---|---|
| Relevance | 5 | All questions are directly related to the concept of photoredox catalysis, its mechanism, benefits, and applications. |
| Coherence | 5 | The questions follow a logical order, starting with basic concepts and gradually moving towards more specific and applied aspects. |
| Diversity | 5 | The questions cover various dimensions of photoredox catalysis, such as definition, activation process, potential, and real-life examples. |","| Metric | Score | Justification |
|---|---|---|
| Relevance | 5 | All questions directly relate to understanding the statement, exploring light activation of catalysts, applicable transformations, and real-world uses. |
| Coherence | 4 | Questions logically connect, starting with definitions, exploring mechanisms, applications, and finally, practical examples. |
| Diversity | 5 | Questions cover a wide range, from basic concepts to applications, offering a comprehensive exploration. |","| Metric    | Score | Justification                                                                                                     |
|-----------|-------|-------------------------------------------------------------------------------------------------------------------|
| Relevance | 5     | All questions directly pertain to the details and concepts in the statement.                                      |
| Coherence | 4     | The questions progress in a logical sequence from defining photoredox catalysis to real-world applications.        |
| Diversity | 4     | The questions cover a range of aspects like activation, energy efficiency, applications, and types of transformations. |"
"Imagine you are a human, this is the first time you are coming across this Chemistry Statement, you have no previous knowledge of it ""Bioorthogonal chemistry involves reactions that can occur inside living organisms without interfering with native biochemical processes."", what are the top 5 questions that would pop up in your head which would be most useful in learning about it as you are new to it. Give me a simple bullet point list, don't explain them or expand them","1. What does 'bioorthogonal' mean?
2. How do these reactions occur inside living organisms?
3. Why is it important for these reactions not to interfere with native biochemical processes?
4. Can you give an example of a bioorthogonal reaction?
5. What are some potential applications of bioorthogonal chemistry?","

| Metric | Score | Justification |
|---|---|---|
| Relevance | 5 | All questions directly relate to the concept of bioorthogonal chemistry, asking for clarification on key terms, mechanisms, importance, examples, and applications. |
| Coherence | 5 | The questions follow a logical progression, moving from basic terminology to more complex ideas such as mechanisms and applications, allowing for a structured exploration of the topic. |
| Diversity | 5 | The questions cover various aspects of bioorthogonal chemistry, including definition, process, significance, exempl","| Metric | Score | Justification |
|---|---|---|
| Relevance | 5 | The questions directly address essential concepts of bioorthogonal chemistry, including its meaning, occurrence, significance, examples, and applications. |
| Coherence | 4 | The questions follow a logical order, starting with basic definitions and progressing towards practical aspects and potential uses, fostering a gradual understanding. |
| Diversity | 5 | The questions cover a wide range of aspects, from theoretical concepts to practical applications, providing a comprehensive exploration of bioorthogonal chemistry. |","Relevance           5      The questions directly address the key aspects of bioorthogonal chemistry mentioned in the statement.
Coherence          4      The questions flow logically from defining bioorthogonal terms to exploring applications.
Diversity            4      The questions cover definitions, mechanisms, significance, examples, and applications of bioorthogonal chemistry."
"Imagine you are a human, this is the first time you are coming across this Chemistry Statement, you have no previous knowledge of it ""The exploration of time-resolved spectroscopy provides insights into the dynamic processes within molecules over extremely short timescales."", what are the top 5 questions that would pop up in your head which would be most useful in learning about it as you are new to it. Give me a simple bullet point list, don't explain them or expand them","1. What is time-resolved spectroscopy?
2. How does it provide insights into molecular processes?
3. What are some examples of these processes?
4. What are the applications of time-resolved spectroscopy?
5. Who developed this technique and when was it first used?","

| Metric | Score | Justification |
|---|---|---|
| Relevance | 5 | All questions are directly related to the statement, exploring various aspects such as definition, functionality, examples, applications, and history. |
| Coherence | 4 | The questions follow a logical order, moving from basic definitions to more specific applications and historical context. However, there is room for better interconnection between questions. |
| Diversity | 5 | A wide range of aspects are covered, providing a comprehensive introduction to the topic without delving into unnecessary complexities. |","| Metric | Score | Justification |
|---|---|---|
| Relevance | 4 | The questions directly address the statement, exploring what time-resolved spectroscopy is, how it provides insights, and examples of molecular processes it reveals. |
| Coherence | 4 | The questions logically flow from one another, starting with the basics of the technique and progressing to its applications. |
| Diversity | 3 | The questions cover several aspects of time-resolved spectroscopy, including its definition, applications, and historical development. However, they could explore a wider range of theoretical underpinnings or implications. |","Relevance | 4 | The questions directly pertain to the details and concepts introduced in the statement, focusing on understanding time-resolved spectroscopy.
Coherence | 3 | The questions progress logically from defining time-resolved spectroscopy to exploring its applications and historical context, but could benefit from a more structured flow.
Diversity | 4 | The questions cover a range of aspects related to time-resolved spectroscopy, from its definition to applications and historical background, offering a broad exploration of the topic."
"Imagine you are a human, this is the first time you are coming across this Chemistry Statement, you have no previous knowledge of it ""Spintronics relies on the spin of electrons, in addition to their charge, for information processing."", what are the top 5 questions that would pop up in your head which would be most useful in learning about it as you are new to it. Give me a simple bullet point list, don't explain them or expand them","1. What is spintronics?
2. How does it differ from traditional electronics?
3. What role do electron spins play in spintronics?
4. Can you give an example of how spintronics can be used in real-world applications?
5. Are there any potential drawbacks or limitations to using spintronics technology?","

| Metric | Score | Justification |
|---|---|---|
| Relevance | 5 | All questions directly relate to the provided statement, exploring various aspects such as definition, comparison, application, and potential challenges. |
| Coherence | 5 | The questions follow a logical order, starting with general concepts before moving onto more specific aspects, allowing for a structured exploration of the topic. |
| Diversity | 5 | A wide range of aspects related to the statement are covered, providing a comprehensive introduction to spintronics and its use of electron spins. |","| Metric | Score | Justification |
|---|---|---|
| Relevance | 5 | All questions directly relate to the statement, exploring different aspects of spintronics. |
| Coherence | 4 | The questions follow a logical progression, starting with a basic definition and then exploring the role of electron spins, applications, and limitations. |
| Diversity | 4 | The questions cover a range of topics, including the definition, operation, applications, and potential limitations of spintronics. |","Relevance   | 5 | The questions directly address fundamental aspects of spintronics.
Coherence  | 4 | The questions flow logically and build upon each other effectively.
Diversity   | 4 | The questions cover a range of topics related to spintronics, offering different perspectives."
"Imagine you are a human, this is the first time you are coming across this Chemistry Statement, you have no previous knowledge of it ""Cryogenic electron microscopy (cryo-EM) allows for the visualization of biomolecules in their native environment at atomic resolution."", what are the top 5 questions that would pop up in your head which would be most useful in learning about it as you are new to it. Give me a simple bullet point list, don't explain them or expand them","1. What is cryogenic electron microscopy? 
2. How does it allow for visualization of biomolecules? 
3. What is meant by 'native environment' and why is it important? 
4. What is atomic resolution? 
5. What kind of biomolecules can be visualized using cryo-EM?","

| Metric | Score | Justification |
|---|---|---|
| Relevance | 5 | All questions are directly related to the statement, providing foundational information about cryo-EM, its function, and application. |
| Coherence | 5 | The questions follow a logical order, starting with an introduction to cryo-EM, then exploring its process, environment, resolution, and finally the type of biomolecules involved. |
| Diversity | 5 | A wide range of aspects are covered, including definition, functionality, biological significance, technical specifications, and","| Metric | Score | Justification |
|---|---|---|
| Relevance | 5 | The questions directly address the key elements and concepts mentioned in the statement, focusing on defining and understanding cryo-EM, its technique, and target molecules. |
| Coherence | 5 | The questions logically connect to each other, progressively building a coherent line of inquiry. Each question naturally leads to the next, offering a structured exploration of the statement. |
| Diversity | 4 | The questions cover a diverse range of aspects, including the definition of cryo-EM, its visualization technique, environmental considerations, resolution capabilities, and applicable biomolecules. While they fully explore the statement's content, they could potentially cover a broader range of topics, such as specific applications or advancements in the field. |","| Metric   | Score | Justification                                                                                     |
|----------|-------|---------------------------------------------------------------------------------------------------|
| Relevance | 5     | All questions directly pertain to the details presented in the statement.                         |
| Coherence | 4     | The questions form a logical progression, but the link between native environment and atomic resolution could be made clearer.                                                   |
| Diversity | 4     | The questions cover different aspects such as the technique itself, visualization, resolution, and biomolecules.    |"
"Imagine you are a human, this is the first time you are coming across this Chemistry Statement, you have no previous knowledge of it ""The use of flow chemistry in pharmaceuticals enables continuous processing, improving safety and scalability."", what are the top 5 questions that would pop up in your head which would be most useful in learning about it as you are new to it. Give me a simple bullet point list, don't explain them or expand them","1. What is flow chemistry? 
2. How does flow chemistry improve safety and scalability in pharmaceuticals? 
3. Can you provide examples of how flow chemistry has been used in pharmaceuticals? 
4. Are there any drawbacks or limitations to using flow chemistry in pharmaceuticals? 
5. How can I learn more about flow chemistry and its applications in pharmaceuticals?","

| Metric | Score | Justification |
|---|---|---|
| Relevance | 5 | All questions directly relate to the statement, exploring various aspects such as definition, benefits, examples, limitations, and resources for further learning. |
| Coherence | 5 | The questions follow a logical order, starting with understanding the concept, then delving into its advantages, examples, limitations, and finally suggesting ways to learn more. This structure allows for a systematic exploration of the topic. |
| Diversity | 5 | The questions cover multiple dimensions of the statement, providing a comprehensive introduction","| Metric | Score | Justification |
|---|---|---|
| Relevance | 5 | All questions are directly related to the statement and explore different aspects of flow chemistry in pharmaceuticals |
| Coherence | 5 | The sequence of questions follows a logical progression, starting with basic definitions and moving towards practical applications and further exploration |
| Diversity | 4 | The questions cover a range of aspects, including definition, benefits, examples, limitations, and further learning resources |","| Metric   | Score | Justification                                                                                                         |
|----------|-------|-----------------------------------------------------------------------------------------------------------------------|
| Relevance | 5     | All questions directly pertain to the details and concepts presented in the statement, focusing on flow chemistry.    |
| Coherence | 4     | The questions follow a logical progression in exploring the topic, except for question 5 which is more broad.         |
| Diversity | 4     | The questions cover different aspects of flow chemistry in pharmaceuticals, offering a range of perspectives to explore. |"
"Imagine you are a human, this is the first time you are coming across this Chemistry Statement, you have no previous knowledge of it ""Quantum computing in chemistry promises to solve complex molecular energy state problems more efficiently than classical computers."", what are the top 5 questions that would pop up in your head which would be most useful in learning about it as you are new to it. Give me a simple bullet point list, don't explain them or expand them","1. What is quantum computing? 
2. How does it differ from classical computing? 
3. What specific problem can it solve in chemistry? 
4. Who developed this technology and when was it introduced? 
5. What are some potential applications for quantum computing in chemistry?","

| Metric | Score | Justification |
|---|---|---|
| Coherence | 5 | The questions follow a logical order, starting with general concepts and gradually moving towards more specific applications, allowing for a structured exploration of the topic. |
| Relevance | 5 | All questions directly relate to the provided statement, exploring various aspects such as the nature of quantum computing, its application in chemistry, and historical context. |
| Diversity | 4 | The questions cover multiple dimensions of the topic, including definitions, differences, applications, and history. However, there is room for further","| Metric | Score | Justification |
|---|---|---|
| Relevance | 4 | Questions are directly related to the statement, aiming to understand quantum computing, its distinction from classical computing, its applications in chemistry, and its history. |
| Coherence | 4 | Questions follow a logical sequence, starting with the basics and gradually exploring quantum computing's role in chemistry. |
| Diversity | 3 | Questions cover multiple aspects of the statement, including the definition, comparison, application, and potential of quantum computing in chemistry. However, they could delve deeper into the theoretical underpinnings or limitations of the technology. |","| Metric    | Score | Justification                                                                                         |
|-----------|-------|-------------------------------------------------------------------------------------------------------|
| Relevance | 5     | All questions directly pertain to the statement and aim to clarify elements within it.                |
| Coherence | 4     | The questions flow logically from defining quantum computing to its applications in chemistry.        |
| Diversity | 4     | The questions cover a range of aspects including definitions, differences, applications, and origins. |"
"Imagine you are a human, this is the first time you are coming across this Chemistry Statement, you have no previous knowledge of it ""Advanced ceramics exhibit superconductivity, piezoelectricity, and ferromagnetism, enabling new technologies."", what are the top 5 questions that would pop up in your head which would be most useful in learning about it as you are new to it. Give me a simple bullet point list, don't explain them or expand them","1. What does'superconductivity' mean?
2. What is 'piezoelectricity'?
3. What is 'ferromagnetism'?
4. How do these properties enable new technologies?
5. Can you provide examples of such technologies?","

| Metric | Score | Justification |
|---|---|---|
| Coherence | 5 | The questions follow a logical order, starting with defining key terms before moving onto their implications and applications. |
| Relevance | 5 | All questions directly relate to the provided statement, exploring its various components without deviating into tangential topics. |
| Diversity | 5 | A wide range of aspects are covered, including definitions, underlying principles, and practical applications. |","| Metric | Score | Justification |
|---|---|---|
| Relevance | 5 | All questions directly pertain to the statement's concepts. |
| Coherence | 4 | Questions logically progress from defining properties (1-3) to their applications (4-5). |
| Diversity | 3 | Questions cover core concepts (1-3) and implications (4-5), but do not explore theoretical underpinnings. |","| Metric    | Score | Justification                                                                                          |
|-----------|-------|--------------------------------------------------------------------------------------------------------|
| Relevance | 5     | All questions directly address the properties mentioned in the statement and their implications.      |
| Coherence | 4     | The questions form a logical progression from defining the properties to exploring their applications. |
| Diversity | 4     | The questions cover different aspects of the statement, including definitions and practical applications. |"
"Imagine you are a human, this is the first time you are coming across this Chemistry Statement, you have no previous knowledge of it ""The Peierls distortion describes a structural change in one-dimensional metallic crystals that opens a band gap at the Fermi level."", what are the top 5 questions that would pop up in your head which would be most useful in learning about it as you are new to it. Give me a simple bullet point list, don't explain them or expand them","1. What is a one-dimensional metallic crystal?
2. What does it mean for a crystal to open a band gap at the Fermi level?
3. How does the Peierls distortion affect the structure of the crystal?
4. Can you provide an example of a material that exhibits the Peierls distortion?
5. What practical applications can we derive from understanding the Peierls distortion?","

| Metric | Score | Justification                                                                                                                                                                                                                                                                                                                                                                                                                                                                                                                                                                                                                                                                                                                                                                                                                                                                                                                                                                                                                                                                                                                                                                                                                                                                                                                                                                                                                                                                                                                                                                                                                                                                                                                                                                                                                                                                                                                                                                ","| Metric | Score | Justification |
|---|---|---|
| Relevance | 5 | All questions are directly related to the Peierls distortion and its implications, effectively clarifying the statement's key concepts. |
| Coherence | 5 | The questions logically progress from defining one-dimensional metallic crystals to exploring the Peierls distortion's effects and applications, guiding the learner's understanding. |
| Diversity | 5 | The questions cover a diverse range of aspects, including definitions, mechanisms, examples, and applications, providing a comprehensive exploration of the Peierls distortion. |","| Metric   | Score | Justification                                                                                                   |
|----------|-------|-----------------------------------------------------------------------------------------------------------------|
| Relevance | 5     | All questions directly pertain to the key concepts introduced in the statement.                                |
| Coherence | 4     | The questions logically progress from defining terms to practical applications, forming a coherent line of inquiry. |
| Diversity | 4     | Each question explores a different aspect of the Peierls distortion, offering a diverse range of perspectives.    |"
"Imagine you are a human, this is the first time you are coming across this Chemistry Statement, you have no previous knowledge of it ""Polymerase chain reaction (PCR) techniques amplify DNA sequences, enabling detailed chemical genetic studies."", what are the top 5 questions that would pop up in your head which would be most useful in learning about it as you are new to it. Give me a simple bullet point list, don't explain them or expand them","1. What is PCR?
2. How does PCR work?
3. Why is PCR important for genetic studies?
4. Can PCR be used for other types of molecules besides DNA?
5. Are there any limitations or challenges associated with PCR?","

| Metric | Score | Justification |
|---|---|---|
| Coherence | 5 | The questions follow a logical order, starting with basic concepts and gradually moving towards more complex ones. They also build upon each other well, creating a clear line of inquiry. |
| Relevance | 5 | All questions are directly related to the provided statement, exploring various aspects of PCR techniques and their role in genetic studies. |
| Diversity | 4 | The questions cover several dimensions of PCR techniques, such as definition, functionality, importance, applicability, and potential challenges","| Metric | Score | Justification |
|---|---|---|
| Relevance | 5 | All questions directly relate to the key elements and concepts mentioned in the statement, effectively exploring its implications and applications. |
| Coherence | 5 | The questions progress coherently, starting with a basic definition, exploring the mechanism, importance, and scope of PCR, and finally addressing potential limitations. |
| Diversity | 4 | The questions cover a wide range of aspects related to PCR, from its definition and mechanism to its significance in genetic studies, potential applications, and limitations. |","Relevance | 5 | The questions directly pertain to the details presented in the statement about PCR techniques and their application in genetic studies.
Coherence | 4 | The questions form a logical progression from understanding PCR basics to its importance and potential limitations.
Diversity | 3 | While exploring PCR's definition and working, the questions could further diversify by including applications, advantages, or comparisons with other techniques."
"Imagine you are a human, this is the first time you are coming across this Chemistry Statement, you have no previous knowledge of it ""The discovery of graphene, a single layer of carbon atoms arranged in a hexagonal lattice, has led to advancements in materials science."", what are the top 5 questions that would pop up in your head which would be most useful in learning about it as you are new to it. Give me a simple bullet point list, don't explain them or expand them","1. What is graphene?
2. How was it discovered?
3. What are its properties and potential applications?
4. How does it differ from other forms of carbon?
5. What research is currently being done on graphene?","

| Metric | Score | Justification |
|---|---|---|
| Coherence | 5 | The questions follow a logical order, starting with defining graphene and moving towards more complex topics like its properties, differences from other forms of carbon, and ongoing research. |
| Relevance | 5 | All questions are directly related to the statement, exploring various aspects of graphene such as its structure, discovery, properties, and applications. |
| Diversity | 4 | The questions cover multiple dimensions of graphene, but there may be room for further diversification by asking","| Metric | Score | Justification |
|---|---|---|
| Relevance | 4 | The questions directly address the key elements of the statement, focusing on defining graphene, its discovery, properties, and current research. |
| Coherence | 5 | The questions follow a logical progression, starting with the basic definition and leading to more detailed aspects of graphene, including its discovery, properties, applications, and ongoing research. |
| Diversity | 4 | The questions cover a broad range of areas related to graphene, including its definition, discovery, properties, applications, and current research. While not exhaustive, this range of topics provides a comprehensive overview for a beginner. |","| Metric    | Score | Justification                                                                                                                     |
|-----------|-------|-----------------------------------------------------------------------------------------------------------------------------------|
| Relevance | 5     | All questions directly relate to the statement about the discovery of graphene and its advancements in materials science.        |
| Coherence | 5     | The questions progress logically from defining graphene to exploring its properties, applications, differences, and current research. |
| Diversity | 5     | Each question covers a different aspect of graphene - definition, discovery, properties/applications, comparison, and research.    |"
"Imagine you are a human, this is the first time you are coming across this Chemistry Statement, you have no previous knowledge of it ""Synthetic biology combines chemical synthesis with biological systems to create new biological parts, devices, and systems."", what are the top 5 questions that would pop up in your head which would be most useful in learning about it as you are new to it. Give me a simple bullet point list, don't explain them or expand them","1. What is synthetic biology? 
2. How does it combine chemistry and biology? 
3. What can synthetic biology create? 
4. Are there any real-world applications for synthetic biology? 
5. Who are some key figures in the field of synthetic biology?","

| Metric | Score | Justification |
|---|---|---|
| Relevance | 5 | All questions are directly related to the provided statement, exploring various aspects such as definition, process, products, applications, and notable contributors. |
| Coherence | 4 | The questions follow a logical order, starting with defining synthetic biology before moving onto its processes, products, applications, and finally notable figures in the field. However, the transition between products and applications could be clearer. |
| Diversity | 5 | The questions cover a wide range of aspects related to the statement","| Metric | Score | Justification |
|---|---|---|
| Relevance | 5 | All questions are highly relevant to the statement, directly addressing its definition and core concepts. |
| Coherence | 4 | The questions are logically connected and form a sequence that builds understanding from basics to applications and contributions. |
| Diversity | 3 | The questions cover a range of aspects, but focus primarily on the definition and potential applications, neglecting the technical or ethical dimensions. |","| Metric   | Score | Justification                                                                                   |
|----------|-------|-------------------------------------------------------------------------------------------------|
| Relevance | 5     | All questions directly address elements of the statement, focusing on defining and exploring synthetic biology.                                                                 |
| Coherence | 4     | The questions flow logically in exploring the concept of synthetic biology, but the sequence could be improved for a clearer progression of understanding.    |
| Diversity | 4     | The questions cover various aspects of synthetic biology, from definition to applications and notable figures, but could include a broader range of perspectives. |"
"Imagine you are a human, this is the first time you are coming across this Chemistry Statement, you have no previous knowledge of it ""The development of biocompatible materials for implants and prosthetics involves understanding the interface between synthetic materials and biological tissues"", what are the top 5 questions that would pop up in your head which would be most useful in learning about it as you are new to it. Give me a simple bullet point list, don't explain them or expand them","1. What does 'biocompatible' mean?
2. How do synthetic materials interact with biological tissues?
3. Why is it important to understand these interactions when developing implants and prosthetics?
4. Can you provide examples of biocompatible materials used in implants and prosthetics?
5. Are there any potential risks associated with using non-biocompatible materials in medical devices?","

| Metric | Score | Justification |
|---|---|---|
| Relevance | 5 | All questions are directly related to the concept of biocompatible materials for implants and prosthetics. They focus on understanding the interface between synthetic materials and biological tissues, which is the core idea presented in the statement. |
| Coherence | 5 | The questions follow a logical sequence, starting with defining key terms and gradually moving towards more complex ideas such as the importance and risks of using certain materials. This structure allows for a systematic exploration of the topic. |
| Diversity","| Metric | Score | Justification |
|---|---|---|
| Relevance | 5 | The questions are all directly relevant to the statement, focusing on the key concepts of biocompatibility, the interaction between synthetic materials and biological tissues, and the importance of understanding these interactions for developing implants and prosthetics. |
| Coherence | 4 | The questions form a coherent line of inquiry, starting with basic definitions and progressing to more complex concepts and applications. However, question 5 could be moved to the end to provide a more conclusive perspective. |
| Diversity | 3 | The questions cover a range of aspects related to biocompatibility, including definitions, interactions, importance, examples, and potential risks. However, questions 1 and 2 both focus on definitions, which could be combined to provide a more comprehensive understanding. |","| Metric   | Score | Justification                                                                                   |
|----------|-------|--------------------------------------------------------------------------------------------------|
| Relevance|   5   | All questions directly relate to the statement and aim to clarify key concepts within it.         |
| Coherence|   4   | The questions progress logically from defining terms to exploring implications and examples.      |
| Diversity|   4   | The questions cover a range of aspects related to biocompatible materials and their importance.   |"
"Imagine you are a human, this is the first time you are coming across this Chemistry Statement, you have no previous knowledge of it ""Photocatalytic water splitting uses semiconductor materials to catalyze the decomposition of water into hydrogen and oxygen using sunlight."", what are the top 5 questions that would pop up in your head which would be most useful in learning about it as you are new to it. Give me a simple bullet point list, don't explain them or expand them","1. What is photocatalysis?
2. How does water splitting work?
3. What are semiconductors?
4. Why use sunlight for water splitting?
5. What are the applications of photocatalytic water splitting?","

| Metric | Score | Justification |
|---|---|---|
| Coherence | 4 | The questions follow a logical order, starting from the process itself and moving towards more specific components like semiconductors and applications. However, there could be better connections between some questions to create a smoother transition. |
| Relevance | 5 | All questions are highly relevant to the provided statement, addressing fundamental aspects such as photocatalysis, water splitting, semiconductors, and applications. They all contribute to building a comprehensive understanding of the topic. |
| Diversity","| Metric | Score | Justification |
|---|---|---|
| Relevance | 5 | All questions are highly relevant to the statement and directly address key concepts in photocatalytic water splitting. |
| Coherence | 4 | The questions are logically connected and form a coherent line of inquiry, progressing from the definition of photocatalysis to its application. |
| Diversity | 3 | The questions cover a range of aspects, including the definition, mechanism, materials, and application of photocatalytic water splitting. However, more diverse perspectives, such as theoretical principles or limitations, could be included. |","| Metric    | Score | Justification                                                                                 |
|-----------|-------|----------------------------------------------------------------------------------------------|
| Relevance | 5     | All questions directly relate to the elements presented in the statement.                    |
| Coherence | 4     | Questions form a logical progression of understanding from basic concepts to applications.  |
| Diversity | 4     | Questions cover a range of aspects including definitions, processes, materials, and uses.    |"
"Imagine you are a human, this is the first time you are coming across this Chemistry Statement, you have no previous knowledge of it ""The concept of molecular recognition involves the specific interaction between two or more molecules through noncovalent bonding."", what are the top 5 questions that would pop up in your head which would be most useful in learning about it as you are new to it. Give me a simple bullet point list, don't explain them or expand them","1. What is non-covalent bonding?
2. How does molecular recognition occur?
3. Can you give an example of molecular recognition in action?
4. What are some applications of molecular recognition?
5. Are there any limitations or challenges associated with molecular recognition?","

| Metric | Score | Justification |
|---|---|---|
| Relevance | 5 | All questions are directly related to the concept of molecular recognition, addressing its mechanisms, examples, applications, and limitations. |
| Coherence | 4 | The questions generally follow a logical order, moving from basic definitions to more complex considerations like real-world applications and challenges. However, the transition between questions could be smoother, and connections between questions could be made more explicit. |
| Diversity | 5 | The questions cover various aspects of molecular recognition, providing a well-","| Metric | Score | Justification |
|---|---|---|
| Coherence | 4 | The questions flow logically and build upon each other, starting with the basics and gradually exploring more complex aspects. |
| Relevance | 5 | All questions directly pertain to the key concepts and elements presented in the statement, effectively expanding upon and clarifying the idea of molecular recognition. |
| Diversity | 4 | The questions cover a good range of aspects, from the definition of non-covalent bonding to applications and limitations of molecular recognition. |","Relevance | 5 | The questions directly address the key elements of the statement about molecular recognition through noncovalent bonding.
Coherence | 4 | The questions flow logically from understanding the basic concept to exploring examples, applications, and limitations.
Diversity | 5 | The questions cover a variety of aspects related to molecular recognition, ensuring a comprehensive exploration of the topic."
"Imagine you are a human, this is the first time you are coming across this Chemistry Statement, you have no previous knowledge of it ""High-temperature superconductors operate without electrical resistance at temperatures significantly above absolute zero."", what are the top 5 questions that would pop up in your head which would be most useful in learning about it as you are new to it. Give me a simple bullet point list, don't explain them or expand them","1. What is an electrical resistance?
2. What does'significantly above absolute zero' mean?
3. How do high-temperature superconductors work?
4. Why are they important?
5. Can you give some examples of applications for high-temperature superconductors?","

| Metric | Score | Justification |
|---|---|---|
| Coherence | 4 | The questions follow a logical order, starting with basic concepts and gradually moving towards more complex ideas like application and importance. However, there is room for improvement in creating a stronger connection between the questions, such as asking about the impact of temperature on electrical resistance. |
| Relevance | 5 | All questions are highly relevant to the statement, addressing fundamental concepts and exploring the practical significance of high-temperature superconductors. They effectively target various aspects of the statement, ensuring a comprehensive exploration. |
","| Metric | Score | Justification |
|---|---|---|
| Relevance | 4 | The questions directly address key concepts in the statement, such as electrical resistance, absolute zero, and the properties and applications of high-temperature superconductors. |
| Coherence | 3 | The questions form a logical progression, starting with the basics and gradually delving into the specifics of high-temperature superconductors. However, question 3 could be better connected to question 2 for a smoother transition. |
| Diversity | 4 | The questions cover a wide range of aspects, from defining electrical resistance to exploring the importance and applications of high-temperature superconductors. Each question sheds light on a different facet of the topic. |","| Metric   | Score | Justification                                                                                                            |
|----------|-------|--------------------------------------------------------------------------------------------------------------------------|
| Relevance | 5     | All questions directly relate to the statement about high-temperature superconductors.                                   |
| Coherence | 5     | The questions flow logically from defining electrical resistance to practical applications of superconductors.           |
| Diversity | 4     | The questions cover a range of aspects from basic concepts to applications but could include more on the science behind it. |"
"Imagine you are a human, this is the first time you are coming across this Chemistry Statement, you have no previous knowledge of it ""Atomic layer deposition (ALD) allows for the precise deposition of thin films one atomic layer at a time."", what are the top 5 questions that would pop up in your head which would be most useful in learning about it as you are new to it. Give me a simple bullet point list, don't explain them or expand them","1. What is Atomic Layer Deposition? 
2. How does ALD work? 
3. What are its applications? 
4. What are the benefits of using ALD over other methods? 
5. Are there any limitations or challenges associated with ALD?","

| Metric | Score | Justification |
|---|---|---|
| Relevance | 5 | All questions are directly related to the concept of Atomic Layer Deposition, exploring its nature, function, advantages, and limitations. |
| Coherence | 4 | The questions follow a logical progression from introducing the concept to delving into its practical implications and comparative value, though they could benefit from a stronger thematic link between some questions. |
| Diversity | 5 | The questions cover various aspects of ALD, including definition, mechanism, uses, benefits,","| Metric | Score | Justification |
|---|---|---|
| Relevance | 5 | All questions are directly related to the statement and aim to clarify the concept of ALD. |
| Coherence | 4 | The questions follow a logical progression, starting with a basic definition and moving on to more specific aspects. |
| Diversity | 5 | The questions cover a range of aspects, including definition, mechanism, applications, advantages, and limitations. |","| Metric   | Score | Justification                                                                  |
|----------|-------|--------------------------------------------------------------------------------|
| Relevance | 5     | All questions directly address key aspects of ALD and its implications.        |
| Coherence | 4     | The questions flow logically from defining ALD to its applications and drawbacks. |
| Diversity | 4     | The questions cover different facets of ALD, from its operation to limitations.    |"
"Imagine you are a human, this is the first time you are coming across this Chemistry Statement, you have no previous knowledge of it ""The design of drug delivery systems involves controlling the release rate and target specificity of pharmaceutical compounds."", what are the top 5 questions that would pop up in your head which would be most useful in learning about it as you are new to it. Give me a simple bullet point list, don't explain them or expand them","1. What is a drug delivery system? 
2. Why is it important to control the release rate and target specificity of pharmaceutical compounds? 
3. How does the design process work for drug delivery systems? 
4. What are some common methods used to achieve controlled release and targeted delivery? 
5. Can you provide examples of successful drug delivery systems and their applications?","

| Metric | Score | Justification |
|---|---|---|
| Relevance | 5 | All questions are directly related to the statement, exploring various aspects such as definition, importance, process, methods, and examples. |
| Coherence | 5 | The questions follow a logical progression, moving from basic concepts to more specific aspects, allowing for a structured exploration of the topic. |
| Diversity | 5 | A wide range of dimensions are covered, offering a comprehensive introduction to the topic without losing focus on the core statement. |","| Metric | Score | Justification |
|---|---|---|
| Relevance | 5 | All questions are directly relevant to the statement, seeking to understand the concept of drug delivery systems, their significance, design process, methods, and applications. |
| Coherence | 4 | The questions logically progress from defining drug delivery systems to exploring their purpose, design, methods, and real-world examples. |
| Diversity | 3 | While the questions cover key aspects of drug delivery systems, they could benefit from including questions on factors influencing design, potential challenges, or future advancements. |","Metric | Score | Justification
Relevance | 5 | All questions directly pertain to the statement about drug delivery systems and focus on key aspects such as importance, design process, methods, and real-world examples.
Coherence | 4 | The questions progress logically from defining drug delivery systems to exploring the design and implementation aspects. However, a slightly clearer connection between the design process and methods of controlled release could enhance coherence.
Diversity | 5 | Each question brings a new dimension to understanding drug delivery systems, covering definitions, significance, process, techniques, and practical applications, offering a well-rounded exploration of the topic."
"Imagine you are a human, this is the first time you are coming across this Chemistry Statement, you have no previous knowledge of it ""Proton exchange membrane fuel cells (PEMFCs) generate electricity through the reaction of hydrogen and oxygen, producing only water as a byproduct."", what are the top 5 questions that would pop up in your head which would be most useful in learning about it as you are new to it. Give me a simple bullet point list, don't explain them or expand them","1. What is a proton exchange membrane fuel cell? 
2. How does it work? 
3. What are its advantages over other types of fuel cells? 
4. What materials are used to make PEMFCs? 
5. How can PEMFCs contribute to sustainable energy production?","

| Metric | Score | Justification |
|---|---|---|
| Relevance | 5 | All questions are directly related to the provided statement, exploring various aspects such as definition, mechanism, comparison, materials, and application. |
| Coherence | 5 | The questions follow a logical order, starting with understanding the concept, moving onto its operation, comparing it with others, examining its components, and finally considering its role in sustainability. |
| Diversity | 5 | A wide range of dimensions are covered, allowing for a comprehensive exploration of the topic, including foundational","| Metric | Score | Justification |
|---|---|---|
| Relevance | 5 | All questions directly target key elements of the statement, focusing on understanding the nature, function, and potential of PEMFCs. |
| Coherence | 4 | The questions follow a logical progression, starting with basic definitions and moving towards more specific aspects like advantages and applications, fostering a structured understanding. |
| Diversity | 4 | The questions cover a broad range of aspects, including the definition, working principle, advantages, materials, and sustainability implications of PEMFCs. |","| Metric   | Score | Justification                                                                                                                                                   |
|----------|-------|------------------------------------------------------------------------------------------------------------------------------------------------------------------|
| Relevance | 5     | All questions directly address aspects of the statement regarding PEMFCs and their operation.                                                                    |
| Coherence | 4     | The questions follow a logical progression from defining PEMFCs to their advantages, materials, and potential impact on sustainable energy production.         |
| Diversity | 4     | The questions cover a range of topics from basic understanding to practical applications, offering a well-rounded exploration of PEMFCs based on the given statement. |"
"Imagine you are a human, this is the first time you are coming across this Chemistry Statement, you have no previous knowledge of it ""Chemical vapor deposition (CVD) is used to produce high-quality, high-performance, solid materials, typically under vacuum."", what are the top 5 questions that would pop up in your head which would be most useful in learning about it as you are new to it. Give me a simple bullet point list, don't explain them or expand them","1. What is Chemical Vapor Deposition? 
2. How does CVD work? 
3. What types of materials can be produced using CVD? 
4. What are the benefits of using CVD for material production? 
5. Are there any limitations or drawbacks to using CVD?","

| Metric | Score | Justification |
|---|---|---|
| Relevance | 5 | All questions directly relate to the provided statement, exploring various aspects of CVD such as its definition, process, applications, benefits, and limitations. |
| Coherence | 5 | The questions follow a logical order, starting with defining CVD and gradually moving towards more specific aspects like its advantages and disadvantages. This structure allows for a systematic understanding of the topic. |
| Diversity | 5 | The questions cover a wide range of topics related to CVD, providing a comprehensive","| Metric  | Score  | Justification  |
|---|---|---|
| Relevance  | 4  | The questions are directly related to the statement, covering key aspects such as the definition, process, materials involved, benefits, and limitations of CVD. Each question logically explores a specific element of the statement. |
| Coherence  | 4  | The questions follow a logical progression, starting with a basic definition and then delving into the process, materials, benefits, and limitations of CVD. Each question builds upon the previous one, creating a cohesive line of inquiry. |
| Diversity  | 3  | While the questions cover several important aspects of CVD, they primarily focus on the technical aspects of the process. Exploring broader implications, applications, or theoretical foundations of CVD would enhance the diversity of the inquiry. |","| Metric    | Score | Justification                                                                              | 
|-----------|-------|-------------------------------------------------------------------------------------------| 
| Relevance | 5     | All questions directly address the core concept of Chemical Vapor Deposition (CVD).        | 
| Coherence | 4     | The questions form a logical progression from defining CVD to exploring its advantages.    | 
| Diversity | 4     | The questions cover a range of aspects related to CVD, including operation and limitations. |"
"Imagine you are a human, this is the first time you are coming across this Chemistry Statement, you have no previous knowledge of it ""The study of intrinsically disordered proteins (IDPs) challenges the traditional protein structure-function paradigm, recognizing the functional importance of unstructured regions."", what are the top 5 questions that would pop up in your head which would be most useful in learning about it as you are new to it. Give me a simple bullet point list, don't explain them or expand them","1. What are intrinsically disordered proteins?
2. How do they challenge the traditional protein structure-function paradigm?
3. Why are unstructured regions important for their function?
4. Can IDPs be used for drug discovery and development?
5. Are there any current research studies on IDPs?","

| Metric | Score | Justification |
|---|---|---|
| Relevance | 5 | All questions directly relate to the statement, providing a clear focus on understanding IDPs and their significance. |
| Coherence | 4 | The questions follow a logical order, moving from basic definitions to more complex implications and applications. However, some transitions could be smoother. |
| Diversity | 5 | A wide range of aspects are addressed, including definitions, mechanisms, implications, and potential applications, offering a comprehensive introduction to the topic. |","| Metric | Score | Justification |
|---|---|---|
| Relevance | 4 | The questions directly relate to the statement, seeking to clarify the nature of IDPs, their impact on the traditional paradigm, the significance of unstructured regions, and the potential applications and ongoing research related to IDPs. |
| Coherence | 3 | The questions follow a logical progression, starting with a basic definition, then exploring the challenge to the paradigm, the functional role of unstructured regions, and finally delving into potential applications and research. |
| Diversity | 4 | The questions cover a range of aspects, including definitions, implications, applications, and research, offering a diverse exploration of the topic. |","Metric | Score | Justification
Relevance | 5 | All questions directly pertain to the details and concepts presented in the statement.
Coherence | 4 | The questions progress logically from defining IDPs to their functional importance, but could have a clearer link between drug discovery and current research.
Diversity | 4 | The questions cover a range of aspects related to IDPs, including their definition, impact on the protein paradigm, functional importance, potential applications, and current research studies. 

Overall, this set of questions effectively meets the criteria for relevance, coherence, and diversity, providing a well-rounded exploration of the given statement."
"Imagine you are a human, this is the first time you are coming across this Chemistry Statement, you have no previous knowledge of it ""Metal-air batteries, including lithium-air and zinc-air batteries, offer high energy densities by exploiting the oxidation of metals with oxygen from the air."", what are the top 5 questions that would pop up in your head which would be most useful in learning about it as you are new to it. Give me a simple bullet point list, don't explain them or expand them","1. What are metal-air batteries?
2. How do they work?
3. What makes them different from other types of batteries?
4. What are their advantages over traditional batteries?
5. Are there any limitations or drawbacks to using metal-air batteries?","

| Metric | Score | Justification |
|---|---|---|
| Coherence | 5 | The questions follow a logical progression from basic understanding to more complex considerations, such as advantages and disadvantages. |
| Relevance | 5 | All questions are directly related to the provided statement, exploring various aspects of metal-air batteries. |
| Diversity | 4 | The questions cover several dimensions of the topic, though some may overlap slightly in terms of scope. Overall, they offer a solid foundation for further exploration. |","| Metric | Score | Justification |
|---|---|---|
| Relevance | 4 | The questions directly address the details and concepts presented in the statement, seeking to clarify the nature, functioning, advantages, and limitations of metal-air batteries. |
| Coherence | 5 | The questions follow a logical sequence, building upon each other to explore different aspects of metal-air batteries, from their definition to their workings and potential drawbacks. |
| Diversity | 4 | The questions cover a wide range of aspects, including the definition, working principles, advantages, disadvantages, and comparison with other battery types, providing a comprehensive overview of the topic. |","| Metric   | Score | Justification                                                                                                           |
|----------|-------|-------------------------------------------------------------------------------------------------------------------------|
| Relevance | 4     | The questions directly pertain to the details of metal-air batteries, their working principle, advantages, and limitations. |
| Coherence | 3     | The questions flow logically and progress in a structured manner to explore the topic of metal-air batteries.              |
| Diversity | 3     | The questions cover various aspects of metal-air batteries, but could benefit from additional perspectives or dimensions.  |"
"Imagine you are a human, this is the first time you are coming across this Chemistry Statement, you have no previous knowledge of it ""The synthesis and manipulation of single molecules as components of electronic devices represent a frontier in molecular electronics"", what are the top 5 questions that would pop up in your head which would be most useful in learning about it as you are new to it. Give me a simple bullet point list, don't explain them or expand them","1. What exactly does'synthesis' mean?
2. How can we manipulate single molecules for use in electronic devices?
3. What are some examples of electronic devices that could benefit from this technology?
4. Are there any potential drawbacks or limitations to using single molecule components in electronic devices?
5. Who are the researchers behind this breakthrough and how did they achieve it?","

| Metric | Score | Justification |
|---|---|---|
| Relevance | 5 | All questions are directly related to the statement, exploring various aspects such as definition, application, benefits, challenges, and sources. |
| Coherence | 4 | The questions follow a logical order, moving from basic concepts like 'what is synthesis' to more complex ideas like researcher roles and achievements. However, the last question seems slightly disconnected from the rest, focusing on individuals rather than the process or concept itself. |
| Diversity | 5 | A wide range of aspects","| Metric | Score | Justification |
|---|---|---|
| Relevance | 4 | The questions directly target elements of the statement, exploring its core concepts (synthesis, manipulation, device components) and implications for electronic devices. |
| Coherence | 4 | The questions logically progress from defining synthesis to exploring manipulation techniques, applications, limitations, and research contributions, providing a structured inquiry path. |
| Diversity | 4 | The questions cover a range of aspects, from fundamental processes (synthesis, manipulation) to practical applications (devices), potential challenges (limitations), and the human aspect (researchers involved). |","Relevance | 5 | The questions directly pertain to the details and concepts presented in the statement about molecular electronics.
Coherence | 4 | The questions form a logical progression of inquiry, though the connection between manipulating single molecules and potential drawbacks could be smoother.
Diversity | 5 | The questions cover a range of aspects including definitions, examples, limitations, and key researchers, offering a well-rounded exploration of the topic."
"Imagine you are a human, this is the first time you are coming across this Chemistry Statement, you have no previous knowledge of it ""Nanotechnology involves the manipulation of matter on an atomic, molecular, and supramolecular scale for novel applications."", what are the top 5 questions that would pop up in your head which would be most useful in learning about it as you are new to it. Give me a simple bullet point list, don't explain them or expand them","1. What does nanotechnology mean? 
2. How can manipulating matter at such small scales lead to novel applications? 
3. Can you give some examples of these novel applications? 
4. Are there any potential risks associated with nanotechnology? 
5. How is nanotechnology currently being used in various industries?","

| Metric | Score | Justification |
|---|---|---|
| Relevance | 5 | All questions are directly related to the concept of nanotechnology and its implications, providing a comprehensive overview of the topic. |
| Coherence | 4 | The questions generally follow a logical order, moving from basic definitions to more specific applications and potential risks. However, they could be slightly more interconnected to create a smoother flow of inquiry. |
| Diversity | 5 | A wide range of aspects are covered, including definitions, applications, examples, risks, and","| Metric | Score | Justification |
|---|---|---|
| Relevance | 4 | All questions are directly related to the statement, seeking clarification on the meaning, applications, and potential implications of nanotechnology. |
| Coherence | 4 | The questions follow a logical progression, starting with a basic definition and then exploring applications, risks, and current uses. |
| Diversity | 3 | The questions cover a range of aspects of nanotechnology, including its definition, applications, risks, and current uses. While they provide a broad overview, they could benefit from exploring additional theoretical underpinnings or future prospects. |","| Metric   | Score | Justification                                                                                                                |
|----------|-------|------------------------------------------------------------------------------------------------------------------------------|
| Relevance | 5     | All questions directly relate to the details and concepts presented in the statement regarding nanotechnology.                |
| Coherence | 4     | The questions form a coherent line of inquiry starting from defining nanotechnology to exploring its applications and risks.    |
| Diversity | 4     | The questions cover a range of aspects including definitions, applications, risks, and current uses of nanotechnology.         |"
"Imagine you are a human, this is the first time you are coming across this Chemistry Statement, you have no previous knowledge of it ""Quantum dots are semiconductor particles that have quantum mechanical properties, useful in electronics and medical imaging."", what are the top 5 questions that would pop up in your head which would be most useful in learning about it as you are new to it. Give me a simple bullet point list, don't explain them or expand them","1. What are Quantum Dots?
2. How do they work?
3. What are their applications?
4. Are there any risks associated with using them?
5. How can I learn more about Quantum Dots?","

| Metric | Score | Justification |
|---|---|---|
| Coherence | 5 | The questions follow a logical order, starting with basic definition and gradually moving towards more complex topics like applications and risks. |
| Relevance | 5 | All questions are directly related to the provided statement, covering all major aspects of Quantum Dots mentioned in the statement. |
| Diversity | 4 | Although the questions cover various aspects, they could potentially be broader in scope, such as asking about the history or future potential of Quantum Dots. However, considering the brev","| Metric      | Score | Justification                                                                                                                                                                                                                                                                                                                                                                                                                                                                                                                                                                                                                                                                                                                                                                                                                                                                                                                                                                                                                                                                                                                                                                                                                                                                                                                                                                                                                                      |
|-------------|-------|---------------------------------------------------------------------------------------------------------------------------------------------------------------------------------------------------------------------------------------------------------------------------------------------------------------------------------------------------------------------------------------------------------------------------------------------------------------------------------------------------------------------------------------------------------------------------------------------------------------------------------------------------------------------------------------------------------------------------------------------------------------------------------------------------------------------------------------------------------------------------------------------------------------------------------------------------------------------------------------------------------------------------------------------------------------------------------------------------------------------------------------------------------------------------------------------------------------------------------------------------------------------------------------------------------------------------------------------------------------------------------------------------------------------------------------------------|
| Relevance   | 5     | All 5 questions are highly relevant to the statement, directly inquiring about the basic properties, applications, safety considerations, and knowledge acquisition methods related to quantum dots.                                                                                                                                                                                                                                                                                                                                                                                                                                                                                                                                                                                                                                                                                                                                                                                                                                                                                                                                                                                                                                                                                                                                                                                                                                                                                                                                                                                                                                                                                                                                                                                                                                                                                                                                                                                                                                                                                                                                                                                                                                                                                                                                                                                                                                                                                                                                                                                                                                        |
| Coherence   | 4     | The questions form a logical sequence by progressing from defining quantum dots to exploring their functions, usage, safety concerns, and avenues for further study.                                                                                                                                                                                                                                                                                                                                                                                                                                                                                                                                                                                                                                                                                                                                                                                                                                                                                                                                                                                                                                                                                                                                                                                                                                                                                                                                                                                                                                                                                                                                                                                                                                                                                                                                                                                                                                                                                                                                                                                                                                                                                                                                                                                                                                                                                                                                                                                                                                        |
| Diversity   | 3     | The questions cover a good range of aspects, including definition, mechanism, applications, safety, and knowledge resources. However, there could be more depth in exploring potential applications and theoretical aspects.                                                                                                                                                                                                                                                                                                                                                                                                                                                                                                                                                                                                                                                                                                                                                                                                                                                                                                                                                                                                                                                                                                                                                                                                                                                                                                                                                                                                                                                                                                                                                                                                                                                                                                                                                                                                                                                                                                                                                                                                                                                                                                                                                                                                                                                                                                                                                                                                                                                                                  |","| Metric   | Score | Justification                                                                                           |
|----------|-------|---------------------------------------------------------------------------------------------------------|
| Relevance| 5     | The questions directly address the details and concepts presented in the statement about Quantum Dots.  |
| Coherence| 4     | The questions form a logical progression in understanding Quantum Dots, though the order could be refined.|
| Diversity| 4     | The questions cover various aspects such as definition, working, applications, risks, and further learning. |"
"Imagine you are a human, this is the first time you are coming across this Chemistry Statement, you have no previous knowledge of it ""Green chemistry seeks to reduce chemical related environmental impact through sustainable design and manufacturing processes."", what are the top 5 questions that would pop up in your head which would be most useful in learning about it as you are new to it. Give me a simple bullet point list, don't explain them or expand them","1. What does ""environmental impact"" mean?
2. How can we make chemicals more sustainable?
3. What are some examples of sustainable design and manufacturing processes?
4. Why is reducing chemical-related environmental impact important?
5. Are there any specific industries or products that could benefit from green chemistry practices?","

| Metric | Score | Justification |
|---|---|---|
| Relevance | 5 | All questions relate directly to the concept of green chemistry, its goals, and potential applications. |
| Coherence | 4 | The questions follow a logical order, moving from general concepts to more specific applications, though they do not necessarily build off each other in terms of exploring interconnected ideas. |
| Diversity | 5 | The questions cover various aspects of green chemistry, such as its objectives, methods, and potential impacts, offering a comprehensive introduction to the topic. |","| Metric | Score | Justification |
|---|---|---|
| Relevance | 4 | Most questions are directly related to the statement's key concepts (""environmental impact,"" ""sustainable design,"" ""manufacturing processes""), providing a clear focus on understanding green chemistry's objectives and practices. However, question 1 slightly deviates from this focus. |
| Coherence | 4 | The questions progress logically, starting with general concepts (environmental impact) and gradually moving towards specific aspects (sustainable design, benefits, applications). This sequence facilitates a structured exploration of the statement's content. |
| Diversity | 3 | The questions cover a range of aspects, including definitions (environmental impact), methods (sustainable design, manufacturing processes), significance (environmental importance), and potential (industrial benefits). While they provide a broad exploration, they could delve deeper into the theoretical underpinnings or practical applications of green chemistry. |","| Metric   | Score | Justification                                                                                     |
|----------|-------|---------------------------------------------------------------------------------------------------|
| Relevance| 5     | All questions directly address key aspects and concepts of green chemistry                           |
| Coherence| 4     | Questions flow logically and build upon each other, but could be slightly more interconnected   |
| Diversity| 5     | Each question covers a different aspect of green chemistry, offering a broad exploration           |"
"Imagine you are a human, this is the first time you are coming across this Chemistry Statement, you have no previous knowledge of it ""Supercritical fluids, like supercritical CO2, exhibit unique properties that are exploited in extraction and chromatography."", what are the top 5 questions that would pop up in your head which would be most useful in learning about it as you are new to it. Give me a simple bullet point list, don't explain them or expand them","1. What are Supercritical Fluids?
2. How do they differ from regular liquids and gases?
3. What are their unique properties?
4. How are they used in extraction and chromatography?
5. Can you provide examples of specific applications for supercritical fluids?","

| Metric | Score | Justification |
|---|---|---|
| Relevance | 5 | All questions are directly related to the provided statement, exploring various aspects such as definition, comparison, application, and specific examples. |
| Coherence | 5 | The questions follow a logical order, starting with general definitions before moving onto comparisons, applications, and finally specific examples. This structure allows for a clear progression of understanding. |
| Diversity | 5 | Each question addresses a distinct aspect of the statement, providing a comprehensive overview without repeating or overlapping topics. |","| Metric | Score | Justification |
|---|---|---|
| Relevance | 5 | All questions directly relate to the statement, aiming to clarify and explore the topic of supercritical fluids in extraction and chromatography. |
| Coherence | 4 | The questions form a logical progression, beginning with basic definitions and progressing to applications and properties. There is a coherent flow of inquiry that facilitates understanding. |
| Diversity | 4 | The questions cover a wide range of aspects, including definitions, differences from regular fluids, unique properties, uses, and specific applications. They offer a diverse exploration of the topic. |","| Metric   | Score | Justification                                                                                             |
|----------|-------|-----------------------------------------------------------------------------------------------------------|
| Relevance|   5   | All questions directly address key aspects of the statement related to supercritical fluids.               |
| Coherence|   4   | The questions flow logically from defining supercritical fluids to their applications in extraction.      |
| Diversity|   4   | The questions cover a range of topics including properties, applications, and examples of supercritical fluids. |"
"Imagine you are a human, this is the first time you are coming across this Chemistry Statement, you have no previous knowledge of it ""Biomimicry in chemistry involves developing materials and processes that mimic the biological systems for sustainable solutions."", what are the top 5 questions that would pop up in your head which would be most useful in learning about it as you are new to it. Give me a simple bullet point list, don't explain them or expand them","1. What does biomimicry mean? 
2. How can we use biomimicry in chemistry? 
3. Can you give an example of how biomimicry has been used in chemistry? 
4. What are some benefits of using biomimicry in chemistry? 
5. Are there any limitations or challenges associated with biomimicry in chemistry?","

| Metric | Score | Justification |
|---|---|---|
| Relevance | 5 | All questions are directly related to the concept of biomimicry in chemistry, asking for definitions, examples, benefits, and challenges. |
| Coherence | 4 | The questions follow a logical progression, moving from basic definitions to more complex topics like benefits and challenges, though they do not necessarily build off each other in a conversational manner. |
| Diversity | 5 | The questions cover various aspects of the topic, providing a comprehensive introduction to biomimicry","| Metric | Score | Justification |
| --- | --- | --- |
| Relevance | 5 | All questions directly relate to the key concepts of biomimicry in chemistry, exploring its definition, applications, benefits, and potential challenges. |
| Coherence | 4 | The questions follow a logical sequence, starting with the core definition and then delving into practical aspects, examples, and considerations, fostering a gradual understanding. |
| Diversity | 3 | While the questions cover various aspects, they primarily focus on the general concepts of biomimicry in chemistry, missing specific examples or applications that could provide a more comprehensive exploration. |","| Metric   | Score | Justification                                                                                  |
|----------|-------|-----------------------------------------------------------------------------------------------|
| Relevance | 5     | All questions directly pertain to understanding biomimicry in chemistry.                     |
| Coherence | 4     | The questions form a logical progression in exploring the concept of biomimicry in chemistry. |
| Diversity | 4     | The questions cover various aspects such as definition, applications, examples, benefits, and limitations. | "
"Imagine you are a human, this is the first time you are coming across this Chemistry Statement, you have no previous knowledge of it ""Organocatalysis involves the acceleration of chemical reactions through the use of small organic molecules."", what are the top 5 questions that would pop up in your head which would be most useful in learning about it as you are new to it. Give me a simple bullet point list, don't explain them or expand them","1. What is Organocatalysis?
2. How does it work?
3. What are some examples of Organocatalysts?
4. What are the benefits of using Organocatalysis?
5. How can Organocatalysis be applied in real-world scenarios?","

| Metric | Score | Justification |
|---|---|---|
| Coherence | 5 | The questions follow a logical order, starting with defining organocatalysis, then moving onto its mechanism, examples, benefits, and finally real-world applications. This structure allows for a comprehensive understanding of the topic. |
| Relevance | 5 | All questions are directly related to the concept of organocatalysis, asking for clarification on key aspects such as definition, mechanism, examples, benefits, and applications. This ensures that the questions focus on the core components of the statement. |
","| Metric | Score | Justification |
| ----------- | ----------- | ----------- |
| Relevance | 5 | All questions directly pertain to the statement's elements and concepts, effectively exploring its core aspects. |
| Coherence | 4 | Questions logically connect, forming a structured inquiry sequence that gradually expands understanding. While question 2 could be placed before question 1 for better flow, the overall progression is coherent. |
| Diversity | 4 | Questions cover a diverse range of aspects, including definition, mechanism, examples, benefits, and applications, offering a comprehensive exploration of the statement. |","| Metric    | Score | Justification                                                                                     |
|-----------|-------|---------------------------------------------------------------------------------------------------|
| Relevance | 5     | All questions directly relate to the concept of Organocatalysis and aim to clarify its aspects.    |
| Coherence | 4     | The questions flow logically, building upon each other to deepen understanding of Organocatalysis. |
| Diversity | 4     | The questions cover a range of aspects like definition, mechanism, examples, benefits, and applications. |"
"Imagine you are a human, this is the first time you are coming across this Chemistry Statement, you have no previous knowledge of it ""The synthesis of peptidomimetics aims to mimic or modify natural peptides for therapeutic purposes."", what are the top 5 questions that would pop up in your head which would be most useful in learning about it as you are new to it. Give me a simple bullet point list, don't explain them or expand them","1. What are peptides?
2. Why do we need to synthesize peptidomimetics?
3. How can synthetic peptides be used therapeutically?
4. What are some examples of naturally occurring peptides and their functions?
5. What techniques are commonly used in the synthesis of peptidomimetics?","

| Metric | Score | Justification |
|---|---|---|
| Relevance | 5 | All questions directly relate to the statement, providing foundational knowledge necessary for understanding peptidomimetics synthesis. |
| Coherence | 4 | The questions follow a logical order, moving from basic concepts like peptides to more complex ideas such as synthesis methods. However, there is room for better interconnection between questions to create a smoother flow. |
| Diversity | 5 | The questions cover various aspects of the topic, offering a comprehensive introduction to pe","| Metric | Score | Justification |
|---|---|---|
| Relevance | 5 | The questions directly address the key elements and concepts in the statement, providing a foundation for understanding the topic. |
| Coherence | 4 | The questions logically progress from basic concepts (e.g., ""What are peptides?"") to more specific applications (e.g., ""How can synthetic peptides be used therapeutically?""). However, the connection between question 4 and the others is somewhat weaker, as it does not directly relate to peptidomimetics. |
| Diversity | 4 | The questions cover a wide range of aspects related to peptidomimetics, including definitions, applications, and synthesis techniques. While they provide a comprehensive overview, they could include more theoretical underpinnings or implications for further exploration. |","| Metric    | Score | Justification                                                                                   |
|-----------|-------|--------------------------------------------------------------------------------------------------|
| Relevance  | 5     | All questions directly address the key aspects of the statement regarding peptides and synthesis. |
| Coherence | 4     | The questions flow logically from defining peptides to synthesizing peptidomimetics for therapy.  |
| Diversity | 4     | The questions cover a range of topics from definitions to applications of peptidomimetics.          |"
"Imagine you are a human, this is the first time you are coming across this Chemistry Statement, you have no previous knowledge of it ""Electroorganic synthesis involves the use of electrochemical techniques for the synthesis of organic compounds."", what are the top 5 questions that would pop up in your head which would be most useful in learning about it as you are new to it. Give me a simple bullet point list, don't explain them or expand them","1. What is Electroorganic Synthesis?
2. How does Electrochemical Techniques work in Organic Compounds?
3. What are some examples of Organic Compounds synthesized using Electroorganic Synthesis?
4. What are the advantages and disadvantages of Electroorganic Synthesis compared to other methods?
5. Can Electroorganic Synthesis be used to create complex molecules with specific properties?","

| Metric | Score | Justification |
|---|---|---|
| Relevance | 5 | All questions are directly related to the concept of Electroorganic Synthesis, its mechanisms, examples, benefits, and limitations. |
| Coherence | 4 | The questions follow a logical order, starting with defining the term and gradually moving towards more specific aspects like examples, comparisons, and applications. However, there is room for better thematic connections between questions. |
| Diversity | 5 | The questions cover various dimensions of the topic, such as definition, functionality,","| Metric | Score | Justification |
|---|---|---|
| Relevance | 3 | The questions directly pertain to the statement's key concepts, exploring the nature of electroorganic synthesis, its mechanisms, applications, and potential. However, question 5 could benefit from more direct relevance to the statement. |
| Coherence | 4 | The questions logically connect and progress from defining electroorganic synthesis to exploring its techniques, applications, advantages, and potential. The sequence facilitates a coherent understanding of the topic. |
| Diversity | 4 | The questions cover a range of aspects, including definition, mechanisms, examples, advantages/disadvantages, and potential for complex molecule synthesis. They provide a broad exploration of the topic. |","| Metric   | Score | Justification                                                                                      |
|----------|-------|----------------------------------------------------------------------------------------------------|
| Relevance | 5     | All questions directly address the key aspects of Electroorganic synthesis and its components.    |
| Coherence | 4     | The questions flow logically from understanding the basics to applications and comparisons.      |
| Diversity | 5     | The questions cover definitions, working principles, examples, advantages, and complex molecules. |"
"Imagine you are a human, this is the first time you are coming across this Chemistry Statement, you have no previous knowledge of it ""The study of perovskites is advancing solar cell technology due to their efficiency and ease of fabrication."", what are the top 5 questions that would pop up in your head which would be most useful in learning about it as you are new to it. Give me a simple bullet point list, don't explain them or expand them","1. What are perovskites?
2. How do they improve solar cell technology?
3. Why are they more efficient than traditional materials?
4. What makes them easier to fabricate?
5. Are there any drawbacks or limitations to using perovskite-based solar cells?","

| Metric | Score | Justification |
|---|---|---|
| Coherence | 5 | The questions follow a logical order, starting with defining perovskites before moving onto their advantages in solar cell technology, addressing both efficiency and ease of fabrication. This creates a clear path for understanding the topic. |
| Relevance | 5 | All questions are directly related to the statement, exploring various aspects such as definition, functionality, comparison to traditional methods, and potential limitations. They focus on the core concepts presented in the statement. |
| Diversity | 4 | The questions","| **Metric**  | **Score** | **Justification** |
|---|---|---|
| Relevance | 5 | All questions directly address the given statement, exploring the efficiency, fabrication, and limitations of perovskite-based solar cells. |
| Coherence | 4 | The questions form a logical sequence, starting with a basic definition of perovskites and progressing to their application in solar cells, efficiency, fabrication, and potential drawbacks. |
| Diversity | 4 | The questions cover a range of aspects, from the nature of perovskites to their advantages and disadvantages in solar cell technology. |","| Metric   | Score | Justification                                                                                                                       |
|----------|-------|--------------------------------------------------------------------------------------------------------------------------------------|
| Relevance | 5     | All questions directly pertain to understanding perovskites and their impact on solar cell technology                                |
| Coherence | 5     | The questions flow logically from defining perovskites to exploring their efficiency, fabrication, and drawbacks in a structured manner |
| Diversity | 4     | While diverse, questions could benefit from exploring other aspects such as historical context, future applications, or current research |"
"Imagine you are a human, this is the first time you are coming across this Chemistry Statement, you have no previous knowledge of it ""Metal-organic frameworks (MOFs) are porous materials with potential applications in gas storage, separation, and catalysis."", what are the top 5 questions that would pop up in your head which would be most useful in learning about it as you are new to it. Give me a simple bullet point list, don't explain them or expand them","1. What exactly are Metal-Organic Frameworks? 
2. How do they work? 
3. What are their potential applications? 
4. Can you give some examples of how MOFs can be used in real life? 
5. Are there any limitations or challenges associated with using MOFs?","

| Metric | Score | Justification |
|---|---|---|
| Relevance | 5 | All questions directly relate to the provided statement, exploring various aspects such as definition, functionality, applications, and limitations. |
| Coherence | 4 | The questions follow a logical order, starting with basic definitions before moving onto more complex topics like real-life examples and limitations. However, the transition between questions could be smoother. |
| Diversity | 5 | A wide range of aspects related to the statement are covered, offering a comprehensive introduction to the topic without unnecessary repetition","| Metric | Score | Justification |
|---|---|---|
| Relevance | 5 | All questions directly relate to the definition, mechanism, applications, and limitations of MOFs, demonstrating strong relevance to the statement. |
| Coherence | 4 | The questions form a logical sequence, starting with a basic definition and progressing to more specific aspects such as mechanism, applications, and challenges. |
| Diversity | 4 | The questions cover a wide range of topics, including definition, functionality, applications, real-life examples, and challenges, providing a well-rounded exploration of MOFs. |","| Metric   | Score | Justification                                                                           |
|----------|-------|------------------------------------------------------------------------------------------|
| Relevance | 5     | All questions directly pertain to the details and concepts presented in the statement.   |
| Coherence | 4     | Questions form a coherent line of inquiry, but the sequence could be slightly improved. |
| Diversity | 4     | The questions cover various aspects of MOFs, offering a broad exploration of the topic.  |"
"Imagine you are a human, this is the first time you are coming across this Chemistry Statement, you have no previous knowledge of it """", what are the top 5 questions that would pop up in your head which would be most useful in learning about it as you are new to it. Give me a simple bullet point list, don't explain them or expand them","1. What is the definition of Chemistry?
2. How does Chemistry relate to our daily lives?
3. What are some common chemical reactions and their uses?
4. How do scientists study Chemistry?
5. What are some current issues or challenges facing the field of Chemistry?","

| Metric | Score | Justification |
|---|---|---|
| Coherence | 4 | The questions follow a logical order, starting with defining chemistry before moving onto its applications, methods of study, and finally current challenges. This structure allows for a clear progression of understanding. |
| Relevance | 5 | All questions directly relate to the statement, exploring various aspects of chemistry such as its definition, relevance, examples, methods of study, and contemporary issues. |
| Diversity | 4 | The questions cover a wide range of aspects related to chemistry, however, there","| Metric | Score | Justification |
|---|---|---|
| Relevance | 5 | All questions directly address fundamental aspects of the statement, aiming to understand the definition, uses, methods, and significance of Chemistry. |
| Coherence | 4 | The questions follow a logical sequence, progressing from defining Chemistry to exploring its relevance, common reactions, methods of study, and current challenges. |
| Diversity | 4 | The questions cover a wide range of aspects, including definition, applications, experimentation, and contemporary issues, providing a comprehensive exploration of the topic. |","| Metric   | Score | Justification                                                                                                                                                            |
|----------|-------|--------------------------------------------------------------------------------------------------------------------------------------------------------------------------|
| Relevance | 4     | The questions directly relate to the general concept of Chemistry, its applications, studies, and current issues.                                                       |
| Coherence | 3     | The questions transition logically from defining Chemistry to its practical applications and challenges, but the flow could be improved.                                |
| Diversity | 4     | The questions cover a range of aspects from basic definitions to real-world applications and challenges, providing a diverse outlook on the topic of Chemistry. |"
