Instruction,outputs_Phi2_5_csv,Gemini Output,GPT Output,Mistral Output
"Imagine you are a human, this is the first time you are coming across this Maths Statement or Equation, you have no previous knowledge of it "" lim(x -> 0) sin(x)/x = 1"", what are the top 5 questions that would pop up in your head which would be most useful in learning about it as you are new to it. Give me a simple bullet point list, don't explain them or expand them","1. What does the symbol 'lim' mean? 
2. How do I interpret the equation? 
3. Can you provide an example of how to use this equation? 
4. Are there any real-world applications for this equation? 
5. Is there a visual representation or graph that can help me understand this equation better?","| Metric | Score | Justification |
|---|---|---|
| **Coherence** | **5** | The questions flow logically from the most basic (what does 'lim' mean?) to more complex concepts (real-world applications, visual representations). |
| **Relevance** | **5** | All questions directly relate to the statement and focus on understanding its components and significance. |
| **Diversity** | **4** | While the questions cover various aspects of the statement, they primarily focus on its interpretation and application, leaving room for further exploration of its theoretical underpinnings. |","| Metric   | Score | Justification                                                                                  |
|----------|-------|-----------------------------------------------------------------------------------------------|
| Relevance | 5     | All questions directly pertain to the statement and aim to clarify or explore its content.     |
| Coherence | 4     | The questions form a logical progression in understanding the equation but could be more connected.|
| Diversity | 4     | The questions cover various aspects like interpretation, examples, applications, and visual aid. |","

| Metric | Score | Justification |
|---|---|---|
| Coherence | 5 | The questions follow a logical order, starting from basic terminology and gradually moving towards application and visualization. |
| Relevance | 5 | All questions are directly related to the given equation, aiming to clarify its meaning, usage, and significance. |
| Diversity | 4 | The questions cover various aspects of the equation, though they could further explore underlying mathematical principles or historical context. |"
"Imagine you are a human, this is the first time you are coming across this Maths Statement or Equation, you have no previous knowledge of it "" e^(i*pi) + 1 = 0 (Euler's identity)"", what are the top 5 questions that would pop up in your head which would be most useful in learning about it as you are new to it. Give me a simple bullet point list, don't explain them or expand them","- What does Euler's identity mean?
- How can I solve for e^(i*pi)?
- Can you give an example of how to use Euler's identity in real life?
- Are there any other identities like Euler's identity?
- How do I know if my answer is correct when using Euler's identity?","| Metric | Score | Justification |
|---|---|---|
| Relevance | 4 | All questions directly target aspects of Euler's identity or its mathematical properties. |
| Coherence | 2 | The questions do not logically connect to each other and lack a structured progression in understanding the concept. |
| Diversity | 3 | The questions cover various aspects of Euler's identity, including its meaning, solving for e^(i*pi), real-world applications, and the existence of similar identities. |","| Metric   | Score | Justification                                                                                                                                                   |
|----------|-------|------------------------------------------------------------------------------------------------------------------------------------------------------------------|
| Relevance | 5     | All questions directly address aspects of Euler's identity, focusing on meaning, solving, applications, similar identities, and validation of results.        |
| Coherence | 4     | The questions progress logically from understanding the meaning to solving the equation, exploring applications, related identities, and verification of solutions.  |
| Diversity | 4     | The questions cover a range of aspects including definition, solution, real-world application, comparison to other identities, and validation of results.            |","

| Metric | Score | Justification |
|---|---|---|
| Coherence | 4 | The questions follow a logical order, starting with understanding the concept, moving towards application, and ending with validation. However, the second question could potentially be broken down into simpler steps for a true beginner. |
| Relevance | 5 | All questions relate directly to the statement, exploring its meaning, usage, and verification. They avoid venturing into tangential topics and maintain focus on the core aspects of Euler's identity. |
| Diversity | 4 | The questions cover"
"Imagine you are a human, this is the first time you are coming across this Maths Statement or Equation, you have no previous knowledge of it "" Integral from 0 to 1 of x^2 dx = 1/3"", what are the top 5 questions that would pop up in your head which would be most useful in learning about it as you are new to it. Give me a simple bullet point list, don't explain them or expand them","1. What does the integral represent?
2. How do I evaluate an integral?
3. What is the difference between definite and indefinite integrals?
4. Can you give me an example of how to use integration in real-world problems?
5. Are there any common mistakes people make when solving integrals?","| Metric | Score | Justification |
|---|---|---|
| Relevance | 5 | All questions are directly related to the statement and aim to clarify its meaning and implications. |
| Coherence | 4 | The questions form a logical sequence, starting with the basics (what is the integral) and progressing to more advanced topics (common mistakes). |
| Diversity | 4 | The questions cover a range of aspects related to the statement, including its definition, evaluation, applications, and potential pitfalls. |","Metric        Score    Justification
Relevance     5          The questions directly address the concept of integrals and their evaluation.
Coherence    4          The questions flow logically from understanding integrals to real-world applications.
Diversity      3          While the questions cover different aspects of integrals, they could explore more applications or historical context.","

| Metric | Score | Justification |
|---|---|---|
| Relevance | 5 | All questions are directly related to the statement, aiming to clarify its meaning and application. |
| Coherence | 4 | The questions follow a logical order, moving from basic concepts to more complex applications, though some may argue that examples could come earlier to motivate interest. |
| Diversity | 4 | The questions cover various aspects of integration, such as definition, calculation, and real-world usage, but might benefit from addressing specific properties of the equation provided. |"
"Imagine you are a human, this is the first time you are coming across this Maths Statement or Equation, you have no previous knowledge of it "" A . B = B . A (Commutative property of multiplication)"", what are the top 5 questions that would pop up in your head which would be most useful in learning about it as you are new to it. Give me a simple bullet point list, don't explain them or expand them","1. What does the Commutative property of multiplication mean?
2. How can I apply the Commutative property of multiplication in my daily life?
3. Can you give an example of how the Commutative property of multiplication works?
4. Are there any other properties of multiplication that I should know about?
5. How do I solve problems using the Commutative property of multiplication?","| Metric | Score | Justification |
|---|---|---|
| Relevance | 5 | All questions directly target the understanding of the Commutative property of multiplication, and nothing else. |
| Coherence | 4 | The questions form a logical sequence, starting with the definition, then moving on to an example, and then expanding to other properties and applications. |
| Diversity | 5 | The questions cover a wide range of aspects related to the Commutative property, including its meaning, application, and related properties. |","| Metric   | Score | Justification                                                                                 |
|----------|-------|----------------------------------------------------------------------------------------------|
| Relevance |  5    | All questions directly pertain to understanding the Commutative property of multiplication.    |
| Coherence |  4    | The questions form a logical progression from defining the property to practical applications.|
| Diversity |  4    | The questions cover various aspects of the topic, including definition, examples, and application.|","

| Metric | Score | Justification |
|---|---|---|
| Coherence | 4 | The questions follow a logical order, starting with defining the concept, then exploring its application, examples, related properties, and problem-solving methods. However, the last question could be more specific to better guide the user. |
| Relevance | 5 | All questions are highly relevant to the given statement, focusing on essential aspects such as definition, real-life application, examples, related properties, and problem-solving techniques. |
| Diversity | 4 | The questions cover"
"Imagine you are a human, this is the first time you are coming across this Maths Statement or Equation, you have no previous knowledge of it "" Nabla . F = 0 (Divergence of a vector field)"", what are the top 5 questions that would pop up in your head which would be most useful in learning about it as you are new to it. Give me a simple bullet point list, don't explain them or expand them","1. What does the symbol 'Nabla' represent?
2. What does the equation mean and how is it used in mathematics?
3. How can I apply this equation in real-world scenarios?
4. Can you provide an example of how this equation works with a specific set of numbers?
5. Are there any other related equations or concepts that I should know about?","| Metric | Score | Justification |
|---|---|---|
| Relevance | 5 | All questions directly relate to the statement, aiming to clarify the concept of divergence. |
| Coherence | 4 | Questions are logically connected, forming a structured inquiry: introducing the concept, exploring its meaning and use, seeking practical applications, and suggesting further exploration. |
| Diversity | 4 | Questions cover a broad range of aspects: definition, application, and related concepts. While some overlap exists (e.g., between questions 2 and 5), each question brings a distinct perspective.","| Metric    | Score | Justification                                                                                      |
|-----------|-------|----------------------------------------------------------------------------------------------------|
| Relevance | 5     | All questions directly pertain to understanding the statement ""Nabla . F = 0""                      |
| Coherence | 4     | The questions progress logically from defining terms to application and related concepts           |
| Diversity | 4     | The questions cover meaning, application, examples, and related content, offering a broad exploration |","

| Metric | Score | Justification |
|---|---|---|
| Relevance | 5 | All questions directly relate to the provided statement, exploring its meaning, application, examples, and related concepts. |
| Coherence | 4 | The questions follow a logical order, moving from basic understanding to more complex ideas like real-world applications and related concepts. |
| Diversity | 5 | A wide range of aspects are covered, including definition, usage, examples, and connections to other ideas. |"
"Imagine you are a human, this is the first time you are coming across this Maths Statement or Equation, you have no previous knowledge of it "" det(A) = 0 (Determinant of matrix A)"", what are the top 5 questions that would pop up in your head which would be most useful in learning about it as you are new to it. Give me a simple bullet point list, don't explain them or expand them","1. What does det(A) represent? 
2. How do I calculate the determinant of a matrix? 
3. Can you give an example of a matrix and its determinant? 
4. What happens if the determinant is zero? 
5. Are there any real-world applications for calculating the determinant of a matrix?","| Metric  | Score  | Justification  |
|---|---|---|
| Relevance  | 5  | All questions directly target key elements of the statement, focusing on the definition, calculation, and implications of the determinant. |
| Coherence  | 5  | The sequence of questions progresses logically, starting with fundamental concepts and gradually exploring more advanced aspects. |
| Diversity  | 5  | The questions cover a wide range of aspects, including the interpretation, calculation, consequences, and applications of the determinant, offering a comprehensive exploration of the topic. |","Metric | Score | Justification
Relevance | 5 | All questions directly relate to the statement about the determinant of a matrix 
Coherence | 4 | The questions progress logically from defining the determinant to its calculation, examples, implications, and applications
Diversity | 4 | The questions cover various aspects such as definition, calculation, examples, implications, and real-world applications of determinants","

| Metric | Score | Justification                                                                                       |
|---------|-------|-----------------------------------------------------------------------------------------------|
| Relevance | 5     | All questions are directly related to the concept of determining the determinant of a matrix. |
| Coherence | 5     | The questions follow a logical progression, starting with defining det(A), then calculation, examples, consequences, and finally applications. |
| Diversity | 5     | Each question explores a distinct aspect of the topic, covering definition, computation, examples, implications, and applications"
"Imagine you are a human, this is the first time you are coming across this Maths Statement or Equation, you have no previous knowledge of it "" e^(λt) (Solution to the differential equation dy/dt = λy)"", what are the top 5 questions that would pop up in your head which would be most useful in learning about it as you are new to it. Give me a simple bullet point list, don't explain them or expand them","1. What does 'e' represent? 
2. What does 'λ' stand for and how do I interpret its value? 
3. How can I solve this differential equation using the given formula? 
4. Can you provide an example of when this equation might be used in real-world applications? 
5. Are there any common mistakes people make when solving this type of equation?","| Metric  | Score  | Justification  |
|---|---|---|
| Relevance  | 4  | The questions are directly and explicitly related to the specific elements and concepts presented in the given statement or scenario, focusing on the immediate context rather than peripheral or advanced topics not directly introduced by the statement. |
| Coherence  | 5  | The questions are closely logically connected to one another and form a coherent line of inquiry that would logically progress a beginner's understanding of the topic. The sequence of questions and their thematic connection facilitate a structured exploration of the statement. |
| Diversity  | 4  | The questions collectively offer a relatively broad exploration of the topic, including definitions, implications, applications, and theoretical underpinnings while maintaining direct relevance to the statement. Each question brings a different dimension or perspective to understanding the statement. |","| Metric   | Score | Justification                                                                                     |
|----------|-------|---------------------------------------------------------------------------------------------------|
| Relevance | 4     | The questions directly pertain to the details and elements of the statement.                      |
| Coherence | 4     | The questions form a logical progression in understanding the equation and its practical usage.  |
| Diversity | 4     | The questions cover various aspects from definitions to real-world applications of the equation. |","

| Metric | Score | Justification                                                                                       |
|---------|-------|-----------------------------------------------------------------------------------------------|
| Relevance | 5     | All questions are directly related to the given statement, aiming to clarify various components. |
| Coherence | 5     | The questions follow a logical order, starting with basic terminology and gradually moving towards application and potential pitfalls. |
| Diversity | 5     | A wide range of aspects are addressed, such as definition, interpretation, solution process, examples, and common errors. |"
"Imagine you are a human, this is the first time you are coming across this Maths Statement or Equation, you have no previous knowledge of it "" γ(n) = (n-1)! (Gamma function for positive integers)"", what are the top 5 questions that would pop up in your head which would be most useful in learning about it as you are new to it. Give me a simple bullet point list, don't explain them or expand them","1. What does the symbol '!', mean? 
2. What is Gamma Function and how is it used? 
3. How do I calculate the value of n-1!? 
4. Can you give an example of when this equation might be used? 
5. Are there any other similar equations or functions related to Gamma Function?","| Metric | Score | Justification |
|---|---|---|
| Relevance | 5 | All questions directly relate to the given statement and aim to clarify essential concepts. |
| Coherence | 3 | The questions are topically connected but could benefit from a logical sequence; for example, question 3 would be more coherent if it followed question 1. |
| Diversity | 4 | The questions cover a range of aspects, including notation, definition, calculation, application, and related concepts. |","| Metric    | Score | Justification                                                                                                  |
|-----------|-------|---------------------------------------------------------------------------------------------------------------|
| Relevance | 4     | The questions directly address the elements in the given statement and aim to clarify its components            |
| Coherence | 3     | The questions flow logically, but there could be a clearer progression in terms of building understanding     |
| Diversity | 4     | The questions cover definitions, applications, examples, and related functions, offering a diverse exploration |","

| Metric | Score | Justification |
|---|---|---|
| Relevance | 5 | All questions directly relate to the statement, asking for clarification on symbols, definition of terms, and application examples. |
| Coherence | 4 | The questions follow a logical order, starting with basic terminology and gradually moving towards more complex topics like usage examples and related equations. |
| Diversity | 5 | A wide range of aspects are covered, such as symbol meaning, Gamma Function definition, calculation methods, practical uses, and connections to other functions. |"
"Imagine you are a human, this is the first time you are coming across this Maths Statement or Equation, you have no previous knowledge of it "" 1/1 + 1/2 + 1/3 + ... + 1/n → ∞ (Harmonic series)"", what are the top 5 questions that would pop up in your head which would be most useful in learning about it as you are new to it. Give me a simple bullet point list, don't explain them or expand them","1. What is a harmonic series?
2. How does the sum of an infinite geometric series approach infinity?
3. Can we use the formula for the sum of an infinite geometric series to calculate the sum of a finite geometric series?
4. Are there any real-world applications of harmonic series?
5. How can we prove that the sum of an infinite geometric series converges or diverges?","| Metric | Score | Justification |
|---|---|---|
| Relevance | 5 | All questions directly pertain to the Harmonic Series and its properties. |
| Coherence | 4 | Questions logically progress from defining the Harmonic Series to exploring its convergence and applications. |
| Diversity | 5 | Questions cover different aspects: definition, convergence, real-world applications, and proof techniques. |","Metric | Score | Justification
Relevance | 5 | All questions directly relate to the given statement about the harmonic series and aim to deepen understanding.
Coherence | 5 | The questions progress logically from defining a harmonic series to exploring its convergence/divergence and real-world applications.
Diversity | 5 | Each question brings a new perspective or dimension to the understanding of the harmonic series, covering definitions, applications, and proofs.","

| Metric | Score | Justification |
|---|---|---|
| Relevance | 5 | All questions are directly related to the concept of the harmonic series and its properties. |
| Coherence | 4 | The questions follow a logical order, moving from basic definitions to more complex concepts like proofs and applications. However, some connections could be made clearer between questions. |
| Diversity | 5 | The questions cover various aspects of the harmonic series, such as its definition, mathematical properties, real-world applications, and methods of proof. |"
"Imagine you are a human, this is the first time you are coming across this Maths Statement or Equation, you have no previous knowledge of it "" [G, G] = G (Commutator subgroup where G is a group)"", what are the top 5 questions that would pop up in your head which would be most useful in learning about it as you are new to it. Give me a simple bullet point list, don't explain them or expand them","1. What does 'G' represent? 
2. What is a commutator subgroup? 
3. How do I know if a group has a commutator subgroup? 
4. What is the significance of the Commutator subgroup? 
5. Can you provide an example of how the Commutator subgroup works?","| Metric | Score | Justification |
|---|---|---|
| Relevance | 5 | All questions directly pertain to the elements and concepts presented in the statement, focusing on clarifying the meaning of 'G', the definition of commutator subgroup, conditions for its existence, its significance, and an example of its application. |
| Coherence | 4 | The sequence of questions forms a logical line of inquiry, starting with the basics and gradually progressing to more advanced concepts. Each question builds upon the previous one, facilitating a structured exploration of the statement. |
| Diversity | 4 | The questions cover a wide range of aspects related to the statement, including definitions, conditions, significance, and applications. They collectively offer a comprehensive exploration of the topic. |","Relevance 4 - The questions directly pertain to the specific details and concepts within the given statement.
Coherence 5 - The questions form a logical progression of understanding, starting with basic definitions and moving towards significance and examples.
Diversity 4 - The questions cover different aspects of the statement, from definitions to examples, offering a broad exploration of the topic.","

| Metric | Score | Justification |
|---|---|---|
| Relevance | 5 | All questions directly relate to the concept of the Commutator Subgroup, asking for definitions, examples, and significance. |
| Coherence | 5 | The questions follow a logical order, starting with basic terminology and building up to more complex ideas like significance and examples. |
| Diversity | 5 | The questions cover various aspects of the Commutator Subgroup, such as its definition, properties, and practical application. |"
"Imagine you are a human, this is the first time you are coming across this Maths Statement or Equation, you have no previous knowledge of it "" ∇ × F = 0 (Curl of a vector field F)"", what are the top 5 questions that would pop up in your head which would be most useful in learning about it as you are new to it. Give me a simple bullet point list, don't explain them or expand them","1. What does ∇ × F represent? 
2. How can I calculate ∇ × F? 
3. What is the significance of Curl of a vector field F? 
4. Can you provide an example of how to use ∇ × F in real-world applications? 
5. Are there any other related concepts or equations that I should know about?","| Metric | Score | Justification |
|---|---|---|
| Relevance | 5 | All questions directly explore the definition, calculation, significance, application, and broader context of the vector curl, effectively uncovering the key elements and concepts within the given Maths Statement. |
| Coherence | 5 | The questions logically progress from defining the vector curl to its calculation, significance, application, and connections to other concepts, offering a coherent and structured line of inquiry. |
| Diversity | 5 | The questions cover a diverse range of aspects, including definition, calculation, significance, application, and related concepts, ensuring a comprehensive exploration of the topic for a beginner. |","| Metric   | Score | Justification                                                                                           |
|----------|-------|---------------------------------------------------------------------------------------------------------|
| Relevance | 5     | All questions directly address the statement or equation, focusing on clarifying key concepts and uses. |
| Coherence | 4     | The questions progress logically, but the sequence could be improved for smoother exploration.           |
| Diversity | 4     | The questions cover various aspects of the statement, including definitions, applications, and related concepts. |","

| Metric | Score | Justification                                                                                       |
|---------|-------|-----------------------------------------------------------------------------------------------|
| Relevance | 5     | All questions are directly relevant to the provided equation, aiming to clarify its meaning, calculation, significance, application, and related concepts. |
| Coherence | 5     | The questions follow a logical order, starting with defining the terms, moving onto calculation, then exploring significance, application, and finally related concepts. This structure allows for a systematic understanding of the equation. |
| Diversity | 5"
"Imagine you are a human, this is the first time you are coming across this Maths Statement or Equation, you have no previous knowledge of it "" z = re^(iθ) (Polar form of a complex number)"", what are the top 5 questions that would pop up in your head which would be most useful in learning about it as you are new to it. Give me a simple bullet point list, don't explain them or expand them","1. What does 'z' represent? 
2. What does're' and 'im' stand for? 
3. How do I calculate 'theta'? 
4. What is the meaning of 'e' in the equation? 
5. Can you provide an example of how to use this formula?","| Metric | Score | Justification |
|---|---|---|
| Relevance | 5 | All five questions directly pertain to the statement and seek to clarify its elements. |
| Coherence | 4 | The sequence of questions follows a logical path, starting with the basics and progressing to more specific details. |
| Diversity | 3 | The questions cover a diverse range of aspects, including definitions, symbols, and potential applications. However, a question on theoretical underpinnings could enhance the diversity. |","Relevance | 4 | The questions directly pertain to the elements and concepts within the given statement, such as 'z', 're', 'im', 'theta', and the meaning of 'e'. 
Coherence | 3 | The questions create a coherent line of inquiry but could be improved by having a more structured progression or flow. 
Diversity | 3 | The questions cover different aspects of the statement, but there could be more diversity in exploring implications, applications, or theoretical underpinnings.

I hope this helps! Let me know if you need anything else.","

| Metric | Score | Justification                                                                       |
|---------|-------|-------------------------------------------------------------------------------|
| Relevance   | 5     | All questions are directly related to the given equation, seeking to clarify its components and usage. |
| Coherence   | 5     | The questions follow a logical order, starting with defining variables and gradually moving towards application and examples. |
| Diversity   | 5     | A wide range of aspects are covered, including variable definitions, calculations, and practical application. |"
"Imagine you are a human, this is the first time you are coming across this Maths Statement or Equation, you have no previous knowledge of it "" P(A ∩ B) = P(A)P(B) for independent events A and B"", what are the top 5 questions that would pop up in your head which would be most useful in learning about it as you are new to it. Give me a simple bullet point list, don't explain them or expand them","1. What does 'P' stand for? 
2. What do 'A' and 'B' represent? 
3. How can I determine if two events are independent? 
4. Can you provide an example of how to use this equation? 
5. Are there any other resources available to help me understand this concept better?","| Metric | Score | Justification |
|---|---|---|
| Relevance | 5 | All questions directly target the provided equation and its components, showing strong relevance to the statement. |
| Coherence | 4 | The questions progress logically, starting with basic concepts (P, A, B), then moving on to event independence, and finally exploring practical applications and additional resources. |
| Diversity | 4 | While primarily focused on understanding the equation, the questions also consider practical aspects (example use case) and external knowledge sources, offering a diverse exploration. |","| Metric   | Score | Justification                                                                                            |
|----------|-------|----------------------------------------------------------------------------------------------------------|
| Relevance|   5   | All questions directly relate to the statement and aim to clarify its elements and concepts.           |
| Coherence|   4   | The questions progress logically, but the flow could be slightly improved for a more structured inquiry.|
| Diversity|   4   | The questions cover different aspects of the statement, but a bit more variety in depth could enrich the exploration. |","

| Metric | Score | Justification |
|---|---|---|
| Relevance | 5 | All questions directly relate to the provided equation without deviating into tangential topics. They focus on clarifying key components such as symbols and event dependencies. |
| Coherence | 5 | The questions follow a logical order, starting with basic terminology and gradually moving towards application and additional resources. This structure allows for a systematic build-up of understanding. |
| Diversity | 5 | Each question explores a distinct aspect of the equation, covering its components, conditions, examples,"
"Imagine you are a human, this is the first time you are coming across this Maths Statement or Equation, you have no previous knowledge of it "" ∂²u/∂t² = c²∂²u/∂x² (One-dimensional wave equation)"", what are the top 5 questions that would pop up in your head which would be most useful in learning about it as you are new to it. Give me a simple bullet point list, don't explain them or expand them","1. What does ∂²u/∂t² represent? 
2. What does c² represent? 
3. What does ∂²u/∂x² represent? 
4. How do these equations relate to waves? 
5. Can you provide an example of how these equations can be used in real-world applications?","| Metric | Score | Justification |
|---|---|---|
| Relevance | 5 | All questions directly relate to key concepts in the wave equation, such as partial derivatives, constant c, and relationship to waves. |
| Coherence | 4 | Questions logically progress from defining terms to understanding the equation and its application. |
| Diversity | 3 | Questions cover various aspects (definitions, relationship, applications), but do not explore theoretical underpinnings or implications. |","| Metric    | Score | Justification                                                                                                   |
|-----------|-------|-----------------------------------------------------------------------------------------------------------------|
| Relevance | 5     | All questions directly pertain to the elements and concepts within the given statement.                         |
| Coherence | 4     | The questions form a coherent line of inquiry progressing from basic definitions to real-world applications.   |
| Diversity | 4     | The questions cover different aspects such as representations, equations, wave connection, and applications.   |","

| Metric | Score | Justification |
|---|---|---|
| Relevance | 5 | All questions are directly related to the equation provided, asking for clarification on its components and potential applications. |
| Coherence | 4 | The questions generally follow a logical order, moving from defining terms to exploring their relationships and potential uses. However, there could be more explicit connections made between questions. |
| Diversity | 5 | A wide range of aspects are covered, including definitions, underlying principles, and practical applications, offering a comprehensive introduction to the topic. |"
"Imagine you are a human, this is the first time you are coming across this Maths Statement or Equation, you have no previous knowledge of it "" ∑(n=1 to ∞) 1/n² = π²/6 (Basel problem solution)"", what are the top 5 questions that would pop up in your head which would be most useful in learning about it as you are new to it. Give me a simple bullet point list, don't explain them or expand them","1. What does the symbol '∑' represent?
2. What do the numbers and letters mean in the equation?
3. How can I solve for 'π'?
4. What is the significance of the Basel problem?
5. Can you provide an example of how to use this equation in real-world applications?","| Metric | Score | Justification |
|---|---|---|
| Relevance | 5 | All questions directly relate to the elements and concepts presented in the statement. |
| Coherence | 4 | The questions logically connect to each other, with each question building upon the previous one to explore different aspects of the statement. |
| Diversity | 4 | The questions cover a range of aspects related to the statement, including the meaning of symbols, the significance of the problem, and real-world applications. |","| Metric   | Score | Justification                                                                                                                    |
|----------|-------|----------------------------------------------------------------------------------------------------------------------------------|
| Relevance | 4     | Questions directly address key components of the statement and seek clarification on relevant terms and concepts.               |
| Coherence | 3     | Questions follow a logical progression, but there could be a clearer link between understanding symbols and real-world applications. |
| Diversity | 3     | The questions cover different aspects of the statement, but there could be more variety in exploring implications and examples.     |","

| Metric | Score | Justification |
|---|---|---|
| Coherence | 4 | The questions follow a logical order, starting with basic notation understanding and gradually moving towards more complex concepts like application and significance. |
| Relevance | 5 | All questions relate directly to the provided equation, addressing its components, meaning, and potential uses. |
| Diversity | 4 | The questions cover various aspects of the equation, such as symbols, values, and practical implications, though some may overlap slightly in scope. |"
"Imagine you are a human, this is the first time you are coming across this Maths Statement or Equation, you have no previous knowledge of it "" Euler's Formula: e^(iθ) = cos(θ) + i*sin(θ)"", what are the top 5 questions that would pop up in your head which would be most useful in learning about it as you are new to it. Give me a simple bullet point list, don't explain them or expand them","1. What does 'e' represent?
2. What does 'i' represent?
3. How do we use 'cos' and'sin'?
4. Can you give an example of how to apply Euler's formula?
5. Are there any other applications for Euler's formula besides trigonometry?","| Metric | Score | Justification |
|---|---|---|
| **Relevance** | 5 | All questions directly pertain to key concepts and details in Euler's Formula, covering the representation of 'e', 'i', trigonometric functions, and applications. |
| **Coherence** | 4 | The questions follow a logical sequence, starting with understanding the individual elements (e and i) and progressing to their application in trigonometry and potential broader uses. |
| **Diversity** | 4 | The questions explore different aspects of Euler's Formula, including definitions, applications, and potential uses beyond trigonometry, providing a broad understanding. |","| Metric   | Score | Justification                                                                                                     |
|----------|-------|-------------------------------------------------------------------------------------------------------------------|
| Relevance| 5     | The questions directly pertain to elements in Euler's Formula and trigonometry, relevant to a beginner's understanding. |
| Coherence| 4     | The questions flow logically, building upon each other to explore different aspects of the formula and its applications.            |
| Diversity| 4     | The questions cover a range of topics like definitions, applications, and additional uses, offering a broad exploration.  |","

| Metric | Score | Justification |
|---|---|---|
| Relevance | 5 | All questions relate directly to the components of Euler's formula, asking for explanations of symbols and functions used. |
| Coherence | 4 | The questions follow a logical order, starting with basic symbol definitions and moving towards more complex applications. However, the final question may seem disconnected from the initial focus on understanding the formula. |
| Diversity | 4 | The questions cover various aspects of Euler's formula, such as its components, usage examples, and potential"
"Imagine you are a human, this is the first time you are coming across this Maths Statement or Equation, you have no previous knowledge of it "" The Fundamental Theorem of Calculus links differentiation and integration"", what are the top 5 questions that would pop up in your head which would be most useful in learning about it as you are new to it. Give me a simple bullet point list, don't explain them or expand them","1. What is calculus?
2. How does differentiation work?
3. How does integration work?
4. What is the relationship between differentiation and integration?
5. Can you give an example of how the Fundamental Theorem of Calculus works?","| Metric | Score | Justification |
|---|---|---|
| Relevance | 4 | The questions directly explore the main concepts mentioned in the statement, such as calculus, differentiation, integration, and their relationship. They delve into the key elements necessary to understand the Fundamental Theorem of Calculus. |
| Coherence | 3 | The questions follow a logical sequence, progressing from basic concepts (calculus, differentiation, integration) to their relationship and finally to an example of the theorem's application. However, questions 2 and 3 could be interchanged without significantly affecting the coherence. |
| Diversity | 3 | The questions cover a range of aspects related to the statement, including the definition of calculus, the processes of differentiation and integration, their connection, and a practical example. While they cover the core aspects, they could delve deeper into the theoretical underpinnings or applications of the theorem. |","| Metric    | Score | Justification                                                                                 |
|-----------|-------|----------------------------------------------------------------------------------------------|
| Relevance | 5     | All questions directly pertain to the statement and focus on understanding calculus concepts  |
| Coherence | 4     | The questions form a logical progression, but the connection between differentiation and integration could be emphasized more for coherence |
| Diversity | 3     | While the questions cover different aspects, more diversity in terms of practical applications or historical context could enhance the exploration |","

| Metric | Score | Justification |
|---|---|---|
| Coherence | 5 | The questions follow a logical progression, starting with basic concepts before moving onto more complex ones. They build upon each other well, creating a clear line of inquiry. |
| Relevance | 5 | All questions are highly relevant to the statement, focusing on key concepts and relationships mentioned. They avoid tangential subjects and maintain a strong focus on the Fundamental Theorem of Calculus. |
| Diversity | 4 | The questions cover various aspects of the theorem, such as"
"Imagine you are a human, this is the first time you are coming across this Maths Statement or Equation, you have no previous knowledge of it "" A vector space includes operations of vector addition and scalar multiplication"", what are the top 5 questions that would pop up in your head which would be most useful in learning about it as you are new to it. Give me a simple bullet point list, don't explain them or expand them","1. What does'vector' mean?
2. How do we add vectors together?
3. What is scalar multiplication?
4. Can you give an example of how these operations work?
5. How can I apply this concept in real-world situations?","| Metric | Score | Justification |
|---|---|---|
| Relevance | 5 | The questions directly address key concepts in the statement, such as the definition of a vector, vector addition, scalar multiplication, and applications. |
| Coherence | 4 | The questions follow a logical sequence, starting with basic definitions and progressing to more advanced concepts and applications. |
| Diversity | 4 | The questions cover a wide range of aspects, including the definition, operations, and applications of vector spaces, providing a well-rounded exploration of the topic. |","Relevance | 5 | The questions directly pertain to the details of vector spaces, vector addition, and scalar multiplication.
Coherence | 4 | The questions logically progress from understanding basic vector concepts to real-world applications.
Diversity | 4 | The questions cover fundamental definitions, operations, examples, and practical use of vector spaces.","

| Metric | Score | Justification |
|---|---|---|
| Coherence | 5 | The questions follow a logical order, starting with defining terms and gradually moving towards application, making it easy for a beginner to understand. |
| Relevance | 5 | All questions are directly relevant to the statement, exploring various aspects of vector spaces, operations, and potential applications. |
| Diversity | 4 | The questions cover multiple dimensions, such as definitions, examples, and applications; however, there could be more focus on theoretical underpinnings. |"
"Imagine you are a human, this is the first time you are coming across this Maths Statement or Equation, you have no previous knowledge of it "" The eigenvalues of a matrix are roots of its characteristic equation"", what are the top 5 questions that would pop up in your head which would be most useful in learning about it as you are new to it. Give me a simple bullet point list, don't explain them or expand them","1. What is an eigenvalue?
2. What is a matrix?
3. What is a characteristic equation?
4. How do I find the eigenvalues of a matrix?
5. What is the significance of eigenvalues in linear algebra?","| Metric   | Score | Justification                                                                                                                                            |
|---|---|---|
| Relevance | 5     | All questions directly target fundamental concepts and definitions introduced in the statement, providing a solid foundation for understanding the relationship between eigenvalues and the characteristic equation of a matrix. |
| Coherence | 4     | The questions logically connect to one another, sequentially building upon prior concepts: defining eigenvalues (1) and matrices (2) before introducing the characteristic equation (3) and its role in finding eigenvalues (4), culminating in the significance of eigenvalues in linear algebra (5). |
| Diversity | 4     | The questions cover a range of aspects, encompassing definitions (1, 2), key relationships (3, 4), and broader theoretical implications (5), offering a well-rounded exploration of the statement. |","| Metric     | Score | Justification                                                                                     |
|------------|-------|---------------------------------------------------------------------------------------------------|
| Relevance  | 5     | All questions directly pertain to the elements introduced in the statement                         |
| Coherence  | 4     | The questions form a logical progression in understanding eigenvalues and their relevance          |
| Diversity  | 5     | Each question introduces a different aspect crucial to comprehending the statement                 |","

| Metric | Score | Justification |
|---|---|---|
| Coherence | 5 | All questions follow a logical order, starting with basic definitions and gradually moving towards more complex concepts like finding eigenvalues and their significance. |
| Relevance | 5 | Every question is highly relevant to the main statement, addressing essential components such as matrices, eigenvalues, and the characteristic equation. |
| Diversity | 5 | A wide range of aspects related to the statement are covered, including definitions, methods for calculation, and broader importance in linear algebra. |"
"Imagine you are a human, this is the first time you are coming across this Maths Statement or Equation, you have no previous knowledge of it "" The probability of the union of two events A and B is P(A ∪ B) = P(A) + P(B) - P(A ∩ B)"", what are the top 5 questions that would pop up in your head which would be most useful in learning about it as you are new to it. Give me a simple bullet point list, don't explain them or expand them","1. What does 'union' mean?
2. How do I calculate the probability of an event?
3. What is the formula for calculating the probability of the union of two events?
4. Can you give an example of how to use this formula?
5. Are there any other formulas or concepts related to probability that I should know?","| Metric | Score | Justification |
|---|---|---|
| Relevance | 4 | The questions directly pertain to the statement, focusing on key concepts such as 'union', probability, and formulas, relevant to understanding the statement. |
| Coherence | 4 | The questions progress logically, starting with basic concepts and gradually moving towards the formula and its application, allowing for a structured exploration of the statement. |
| Diversity | 3 | While the questions cover a range of aspects, they primarily focus on the calculation and interpretation of probabilities without delving into broader theoretical underpinnings or implications, limiting the diversity of exploration. |","| Metric    | Score | Justification                                                                                       |
|-----------|-------|-----------------------------------------------------------------------------------------------------|
| Relevance | 4     | Questions 2, 3, and 4 directly address the statement regarding probability of union of events.    |
| Coherence | 3     | Questions are logically connected but could benefit from a clearer progression in understanding. |
| Diversity | 3     | Questions cover basic concepts of probability but could explore more related concepts in depth.   |","

| Metric | Score | Justification |
|---|---|---|
| Relevance | 5 | All questions are directly relevant to the statement, aiming to clarify and expand upon its components. |
| Coherence | 4 | The questions generally follow a logical order, moving from basic concepts to more complex considerations. However, some connections could be clearer, such as between the definition of union and the calculation of probabilities. |
| Diversity | 5 | The questions cover various aspects of the statement, including definitions, calculations, examples, and related concepts, offering a"
"Imagine you are a human, this is the first time you are coming across this Maths Statement or Equation, you have no previous knowledge of it "" A function f(x) is continuous at x = a if lim_(x→a) f(x) = f(a)"", what are the top 5 questions that would pop up in your head which would be most useful in learning about it as you are new to it. Give me a simple bullet point list, don't explain them or expand them","1. What does it mean for a function to be continuous? 
2. How do I find the limit of a function? 
3. What is the definition of a derivative? 
4. How can I determine if a function has a derivative at a specific point? 
5. Can you provide an example of how to use these concepts together?","| Metric | Score | Justification |
|---|---|---|
| Relevance | 5 | All questions directly relate to the statement, clarifying essential concepts such as continuity, limits, and derivatives. |
| Coherence | 4 | Questions 1 and 2 form a logical sequence, leading to a foundational understanding of continuity and limits. Questions 3, 4, and 5 introduce derivatives, which are closely related to continuity but could be considered a separate topic. |
| Diversity | 4 | The questions cover a range of aspects, including definitions (continuity, limits, derivatives), methods (finding limits, determining differentiability), and applications (relating continuity, limits, and derivatives). |","Metric     | Score | Justification
Relevance  |   3    | The questions cover relevant topics related to functions, limits, and derivatives, but some are tangential to the specific statement about continuity.
Coherence  |   2    | The questions lack a coherent progression, jumping between different concepts without a clear connection or logical flow.
Diversity  |   3    | There is some diversity in the topics covered, including continuity, limits, derivatives, and examples, but additional facets of the statement could be explored.","

| Metric | Score | Justification |
|---|---|---|
| Relevance | 5 | All questions are directly related to the concept of continuity and its components, such as limits and derivatives. |
| Coherence | 4 | The questions follow a logical order, starting with general concepts and gradually moving towards more specific applications. However, there is room for better thematic connections between questions. |
| Diversity | 4 | The questions cover various aspects of continuity, like defining it, finding limits, determining derivatives, and applying these ideas in examples. Still,"
"Imagine you are a human, this is the first time you are coming across this Maths Statement or Equation, you have no previous knowledge of it "" The Laplace transform converts a time-domain function into a frequency-domain representation"", what are the top 5 questions that would pop up in your head which would be most useful in learning about it as you are new to it. Give me a simple bullet point list, don't explain them or expand them","1. What does Laplace Transform mean? 
2. How does Laplace Transform convert a time-domain function into a frequency-domain representation? 
3. What are some real-world applications of Laplace Transform? 
4. Can you provide an example of how to use Laplace Transform? 
5. Are there any limitations or drawbacks to using Laplace Transform?","| Metric | Score | Justification |
|---|---|---|
| Relevance | 5 | The questions directly target the key points mentioned in the statement, delving into the meaning, process, applications, and limitations of the Laplace Transform. |
| Coherence | 4 | The sequence of questions flows logically, starting with a basic definition and purpose, progressing to applications and technical aspects, and finally addressing potential drawbacks, leading the learner gradually through the concept. |
| Diversity | 5 | The questions cover a wide range of aspects, including definition, application, process, limitations, and examples, providing a comprehensive exploration of the topic from different perspectives. |","Relevance         5       The questions directly address key aspects of the statement and seek clarification.
Coherence        4       The questions form a logical progression of inquiry, with a clear focus on understanding.
Diversity          4       The questions cover various aspects of Laplace Transform, offering a broad exploration.

(Note: Individual scores may vary based on personal evaluation criteria.)","

| Metric | Score | Justification |
|---|---|---|
| Relevance | 5 | All questions are directly related to the concept of Laplace Transform and its application, providing a comprehensive overview of the topic. |
| Coherence | 5 | The questions follow a logical order, starting with basic understanding and gradually moving towards more complex aspects like examples and limitations. This structure allows for a systematic exploration of the topic. |
| Diversity | 5 | The questions cover various dimensions of the Laplace Transform, such as definition, methodology, applications, examples, and"
"Imagine you are a human, this is the first time you are coming across this Maths Statement or Equation, you have no previous knowledge of it "" If a series ∑a_n converges, then lim_(n→∞) a_n = 0"", what are the top 5 questions that would pop up in your head which would be most useful in learning about it as you are new to it. Give me a simple bullet point list, don't explain them or expand them","1. What does the symbol '∑' mean? 
2. What does 'a_n' represent in the equation? 
3. How do we determine if a series converges or diverges? 
4. What is the significance of the limit (lim(n→∞)) in the equation? 
5. Can you provide an example of how this equation can be applied in real-world scenarios?","| Metric | Score | Justification |
|---|---|---|
| Relevance | 5 | All questions directly relate to key concepts and elements within the statement, providing a clear focus on understanding its meaning and implications. |
| Coherence | 4 | The questions form a logical sequence, leading from basic definitions to deeper exploration of convergence and limits, demonstrating a coherent progression of inquiry. |
| Diversity | 4 | The questions cover various aspects of the statement, including the meaning of notation, significance of convergence, the role of limits, and practical applications, offering a well-rounded exploration of the topic. |","Relevance
1. 4 - Questions 1, 2, 3, and 4 directly pertain to the details and concepts presented in the statement.
2. Coherence
   - 5 - The questions form a coherent line of inquiry, progressing from understanding symbols to the significance of the limit in the equation.
3. Diversity
   - 4 - The questions cover a range of aspects related to the statement, but could benefit from more exploration of practical applications.
","

| Metric | Score | Justification |
|---|---|---|
| Coherence | 5 | The questions follow a logical order, starting with basic terminology and gradually moving towards more complex concepts like convergence and application. |
| Relevance | 5 | All questions relate directly to the provided statement, exploring its components and implications without straying into irrelevant tangents. |
| Diversity | 4 | The questions cover various aspects of the statement, such as symbols, variables, methods of determination, limits, and practical uses. However, they could delve deeper into theoretical underp"
"Imagine you are a human, this is the first time you are coming across this Maths Statement or Equation, you have no previous knowledge of it "" In a group (G, ), for each element a in G, there exists an inverse element a^(-1) such that aa^(-1) = e"", what are the top 5 questions that would pop up in your head which would be most useful in learning about it as you are new to it. Give me a simple bullet point list, don't explain them or expand them","1. What does 'inverse' mean?
2. How do I find the inverse of an element in a group?
3. Can every element in a group have an inverse?
4. What happens if an element doesn't have an inverse?
5. How can I use the concept of inverses in solving problems related to groups?","| Metric | Score | Justification |
|---|---|---|
| Relevance | 5 | All questions are directly related to the provided statement about inverses in groups, focusing on the concept of inverse elements, their existence and properties, and their applications in group theory. |
| Coherence | 4 | The questions flow logically from one another, starting with the basic definition of inverse elements, then exploring their existence and potential absence, and finally considering their practical applications. The sequence facilitates a structured progression of understanding. |
| Diversity | 5 | The questions encompass a wide range of aspects related to the statement, including the definition of inverse elements, methods for finding inverses, the conditions for their existence, the implications of their absence, and their practical applications. They cover different dimensions of the concept, providing a comprehensive exploration. |","| Metric   | Score | Justification                                                                                              |
|----------|-------|------------------------------------------------------------------------------------------------------------|
| Relevance|   5   | All questions directly relate to understanding the concept of inverse elements in a group.                |
| Coherence|   4   | The questions progress logically from defining inverses to applying them in problem-solving.             |
| Diversity|   4   | The questions cover finding, existence, consequences, and application of inverses, providing breadth.    |","

| Metric | Score | Justification |
|---|---|---|
| Relevance | 5 | All questions directly relate to the statement, aiming to clarify key terms and concepts. |
| Coherence | 5 | The questions follow a logical order, moving from basic definition to application, allowing for a structured exploration of the topic. |
| Diversity | 5 | The questions cover various aspects of the statement, including definitions, conditions, exceptions, and potential problem-solving strategies. |"
"Imagine you are a human, this is the first time you are coming across this Maths Statement or Equation, you have no previous knowledge of it "" The surface area of a sphere is 4πr²"", what are the top 5 questions that would pop up in your head which would be most useful in learning about it as you are new to it. Give me a simple bullet point list, don't explain them or expand them","1. What does '4π' represent?
2. What does 'r²' mean?
3. How do I calculate the surface area of a sphere using this equation?
4. Can you provide an example of how to use this equation?
5. Are there any other formulas related to spheres that I should know about?","| Metric | Score | Justification |
|---|---|---|
| Relevance | 5 | The questions are directly related to the statement ""The surface area of a sphere is 4πr²"" and aim to clarify its components and usage. |
| Coherence | 3 | The questions form a logical sequence, starting with the definition of terms and progressing to calculation and examples. However, question 5 slightly deviates from the direct exploration of the statement. |
| Diversity | 4 | The questions cover multiple aspects of the statement, including definitions, calculation, and related concepts. However, they could explore a broader range of applications or theoretical underpinnings. |","Metric         Score   Justification
Relevance      4       The questions directly relate to understanding the given statement about the surface area of a sphere.
Coherence      3       The questions follow a logical sequence, but could be connected more seamlessly to enhance coherence.
Diversity      4       The questions cover different aspects of the statement, offering varied perspectives for exploration.","

| Metric | Score | Justification |
|---|---|---|
| Coherence | 5 | All questions follow a logical order, starting with basic components and gradually moving towards practical application. |
| Relevance | 5 | Every question directly relates to the formula provided, aiming to clarify its various parts and usage. |
| Diversity | 4 | Although all questions focus on understanding the formula, they cover multiple dimensions such as definition, calculation, examples, and related formulas. |"
"Imagine you are a human, this is the first time you are coming across this Maths Statement or Equation, you have no previous knowledge of it "" Stokes' Theorem relates a surface integral over a surface S to a line integral around the boundary curve of S"", what are the top 5 questions that would pop up in your head which would be most useful in learning about it as you are new to it. Give me a simple bullet point list, don't explain them or expand them","1. What does Stokes' theorem relate? 
2. How does it relate a surface integral and a line integral? 
3. Can you provide an example of how it works? 
4. Are there any real-world applications for Stokes' theorem? 
5. How can I use Stokes' theorem in my own work?","| Metric | Score | Justification |
|---|:---:|:---|
| Relevance | 5 | All questions directly relate to the key elements and concepts of Stokes' theorem. |
| Coherence | 4 | The questions are logically connected, starting with a broad overview and gradually delving into specifics and applications. |
| Diversity | 3 | The questions cover a range of aspects, including the theorem's definition, relation between integrals, example, applications, and personal use, but they could benefit from exploring more theoretical underpinnings. |","Relevance      4      The questions directly pertain to the details and concepts presented in the statement, focusing on understanding Stokes' Theorem.
Coherence      3      The questions form a logical progression in exploring the theorem, but could be more tightly connected to enhance coherence.
Diversity      3      The questions cover various aspects of understanding Stokes' Theorem, but could include more depth in exploring implications or theoretical underpinnings.","

| Metric | Score | Justification |
|---|---|---|
| Relevance | 5 | All questions directly pertain to the statement, exploring its components, applications, and usage. |
| Coherence | 5 | The questions follow a logical order, moving from basic understanding to practical application. |
| Diversity | 5 | A wide range of aspects are covered, including definition, examples, applications, and personal utility. |"
"Imagine you are a human, this is the first time you are coming across this Maths Statement or Equation, you have no previous knowledge of it "" A holomorphic function is complex differentiable in a neighborhood of every point in its domain"", what are the top 5 questions that would pop up in your head which would be most useful in learning about it as you are new to it. Give me a simple bullet point list, don't explain them or expand them","1. What does ""complex differentiable"" mean? 
2. How do we define a neighborhood around a point? 
3. Can you give an example of a holomorphic function? 
4. Why is it important for a function to be complex differentiable? 
5. How can we use this definition to prove other properties of functions?","| Metric | Score | Justification |
|---|---|---|
| Relevance | 5 | All questions directly pertain to the statement and aim to clarify or expand upon its elements. |
| Coherence | 4 | The questions form a logical sequence, with each question building on the previous one to deepen understanding. |
| Diversity | 4 | The questions cover a range of aspects, including definitions, examples, importance, and applications. |","Metric | Score | Justification
Relevance | 5 | All questions directly pertain to the details and concepts introduced in the statement about holomorphic functions. 
Coherence | 4 | The questions form a logical progression in understanding holomorphic functions, but there could be a clearer connection between defining a neighborhood and the importance of complex differentiability.
Diversity | 4 | The questions cover various aspects like definitions, examples, importance, and applications of holomorphic functions. However, there could be more diversity in exploring implications and theoretical underpinnings.","

| Metric | Score | Justification |
|---|---|---|
| Coherence | 5 | The questions follow a logical order, starting with defining key terms and moving towards more advanced topics like application and proofs. |
| Relevance | 5 | All questions directly relate to the statement, exploring various aspects such as terminology, examples, importance, and potential uses. |
| Diversity | 5 | The questions cover multiple dimensions of the statement, providing a comprehensive introduction to the concept of holomorphic functions. |"
"Imagine you are a human, this is the first time you are coming across this Maths Statement or Equation, you have no previous knowledge of it "" The Cantor set is an example of a fractal, known for its property of being uncountably infinite yet having zero measure"", what are the top 5 questions that would pop up in your head which would be most useful in learning about it as you are new to it. Give me a simple bullet point list, don't explain them or expand them","1. What does ""uncountably infinite"" mean?
2. How can something with zero measure still be considered infinite?
3. Can you provide more examples of fractals?
4. How is the Cantor set constructed and why is it significant?
5. Are there any real-world applications of the Cantor set?","| Metric | Score | Justification |
|---|---|---|
| Relevance | 5 | All questions are directly related to the main concepts presented in the statement, such as uncountability, zero measure, and the nature of fractals. |
| Coherence | 4 | The questions progress logically, with each building upon the previous one to deepen the understanding of the Cantor set. |
| Diversity | 3 | The questions cover a good range of aspects, including the definition of terms, construction, significance, and applications. However, they could explore more theoretical underpinnings or implications of the Cantor set. |","| Metric   | Score | Justification                                                                                         |
|----------|-------|-------------------------------------------------------------------------------------------------------|
| Relevance| 5     | All questions directly pertain to the details and concepts presented in the statement.                |
| Coherence| 4     | The questions form a coherent line of inquiry, but the sequence could be slightly improved for better progression.|
| Diversity| 5     | The questions cover various aspects such as definitions, construction, examples, and applications of the Cantor set.|","

| Metric | Score | Justification |
|---|---|---|
| Relevance | 5 | All questions relate directly to the key points of the statement, providing a comprehensive introduction to the concept. |
| Coherence | 4 | The questions follow a logical order, moving from basic definitions to broader implications and applications. However, some connections could be made clearer between questions. |
| Diversity | 5 | A wide range of aspects related to the statement are explored, including definitions, properties, construction, significance, and applications. |"
"Imagine you are a human, this is the first time you are coming across this Maths Statement or Equation, you have no previous knowledge of it "" Pascal's Triangle is used to find the coefficients of the binomial expansion"", what are the top 5 questions that would pop up in your head which would be most useful in learning about it as you are new to it. Give me a simple bullet point list, don't explain them or expand them","1. What is Pascal's Triangle? 
2. How does Pascal's Triangle work? 
3. What are the applications of Pascal's Triangle? 
4. Can you provide an example of how Pascal's Triangle can be used? 
5. Are there any other related concepts or formulas I should know about?","| Metric | Score | Justification |
|---|---|---|
| Relevance | 5 | All questions are directly related to the given statement, seeking to understand what Pascal's Triangle is, how it works, and its applications. |
| Coherence | 4 | Questions form a logical sequence, starting with the basics and progressing to more advanced concepts. The sequence facilitates a structured exploration of the topic. |
| Diversity | 3 | Questions cover a range of aspects, including definition, functionality, and practical applications. However, they could explore more theoretical underpinnings or potential limitations. |","Metrics | Score | Justification
Relevance | 5 | All questions directly relate to the statement about Pascal's Triangle and its application in finding binomial expansion coefficients.
Coherence | 4 | The questions flow logically from understanding the basics of Pascal's Triangle to its applications and related concepts, but the sequence could be improved for a more structured inquiry.
Diversity | 4 | The questions cover different aspects such as definition, working, examples, applications, and related concepts, providing a diverse exploration of the topic.","

| Metric | Score | Justification |
|---|---|---|
| Relevance | 5 | All questions are directly relevant to the statement, exploring various aspects of Pascal's Triangle and its uses. |
| Coherence | 4 | The questions generally follow a logical order, moving from basic understanding to more complex applications, though some connections could be clearer. |
| Diversity | 5 | A wide range of aspects are covered, including definition, functionality, examples, and related concepts, offering a comprehensive introduction to the topic. |"
"Imagine you are a human, this is the first time you are coming across this Maths Statement or Equation, you have no previous knowledge of it "" The Four Color Theorem states that any map in a plane can be colored using four colors in such a way that regions sharing a common boundary do not share the same color"", what are the top 5 questions that would pop up in your head which would be most useful in learning about it as you are new to it. Give me a simple bullet point list, don't explain them or expand them","1. What does the Four Color Theorem state?
2. How does the theorem work?
3. Can you give an example of how the theorem applies to maps?
4. Are there any limitations to the theorem?
5. Who discovered the Four Color Theorem and when was it proven?","| Metric | Score | Justification |
|---|---|---|
| Relevance | 5 | All questions directly and comprehensively address the elements and concepts presented in the statement, aiming to clarify and expand on the Four Color Theorem's definition and implications. |
| Coherence | 4 | The questions display a logical progression, starting with a general understanding of the theorem's statement, moving to its application and limitations, and concluding with its historical context. While there could be more explicit connections between questions 2 and 3, the overall progression is coherent. |
| Diversity | 3 | The questions cover a range of aspects related to the Four Color Theorem, including its definition, application, limitations, and historical background. However, questions 1 and 2 address similar aspects, and the exploration of theoretical underpinnings or advanced applications could be expanded upon. |","| Metric    | Score | Justification                                                                                      |
|-----------|-------|----------------------------------------------------------------------------------------------------|
| Relevance | 5     | The questions are directly related to the statement, focusing on understanding the theorem itself. |
| Coherence | 4     | The questions progress logically, but there could be a clearer flow in exploring the topic.       |
| Diversity | 3     | While the questions cover different aspects of the theorem, more varied perspectives could be included. |","

| Metric | Score | Justification |
|---|---|---|
| Coherence | 5 | The questions follow a logical order, starting with understanding the theorem, followed by its application, limitations, and history. |
| Relevance | 5 | All questions directly relate to the theorem, asking for clarification, examples, limitations, and background. |
| Diversity | 4 | The questions cover various aspects of the theorem, though could benefit from exploring more unique dimensions like real-world applications or mathematical proof techniques. |"
"Imagine you are a human, this is the first time you are coming across this Maths Statement or Equation, you have no previous knowledge of it "" The Sylow theorems provide conditions under which a finite group contains subgroups of a given order"", what are the top 5 questions that would pop up in your head which would be most useful in learning about it as you are new to it. Give me a simple bullet point list, don't explain them or expand them","1. What is a finite group?
2. What does it mean for a group to contain subgroups of a given order?
3. How do the Sylow theorems help us understand this relationship between groups and their subgroups?
4. Can you give an example of how the Sylow theorems can be applied to solve a problem involving finite groups and subgroups?
5. Are there any limitations or assumptions made when using the Sylow theorems in group theory?","| Metric | Score | Justification |
|---|---|---|
| Relevance | 4 | The questions are directly related to the statement, exploring the concept of finite groups, subgroups, and the role of Sylow theorems in understanding their relationship. |
| Coherence | 3 | The questions progress logically, starting with basic concepts and gradually moving towards the theorem's implications and applications. However, the connection between questions 3 and 4 could be strengthened for better flow. |
| Diversity | 5 | The questions cover various aspects, including definitions (1), relationships (2, 3), applications (4), and limitations (5), providing a comprehensive exploration of the topic. |","| Metric   | Score | Justification                                                                                                                                            |
|----------|-------|-----------------------------------------------------------------------------------------------------------------------------------------------------------|
| Relevance  | 5     | All questions directly relate to the elements and concepts presented in the statement about the Sylow theorems and their application in group theory.   |
| Coherence | 4     | The questions progress logically from defining terms to exploring applications and limitations, forming a coherent line of inquiry for beginners.         |
| Diversity  | 4     | The questions cover a range of aspects such as definitions, applications, and limitations, offering a diverse exploration of the topic for a beginner. |","

| Metric | Score | Justification |
|---|---|---|
| Coherence | 5 | The questions follow a logical progression, starting with defining basic terms and gradually moving towards more complex topics like examples and limitations. |
| Relevance | 5 | All questions are directly relevant to the Sylow theorems, exploring various aspects such as definition, application, and limitations. |
| Diversity | 5 | A wide range of aspects related to the Sylow theorems are covered, providing a comprehensive introduction to the topic. |"
"Imagine you are a human, this is the first time you are coming across this Maths Statement or Equation, you have no previous knowledge of it "" The Möbius strip is a surface with only one side and only one boundary component"", what are the top 5 questions that would pop up in your head which would be most useful in learning about it as you are new to it. Give me a simple bullet point list, don't explain them or expand them","1. What does'surface' mean?
2. How many sides does a normal object have?
3. What is a boundary component?
4. Can you give an example of a surface with only one side?
5. Why is the Möbius strip unique compared to other surfaces?","| Metric | Score | Justification |
|---|---|---|
| Relevance | 4 | The questions directly address the key elements of the statement: ""surface,"" ""one side,"" and ""boundary component."" |
| Coherence | 3 | The questions follow a logical progression, starting with basic definitions and progressing to more specific inquiries about the Möbius strip. However, the transition from question 3 to question 4 could be more coherent. |
| Diversity | 3 | The questions cover a range of aspects, including definitions (question 1), comparisons (question 2), examples (question 4), and uniqueness (question 5). However, question 3 is a bit redundant, as it essentially repeats the concept of ""one side."" |","Metric         Score    Justification
Relevance      5          The questions directly address key concepts in the statement, such as surface, sides, and boundary component.
Coherence      4          The questions flow logically from basic definitions to comparisons with other surfaces, providing a structured inquiry.
Diversity      4          The questions cover a range of aspects related to the Möbius strip, introducing definitions, examples, and uniqueness.","

| Metric | Score | Justification |
|---|---|---|
| Coherence | 4 | The questions follow a logical order, starting with basic terminology and gradually moving towards more complex concepts like 'boundary component'. However, there is room for improvement in terms of creating a stronger link between questions 3 and 4. |
| Relevance | 5 | All questions are highly relevant to the statement, focusing on key terms and exploring the uniqueness of the Möbius strip. |
| Diversity | 4 | While the questions cover various aspects such as definition,"
"Imagine you are a human, this is the first time you are coming across this Maths Statement or Equation, you have no previous knowledge of it "" The Riemann Hypothesis proposes that all non-trivial zeros of the analytical continuation of the Riemann zeta function have a real part of 1/2"", what are the top 5 questions that would pop up in your head which would be most useful in learning about it as you are new to it. Give me a simple bullet point list, don't explain them or expand them","- What is the Riemann zeta function?
- How does the Riemann hypothesis relate to the Riemann zeta function?
- Why is the Riemann hypothesis important in mathematics and science?
- Who proposed the Riemann hypothesis and when was it first formulated?
- What evidence do we currently have for or against the Riemann hypothesis?","| Metric | Score | Justification |
|---|---|---|
| Relevance | 5 | All questions directly relate to the statement and aim to clarify and explore its elements. |
| Coherence | 4 | The questions form a logical progression, starting from defining the Riemann zeta function, then connecting it to the Riemann hypothesis, and finally discussing its importance, history, and current status. |
| Diversity | 3 | The questions cover a range of aspects, including definitions, relationships, importance, history, and evidence, but do not delve into the mathematical details or applications of the hypothesis. |","| Metric   | Score | Justification                                                                                                          |
|----------|-------|-----------------------------------------------------------------------------------------------------------------------|
| Relevance|   5   | The questions directly pertain to the Riemann Hypothesis and its related concepts such as the Riemann zeta function.   |
| Coherence|   4   | The questions form a logical progression in understanding the Riemann Hypothesis, though a slightly clearer connection between them would improve coherence.|
| Diversity|   4   | The questions cover different aspects of the Riemann Hypothesis, its origin, importance, relation to the function, and current evidence, providing a diverse exploration. |","

| Metric | Score | Justification |
|---|---|---|
| Coherence | 4 | The questions follow a logical order, starting with understanding the basic concept and gradually moving towards its significance, origin, and evidence. However, there could be room for more explicit connections between the questions. |
| Relevance | 5 | All questions are highly relevant to the Riemann Hypothesis, addressing fundamental aspects such as the Riemann zeta function, importance, history, and evidence. |
| Diversity | 5 | The questions cover various dimensions of the Riem"
"Imagine you are a human, this is the first time you are coming across this Maths Statement or Equation, you have no previous knowledge of it "" The Fibonacci sequence is defined by the recurrence relation F(n) = F(n-1) + F(n-2), with seed values F(0) = 0, F(1) = 1"", what are the top 5 questions that would pop up in your head which would be most useful in learning about it as you are new to it. Give me a simple bullet point list, don't explain them or expand them","- What is the definition of the Fibonacci sequence?
- How does the recurrence relation work?
- What are the seed values for the sequence?
- Can you provide an example of how the sequence works?
- Are there any real-world applications of the Fibonacci sequence?","| Metric | Score | Justification |
|---|---|---|
| Relevance | 5 | All questions directly address elements or concepts presented in the statement, seeking clarification on definition, formula, seed values, and applications. |
| Coherence | 4 | Questions follow a logical sequence, with each question naturally leading to the next, forming a coherent line of inquiry. |
| Diversity | 4 | Questions cover a range of aspects, including definition, formula, real-world applications, and an example that showcases the sequence's operation. |","Metric | Score | Justification
Relevance | 5 | All questions directly pertain to the details and elements of the Fibonacci sequence as presented in the statement.
Coherence | 4 | The questions flow logically from defining the sequence to exploring its working and applications, but the example could have been placed earlier in the sequence for better coherence.
Diversity | 4 | The questions cover various aspects of the Fibonacci sequence including definition, operation, application, and example, offering a well-rounded exploration.","

| Metric | Score | Justification |
|---|---|---|
| Relevance | 5 | All questions are directly related to the Fibonacci sequence, its definition, and applications, demonstrating high relevance to the provided statement. |
| Coherence | 4 | The questions generally follow a logical order, moving from basic definitions to more complex applications, although some may argue that the final question about real-world applications could be replaced with a more foundational question about patterns within the sequence. |
| Diversity | 5 | The questions cover various aspects of the Fib"
"Imagine you are a human, this is the first time you are coming across this Maths Statement or Equation, you have no previous knowledge of it "" Erdős numbers measure the collaborative distance in authorship of mathematical papers between an author and prolific mathematician Paul Erdős"", what are the top 5 questions that would pop up in your head which would be most useful in learning about it as you are new to it. Give me a simple bullet point list, don't explain them or expand them","1. What does Erdős number measure?
2. Who is Paul Erdős?
3. How do Erdős numbers relate to collaboration in mathematics?
4. Can you provide examples of how Erdős numbers work?
5. Are there any other mathematicians besides Paul Erdős who have Erdős numbers?","| Metric | Score | Justification |
|---|---|---|
| Relevance | 5 | The questions directly target the key concepts mentioned in the statement: Erdős numbers, measuring collaborative distance in authorship, and connection to Paul Erdős. |
| Coherence | 4 | The questions form a logical progression, starting with a general understanding of Erdős numbers (Q1), delving into the significance of Paul Erdős (Q2), and then exploring the relationship between Erdős numbers and collaboration in mathematics (Q3, Q4). |
| Diversity | 3 | The questions cover multiple aspects of Erdős numbers: their nature (Q1), the role of Paul Erdős (Q2), their relation to collaboration (Q3, Q4), and their applicability beyond Erdős himself (Q5). However, further diversity in perspectives or applications could enhance the exploration. |","Metric       | Score | Justification
Relevance   | 4         | The questions directly pertain to the details of Erdős numbers and their relevance to collaboration in mathematics, as well as the concept of Erdős numbers and other mathematicians with such numbers.
Coherence  | 3         | The questions form a logical progression of inquiry, starting with defining Erdős numbers and leading to examples and related mathematicians. However, the flow could be improved for clearer coherence.
Diversity     | 4         | The questions cover a range of aspects related to Erdős numbers, including definitions, examples, and related mathematicians, offering a diverse exploration of the topic.","

| Metric | Score | Justification |
|---|---|---|
| Coherence | 5 | The questions follow a logical order, starting with understanding the concept, introducing the key figure, then delving into the relationship, providing examples, and finally considering potential extensions. |
| Relevance | 5 | All questions are directly relevant to the provided statement, focusing on essential aspects like definition, context, and implications. |
| Diversity | 4 | The questions cover various dimensions of the concept, such as its nature, background, function, application, and possible generalization. However,"
"Imagine you are a human, this is the first time you are coming across this Maths Statement or Equation, you have no previous knowledge of it "" The Banach-Tarski Paradox shows that a solid ball in 3-dimensional space can be split into a finite number of non-overlapping pieces, which can then be reassembled into two solid balls of the original size"", what are the top 5 questions that would pop up in your head which would be most useful in learning about it as you are new to it. Give me a simple bullet point list, don't explain them or expand them","1. What is the Banach-Tarski paradox?
2. How does it work?
3. Why is it important?
4. Can it be applied to other shapes and dimensions?
5. Are there any real-world applications for this concept?","| Metric | Score | Justification |
|---|---|---|
| Relevance | 5 | All questions directly relate to the Banach-Tarski paradox, aiming to understand its nature, mechanism, significance, applicability, and implications. |
| Coherence | 4 | The questions follow a logical order, starting with the basic concept, moving to its mechanics, and then exploring its implications and potential applications. The sequence facilitates a structured inquiry. |
| Diversity | 5 | The questions cover a wide range of aspects, including definition, operation, significance, generalizability, and application, providing a comprehensive exploration of the Banach-Tarski paradox. |","| Metric    | Score | Justification                                                                                              |
| --------- | ----- | ---------------------------------------------------------------------------------------------------------- |
| Relevance | 4     | The questions directly target understanding the Banach-Tarski Paradox and its implications.              |
| Coherence | 4     | The questions progress logically from defining the paradox to exploring its applications and real-world impact. |
| Diversity | 3     | While the questions cover important aspects, they could benefit from including more depth or historical context.   |","

| Metric | Score | Justification |
|---|---|---|
| Relevance | 5 | All questions directly relate to the Banach-Tarski Paradox, its functionality, significance, and applicability. |
| Coherence | 4 | The questions follow a logical order, moving from basic understanding to more complex considerations like applications and dimensional implications. However, some connections could be clearer between questions. |
| Diversity | 5 | A wide range of aspects are addressed, such as definition, process, importance, dimensionality, and practical uses, providing a comprehensive"
"Imagine you are a human, this is the first time you are coming across this Maths Statement or Equation, you have no previous knowledge of it "" The Poincaré Conjecture states that every simply connected, closed 3-manifold is homeomorphic to the 3-sphere"", what are the top 5 questions that would pop up in your head which would be most useful in learning about it as you are new to it. Give me a simple bullet point list, don't explain them or expand them","1. What does ""simply connected"" mean?
2. What does ""closed"" mean?
3. What is a ""3-manifold""?
4. What is a ""homeomorphism""?
5. How can we prove that every simply connected, closed 3-manifold is homeomorphic to the 3-sphere?","| Metric | Score | Justification |
|---|---|---|
| Relevance | 5 | Each question directly pertains to specific elements of the statement and aims to clarify key concepts like ""simply connected,"" ""closed,"" ""3-manifold,"" and ""homeomorphism."" |
| Coherence | 3 | While the questions are thematically connected, the sequence could be improved to form a more logical progression of inquiry that builds upon the answers to previous questions. |
| Diversity | 4 | The questions cover a range of aspects, including definitions (e.g., ""What does 'simply connected' mean?""), implications (e.g., ""How can we prove...""), and theoretical underpinnings (e.g., ""What is a homeomorphism?""). However, the questions could delve deeper into applications or historical context to enhance diversity. |","Metric         | Score | Justification
--------------------------------------------------------------
Relevance   |   5     | The questions directly address key terms and concepts in the statement.
Coherence |   4     | The questions progress logically from defining terms to exploring proofs.
Diversity   |   5     | Each question introduces a new aspect or concept related to the statement.","

| Metric | Score | Justification |
|---|---|---|
| Relevance | 5 | All questions are directly related to the Poincaré Conjecture, addressing essential terms and concepts. |
| Coherence | 5 | The questions follow a logical order, starting with basic terminology and gradually moving towards the proof requirement. |
| Diversity | 5 | A wide range of aspects are addressed, covering definitions, properties, and implications of the Poincaré Conjecture. |"
"Imagine you are a human, this is the first time you are coming across this Maths Statement or Equation, you have no previous knowledge of it "" Fermat's Last Theorem states that there are no three positive integers a, b, and c that can satisfy the equation aⁿ + bⁿ = cⁿ for any integer value of n greater than 2"", what are the top 5 questions that would pop up in your head which would be most useful in learning about it as you are new to it. Give me a simple bullet point list, don't explain them or expand them","1. What does ""aⁿ"" mean?
2. What does ""bⁿ"" mean?
3. What does ""cⁿ"" mean?
4. How do I know if n > 2?
5. Can you give an example of how this theorem works?","| Metric | Score | Justification |
|---|---|---|
| Relevance | 2 | The questions are directly related to the statement, but they focus primarily on definitions rather than exploring the underlying concept or implications. |
| Coherence | 2 | The questions follow a logical sequence, starting with definitions and moving towards an example. However, the connection between questions could be stronger to facilitate a structured inquiry. |
| Diversity | 3 | The questions cover a range of aspects, including the meaning of terms, the condition of n, and an example. However, they do not delve into the historical context, theoretical underpinnings, or broader applications of the theorem. |","Relevance | 4 | The questions directly address key components of the statement about Fermat's Last Theorem and aim to clarify fundamental concepts.
Coherence | 3 | The questions flow logically from defining terms to understanding the conditions of the theorem, but the last question could be better integrated into the sequence.
Diversity | 4 | The questions cover different aspects of the theorem, from basic definitions to practical examples, offering a diverse exploration of the topic.","

| Metric | Score | Justification |
|---|---|---|
| Coherence | 5 | The questions follow a logical order, starting with basic terminology and gradually moving towards more complex concepts like examples and conditions. |
| Relevance | 5 | All questions are directly related to the theorem, focusing on understanding its components and conditions. |
| Diversity | 4 | The questions cover various aspects of the theorem, such as notation, conditions, and examples, but could benefit from exploring other dimensions like historical context or real-world applications. |"
"Imagine you are a human, this is the first time you are coming across this Maths Statement or Equation, you have no previous knowledge of it "" The Mandelbrot set is the set of complex numbers c for which the function fₙ₊₁ = fₙ² + c does not diverge when iterated from f₀ = 0"", what are the top 5 questions that would pop up in your head which would be most useful in learning about it as you are new to it. Give me a simple bullet point list, don't explain them or expand them","1. What is the definition of the Mandelbrot set?
2. How is the Mandelbrot set related to complex numbers and iteration?
3. What is the significance of the function fₙ₊₁ = fₙ² + c in relation to the Mandelbrot set?
4. How can we determine if a complex number belongs to the Mandelbrot set?
5. Can you provide an example of how the Mandelbrot set works with a specific complex number?","| Metric | Score | Justification |
|---|---|---|
| Relevance | 5 | All questions directly address key elements of the statement, namely the definition of the Mandelbrot set, its relation to complex numbers and iteration, the significance of the function fₙ₊₁ = fₙ² + c, and practical methods for determining membership in the set. |
| Coherence | 4 | The questions follow a logical sequence, starting with a broad definition and gradually zooming in on specific aspects such as the function, membership criteria, and practical examples. The coherence could be improved by explicitly connecting the questions, such as ""Building on the previous question..."" |
| Diversity | 4 | The questions cover a diverse range of aspects, including definition, significance, membership criteria, and practical application. While they provide a broad exploration, they could benefit from exploring theoretical underpinnings or implications of the Mandelbrot set. |","| Metric    | Score | Justification                                               |
|-----------|-------|-------------------------------------------------------------|
| Relevance | 5     | All questions directly pertain to the Mandelbrot set       |
| Coherence | 4     | Questions follow a logical progression in understanding    |
| Diversity | 3     | Questions cover different aspects but could be more varied |","

| Metric | Score | Justification |
|---|---|---|
| Coherence | 5 | All questions follow a logical sequence, starting with defining the Mandelbrot set and gradually moving towards more specific aspects like its relationship with complex numbers and iteration, and finally ending with an example. |
| Relevance | 5 | Every question is directly relevant to the given statement, exploring various dimensions such as the definition, properties, and examples of the Mandelbrot set. |
| Diversity | 5 | A wide range of aspects are covered, including the concept itself, its"
"Imagine you are a human, this is the first time you are coming across this Maths Statement or Equation, you have no previous knowledge of it "" The Heisenberg Uncertainty Principle in quantum mechanics implies that it is impossible to simultaneously measure the exact position and momentum of a particle"", what are the top 5 questions that would pop up in your head which would be most useful in learning about it as you are new to it. Give me a simple bullet point list, don't explain them or expand them","1. What is the Heisenberg Uncertainty Principle?
2. How does it relate to quantum mechanics?
3. Can we ever know both the position and momentum of a particle with absolute certainty?
4. What are some real-world applications of the Heisenberg Uncertainty Principle?
5. Are there any exceptions or limitations to the principle?","| Metric | Score | Justification |
|---|---|---|
| Relevance | 5 | All questions directly relate to the Heisenberg Uncertainty Principle, exploring its definition, relationship to quantum mechanics, and implications. |
| Coherence | 4 | The questions logically build upon each other, starting with a basic definition and progressing to more advanced concepts and applications. |
| Diversity | 4 | The questions cover a range of aspects, including the principle's definition, relationship to quantum mechanics, real-world applications, and limitations. |","| Metric   | Score | Justification                                                                                 |
|----------|-------|----------------------------------------------------------------------------------------------|
| Relevance | 5     | All questions directly address key aspects of the Heisenberg Uncertainty Principle.          |
| Coherence | 4     | The questions progress logically from defining the principle to exploring applications.       |
| Diversity | 5     | The questions cover different aspects such as definition, relation, applications, and limits. |","

| Metric | Score | Justification |
|---|---|---|
| Relevance | 5 | All questions are directly related to the Heisenberg Uncertainty Principle and its implications in quantum mechanics. They focus on understanding the concept, its relation to particles' properties, practical uses, and potential limitations. |
| Coherence | 5 | The questions follow a logical order, starting with basic understanding and gradually moving towards more complex aspects like applications and limitations. This structure allows for a systematic exploration of the topic. |
| Diversity | 5 | The questions cover various"
"Imagine you are a human, this is the first time you are coming across this Maths Statement or Equation, you have no previous knowledge of it "" A torus can be described as a doughnut-shaped surface of revolution generated by revolving a circle in three-dimensional space"", what are the top 5 questions that would pop up in your head which would be most useful in learning about it as you are new to it. Give me a simple bullet point list, don't explain them or expand them","1. What is a torus?
2. How does a torus form?
3. Can you provide an example of a real-world object that resembles a torus?
4. Are there any other shapes similar to a torus?
5. How can I visualize a torus in 3D space?","| Metric | Score | Justification |
|---|---|---|
| Relevance | 5 | All questions directly address key elements of the statement, exploring the definition, formation, and characteristics of a torus. |
| Coherence | 4 | The questions follow a logical progression from defining the torus to exploring its formation and then providing examples and visualization methods. |
| Diversity | 3 | While the questions cover various aspects of a torus, they primarily focus on its shape and geometry. Exploring its applications or mathematical properties could enhance diversity. |","| Metric | Score | Justification |
|--------|-------|---------------|
| Relevance | 4 | The questions directly address the concept of a torus and its formation. |
| Coherence | 3 | The questions are logically connected but could benefit from a more structured progression. |
| Diversity | 5 | The questions cover various aspects such as definition, visualization, and real-world examples. |","

| Metric | Score | Justification |
|---|---|---|
| Relevance | 5 | All questions directly relate to the concept of a torus, its formation, properties, and examples, providing a comprehensive introduction to the topic. |
| Coherence | 5 | The questions follow a logical order, starting with basic definitions and gradually moving towards more complex ideas such as visualization and comparison with other shapes. |
| Diversity | 5 | The questions cover various aspects of the torus, including definition, generation process, real-world examples, similar shapes, and spatial visual"
"Imagine you are a human, this is the first time you are coming across this Maths Statement or Equation, you have no previous knowledge of it "" Gödel's Incompleteness Theorems suggest that within any sufficiently powerful logical system, there are propositions that cannot be proved or disproved using the axioms of that system"", what are the top 5 questions that would pop up in your head which would be most useful in learning about it as you are new to it. Give me a simple bullet point list, don't explain them or expand them","1. What is a logical system? 
2. How does Gödel's Incompleteness Theorem work? 
3. Can you give an example of a proposition that cannot be proven or disproven using the axioms of a logical system? 
4. Why is this theorem important in mathematics and logic? 
5. Are there any real-world applications for this theorem?","| Metric | Score | Justification |
|---|---|---|
| Relevance | 5 | All questions directly pertain to the specific details and concepts presented in the statement. |
| Coherence | 4 | The questions form a logical sequence that progresses from defining key terms to exploring implications and applications. |
| Diversity | 4 | The questions cover a range of aspects, including definitions, implications, and applications. |","| Metric   | Score | Justification                                                                                                         |
|----------|-------|-----------------------------------------------------------------------------------------------------------------------|
| Relevance | 4     | Questions directly address the main topic of Gödel's Incompleteness Theorems and its implications.                   |
| Coherence | 4     | The questions form a logical progression from defining terms to exploring applications, aiding in understanding.    |
| Diversity | 4     | Questions cover various aspects of the theorem, including examples, significance, and practical relevance.          |","

| Metric | Score | Justification |
|---|---|---|
| Coherence | 5 | The questions follow a logical order, starting with defining basic terms and gradually moving towards more complex ideas like examples and applications. |
| Relevance | 5 | All questions are directly related to the statement, exploring various aspects such as definition, mechanism, examples, importance, and applications. |
| Diversity | 5 | A wide range of perspectives are covered, from fundamental definitions to practical implications, providing a comprehensive introduction to the topic. |"
"Imagine you are a human, this is the first time you are coming across this Maths Statement or Equation, you have no previous knowledge of it "" The Schwarz lantern paradox shows that a sequence of polyhedral approximations to a smooth surface can converge to the surface in shape but diverge in surface area"", what are the top 5 questions that would pop up in your head which would be most useful in learning about it as you are new to it. Give me a simple bullet point list, don't explain them or expand them","1. What does the Schwarz lantern paradox mean? 
2. How does it relate to polyhedral approximations and surfaces? 
3. Can you give an example of how it works? 
4. What is convergence and divergence in terms of shapes and areas? 
5. Why is this concept important in mathematics?","| Metric | Score | Justification |
|---|---|---|
| Relevance | 5 | All questions directly relate to understanding the Schwarz lantern paradox, polyhedral approximations, convergence, divergence, and their significance. |
| Coherence | 4 | The questions form a logical progression, beginning with a basic understanding of the paradox and gradually exploring its implications and mathematical concepts. |
| Diversity | 3 | The questions cover various aspects of the paradox, including its definition, relationship to shapes and areas, and mathematical importance. However, they could further expand on applications or theoretical underpinnings for more comprehensive exploration. |","| Metric    | Score | Justification                                                                                                        |
|-----------|-------|----------------------------------------------------------------------------------------------------------------------|
| Relevance | 5     | All questions directly pertain to the key details and concepts presented in the statement.                            |
| Coherence | 4     | The questions progress logically from defining the concept to its importance, with some overlap that could be refined. |
| Diversity | 4     | The questions explore different aspects of the statement, covering definition, examples, and implications.            |","

| Metric | Score | Justification |
|---|---|---|
| Relevance | 5 | All questions directly pertain to the key elements and concepts presented in the statement, providing a clear focus on understanding the Schwarz Lantern Paradox and its implications. |
| Coherence | 5 | The sequence of questions forms a logical progression, starting with general understanding before moving onto specific mechanisms and importance, allowing for a structured exploration of the topic. |
| Diversity | 4 | The questions cover various aspects related to the statement, such as definition, examples, mathematical concepts,"
"Imagine you are a human, this is the first time you are coming across this Maths Statement or Equation, you have no previous knowledge of it "" The Collatz Conjecture posits that the sequence defined by n → n/2 if n is even, and n → 3n + 1 if n is odd, will eventually reach 1 for any positive integer n"", what are the top 5 questions that would pop up in your head which would be most useful in learning about it as you are new to it. Give me a simple bullet point list, don't explain them or expand them","1. What is the Collatz Conjecture?
2. How does the sequence defined by n → n/2 if n is even, and n → 3n + 1 if n is odd work?
3. Can we prove that the sequence will always reach 1 for any positive integer n?
4. Are there any known cases where the sequence doesn't reach 1?
5. Is the Collatz Conjecture still an unsolved problem in mathematics?","| Metric | Score | Justification |
|---|---|---|
| Relevance | 4 | The questions directly target the key elements and concepts presented in the statement, effectively aiming to clarify and explore the Collatz Conjecture. |
| Coherence | 4 | The questions follow a logical progression, starting with a basic definition and working towards more complex aspects like provability and unsolved status, facilitating a structured understanding of the topic. |
| Diversity | 3 | The questions cover a range of aspects, including the definition, operation of the sequence, proof status, potential counterexamples, and the unresolved nature of the conjecture. However, they could delve into further theoretical or practical implications to improve diversity. |","Relevance | 5 | The questions directly relate to the details of the Collatz Conjecture and how it functions.
Coherence | 4 | The questions flow logically from defining the conjecture to exploring its implications and current status.
Diversity | 4 | The questions cover a range of aspects from understanding the conjecture to its proof and potential exceptions.","

| Metric | Score | Justification |
|---|---|---|
| Coherence | 5 | All questions follow a logical sequence, starting with understanding the concept and gradually moving towards its proof, exceptions, and status in mathematics. |
| Relevance | 5 | Every question is directly related to the Collatz Conjecture, exploring various aspects such as definition, mechanism, potential counterexamples, and current standing in mathematical research. |
| Diversity | 5 | A wide array of perspectives are covered, from basic comprehension to more complex considerations like disproof strategies"
"Imagine you are a human, this is the first time you are coming across this Maths Statement or Equation, you have no previous knowledge of it "" The concept of mathematical proof involves deriving a statement from axioms and previously established statements using the rules of logic"", what are the top 5 questions that would pop up in your head which would be most useful in learning about it as you are new to it. Give me a simple bullet point list, don't explain them or expand them","1. What is an axiom?
2. How does logical reasoning work in mathematics?
3. Can you give an example of a mathematical proof?
4. What are some common mistakes people make when trying to prove something mathematically?
5. Are there different types of proofs? If so, how do they differ?","| Metric | Score | Justification |
|---|---|---|
| Relevance | 5 | All questions are directly relevant to understanding what mathematical proof involves and the key concepts associated with it. |
| Coherence | 4 | The questions follow a logical progression, starting with the basics of axioms and logical reasoning and then moving on to examples and potential challenges in mathematical proofs. |
| Diversity | 4 | The questions cover a good range of aspects, from the definition of key terms to different types of proofs and common mistakes. |","| Metric   | Score | Justification                                                                                                        |
|----------|-------|----------------------------------------------------------------------------------------------------------------------|
| Relevance | 5     | All questions directly address elements of the statement, focusing on understanding mathematical proof.                     |
| Coherence | 4     | The questions form a logical progression of inquiry starting with basic concepts and moving to examples and differences. |
| Diversity | 4     | The questions cover different aspects of mathematical proof, from definitions to examples and common mistakes.             |","

| Metric | Score | Justification |
|---|---|---|
| Relevance | 5 | All questions are directly related to the statement, asking for explanations or examples of key terms and concepts. |
| Coherence | 4 | The questions follow a logical order, starting with basic definitions and building up to more complex ideas like types of proofs. However, they could be slightly more interconnected, such as asking for an example after defining an axiom. |
| Diversity | 5 | The questions cover various aspects of mathematical proofs, including foundational concepts,"
"Imagine you are a human, this is the first time you are coming across this Maths Statement or Equation, you have no previous knowledge of it "" The dot product of two vectors is a scalar quantity that measures the cosine of the angle between them and the product of their magnitudes"", what are the top 5 questions that would pop up in your head which would be most useful in learning about it as you are new to it. Give me a simple bullet point list, don't explain them or expand them","1. What is a vector?
2. How do I calculate the magnitude of a vector?
3. What does the dot product measure?
4. How can I find the angle between two vectors using the dot product?
5. Can you give an example of how to use the dot product in real-world applications?","| Metric      | Score | Justification                                         |
|-------------|-------|---------------------------------------------------------|
| Relevance    | 5     | All questions are directly related to the statement, clarifying its components, calculation methods, and applications. |
| Coherence   | 4     | The questions flow logically, building on the understanding of vectors and their properties to explore their relationship and the concept of the dot product. |
| Diversity    | 4     | The questions cover a range of aspects, including vector definitions, magnitude calculation, dot product meaning, angle measurement, and real-world applications. |","| Metric    | Score | Justification                                                                                                                   |
|-----------|-------|----------------------------------------------------------------------------------------------------------------------------------|
| Relevance | 4     | The questions directly relate to the specific details and concepts presented in the statement about the dot product of vectors. |
| Coherence | 4     | The questions progress logically from understanding vectors to the concept of the dot product and its applications.                |
| Diversity | 4     | The questions cover various aspects such as vectors, magnitudes, dot product definition, angle calculation, and real-world use.   |","

| Metric | Score | Justification |
|---|---|---|
| Relevance | 5 | All questions are directly related to the concept of dot products and its relationship with vectors, angles, and magnitudes. They address fundamental aspects necessary for understanding the statement. |
| Coherence | 5 | The questions follow a logical order, starting with basic terminology and gradually moving towards more complex calculations and applications. This structure allows for a systematic buildup of knowledge. |
| Diversity | 5 | The questions cover various dimensions of the topic, such as definitions, calculations, spatial relationships"
"Imagine you are a human, this is the first time you are coming across this Maths Statement or Equation, you have no previous knowledge of it "" Euler's characteristic for a convex polyhedron is given by V - E + F = 2, where V is the number of vertices, E is the number of edges, and F is the number of faces"", what are the top 5 questions that would pop up in your head which would be most useful in learning about it as you are new to it. Give me a simple bullet point list, don't explain them or expand them","1. What does V, E, and F stand for? 
2. How do I calculate the number of vertices, edges, and faces for a convex polyhedron? 
3. Can you give an example of a convex polyhedron with specific values for V, E, and F? 
4. How can I use the formula V - E + F = 2 to solve problems involving convex polyhedra? 
5. Are there any real-world applications for understanding Euler's characteristic in relation to convex polyhedra?","| Metric | Score | Justification |
|---|---|---|
| Relevance | 5 | All five questions directly relate to the elements (V, E, F) and the formula (V - E + F = 2) mentioned in the statement, demonstrating a strong focus on the immediate context. |
| Coherence | 4 | The sequence of questions forms a logical progression. Questions 1 and 2 establish the basic concepts, question 3 provides an example, question 4 explores the formula, and question 5 broadens the perspective to applications. |
| Diversity | 4 | The questions cover multiple aspects of the statement, including definitions (Q1), calculation methods (Q2), examples (Q3), problem-solving applications (Q4), and real-world relevance (Q5), offering a broad exploration of the topic. |","| Metric   | Score | Justification                                                                                                                                  |
|----------|-------|------------------------------------------------------------------------------------------------------------------------------------------------|
| Relevance | 5     | All questions directly pertain to understanding Euler's characteristic for convex polyhedra, focusing on its components, calculation, and applications. |
| Coherence | 4     | Questions flow logically from defining V, E, and F to practical application of the formula, though a more structured progression could enhance coherence.  |
| Diversity | 4     | The questions cover elements like definitions, calculations, examples, problem-solving, and real-world applications, offering a broad exploration of the topic.  |","

| Metric | Score | Justification                                                                                                                                                                                                                                                                                                                                                                                                                                                                                                                                                                                                                                                                                                                                                                                                                                                                                                                                                                                                                                                                                                                                                                                                                                                                                                                                                                                                                                                                                                                                                                                                                                                                                                                                                                                                                                                                                                                                                                "
"Imagine you are a human, this is the first time you are coming across this Maths Statement or Equation, you have no previous knowledge of it "" The area of a sector of a circle with radius r and angle θ (in radians) is ½r²θ"", what are the top 5 questions that would pop up in your head which would be most useful in learning about it as you are new to it. Give me a simple bullet point list, don't explain them or expand them","1. What does the symbol 'π' represent?
2. How do I convert degrees to radians?
3. Can you give an example of how to use this formula?
4. Are there any other formulas related to circles that I should know?
5. Is there anything else I need to know before attempting to solve problems using this formula?","| Metric | Score | Justification |
|---|---|---|
| Relevance | 4 | The questions are all directly related to understanding the given equation for the area of a sector. |
| Coherence | 3 | The questions progress logically from basic definitions (question 1) to more specific applications (question 3). However, the connection between questions 4 and 5 could be stronger. |
| Diversity | 4 | The questions cover a range of aspects, including notation, conversion, examples, and prerequisites. |","Relevance   |   4   |   The questions directly relate to understanding the formula and its components.
Coherence   |   3   |   The questions flow logically, but the sequence could be improved for better structure.
Diversity   |   3   |   The questions cover various aspects of understanding the formula, but could include more diverse perspectives.","

| Metric | Score | Justification |
|---|---|---|
| Relevance | 5 | All questions relate directly to the statement, asking for clarification or expansion on its components. |
| Coherence | 4 | Questions generally follow a logical order, moving from basic terminology to broader context. However, some connections could be clearer between questions. |
| Diversity | 5 | A wide range of aspects are covered, including prerequisite knowledge, examples, related formulas, and additional considerations. |"
"Imagine you are a human, this is the first time you are coming across this Maths Statement or Equation, you have no previous knowledge of it "" A function f(x) is said to be invertible if there exists a function g(x) such that f(g(x)) = x for all x in the domain of g"", what are the top 5 questions that would pop up in your head which would be most useful in learning about it as you are new to it. Give me a simple bullet point list, don't explain them or expand them","1. What does it mean when we say a function is invertible? 
2. How do we determine if a function is invertible? 
3. Can you give an example of an invertible function and its inverse? 
4. What happens if a function is not invertible? 
5. Why is it important to know whether a function is invertible or not?","| Metric | Score | Justification |
|---|---|---|
| Relevance | 5 | All questions directly relate to the definition and implications of an invertible function, exploring different aspects of the statement. |
| Coherence | 4 | The questions follow a logical order, starting from the basic definition to exploring examples and significance, providing a structured learning path. |
| Diversity | 4 | The questions cover a range of aspects, including the definition, methods of determination, examples, non-invertible functions, and the importance of invertibility, offering a comprehensive exploration of the topic. |","Relevance: 5
- The questions directly pertain to the concept of invertible functions and aim to clarify various aspects related to it.

Coherence: 4
- The questions form a logical progression from understanding the definition of an invertible function to examples, implications, and importance.

Diversity: 4
- The questions cover different aspects such as definition, determination, examples, non-invertibility, and importance, offering a well-rounded exploration of the topic.

Justification:
- The questions are highly relevant to the statement, addressing key points related to invertible functions.
- The progression from one question to the next is coherent and logical, aiding in a beginner's understanding of the topic.
- There is diversity in the questions, covering various dimensions of invertible functions and providing a comprehensive exploration of the concept.","

| Metric | Score | Justification |
|---|---|---|
| Coherence | 5 | The questions follow a logical order, starting with defining the concept, moving onto determining invertibility, providing examples, discussing non-invertibility, and ending with significance. |
| Relevance | 5 | All questions directly relate to the statement, exploring various facets of invertible functions without deviating into tangential topics. |
| Diversity | 5 | Each question addresses a distinct aspect of invertible functions, offering a comprehensive introduction to the topic. |"
"Imagine you are a human, this is the first time you are coming across this Maths Statement or Equation, you have no previous knowledge of it "" The number e is the base of the natural logarithm and is approximately equal to 2.71828. It is the limit of (1 + 1/n)ⁿ as n approaches infinity"", what are the top 5 questions that would pop up in your head which would be most useful in learning about it as you are new to it. Give me a simple bullet point list, don't explain them or expand them","- What does 'e' represent?
- How can I calculate the value of 'e'?
- What is the significance of 'e' in mathematics?
- Can you provide an example of how 'e' is used in real life?
- Are there any other important properties or formulas related to 'e'?","| **Metric** | **Score** | **Justification** |
|---|---|---|
| **Coherence** | **4** | The questions are logically connected, starting with the basic definition and moving towards more complex properties and applications. The sequence of questions facilitates a structured exploration of the concept. |
| **Relevance** | **4** | All the questions are directly related to the statement, focusing on its key elements such as the definition, significance, and practical use of 'e'. |
| **Diversity** | **3** | The questions cover a range of aspects, including definition, calculation, significance, application, and related formulas. However, they could benefit from expanding on the theoretical underpinnings or historical context of 'e'. |","Relevance | 4 | The questions directly address the key aspects and significance of the number 'e' introduced in the statement.

Coherence | 3 | The questions follow a logical progression in exploring the concept of 'e' but could be improved by building a more seamless connection between each question.

Diversity | 5 | The questions cover various aspects, including definition, calculation, significance, real-life application, and related properties, offering a diverse exploration of the topic.","

| Metric | Score | Justification |
|---|---|---|
| Relevance | 4 | All questions are directly relevant to the statement, however, some could be more specific to the statement itself rather than general properties of 'e'. |
| Coherence | 5 | The questions follow a logical order, starting with basic understanding and moving towards application and further study. |
| Diversity | 3 | While all questions address different aspects of 'e', they could cover a broader range of topics such as historical context or connections to other mathematical concepts. |"
"Imagine you are a human, this is the first time you are coming across this Maths Statement or Equation, you have no previous knowledge of it "" A matrix is said to be orthogonal if its transpose is equal to its inverse"", what are the top 5 questions that would pop up in your head which would be most useful in learning about it as you are new to it. Give me a simple bullet point list, don't explain them or expand them","1. What does 'transpose' mean?
2. What does 'inverse' mean?
3. How do I calculate the transpose of a matrix?
4. How do I find the inverse of a matrix?
5. Can you give an example of how these concepts apply to real-world problems?","| Metric		| Score	| Justification                                                                                                                                                               | 
|---------		|--------	|----------------------------------------------------------------------------------------------------------------------------------------------------------------------------|
| Relevance	| 5		| All questions are directly relevant to the statement, seeking clarification on key concepts and their application.                                                    |
| Coherence		| 4		| The questions form a logical progression, starting with basic definitions and moving towards more complex concepts and real-world applications.                            |
| Diversity	| 3		| The questions cover a range of aspects, including definitions, calculations, and applications, but could benefit from exploring theoretical underpinnings or more advanced concepts. |","Metric    |    Score    |    Justification
Relevance    |    4    |    Questions directly relate to understanding the key concepts of transposing and inverting matrices.
Coherence    |    3    |    The questions progress from understanding basic operations to real-world applications, but the sequence could be smoother.
Diversity    |    4    |    The questions cover a range of concepts related to matrices and offer a practical example for better understanding.","

| Metric | Score | Justification |
|---|---|---|
| Coherence | 5 | The questions follow a logical progression, starting with basic terminology and gradually moving towards application and calculation. |
| Relevance | 5 | All questions directly relate to the concept of orthogonal matrices, focusing on essential components like transpose and inverse. |
| Diversity | 4 | The questions cover various aspects of the topic, including definitions, calculations, and potential applications. However, there is room for further exploration of unique angles or nuances related to orthogonal matrices."
"Imagine you are a human, this is the first time you are coming across this Maths Statement or Equation, you have no previous knowledge of it "" The Brouwer Fixed Point Theorem states that any continuous function from a compact convex set to itself has at least one fixed point"", what are the top 5 questions that would pop up in your head which would be most useful in learning about it as you are new to it. Give me a simple bullet point list, don't explain them or expand them","1. What does 'continuous' mean? 
2. What does 'convex' mean? 
3. How do I know if a set is 'compact'? 
4. Can you give an example of a function with a fixed point? 
5. Why is finding a fixed point important in mathematics?","| Metric | Score | Justification |
|---|---|---|
| Relevance | 4 | The questions directly probe the key terms and concepts in the statement, such as ""continuous,"" ""convex,"" and ""compact,"" which are crucial for understanding the theorem. |
| Coherence | 3 | While the questions are individually relevant, the logical connection between them could be improved. A more coherent sequence would start with defining the terms and then move on to the concept of fixed points and their importance. |
| Diversity | 5 | The questions effectively cover a wide range of aspects related to the statement, including definitions, examples, and the significance of fixed points in mathematics. |","Metric        Score    Justification
Relevance    5          All questions directly address key terms and concepts in the statement.
Coherence   4          The questions flow logically and build upon each other, but a clearer connection between compact convex sets and fixed points could enhance coherence.
Diversity    4          The questions cover various aspects of the statement, from definitions to examples and implications. Adding a question on applications could further enhance diversity.","

| Metric | Score | Justification |
|---|---|---|
| Relevance | 5 | All questions are directly related to understanding the Brouwer Fixed Point Theorem. They focus on key terms and concepts central to the theorem, such as continuity, convexity, compactness, and fixed points. |
| Coherence | 5 | The questions follow a logical order, starting with basic terminology and gradually moving towards more complex ideas like examples and significance. This structure allows for a systematic build-up of understanding. |
| Diversity | 5 | The questions cover various"
"Imagine you are a human, this is the first time you are coming across this Maths Statement or Equation, you have no previous knowledge of it "" The harmonic mean of a set of numbers is the reciprocal of the arithmetic mean of the reciprocals of the numbers"", what are the top 5 questions that would pop up in your head which would be most useful in learning about it as you are new to it. Give me a simple bullet point list, don't explain them or expand them","1. What does ""harmonic mean"" mean? 
2. How do I calculate the reciprocal of a number? 
3. What is an arithmetic mean and how do I find it? 
4. Can you give me an example of finding the harmonic mean of a set of numbers? 
5. How can I apply this concept in real-life situations?","| Metric | Score | Justification |
|---|---|---|
| Relevance | 5 | All questions directly relate to the definition and understanding of the harmonic mean concept. |
| Coherence | 4 | The questions follow a logical sequence, progressing from defining the harmonic mean to calculating the arithmetic mean and applying the concept. |
| Diversity | 3 | While the questions cover the essential elements of the statement, they do not explore advanced applications or implications. |","| Metric   | Score | Justification                                                                                               |
|----------|-------|-------------------------------------------------------------------------------------------------------------|
| Relevance | 5     | All questions directly relate to understanding the statement and concept introduced.                        |
| Coherence | 4     | Questions flow logically in exploring the concept step by step, with a minor redundancy in Questions 1 and 3.  |
| Diversity | 4     | Questions cover definitions, calculations, examples, applications, offering a well-rounded exploration.    |","

| Metric | Score | Justification |
|---|---|---|
| Relevance | 5 | All questions are directly related to the statement, aiming to clarify and expand upon its components. |
| Coherence | 4 | Questions generally follow a logical order, moving from basic definitions to practical applications, though some connections could be clearer. |
| Diversity | 5 | A wide range of aspects are covered, including definitions, calculations, examples, and applications, offering a comprehensive introduction to the topic. |"
"Imagine you are a human, this is the first time you are coming across this Maths Statement or Equation, you have no previous knowledge of it "" A set is countably infinite if its elements can be put into a one-to-one correspondence with the natural numbers"", what are the top 5 questions that would pop up in your head which would be most useful in learning about it as you are new to it. Give me a simple bullet point list, don't explain them or expand them","1. What does 'countable' mean? 
2. How do we know if a set has an infinite number of elements? 
3. Can you give an example of a countable set? 
4. What is a one-to-one correspondence and how does it relate to counting? 
5. Why is it important to understand the concept of countability in mathematics?","| Metric | Score | Justification |
|---|---|---|
| Relevance | 4 | The questions directly address the key concepts and elements of the statement, including countability, infinite sets, one-to-one correspondence, and the significance of countability. |
| Coherence | 3 | The questions follow a logical sequence, progressing from basic concepts to more specific inquiries. However, there could be a stronger connection between questions 4 and 5 to emphasize the importance of countability in mathematics. |
| Diversity | 4 | The questions cover a range of aspects related to countability, including its definition, identification, examples, and importance. Each question brings a new perspective, fostering a comprehensive understanding. |","Metric        | Score | Justification
Relevance   | 5         | The questions directly pertain to the concept of countably infinite sets.
Coherence   | 4         | The questions progress logically in exploring the concept of countable sets.
Diversity    | 4         | The questions cover different aspects of countability and its importance in mathematics.","

| Metric | Score | Justification |
|---|---|---|
| Relevance | 5 | All questions directly relate to the statement, exploring key terms and concepts such as 'countable', one-to-one correspondence, and the significance of countability. |
| Coherence | 5 | The questions follow a logical order, starting with basic terminology and gradually building towards more complex ideas like examples and importance. |
| Diversity | 5 | Each question addresses a unique aspect of the statement, providing a comprehensive introduction to the topic through various angles. |"
"Imagine you are a human, this is the first time you are coming across this Maths Statement or Equation, you have no previous knowledge of it "" A topological space is compact if every open cover has a finite subcover"", what are the top 5 questions that would pop up in your head which would be most useful in learning about it as you are new to it. Give me a simple bullet point list, don't explain them or expand them","1. What does 'topological space' mean?
2. What is an 'open cover'?
3. What is a 'finite subcover'?
4. How can I determine if a topological space is compact?
5. Can you provide examples of topological spaces and their properties?","| Metric | Score | Justification |
|---|---|---|
| Relevance | 5 | All questions directly relate to the core concepts in the statement. |
| Coherence | 4 | The questions follow a logical sequence that builds understanding (definitions, properties, examples). |
| Diversity | 3 | The questions cover various aspects but could explore more implications or applications. |","Relevance   |  Coherence  |  Diversity
------------------------------------------
    4               |        4           |       5
    4               |        4           |       4
    3               |        3           |       3
    4               |        4           |       4
    4               |        3           |       4","

| Metric | Score | Justification |
|---|---|---|
| Coherence | 5 | The questions follow a clear progression from defining basic terms to exploring the concept of compactness and providing examples. |
| Relevance | 5 | All questions directly relate to the statement, focusing on essential components like topological space, open covers, and finite subcovers. |
| Diversity | 4 | The questions address various aspects of the statement, though there may be room for further diversification by asking about potential applications or limitations of compact spaces. |"
"Imagine you are a human, this is the first time you are coming across this Maths Statement or Equation, you have no previous knowledge of it "" Liouville's Theorem states that any bounded entire function must be constant"", what are the top 5 questions that would pop up in your head which would be most useful in learning about it as you are new to it. Give me a simple bullet point list, don't explain them or expand them","1. What does ""bounded"" mean?
2. What is an ""entire function""?
3. How do we know if a function is ""constant""?
4. Can you give an example of a bounded entire function?
5. Why is Liouville's theorem important in mathematics?","| Metric | Score | Justification |
|---|---|---|
| Coherence | 4 | The questions follow a logical progression, starting with basic definitions and then exploring the implications of Liouville's Theorem. |
| Relevance | 5 | All questions directly relate to the key concepts and elements introduced in the statement. |
| Diversity | 4 | The questions cover a wide range of aspects, including definitions, examples, and the significance of Liouville's Theorem. |","| Metric    | Score | Justification                                                                                     |
|-----------|-------|---------------------------------------------------------------------------------------------------|
| Relevance | 5     | All questions directly pertain to the details and concepts presented in the statement.            |
| Coherence | 4     | The questions progress logically from defining terms to providing examples and significance.    |
| Diversity | 4     | The questions cover a range of aspects related to the statement, exploring definitions and examples. |","

| Metric | Score | Justification |
|---|---|---|
| Coherence | 5 | The questions follow a logical order, starting with defining terms, moving onto examples, and ending with significance. |
| Relevance | 5 | All questions relate directly to understanding Liouville's theorem without deviating into tangential topics. |
| Diversity | 5 | Each question explores a unique aspect of the theorem, providing comprehensive coverage of key concepts. |"
"Imagine you are a human, this is the first time you are coming across this Maths Statement or Equation, you have no previous knowledge of it "" The spectral theorem provides conditions under which a matrix can be diagonalized"", what are the top 5 questions that would pop up in your head which would be most useful in learning about it as you are new to it. Give me a simple bullet point list, don't explain them or expand them","1. What does it mean for a matrix to be diagonalizable? 
2. How do we know if a matrix satisfies the conditions for being diagonalizable? 
3. Can any matrix be diagonalized? 
4. What are some applications of diagonalization in mathematics and other fields? 
5. Are there any limitations or restrictions on when diagonalization can be used?","| Metric | Score | Justification |
|---|---|---|
| Relevance | 5 | All questions directly pertain to the concept and conditions of the spectral theorem and diagonalization. |
| Coherence | 4 | The questions logically connect to each other, starting with basic definitions and progressing to applications and limitations. |
| Diversity | 4 | The questions cover various aspects of the topic, including definition, conditions, applicability, implications, and limitations. |","Metric          | Score | Justification
------------------------------------------------
Relevance       |   5   | The questions directly relate to the statement about the spectral theorem and diagonalization of matrices.
Coherence       |   4   | The questions flow logically in exploring the concept of diagonalization and its applications.
Diversity       |   4   | The questions cover different aspects like defining diagonalization, conditions, applications, and limitations.","

| Metric | Score | Justification |
|---|---|---|
| Coherence | 5 | The questions follow a logical order, starting with defining diagonalizability before moving onto conditions and applications. This structure allows for a clear progression of understanding. |
| Relevance | 5 | All questions relate directly to the spectral theorem and its key components, such as diagonalizability and conditions for application. They also touch upon practical uses and limitations, providing a well-rounded exploration of the topic. |
| Diversity | 5 | The questions cover various aspects of the spectral theorem"
"Imagine you are a human, this is the first time you are coming across this Maths Statement or Equation, you have no previous knowledge of it "" In probability theory, Bayes' Theorem describes the probability of an event, based on prior knowledge of conditions that might be related to the event"", what are the top 5 questions that would pop up in your head which would be most useful in learning about it as you are new to it. Give me a simple bullet point list, don't explain them or expand them","1. What is Bayes' theorem?
2. How does Bayes' theorem work?
3. What are some real-world applications of Bayes' theorem?
4. Can you give an example of how Bayes' theorem can be used?
5. Are there any limitations or assumptions associated with using Bayes' theorem?","| Metric | Score | Justification |
|---|---|---|
| Relevance | 5 | All questions directly relate to the key elements of Bayes' theorem, focusing on its definition, operation, applications, and limitations. |
| Coherence | 5 | The questions form a logical progression, starting with a basic definition and gradually delving into applications and limitations, creating a structured inquiry. |
| Diversity | 4 | The questions cover a wide range of aspects, including definition, functionality, applications, examples, and limitations, offering a comprehensive overview. |","| Metric    | Score | Justification                                                                                                 |
|-----------|-------|---------------------------------------------------------------------------------------------------------------|
| Relevance | 5     | All questions directly pertain to the details and concepts presented in the statement about Bayes' Theorem. |
| Coherence | 4     | The questions flow logically from understanding the basics of Bayes' Theorem to its applications and limitations.|
| Diversity | 4     | The questions cover a range of aspects including definition, workings, applications, examples, and limitations.|","

| Metric | Score | Justification                                                                                                                                                                                                                                                                                                                                                                                                                                                                                                                                                                                                                                                                                                                                                                                                                                                                                                                                                                                                                                                                                                                                                                                                                                                                                                                                                                                                                                                                                                                                                                                                                                                                                                                                                                                                                                                                                                                                                                "
"Imagine you are a human, this is the first time you are coming across this Maths Statement or Equation, you have no previous knowledge of it "" A group is abelian if it satisfies the commutative property for all group elements"", what are the top 5 questions that would pop up in your head which would be most useful in learning about it as you are new to it. Give me a simple bullet point list, don't explain them or expand them","1. What does 'commutative' mean?
2. How do I know if a group is abelian?
3. Can you give an example of an abelian group?
4. Are there any real-world applications of abelian groups?
5. Is there anything else I should know about abelian groups?","| Metric | Score | Justification |
|---|---|---|
| Relevance | 5 | All questions directly relate to the definition and properties of abelian groups. |
| Coherence | 4 | Questions progress logically from the definition to examples and applications. |
| Diversity | 4 | Questions cover a range of aspects, including definition, identification, examples, applications, and further exploration. |","| Metric    | Score | Justification                                                                                                               |
|-----------|-------|-----------------------------------------------------------------------------------------------------------------------------|
| Relevance | 5     | All questions directly pertain to understanding the definition and concept of an abelian group.                           |
| Coherence | 4     | The questions form a logical progression in exploring the definition and implications of abelian groups.                  |
| Diversity | 4     | The questions cover definitions, examples, applications, and additional information, providing a broad exploration.       |","

| Metric | Score | Justification |
|---|---|---|
| Coherence | 5 | The questions follow a logical order, starting with seeking clarity on key terminology, moving to application, then examples, and finally asking for additional information. |
| Relevance | 5 | All questions relate directly to the concept of abelian groups and their properties, providing a comprehensive introduction to the topic. |
| Diversity | 4 | The questions cover various aspects of abelian groups, such as definition, recognition, examples, applications, and further information. However, some questions"
"Imagine you are a human, this is the first time you are coming across this Maths Statement or Equation, you have no previous knowledge of it "" The derivative of the function f(x) = ln(x) is f'(x) = 1/x"", what are the top 5 questions that would pop up in your head which would be most useful in learning about it as you are new to it. Give me a simple bullet point list, don't explain them or expand them","1. What does ""f(x)"" mean? 
2. What does ""ln"" stand for and how does it relate to natural logarithm? 
3. How do I calculate the derivative of a function? 
4. Can you give an example of a function with its derivative? 
5. Why is finding derivatives important in mathematics?","| Metric | Score | Justification |
|-|-|-|
| Relevance | 4 | The questions are directly related to the given statement and aim to clarify concepts and operations related to finding the derivative of ln(x). |
| Coherence | 4 | The questions follow a logical sequence, building upon each other and progressing from basic concepts to more specific aspects of the derivative. |
| Diversity | 3 | The questions cover a range of aspects related to the statement, including the meaning of f(x), ln, and the derivative, as well as their calculation and importance. However, they do not explore advanced or peripheral topics. |","Metric     |   Score   |   Justification
Relevance  |     5         |   All questions directly relate to understanding the given statement about the derivative of ln(x).
Coherence |     4         |   The questions progress logically from defining terms to applying the concept of derivatives.
Diversity  |     4         |   The questions cover definitions, application, importance, and examples related to derivatives.","

| Metric | Score | Justification                                                                                       |
|---------|-------|-----------------------------------------------------------------------------------------------|
| Relevance | 5     | All questions are directly related to the statement, aiming to clarify the meaning of components and the concept of derivatives. |
| Coherence | 5     | The questions follow a logical order, starting with basic terminology and gradually moving towards more complex ideas like the importance of derivatives. |
| Diversity | 5     | A wide range of aspects are covered, such as defining terms, calcul"
"Imagine you are a human, this is the first time you are coming across this Maths Statement or Equation, you have no previous knowledge of it "" The volume of a sphere is given by (4/3)πr³"", what are the top 5 questions that would pop up in your head which would be most useful in learning about it as you are new to it. Give me a simple bullet point list, don't explain them or expand them","1. What does π represent?
2. How do I calculate the radius of a sphere?
3. Can you provide an example of how to use this formula?
4. Are there any other formulas related to spheres that I should know?
5. Where can I find more information on calculating the volume of a sphere?","| Metric | Score | Justification |
|---|---|---|
| Relevance | 4 | All questions are directly related to understanding the concept of volume of a sphere, exploring its components and seeking additional information. |
| Coherence | 3 | The sequence of questions is logical, progressing from understanding the meaning of π, to applying the formula, and finally seeking additional knowledge. However, the connection between question 2 and the others is slightly disjointed as it focuses on the radius rather than volume. |
| Diversity | 4 | The questions cover different aspects of the concept, including the definition of terms, practical application, and further exploration. They offer a good range of perspectives on understanding the volume of a sphere. |","| Metric   | Score | Justification                                                                                        |
|----------|-------|------------------------------------------------------------------------------------------------------|
| Relevance | 4     | Questions directly relate to the volume of a sphere formula and the understanding of its components. |
| Coherence | 3     | The questions flow logically but could be improved with a clearer progression in complexity.       |
| Diversity | 3     | Covers a range of aspects related to calculating the volume of a sphere but lacks deeper exploration. |","

| Metric | Score | Justification |
|---|---|---|
| Coherence | 5 | All questions follow a logical order, starting with basic concepts like understanding π and moving towards practical application and further resources. |
| Relevance | 5 | Every question is directly relevant to the statement, aiming to clarify and expand upon its various components. |
| Diversity | 5 | A wide range of aspects are covered, such as defining symbols, explaining calculations, providing examples, and suggesting additional resources. |"
"Imagine you are a human, this is the first time you are coming across this Maths Statement or Equation, you have no previous knowledge of it "" A bipartite graph is a graph whose vertices can be divided into two disjoint sets such that every edge connects a vertex in one set to a vertex in the other set"", what are the top 5 questions that would pop up in your head which would be most useful in learning about it as you are new to it. Give me a simple bullet point list, don't explain them or expand them","1. What does 'disjoint' mean? 
2. How do I divide the vertices into two sets? 
3. Can you give an example of how edges connect vertices in each set? 
4. Are there any real-world applications for bipartite graphs? 
5. How do I identify if a graph is bipartite or not?","| Metric | Score | Justification |
| ------- | ----- | ------------- |
| Relevance | 4 | The questions directly address key concepts of bipartite graphs: disjoint sets, vertex division, edge connections, real-world applications, and identification methods. |
| Coherence | 3 | The questions follow a logical progression, starting with basic concepts (disjoint sets) and gradually moving towards more complex aspects (identification methods). However, the transition between questions 4 and 5 could be smoother. |
| Diversity | 5 | The questions cover a wide range of aspects, including definitions, practical applications, and analytical techniques, providing a comprehensive exploration of the concept. |","Metric | Score | Justification
Relevance | 5 | All questions directly relate to the definition and properties of a bipartite graph.
Coherence | 4 | The questions progress logically from understanding key terms to practical application.
Diversity | 4 | The questions cover different aspects such as definitions, examples, applications, and identification criteria.","

| Metric | Score | Justification |
|---|---|---|
| Relevance | 5 | All questions directly relate to the concept of bipartite graphs, asking for clarification on key terms and exploring practical uses and methods of identification. |
| Coherence | 5 | The questions follow a logical progression, starting with foundational terminology before moving onto more complex topics like application and identification. |
| Diversity | 5 | Each question addresses a unique aspect of bipartite graphs, covering definition, structure, examples, application, and verification. |"
"Imagine you are a human, this is the first time you are coming across this Maths Statement or Equation, you have no previous knowledge of it "" Stirling's approximation provides a formula for approximating the factorial of a large number n, showing that n! is approximately √(2πn)(n/e)^n"", what are the top 5 questions that would pop up in your head which would be most useful in learning about it as you are new to it. Give me a simple bullet point list, don't explain them or expand them","1. What does the symbol '!' represent? 
2. How can we use Stirling's approximation to estimate the value of a factorial? 
3. Can you provide an example of how to apply Stirling's approximation in a real-world scenario? 
4. Are there any limitations or assumptions when using Stirling's approximation? 
5. How does Stirling's approximation compare to other methods for approximating factorials?","| Metric | Score | Justification |
|---|---|---|
| Relevance | 5 | All questions are directly relevant to the statement, seeking clarification of the factorial symbol, exploring the application of Stirling's approximation, and comparing it to alternative methods. |
| Coherence | 5 | The questions follow a logical sequence, starting with a basic understanding of factorial and progressing to the application and limitations of Stirling's approximation, thus guiding the learner's understanding. |
| Diversity | 4 | The questions cover a diverse range of aspects, including the definition of factorial, the formula and application of Stirling's approximation, its limitations, and a comparison with other methods, providing a well-rounded exploration. |","| Metric    | Score | Justification                                                                                           |
|-----------|-------|---------------------------------------------------------------------------------------------------------|
| Relevance | 5     | All questions directly address the concept of Stirling's approximation and factorials.                |
| Coherence | 4     | Questions progress logically from defining factorial to comparing Stirling's approximation methods.    |
| Diversity | 4     | Questions cover application, limitations, and comparisons of Stirling's approximation, offering variety. |","

| Metric | Score | Justification |
|---|---|---|
| Coherence | 5 | The questions follow a logical order, starting with basic terminology and gradually moving towards more complex topics like application and comparison with other methods. |
| Relevance | 5 | All questions relate directly to the statement, covering essential aspects such as definition, usage, examples, limitations, and comparisons. |
| Diversity | 5 | The questions cover various dimensions of the topic, providing a comprehensive introduction to Stirling's approximation. |"
"Imagine you are a human, this is the first time you are coming across this Maths Statement or Equation, you have no previous knowledge of it "" A vector field is conservative if it is the gradient of some scalar function"", what are the top 5 questions that would pop up in your head which would be most useful in learning about it as you are new to it. Give me a simple bullet point list, don't explain them or expand them","1. What does 'conservative' mean? 
2. How can we define a scalar function? 
3. What is gradient and how is it related to scalar functions? 
4. Can you give an example of a conservative vector field? 
5. How do we determine if a vector field is conservative or not?","| Metric | Score | Justification |
|---|---|---|
| Relevance | 4 | The questions directly pertain to the definition and elements of a conservative vector field, effectively exploring the statement's central concepts. |
| Coherence | 4 | The questions follow a logical sequence, starting with basic definitions and gradually progressing to more specific aspects, creating a cohesive line of inquiry. |
| Diversity | 3 | The questions cover a range of aspects related to conservative vector fields, including definitions, relationships between gradient and scalar functions, and methods of determination. However, further diversity could be achieved by exploring practical applications or theoretical implications. |","Metric    | Score | Justification
Relevance  |   5   | The questions are directly related to the statement and aim to clarify its content.
Coherence  |   4   | The questions form a logical progression in understanding the concept of conservative vector fields.
Diversity  |   4   | The questions cover different aspects such as definitions, examples, and determinants of conservative vector fields.","

| Metric | Score | Justification |
|---|---|---|
| Coherence | 5 | The questions follow a logical order, starting with defining key terms before moving onto more complex ideas like examples and determination methods. |
| Relevance | 5 | All questions directly relate to the statement, exploring various aspects such as definition, properties, and identification methods. |
| Diversity | 5 | The questions cover multiple dimensions of the topic, including terminology, conceptual understanding, and practical application. |"
"Imagine you are a human, this is the first time you are coming across this Maths Statement or Equation, you have no previous knowledge of it "" The divergence theorem relates the flux of a vector field through a surface to the divergence of the field in the volume enclosed"", what are the top 5 questions that would pop up in your head which would be most useful in learning about it as you are new to it. Give me a simple bullet point list, don't explain them or expand them","1. What does the divergence theorem relate? 
2. How does the divergence theorem work? 
3. Can you give an example of how the divergence theorem can be applied? 
4. Are there any real-world applications for the divergence theorem? 
5. Is there anything else I should know about the divergence theorem?","| Metric | Score | Justification |
|---|---|---|
| Relevance | 5 | All questions are directly related to the concept of divergence theorem and focus on clarifying different aspects of the statement. |
| Coherence | 4 | The questions progress logically, starting with a basic understanding of what the theorem relates and how it works, followed by an example of its application and real-world uses, and finally exploring any additional information that may be relevant. |
| Diversity | 3 | The questions cover a range of aspects, including the definition, mechanism, application, practical relevance, and additional knowledge points. However, they could benefit from further exploration of the theoretical underpinnings or limitations of the theorem. |","Metric | Score | Justification
Relevance | 5 | All questions directly pertain to the statement about the divergence theorem.
Coherence | 4 | The questions form a logical progression, but could be more structured to build upon each other.
Diversity | 4 | The questions cover different aspects of the divergence theorem, but could include more varied perspectives.","

| Metric | Score | Justification |
|---|---|---|
| Coherence | 5 | The questions follow a logical order, starting with basic understanding and moving towards practical application and further considerations. |
| Relevance | 5 | All questions directly address the statement, seeking to clarify its meaning, application, and significance. |
| Diversity | 4 | The questions cover various aspects of the statement, though some overlap exists between the third and fourth questions. |"
"Imagine you are a human, this is the first time you are coming across this Maths Statement or Equation, you have no previous knowledge of it "" A manifold is a topological space that locally resembles Euclidean space near each point"", what are the top 5 questions that would pop up in your head which would be most useful in learning about it as you are new to it. Give me a simple bullet point list, don't explain them or expand them","1. What does 'Euclidean space' mean?
2. How can we tell if a space is locally like Euclidean space?
3. Can you give an example of a manifold?
4. How do we define a topological space?
5. What is the significance of local resemblance to Euclidean space for manifolds?","| Metric | Score | Justification |
|---|---|---|
| Relevance | 4 | The questions directly address key concepts in the statement, exploring what Euclidean space and topological spaces are, how to identify manifolds, and the importance of local resemblance. |
| Coherence | 4 | The questions build upon each other logically, starting with basic definitions and progressing to more specific aspects of manifolds. |
| Diversity | 3 | The questions cover a range of aspects, including definitions, identification, and significance, but could explore more applications or theoretical underpinnings of manifolds. |","| Metric   | Score | Justification                                                                                                                                                              |
|----------|-------|----------------------------------------------------------------------------------------------------------------------------------------------------------------------------|
| Relevance | 5     | All questions directly address key concepts in the statement about manifolds and topological spaces.                                                                      |
| Coherence | 4     | The questions form a logical progression from understanding Euclidean space to defining manifolds, with a slight deviation in question 4 about topological spaces. |
| Diversity | 4     | The questions cover a range of aspects, including definitions, examples, and the significance of local resemblance, offering a diverse exploration of the topic.       |","

| Metric | Score | Justification |
|---|---|---|
| Relevance | 5 | All questions directly relate to the definition of a manifold, either asking for clarification or elaboration on key terms or concepts. |
| Coherence | 4 | The questions follow a logical order, starting with basic terminology and gradually moving towards more complex ideas such as examples and significance. However, some transitions could be smoother. |
| Diversity | 5 | Each question explores a unique aspect of the definition, providing a comprehensive introduction to manifolds without redundancy."
"Imagine you are a human, this is the first time you are coming across this Maths Statement or Equation, you have no previous knowledge of it "" The Cauchy-Schwarz inequality states that for all vectors u and v of an inner product space, the absolute value of the inner product of u and v is less than or equal to the product of the norms of u and v"", what are the top 5 questions that would pop up in your head which would be most useful in learning about it as you are new to it. Give me a simple bullet point list, don't explain them or expand them","1. What is an inner product space? 
2. How do I calculate the norm of a vector? 
3. Can you give an example of how the Cauchy-Schwarz inequality works with two vectors? 
4. Is there any real-world application of the Cauchy-Schwarz inequality? 
5. Are there any other inequalities related to inner products that I should know about?","| Metric | Score | Justification |
|---|---|---|
| Relevance | 5 | All questions are directly related to the definition and concepts introduced in the given statement. |
| Coherence | 4 | The questions follow a logical sequence, starting with the basics (inner product space and vector norms) and gradually exploring applications and related concepts. |
| Diversity | 3 | The questions cover a range of aspects, including definitions, calculations, examples, applications, and related inequalities. However, there could be more exploration of theoretical underpinnings or implications. |","Relevance     5     The questions directly address the key components and implications of the Cauchy-Schwarz inequality.
Coherence     4      The questions flow logically from understanding the basics of inner product spaces to real-world applications and related concepts.
Diversity     4       The questions cover a range of aspects such as definitions, examples, applications, and related inequalities to provide a comprehensive exploration of the topic.","

| Metric | Score | Justification |
|---|---|---|
| Coherence | 5 | All questions are interconnected and build upon each other, creating a clear line of inquiry for someone unfamiliar with the concept. |
| Relevance | 5 | Every question directly relates to the Cauchy-Schwarz inequality, its definition, and its implications, without straying into irrelevant tangents. |
| Diversity | 5 | The questions cover various aspects of the Cauchy-Schwarz inequality, such as its definition, calculation, examples, applications,"
"Imagine you are a human, this is the first time you are coming across this Maths Statement or Equation, you have no previous knowledge of it "" Euler's totient function φ(n) is defined as the number of positive integers up to n that are relatively prime to n"", what are the top 5 questions that would pop up in your head which would be most useful in learning about it as you are new to it. Give me a simple bullet point list, don't explain them or expand them","1. What does ""relatively prime"" mean?
2. How do I find the number of positive integers up to n that are relatively prime to n?
3. Can you give an example of how to use Euler's totient function?
4. Are there any real-world applications for Euler's totient function?
5. Is there a formula or algorithm to calculate Euler's totient function?","| Metric | Score | Justification |
|---|---|---|
| Relevance | 5 | The questions directly address the key concepts in the statement and aim to elucidate its meaning, application, and underlying principles. |
| Coherence | 5 | The questions logically progress from defining ""relatively prime"" (1) to finding the number of integers satisfying the condition (2), providing an example (3), exploring applications (4), and finally inquiring about computational methods (5). |
| Diversity | 5 | The questions cover a wide range of aspects, from theoretical understanding (1) to practical applications (3) and algorithmic implementation (5), ensuring a comprehensive exploration of the topic. |","Relevance | 5 | The questions directly address the key elements of the statement about Euler's totient function and how it relates to positive integers.
Coherence | 4 | The questions flow logically from understanding the concept of ""relatively prime"" to practical applications of Euler's totient function.
Diversity | 4 | The questions cover definitions, calculation methods, examples, applications, and algorithms related to Euler's totient function.","

| Metric | Score | Justification |
|---|---|---|
| Relevance | 5 | All questions are directly related to the definition and application of Euler's totient function. They focus on clarifying key terms, providing examples, exploring real-world uses, and discussing calculation methods. |
| Coherence | 5 | The questions follow a logical progression, moving from basic term definitions to practical applications and calculation methods. This structure allows a beginner to build foundational understanding before delving into more complex topics. |
| Diversity | 5 | The questions cover"
"Imagine you are a human, this is the first time you are coming across this Maths Statement or Equation, you have no previous knowledge of it "" A Boolean algebra is a mathematical structure that captures the essence of logical operations and binary variables"", what are the top 5 questions that would pop up in your head which would be most useful in learning about it as you are new to it. Give me a simple bullet point list, don't explain them or expand them","1. What is a Boolean algebra?
2. How does it capture logical operations?
3. What are binary variables?
4. Can you give an example of how Boolean algebra works with these concepts?
5. How can I apply Boolean algebra in real-world situations?","| Metric | Score | Justification |
|---|---|---|
| Relevance | 5 | All questions directly target key details introduced in the statement, specifically focusing on understanding the definition, application, and consequences of Boolean algebra in computer science. |
| Coherence | 5 | The questions logically build upon one another, with each question introducing a new aspect or dimension of Boolean algebra, leading towards a comprehensive understanding. |
| Diversity | 5 | The questions cover a wide range of aspects, including definition, logical operations, binary variables, examples, and applications, providing a broad overview of the concept. |","Metric | Score | Justification
Relevance | 5 | All questions directly pertain to the details and concepts introduced in the statement.
Coherence | 4 | The questions progress logically from defining Boolean algebra to applying it in real-world situations, forming a coherent line of inquiry.
Diversity | 4 | The questions cover a range of aspects including definitions, operations, examples, and real-world applications, offering a broad exploration of the topic.","

| Metric | Score | Justification |
|---|---|---|
| Coherence | 5 | The questions follow a logical progression, starting with basic definitions and gradually moving towards more complex ideas like application and examples. |
| Relevance | 5 | All questions are directly related to the statement, exploring various aspects of Boolean algebras, logical operations, and binary variables. |
| Diversity | 4 | The questions cover several dimensions, such as definition, operation, examples, and applications; however, they all revolve around understanding the concept itself without venturing into related but"
"Imagine you are a human, this is the first time you are coming across this Maths Statement or Equation, you have no previous knowledge of it "" The Fundamental Theorem of Algebra states that every non-constant single-variable polynomial with complex coefficients has at least one complex root"", what are the top 5 questions that would pop up in your head which would be most useful in learning about it as you are new to it. Give me a simple bullet point list, don't explain them or expand them","1. What is a polynomial?
2. What does 'non-constant' mean?
3. What is a variable?
4. What are complex numbers?
5. How do we find roots of a polynomial?","| Metric | Score | Justification |
|---|---|---|
| Relevance | 5 | Each question directly relates to a key concept in the statement, providing the necessary foundation for understanding the Fundamental Theorem of Algebra. |
| Coherence | 4 | The questions are logically connected, progressing from basic concepts (polynomial, variable) to more advanced ones (complex numbers, roots). However, question 5 could be better placed as the second-to-last question. |
| Diversity | 3 | The questions cover a range of aspects, from definitions (polynomial, variable, complex numbers) to the application (finding roots). However, they primarily focus on the mathematical vocabulary and less on the implications or applications of the theorem. |","Coherence | 4 | The questions progress logically from defining basic terms to understanding the concept of finding roots of polynomials.
Relevance | 5 | All questions directly relate to the key elements introduced in the statement about the Fundamental Theorem of Algebra.
Diversity | 4 | The questions cover a range of topics from polynomials to complex numbers, providing a diverse exploration of the statement.","

| Metric | Score | Justification |
|---|---|---|
| Coherence | 5 | All questions follow a logical order, starting from basic terminology and gradually moving towards more specific concepts like finding roots. |
| Relevance | 5 | Every question is directly relevant to understanding the theorem, covering essential terms and concepts without deviating into tangential topics. |
| Diversity | 4 | Although all questions address important aspects, there could be slightly more variety in exploring related ideas such as applications or historical context. |"
"Imagine you are a human, this is the first time you are coming across this Maths Statement or Equation, you have no previous knowledge of it "" The area of a trapezoid is given by ½(a + b)h, where a and b are the lengths of the parallel sides, and h is the height"", what are the top 5 questions that would pop up in your head which would be most useful in learning about it as you are new to it. Give me a simple bullet point list, don't explain them or expand them","1. What does 'area' mean? 
2. How do I find the length of the parallel sides (a and b)? 
3. How do I measure the height (h)? 
4. Can you give an example of how to use this formula? 
5. Are there any other formulas related to finding the area of shapes?","| Metric           | Score | Justification                                                                                                                                                                                                                                                                                                                                                                                                                                                                                                                                                                                                                                                                                                                                                                                                                                                                                                                                                                                                                                                                                                                                                                                                                                                                                                                                                                                                                                                                                                                                                                                                                                                               |
|:-----------------:|:-----:|:------------------------------------------------------------------------------------------------------------------------------------------------------------------------------------------------------------------------------------------------------------------------------------------------------------------------------------------------------------------------------------------------------------------------------------------------------------------------------------------------------------------------------------------------------------------------------------------------------------------------------------------------------------------------------------------------------------------------------------------------------------------------------------------------------------------------------------------------------------------------------------------------------------------------------------------------------------------------------------------------------------------------------------------------------------------------------------------------------------------------------------------------------------------------------------------------------------------------------------------------------------------------------------------------------------------------------------------------------------------------------------------------------------------------------------------------------------------------------------------------------------------------------------------------------------------------------------------------------------------------------------------------------------------------------------------------------------------------------------------------------------------------------------------------------------------------------------------------------------------------------------------------------------------------------------------------------------------------------------------------------------------------------------------------------------------------------------------------------------------------------------------------------------------------------------------------------------------------------------------------------------------------------------------------------------------------------------------------------------------------------------------------------------------------------------------------------------------------------------------------------------------------------------------------------------------------------------------------------------------------------------------------------------------------------------------------------------------------------------------------------------------------------------------------------------------------------------------------------------------------------------------------------------------------------------------------------------------------------------------------------------------------------------------------------------------------------------------------------------------------------------------------------------------------------------------------------------------------------------------------------------------------------------------------------------------------------------------------------------------------------------------------------------------------------------------------------------------------------------------------------------------------------------------------------------------------------------------------------------------------------------------------------------------------------------------------------------------------------------------------------------------------------------------------------------------------------------------------------------------------------------------------------------------------------------------------------------------------------------------------------------------------------------------------------------------------------------------------------------------------------------------------------------------------------------------------------------------------------------------------------------------------------------------------------------------------------------------------------------------------------------------------------------------------------------------------------------------------------------------------------------------------------------------------------------------------------------------------------------------------------------------------------------------------------------------------------------------------------------------------------------------------------------------------------------------------------------------------------------------------------------------------------------------------------------------------------------------------------------------------------------------------------------------------------------------------------------------------------------------------------------------------------------------------------------------------------------------------------------------------------------------------------------------------------------------------------------------------------------------------------------------------------------------------------------------------------------------------------------------------------------------------------------------------------------------------------------------------------------------------------------------------------------------------------------------------------------------------------------------------------------------------------------------------------------------------------------------------------------------------------------------------------------------------------------------------------------------------------------------------------------------------------------------------------------------------------------------------------------------------------------------------------------------------------------------------------------------------------------------------------------------------------------------------------------------------------------------------------------------------------------------------------------------------------------------------------------------------------------------------------------------------------------------------------------------------------------------------------------------------------------------------------------------------------------------------------------------------------------------------------------------------------------------------------------------------------------------------------------------------------------------------------------------------------------------------------------------------------------------------------------------------------------------------------------------------------------------------------------------------------------------------------------------------------------------------------------------------------------------------------------------------------------------------------------------------------------------------------------------------------------------------------------------------------------------------------------------------------------------------------------------------------------------------------------------------------------------------------------------------------------------------------------------------------------------------------------------------------------------------------------------------------------------------------------------------------------------------------------------------------------------------------------------------------------------------------------------------------------------------------------------------------------------------------------------------------------------------------------------------------------------------------------------------------------------------------------------------------------------------------------------------------------------------------------------------------------------------------------------------------------------------------------------------------------------------------------------------------------------------------------------------------------------------------------------------------------------------------------------------------------------------------------------------------------------------------------------------------------------------------------------------------------------------------------------------------------------------------------------------------------------------------------------------------------------------------------------------------------------------------------------------------------------------------------------------------------------------------------------------------------------------------------------------------------------------------------------------------------------------------------------------------------------------------------------------------------------------------------------------------------------------------------------------------------------------------------------------------------------------------------------------------------------------------------------------------------------------------------------------------------------------------------------------------------------------------------------------------------------------------------------------------------------------------------------------------------------------------------------------------------------------------------------------------------------------------------------------------------------------------------------------------------------------------------------------------------------------------------------------------------------------------------------------------------------------------------------------------------------------------------------------------------------------------------------------------------------------------------------------------------------------------------------------------------------------------------------------------------------------------------------------------------------------------------------------------------------------------------------------------------------------------------------------------------------------------------------------------------------------------------------------------------------------------------------------------------------------------------------------------------------------------------------------------------------------------------------------------------------------------------------------------------------------------------------------------------------------------------------------------------------------------------------------------------------------------------------------------------------------------------------------------------------------------------------------------------------------------------------------------------------------------------------------------------------------------------------------------------------------------------------------------------------------------------------------------------------------------------------------------------------------------------------------------------------------------------------------------------------------------------------------------------------------------------------------------------------------------------------------------------------------------------------------------------------------------------------------------------------------------------------------------------------------------------------------------------------------------------------------------------------------------------------------------------------------------------------------------------------------------------------------------------------------------------------------------------------------------------------------------------------------------------------------------------------------------------------------------------------------------------------------------------------------------------------------------------------------------------------------------------------------------------------------------------------------------------------------------------------------------------------------------------------------------------------------------------------------------------------------------------------------------------------------------------------------------------------------------------------------------------------------------------------------------------------------------------------------------------------------------------------------------------------------------------------------------------------------------------------------------------------------------------------------------------------------------------------------------------------------------------------------------------------------------------------------------------------------------------------------------------------------------------------------------------------------------------------------------------------------------------------------------------------------------------------------------------------------------------------------------------------------------------------------------------------------------------------------------------------------------------------------------------------------------------------------------------------------------------------------------------------------------------------------------------------------------------------------------------------------------------------------------------------------------------------------------------------------------------------------------------------------------------------------------------------------------------------------------------------------------------------------------------------------------------------------------------------------------------------------------------------------------------------------------------------------------------------------------------------------------------------------------------------------------------------------------------------------------------------------------------------------------------------------------------------------------------------------------------------------------------------------------------------------------------------------------------------------------------------------------------------------------------------------------------------------------------------------------------------------------------------------------------------------------------------------------------------------------------------------------------------------------------------------------------------------------------------------------------------------------------------------------------------------------------------------------------------------------------------------------------------------------------------------------------------------------------------------------------------------------------------------------------------------------------------------------------------------------------------------------------------------------------------------------------------------------------------------------------------------------------------------------------------------------------------------------------------------------------------------------------------------------------------------------------------------------------------------------------------------------------------------------------------------------------------------------------------------------------------------------------------------------------------------------------------------------------------------------------------------------------------------------------------------------------------------------------------------------------------------------------------------------------------------------------------------------------------------------------------------------------------------------------------------------------------------------------------------------------------------------------------------------------------------------------------------------------------------------------------------------------------------------------------------------------------------------------------------------------------------------------------------------------------------------------------------------------------------------------------------------------------------------------------------------------------------------------------------------------------------------------------------------------------------------------------------------------------------------------------------------------------------------------------------------------------------------------------------------------------------------------------------------------------------------------------------------------------------------------------------------------------------------------------------------------------------------------------------------------------------------------------------------------------------------------------------------------------------------------------------------------------------------------------------------------------------------------------------------------------------------------------------------------------------------------------------------------------------------------------------------------------------------------------------------------------------------------------------------------------------------------------------------------------------------------------------------------------------------------------------------------------------------------------------------------------------------------------------------------------------------------------------------------------------------------------------------------------------------------------------------------------------------------------------------------------------------------------------------------------------------------------------------------------------------------------------------------------------------------------------------------------------------------------------------------------------------------------------------------------------------------------------------------------------------------------------------------------------------------------------------------------------------------------------------------------------------------------------------------------------------------------------------------------------------------------------------------------------------------------------------------------------------------------------------------------------------------------------------------------------------------------------------------------------------------------------------------------------------------------------------------------------------------------------------------------------------------------------------------------------------------------------------------------------------------------------------------------------------------------------------------------------------------------------------------------------------------------------------------------------------------------------------------------------------------------------------------------------------------------------------------------------------------------------------------------------------------------------------------------------------------------------------------------------------------------------------------------------------------------------------------------------------------------------------------------------------------------------------------------------------------------------------------------------------------------------------------------------------------------------------------------------------------------------------------------------------------------------------------------------------------------------------------------------------------------------------------------------------------------------------------------------------------------------------------------------------------------------------------------------------------------------------------------------------------------------------------------------------------------------------------------------------------------------------------------------------------------------------------------------------------------------------------------------------------------------------------------------------------------------------------------------------------------------------------------------------------------------------------------------------------------------------------------------------------------------------------------------------------------------------------------------------------------------------------------------------------------------------------------------------------------------------------------------------------------------------------------------------------------------------------------------------------------------------------------------------------------------------------------------------------------------------------------------------------------------------------------------------------------------------------------------------------------------------------------------------------------------------------------------------------------------------------------------------------------------------------------------------------------------------------------------------------------------------------------------------------------------------------------------------------------------------------------------------------------------------------------------------------------------------------------------------------------------------------------------------------------------------------------------------------------------------------------------------------------------------------------------------------------------------------------------------------------------------------------------------------------------------------------------------------------------------------------------------------------------------------------------------------------------------------------------------------------------------------------------------------------------------------------------------------------------------------------------------------------------------------------------------------------------------------------------------------------------------------------------------------------------------------------------------------------------------------------------------------------------------------------------------------------------------------------------------------------------------------------------------------------------------------------------------------------------------------------------------------------------------------------------------------------------------------------------------------------------------------------------------------------------------------------------------------------------------------------------------------------------------------------------------------------------------------------------------------------------------------------------------------------------------------------------------------------------------------------------------------------------------------------------------------------------------------------------------------------------------------------------------------------------------------------------------------------------------------------------------------------------------------------------------------------------------------------------------------------------------------------------------------------------------------------------------------------------------------------------------------------------------------------------------------------------------------------------------------------------------------------------------------------------------------------------------------------------------------------------------------------------------------------------------------------------------------------------------------------------------------------------------------------------------------------------------------------------------------------------------------------------------------------------------------------------------------------------------------------------------------------------------------------------------------------------------------------------------------------------------------------------------------------------------------------------------------------------------------------------------------------------------------------------------------------------------------------------------------------------------------------------------------------------------------------------------------------------------------------------------------------------------------------------------------------------------------------------------------------------------------------------------------------------------------------------------------------------------------------------------------------------------------------------------------------------------------------------------------------------------------------------------------------------------------------------------------------------------------------------------------------------------------------------------------------------------------------------------------------------------------------------------------------------------------------------------------------------------------------------------------------------------------------------------------------------------------------------------------------------------------------------------------------------------------------------------------------------------------------------------------------------------------------------------------------------------------------------------------------------------------------------------------------------------------------------------------------------------------------------------------------------------------------------------------------------------------------------------------------------------------------------------------------------------------------------------------------------------------------------------------------------------------------------------------------------------------------------------------------------------------------------------------------------------------------------------------------------------------------------------------------------------------------------------------------------------------------------------------------------------------------------------------------------------------------------------------------------------------------------------------------------------------------------------------------------------------------------------------------------------------------------------------------------------------------------------------------------------------------------------------------------------------------------------------------------------------------------------------------------------------------------------------------------------------------------------------------------------------------------------------------------------------------------------------------------------------------------------------------------------------------------------------------------------------------------------------------------------------------------------------------------------------------------------------------------------------------------------------------------------------------------------------------------------------------------------------------------------------------------------------------------------------------------------------------------------------------------------------------------------------------------------------------------------------------------------------------------------------------------------------------------------------------------------------------------------------------------------------------------------------------------------------------------------------------------------------------------------------------------------------------------------------------------------------------------------------------------------------------------------------------------------------------------------------------------------------------------------------------------------------------------------------------------------------------------------------------------------------------------------------------------------------------------------------------------------------------------------------------------------------------------------------------------------------------------------------------------------------------------------------------------------------------------------------------------------------------------------------------------------------------------------------------------------------------------------------------------------------------------------------------------------------------------------------------------|
| Coherence        | 3      | The questions form a logical sequence of inquiry, starting with basic concepts like 'area' and gradually moving to more specific aspects of the formula. Questions 2 and 3 are somewhat disconnected from the discussion of ""area"", however, which detracts slightly from the coherence. |
| Relevance        | 4      | The questions directly pertain to the details presented in the mathematical equation. They cover key concepts such as finding the lengths of parallel sides, measuring the height, and understanding the formula's application. |
| Diversity         | 3      | The questions cover a range of aspects related to the formula, including its components, measurement, and practical applications. However, they do not delve into theoretical underpinnings or explore","Metric | Score | Justification
Relevance | 4 | Questions directly pertain to the details of the statement, focusing on understanding the formula and its components.
Coherence | 4 | Questions progress logically from defining the area to understanding the components of the formula and its application.
Diversity | 3 | While exploring aspects of the statement, the questions could further diversify by delving into real-life examples or practical applications.","

| Metric | Score | Justification |
|---|---|---|
| Relevance | 5 | All questions directly relate to the concept of calculating the area of a trapezoid using the given formula. They focus on understanding the terms used, measuring the required values, and applying the formula through examples. |
| Coherence | 5 | The questions follow a logical order, starting with defining key terms before moving onto measurement and application. This structure allows a beginner to gradually build their understanding of the topic. |
| Diversity | 5 | The questions cover various aspects of"
"Imagine you are a human, this is the first time you are coming across this Maths Statement or Equation, you have no previous knowledge of it "" A Hamiltonian path in a graph is a path that visits each vertex exactly once"", what are the top 5 questions that would pop up in your head which would be most useful in learning about it as you are new to it. Give me a simple bullet point list, don't explain them or expand them","1. What is a graph?
2. How do we define vertices and edges in a graph?
3. Can you give an example of a graph with a Hamiltonian path?
4. How can we find a Hamiltonian path in a graph?
5. Are there any real-world applications for finding a Hamiltonian path in a graph?","| Metric | Score | Justification |
|---|---|---|
| Relevance | 5 | All questions directly relate to the definition of a Hamiltonian path in a graph, effectively exploring the statement without introducing unrelated concepts. |
| Coherence | 4 | The questions follow a logical progression, beginning with fundamental concepts (graph, vertices, edges) and gradually moving towards specific aspects of Hamiltonian paths (existence, finding methods, applications). However, the transition from question 4 to 5 could be smoother to strengthen the logical flow. |
| Diversity | 3 | The questions cover various aspects of Hamiltonian paths, including basic definitions, examples, algorithms, and real-world applications. However, further exploration of theoretical implications or variations of Hamiltonian paths could enhance the diversity of perspectives. |","Metric         | Score | Justification
Relevance      |   5      | The questions directly pertain to the concept of a Hamiltonian path in a graph and related topics such as vertices, edges, and real-world applications.
Coherence      |   4      | The questions form a logical progression from basic definitions to practical applications, but the link between defining vertices and edges could be clearer.
Diversity        |   5      | The questions cover a range of aspects related to Hamiltonian paths in graphs, from basic definitions to practical examples and applications.","

| Metric | Score | Justification                                                                                                                                                                                                                                                                                                                                                                                                                                                                                                                                                                                                                                                                                                                                                                                                                                                                                                                                                                                                                                                                                                                                                                                                                                                                                                                                                                                                                                                                                                                                                                                                                                                                                                                                                                                                                                                                                                                                                                "
"Imagine you are a human, this is the first time you are coming across this Maths Statement or Equation, you have no previous knowledge of it "" The Chinese Remainder Theorem provides conditions under which a system of linear congruences has a solution"", what are the top 5 questions that would pop up in your head which would be most useful in learning about it as you are new to it. Give me a simple bullet point list, don't explain them or expand them","1. What is a linear congruence?
2. How does the Chinese Remainder Theorem relate to linear congruences?
3. Can you provide an example of how the theorem works?
4. What are some applications of the Chinese Remainder Theorem?
5. Are there any limitations or assumptions made when using the theorem?","| Metric | Score | Justification |
|---|---|---|
| Relevance | 5 | All questions are directly relevant to the statement and aim to clarify and expand upon its core concepts. |
| Coherence | 4 | The questions form a logical sequence, starting with basic definitions and gradually progressing towards applications and limitations. |
| Diversity | 4 | The questions cover a range of aspects, including definitions, relationships, examples, applications, and limitations. |","Metric | Score | Justification
Relevance | 5 | All questions directly pertain to the details and concepts presented in the statement about the Chinese Remainder Theorem
Coherence | 4 | The questions form a coherent line of inquiry, progressing logically from defining terms to applications and limitations, but could be slightly improved by a smoother transition
Diversity | 4 | The questions cover a range of aspects such as definitions, examples, applications, and limitations, offering a broad exploration of the topic

Overall, this set of questions scores well in relevance, coherence, and diversity, providing a solid foundation for understanding the Chinese Remainder Theorem as a beginner.","

| Metric | Score | Justification |
|---|---|---|
| Relevance | 5 | All questions are directly related to the Chinese Remainder Theorem, its definition, examples, applications, and limitations. |
| Coherence | 4 | The questions follow a logical order, starting with defining terms and gradually moving towards more complex ideas like applications and limitations. However, the transition between applications and limitations could be smoother. |
| Diversity | 5 | The questions cover various aspects of the theorem, providing a comprehensive introduction to the topic. They include definitions, examples,"
"Imagine you are a human, this is the first time you are coming across this Maths Statement or Equation, you have no previous knowledge of it "" A group in abstract algebra is a set equipped with an operation that combines any two elements to form a third element, satisfying four conditions: closure, associativity, identity, and invertibility."", what are the top 5 questions that would pop up in your head which would be most useful in learning about it as you are new to it. Give me a simple bullet point list, don't explain them or expand them","1. What does 'group' mean? 
2. What is an 'operation'? 
3. How do we know if an operation satisfies the four conditions? 
4. Can you give examples of operations that satisfy these conditions? 
5. How can we use groups in real-world applications?","| Metric | Score | Justification |
|---|---|---|
| Relevance | 5 | All questions are directly related to the statement, exploring its key concepts and conditions. |
| Coherence | 4 | The questions logically progress from defining basic terms to exploring the conditions and practical applications of groups. |
| Diversity | 3 | The questions cover a range of topics, including definitions, conditions, and applications, but could delve deeper into theoretical underpinnings. |","| Metric    | Score | Justification                                                                                      |
|-----------|-------|----------------------------------------------------------------------------------------------------|
| Relevance | 5     | All questions directly pertain to understanding the definition and application of a group in abstract algebra.                                                       |
| Coherence | 4     | The questions follow a logical progression from understanding the basic concepts to practical applications. One question could better lead into the next for improved coherence. |
| Diversity | 4     | The questions cover a range of aspects, from definitions to real-world applications, offering a diverse exploration of the topic.                                            |","

| Metric | Score | Justification                                                                                       |
|---------|-------|-----------------------------------------------------------------------------------------------|
| Relevance | 5     | All questions are directly related to the concept of groups in abstract algebra. They focus on understanding the definition, properties, examples, and applications of groups. |
| Coherence | 5     | The questions follow a logical order, starting with defining terms and gradually moving towards more complex ideas like real-world applications. This structure helps build a comprehensive understanding of the topic. |
| Diversity | 5     |"
"Imagine you are a human, this is the first time you are coming across this Maths Statement or Equation, you have no previous knowledge of it ""The Generalized Stokes Theorem generalizes several theorems from vector calculus, including the classical Stokes' theorem and the divergence theorem."", what are the top 5 questions that would pop up in your head which would be most useful in learning about it as you are new to it. Give me a simple bullet point list, don't explain them or expand them","1. What does the generalized Stokes theorem do?
2. How does it relate to other theorems in vector calculus?
3. Can you provide an example of how it can be applied?
4. Are there any limitations or assumptions made when using this theorem?
5. Is there a visual representation or diagram that could help me better understand the concept?","| Metric | Score | Justification |
|---|---|---|
| Coherence | 5 | The questions have a logical flow, starting with a broad overview of the generalized Stokes theorem's purpose (1) and its connection to other theorems in vector calculus (2). They then explore practical aspects (3) and delve into potential limitations or assumptions (4), finally asking for a visual aid (5) to enhance comprehension. |
| Relevance | 4 | All questions directly pertain to the elements and concepts introduced in the given statement. They aim to clarify the theorem's functionality, connections, applications, limitations, and visual aids, collectively providing a solid foundation for understanding. |
| Diversity | 5 | The questions cover a wide range of aspects related to the generalized Stokes theorem. They explore its purpose and nature (1,2), practical applications (3), underlying assumptions and limitations (4), and visual representations (5). This diversity helps foster a comprehensive understanding of the theorem. |","| Metric   | Score | Justification                                                                                                         |
|----------|-------|-----------------------------------------------------------------------------------------------------------------------|
| Relevance | 5     | All questions directly pertain to the details and concepts presented in the statement.                               |
| Coherence | 4     | The questions form a logical progression in exploring the generalized Stokes theorem from different angles.         |
| Diversity | 4     | The questions cover a range of aspects including definition, relation to other theorems, applications, and visuals. |","

| Metric | Score | Justification |
|---|---|---|
| Relevance | 5 | All questions directly relate to the statement, exploring various aspects such as purpose, relationships, examples, limitations, and visualization. |
| Coherence | 4 | The questions follow a logical progression, moving from basic understanding to more complex considerations like application and visualization. However, they could be slightly more interconnected in terms of building on each other's answers. |
| Diversity | 5 | The questions cover a wide range of aspects related to the statement, providing a"
"Imagine you are a human, this is the first time you are coming across this Maths Statement or Equation, you have no previous knowledge of it ""Homology and cohomology are concepts in algebraic topology that measure the 'holes' in a topological space, offering insight into its structure."", what are the top 5 questions that would pop up in your head which would be most useful in learning about it as you are new to it. Give me a simple bullet point list, don't explain them or expand them","1. What is algebraic topology?
2. How does homology measure the 'holes' in a topological space?
3. Can you provide an example of how homology can be used to understand a specific topological space?
4. What is cohomology and how does it relate to homology?
5. Are there any real-world applications for these concepts in algebraic topology?","| Metric | Score | Justification |
|---|---|---|
| Relevance | 4 | The questions directly address the key concepts and elements of the statement, exploring the nature of algebraic topology, the measurement of 'holes' in topological spaces, and the relationship between homology and cohomology. |
| Coherence | 5 | The questions progress logically, building upon each other to provide a comprehensive understanding of homology and cohomology. The sequence of questions facilitates a structured exploration of the concepts. |
| Diversity | 4 | The questions cover a range of aspects, including definitions, examples, applications, and the relationship between homology and cohomology. They offer a broad exploration of the statement's content. |","| Metric   | Score | Justification                                                                                                                            |
|----------|-------|------------------------------------------------------------------------------------------------------------------------------------------|
| Relevance| 5     | All questions directly address the key concepts mentioned in the statement about homology and cohomology in algebraic topology.           |
| Coherence| 4     | The questions form a logical progression from defining algebraic topology to exploring homology, cohomology, examples, and applications. |
| Diversity| 4     | The questions cover a range of aspects from definitions to applications, offering a diverse exploration of the topic.                      |","

| Metric | Score | Justification |
|---|---|---|
| Relevance | 5 | All questions are directly related to the statement, exploring various aspects of homology and cohomology. |
| Coherence | 5 | The questions follow a logical order, starting with general background and gradually moving towards more specific aspects like examples and applications. |
| Diversity | 5 | A wide range of aspects are covered, including definition, methodology, application, and relation to other concepts. |"
"Imagine you are a human, this is the first time you are coming across this Maths Statement or Equation, you have no previous knowledge of it ""Galois theory explains the solvability of polynomial equations in terms of the symmetry group of their roots."", what are the top 5 questions that would pop up in your head which would be most useful in learning about it as you are new to it. Give me a simple bullet point list, don't explain them or expand them","1. What is Galois Theory?
2. How does it relate to polynomials and their roots?
3. Can you give an example of how it works?
4. What is the significance of the symmetry group in relation to solving polynomial equations?
5. Are there any real-world applications for Galois Theory?","| Metric | Score | Justification |
|---|---|---|
| Relevance | 5 | The questions directly address the key concepts mentioned in the statement, such as Galois theory, polynomial equations, roots, symmetry groups, and solvability. |
| Coherence | 4 | The questions follow a logical progression, starting with a general overview of Galois theory and then exploring its relationship with polynomials, the role of symmetry groups, and its significance and applications. |
| Diversity | 4 | The questions cover a range of aspects, including the definition, mechanism, significance, and applications of Galois theory, providing a balanced exploration of the statement. |","| Metric   | Score | Justification                                                                                                                      |
|----------|-------|------------------------------------------------------------------------------------------------------------------------------------|
| Relevance | 5     | Questions directly pertain to the details mentioned in the statement, focusing on Galois Theory and its application in polynomials |
| Coherence | 4     | Questions progress logically in exploring Galois Theory and its implications, could be improved with clearer linking             |
| Diversity | 5     | Each question covers a different aspect of the topic, ranging from definitions to applications                                      |","

| Metric | Score | Justification |
|---|---|---|
| Relevance | 5 | All questions are directly related to the statement, exploring various aspects such as definition, application, and examples. |
| Coherence | 4 | The questions follow a logical order, moving from basic concepts to more complex ideas like examples and applications. However, they could be more explicitly connected to create a clearer path for learning. |
| Diversity | 5 | A wide range of aspects are covered, providing a comprehensive introduction to the topic without unnecessary repetition or tangential queries. |"
"Imagine you are a human, this is the first time you are coming across this Maths Statement or Equation, you have no previous knowledge of it ""The Nash Equilibrium presents a solution concept in non-cooperative games, where no player can benefit by changing strategies if the others remain unchanged."", what are the top 5 questions that would pop up in your head which would be most useful in learning about it as you are new to it. Give me a simple bullet point list, don't explain them or expand them","1. What is a game? 
2. What does 'non-cooperative' mean? 
3. How do players interact with each other in a game? 
4. What is a strategy and how does it relate to a game? 
5. Can you give an example of a non-cooperative game?","| Metric | Score | Justification |
|---|---|---|
| Relevance | 5 | All questions directly relate to understanding the core concepts of game theory and the Nash Equilibrium. |
| Coherence | 3 | The questions follow a logical progression from introducing the concept of a game to specific aspects of non-cooperative games and the Nash Equilibrium. However, the sequence could be improved to provide a more structured exploration. |
| Diversity | 4 | The questions cover a range of key concepts, including game structure, player interaction, strategic decision-making, and practical applications. However, they could delve deeper into the theoretical underpinnings of the Nash Equilibrium. |","| Metric    | Score | Justification                                                                                   |
|-----------|-------|-------------------------------------------------------------------------------------------------|
| Relevance | 4     | The questions directly pertain to elements of games, cooperation, and strategies introduced in the statement. |
| Coherence | 4     | The questions progress logically from defining a game to strategies and player interactions.        |
| Diversity | 3     | While the questions cover different aspects, more diversity could be introduced in exploring implications or applications of Nash Equilibrium. |","

| Metric | Score | Justification                                                                                       |
|---------|-------|-----------------------------------------------------------------------------------------------|
| Relevance | 5     | All questions are directly related to the statement, aiming to clarify key terms and concepts. |
| Coherence | 5     | The questions follow a logical order, starting with basic terminology and gradually moving towards more complex ideas. |
| Diversity | 5     | Each question explores a unique aspect of the statement, providing a comprehensive overview of the topic. |"
"Imagine you are a human, this is the first time you are coming across this Maths Statement or Equation, you have no previous knowledge of it ""A metric space is a set where a notion of distance (the metric) between elements of the set is defined."", what are the top 5 questions that would pop up in your head which would be most useful in learning about it as you are new to it. Give me a simple bullet point list, don't explain them or expand them","1. What is a metric space?
2. How does a metric work in a metric space?
3. Can you give an example of a metric space?
4. What are some properties of a metric space?
5. How can we use metrics in real-world applications?","| Metric | Score | Justification |
|---|---|---|
| Relevance | 5 | Each question pertains directly to the statement, addressing its key elements and concepts, such as the definition, function, properties, and applications of a metric space. |
| Coherence | 4 | The questions form a logical progression, initiating with the basic question of understanding the concept, continuing to explore the mechanism, exemplification, specific characteristics, and ultimately delving into practical applications. |
| Diversity | 3 | The questions cover a range of aspects related to metric spaces, including their definition, operation, example, properties, and applications, offering a comprehensive exploration of the topic's various dimensions. While they delve into theoretical and practical domains, a more diverse perspective could have included questions on historical origins, limitations, or connections to other mathematical concepts. |","| Metric    | Score | Justification                                                                                                       |
|-----------|-------|---------------------------------------------------------------------------------------------------------------------|
| Relevance | 5     | All questions directly address the definition and applications of a metric space.                                   |
| Coherence | 4     | The questions flow logically from defining a metric space to its properties and applications.                      |
| Diversity | 4     | The questions cover the definition, functions, examples, properties, and real-world applications of a metric space. |","

| Metric | Score | Justification                                                                 |
| --- | --- | --- |
| Relevance | 5 | All questions are directly related to the concept of a metric space.          |
| Coherence | 5 | The questions follow a logical progression, starting with basic understanding and moving towards applications. |
| Diversity | 5 | The questions cover various aspects, such as definition, examples, properties, and applications. |"
"Imagine you are a human, this is the first time you are coming across this Maths Statement or Equation, you have no previous knowledge of it ""The Banach Fixed Point Theorem guarantees the existence and uniqueness of fixed points in certain spaces, underpinning many areas of mathematical analysis."", what are the top 5 questions that would pop up in your head which would be most useful in learning about it as you are new to it. Give me a simple bullet point list, don't explain them or expand them","1. What does ""fixed point"" mean?
2. How does the theorem apply to different types of spaces?
3. Can you give an example of how the theorem can be used in real-world applications?
4. Are there any limitations or exceptions to the theorem?
5. How does the theorem relate to other concepts in mathematics?","| Metric | Score | Justification |
|---|---|---|
| Coherence | 4 | The questions are topically connected and flow logically, starting with a basic definition and progressing to more advanced concepts. |
| Relevance | 5 | All questions directly relate to the statement, exploring its essential elements and implications. |
| Diversity | 3 | The questions cover a range of aspects, including definition, application, limitations, and theoretical connections. However, they could delve deeper into practical examples and case studies. |","Relevance        4
Coherence        3
Diversity         5

Relevance: The questions directly pertain to the details and concepts presented in the statement, focusing on clarifying and exploring the content.
Coherence: The questions form a coherent line of inquiry that progresses a beginner's understanding of the topic, but could benefit from better sequencing.
Diversity: The questions cover a wide range of aspects related to the statement, offering a broad exploration of the topic with different perspectives.","

| Metric | Score | Justification |
|---|---|---|
| Coherence | 4 | The questions follow a logical order, starting with defining key terms and gradually moving towards more complex ideas such as applications and relationships with other concepts. However, the last question might be too open-ended for beginners. |
| Relevance | 5 | All questions are directly relevant to the statement, focusing on essential aspects like definition, applicability, limitations, and connections to other concepts. They help clarify and deepen understanding of the theorem. |
| Diversity | 4 | The"
"Imagine you are a human, this is the first time you are coming across this Maths Statement or Equation, you have no previous knowledge of it ""Langlands Program aims to connect number theory and harmonic analysis through a web of relationships between different areas of mathematics."", what are the top 5 questions that would pop up in your head which would be most useful in learning about it as you are new to it. Give me a simple bullet point list, don't explain them or expand them","1. What is Langlands program? 
2. How does it relate to Number Theory and Harmonic Analysis? 
3. Can you give an example of how these two fields are connected? 
4. Who developed the Langlands program? 
5. What impact has the Langlands program had on Mathematics so far?","| Metric | Score | Justification |
|---|---|---|
| Relevance | 4 | Questions directly address the main concepts of the statement, focusing on the connection between number theory and harmonic analysis. |
| Coherence | 3 | While the questions form a logical line of inquiry, with each question delving deeper into the topic, the flow could be smoother with a more explicit connection between questions 3 and 4. |
| Diversity | 4 | Questions cover a range of aspects, including the definition, relationship, and impact of the program, providing a broad exploration of the topic. |","| Metric   | Score | Justification                                                                                                       |
|----------|-------|---------------------------------------------------------------------------------------------------------------------|
| Relevance | 5     | All questions directly address the core concept of the Langlands Program and its relationship to number theory and harmonic analysis. |
| Coherence | 4     | The questions form a logical progression from defining the Langlands Program to its impact on mathematics, with a clear thematic connection. However, the sequence could be slightly improved for enhanced coherence.            |
| Diversity | 4     | The questions cover a range of aspects such as the definition, relationship with different fields, examples, historical context, and impact, offering a diverse exploration of the topic. However, further depth or varied perspectives could enhance diversity.  |","

| Metric | Score | Justification |
|---|---|---|
| Coherence | 5 | The questions follow a logical order, starting with general background information and moving towards more specific connections and impacts. |
| Relevance | 5 | All questions directly address the Langlands Program and its relationship to Number Theory and Harmonic Analysis, asking for examples, origins, and effects. |
| Diversity | 5 | The questions cover various aspects of the Langlands Program, such as its definition, connections, historical context, and significance, offering a comprehensive introduction to the topic. |"
"Imagine you are a human, this is the first time you are coming across this Maths Statement or Equation, you have no previous knowledge of it ""Cryptography relies on number theory and computational complexity to secure communication, illustrating applied mathematical principles."", what are the top 5 questions that would pop up in your head which would be most useful in learning about it as you are new to it. Give me a simple bullet point list, don't explain them or expand them","1. What is cryptography? 
2. How does number theory relate to cryptography? 
3. What is computational complexity? 
4. How does cryptography use these concepts to secure communication? 
5. Can you give an example of how cryptography works in practice?","| Metric | Score | Justification |
|---|---|---|
| Relevance | 5 | All questions directly relate to the given statement and aim to clarify its key concepts. |
| Coherence | 4 | The questions flow logically, building upon each other to provide a gradual understanding of the topic. |
| Diversity | 4 | The questions cover a range of aspects, including definitions, applications, and underlying mathematical principles. |","```
| Metric     | Score | Justification                                                                                   |
|------------|-------|--------------------------------------------------------------------------------------------------|
| Relevance  | 5     | All questions directly address the elements and concepts presented in the statement.            |
| Coherence  | 4     | The questions progress logically from defining concepts to understanding their application.     |
| Diversity  | 4     | The questions cover a range of aspects related to cryptography, offering a broad exploration.    |
```","

| Metric | Score | Justification |
|---|---|---|
| Coherence | 5 | The questions follow a logical order, starting with general concepts before moving onto more specific ones, allowing a beginner to build their understanding step-by-step. |
| Relevance | 5 | All questions directly relate to the statement, exploring various aspects of cryptography, its relationship with number theory and computational complexity, and practical examples. |
| Diversity | 5 | The questions cover a wide range of aspects related to the statement, including definitions, underlying principles, applications, and"
"Imagine you are a human, this is the first time you are coming across this Maths Statement or Equation, you have no previous knowledge of it ""Knot theory studies mathematical knots, which are embeddings of circles in 3-dimensional space, with applications in various scientific fields."", what are the top 5 questions that would pop up in your head which would be most useful in learning about it as you are new to it. Give me a simple bullet point list, don't explain them or expand them","1. What is Knot Theory?
2. How does it relate to Mathematics and Science?
3. Can you give an example of a knot?
4. What are some practical applications of Knot Theory?
5. Are there any famous mathematicians who have contributed to Knot Theory?","| Metric | Score | Justification |
|---|---|---|
| Relevance | 5 | All questions directly relate to the statement, focusing on the essential concepts of knots, applications, and notable contributors. |
| Coherence | 4 | The questions follow a logical progression from defining knot theory to exploring its connections, examples, applications, and notable figures. |
| Diversity | 4 | The set covers a range of aspects, including definition, relationship to mathematics and science, examples, practical applications, and historical contributions. |","Relevance | 5 | The questions directly inquire about the definition, applications, examples, and historical context of knot theory.
Coherence | 5 | The questions logically progress from understanding the core concept of knot theory to its practical applications and significance in the field of mathematics and science.
Diversity | 4 | The questions cover a range of aspects including definitions, examples, applications, and historical context, offering a diverse exploration of knot theory but could potentially include a question on the complexity or mathematical properties of knots for further depth.","

| Metric | Score | Justification |
|---|---|---|
| Relevance | 5 | All questions are directly related to the statement, providing a clear path for understanding the concept. |
| Coherence | 5 | The questions follow a logical order, starting with general concepts before moving onto more specific ones. |
| Diversity | 4 | The questions cover various aspects of Knot Theory, however, they could delve deeper into its mathematical foundations. |"
"Imagine you are a human, this is the first time you are coming across this Maths Statement or Equation, you have no previous knowledge of it ""The concept of mathematical beauty relates to the aesthetic and intellectual appeal of certain mathematical proofs or results, reflecting the subjective experience of mathematical discovery."", what are the top 5 questions that would pop up in your head which would be most useful in learning about it as you are new to it. Give me a simple bullet point list, don't explain them or expand them","1. What does'mathematical beauty' mean?
2. How can one determine if a proof or result is beautiful?
3. Can mathematical beauty change over time?
4. Are there any specific examples of beautiful mathematics?
5. Is there a connection between mathematical beauty and its practical applications?","| Metric | Score | Justification |
|---|---|---|
| Relevance | 5 | All questions directly target the key concepts and elements of the statement, aiming to clarify and explore the definition, subjective nature, and potential characteristics of mathematical beauty. |
| Coherence | 4 | The questions logically progress from defining mathematical beauty to exploring its subjective nature, temporal aspects, and practical implications. The sequence facilitates a structured understanding of the concept. |
| Diversity | 5 | The questions cover a wide range of aspects, including definition, evaluation criteria, historical perspectives, specific examples, and the relationship to practical applications. Each question brings a new dimension to the exploration. |","| Metric   | Score | Justification                                                                            |
|----------|-------|------------------------------------------------------------------------------------------|
| Relevance|   5   | All questions directly pertain to the concept of mathematical beauty.                    |
| Coherence|   4   | The questions form a logical progression in exploring different aspects of beauty in math.|
| Diversity|   4   | The questions cover a range of aspects related to mathematical beauty, offering varied perspectives. |","

| Metric | Score | Justification                                                                                                                                                                                                                                                                                                                                                                                                                                                                                                                                                                                                                                                                                                                                                                                                                                                                                                                                                                                                                                                                                                                                                                                                                                                                                                                                                                                                                                                                                                                                                                                                                                                                                                                                                                                                                                                                                                                                                                "
"Imagine you are a human, this is the first time you are coming across this Maths Statement or Equation, you have no previous knowledge of it ""The concept of eigenvalues and eigenvectors is crucial in understanding linear transformations and their properties."", what are the top 5 questions that would pop up in your head which would be most useful in learning about it as you are new to it. Give me a simple bullet point list, don't explain them or expand them","1. What are eigenvalues?
2. How do we find eigenvalues for a given matrix?
3. What are eigenvectors?
4. How do we find eigenvectors for a given matrix?
5. What are some applications of eigenvalues and eigenvectors in real-world problems?","| Metric | Score | Justification |
|---|---|---|
| Relevance | 5 | All questions directly ask about eigenvalues and eigenvectors, their properties, and their applications, which are central concepts of the statement. |
| Coherence | 4 | The questions follow a logical sequence from defining eigenvalues and eigenvectors to finding them and then exploring their applications. |
| Diversity | 3 | The questions adequately cover the topic from different aspects, including definitions, methods, and applications. However, they could benefit from expanding on theoretical underpinnings. |","Relevance   |   5   |   The questions directly address the key concepts of eigenvalues and eigenvectors mentioned in the statement.
Coherence   |   4   |   The questions progress logically from understanding eigenvalues to eigenvectors and then to applications.
Diversity   |   4   |   The questions cover definitions, methods of determination, and practical applications, offering a rounded exploration.

(Note: Scores are subjective and may vary based on individual interpretations of the criteria.)","

| Metric | Score | Justification |
|---|---|---|
| Relevance | 5 | All questions are directly related to the statement, exploring the definition, calculation, and application of eigenvalues and eigenvectors. |
| Coherence | 5 | The questions follow a logical order, starting with defining eigenvalues, moving on to finding them, then introducing eigenvectors, calculating them, and finally looking at real-world applications. |
| Diversity | 5 | The questions cover various aspects of eigenvalues and eigenvectors, providing a comprehensive introduction to the topic"
"Imagine you are a human, this is the first time you are coming across this Maths Statement or Equation, you have no previous knowledge of it ""In topology, a space is compact if every open cover has a finite subcover, a fundamental property affecting continuity and convergence."", what are the top 5 questions that would pop up in your head which would be most useful in learning about it as you are new to it. Give me a simple bullet point list, don't explain them or expand them","1. What does 'open cover' mean?
2. How do we determine if an open cover has a finite subcover?
3. Can you give an example of a space that is not compact?
4. How does compactness affect continuity and convergence?
5. Are there any real-world applications for compact spaces?","| Metric | Score | Justification |
|---|---|---|
| Relevance | 5 | All questions are directly related to the fundamental concept and elements of compactness in topology, demonstrating a clear understanding of the initial statement. |
| Coherence | 4 | The questions flow logically, starting with basic concepts (open cover) and progressing towards more advanced topics (non-compact spaces, applications). However, the connection between Q3 and Q4 could be strengthened to improve the overall coherence. |
| Diversity | 4 | The questions cover a range of aspects, from definitions (Q1) to implications (Q4) and applications (Q5). While all questions are relevant, they could delve into more theoretical underpinnings or counter-examples to enhance diversity. |","Metric | Score | Justification
Relevance | 5 | The questions directly pertain to the details and concepts presented in the statement about compact spaces in topology.
Coherence | 4 | The questions form a logical progression in exploring the concept of compactness and its implications on continuity and convergence.
Diversity | 4 | The questions cover various aspects such as definitions of open covers, examples of non-compact spaces, implications on continuity and convergence, and real-world applications.

Metric | Score | Justification
Relevance | 4 | The questions are relevant to the statement about compact spaces and how they relate to open covers, continuity, and convergence.
Coherence | 3 | The questions lack a clear progression in exploring the topic of compactness, with some jumping between different aspects without a seamless connection.
Diversity | 4 | The questions cover different dimensions of compact spaces, including definitions, examples, implications, and applications, providing a diverse exploration of the topic.

Metric | Score | Justification
Relevance | 5 | The questions directly address the key elements and concepts introduced in the statement about compact spaces in topology.
Coherence | 5 | The questions flow logically from defining open covers to exploring the implications of compactness on continuity and convergence, forming a","

| Metric | Score | Justification |
|---|---|---|
| Relevance | 5 | All questions are directly related to the concept of compact spaces in topology, asking for clarification on key terms, examples, and implications. |
| Coherence | 5 | The questions follow a logical progression, starting with basic terminology and building towards more complex ideas like applications and effects on other mathematical properties. |
| Diversity | 5 | The questions cover various aspects of compact spaces, including definitions, methods of determination, counterexamples, relationships with other concepts, and practical"
"Imagine you are a human, this is the first time you are coming across this Maths Statement or Equation, you have no previous knowledge of it ""The Schwarz lemma in complex analysis offers insights into the behavior of holomorphic functions, demonstrating the constraints on their growth."", what are the top 5 questions that would pop up in your head which would be most useful in learning about it as you are new to it. Give me a simple bullet point list, don't explain them or expand them","1. What is complex analysis?
2. What does the Schwarz lemma mean?
3. How can we use the Schwarz lemma to understand holomorphic functions?
4. Can you give an example of how the Schwarz lemma works?
5. Why is understanding the behavior of holomorphic functions important?","| Metric | Score | Justification |
|---|---|---|
| Relevance | 5 | All questions are directly relevant to the statement, seeking to clarify the concept of complex analysis, the meaning of the Schwarz lemma, and its implications for holomorphic functions. |
| Coherence | 4 | The questions follow a logical progression, starting with foundational concepts and gradually exploring the relevance of the Schwarz lemma to holomorphic functions. However, the connection between question 4 (an example of the Schwarz lemma) and question 5 (the importance of understanding holomorphic functions) could be stronger. |
| Diversity | 5 | The questions cover a wide range of aspects related to the statement, including definitions (Q1, Q2), applications (Q3, Q4), and theoretical importance (Q5). Each question brings a unique dimension to the exploration of the statement. |","Metric | Score | Justification
Relevance | 5 | All questions directly pertain to the details and concepts presented in the statement.
Coherence | 4 | The questions progress logically, building upon each other to explore the topic effectively.
Diversity | 4 | The questions cover a range of aspects related to the Schwarz lemma and holomorphic functions, offering a well-rounded exploration.

I hope you find this information helpful.","

| Metric | Score | Justification |
|---|---|---|
| Relevance | 5 | All questions relate directly to the statement, aiming to clarify key terms and concepts. |
| Coherence | 4 | The questions follow a logical order, moving from basic definitions to more specific applications of the theorem. However, there is room for better thematic connections between questions. |
| Diversity | 5 | The questions cover various aspects of the statement, providing a well-rounded introduction to the topic. |"
"Imagine you are a human, this is the first time you are coming across this Maths Statement or Equation, you have no previous knowledge of it ""Differential geometry studies curves, surfaces, and manifolds using the techniques of calculus and linear algebra."", what are the top 5 questions that would pop up in your head which would be most useful in learning about it as you are new to it. Give me a simple bullet point list, don't explain them or expand them","1. What is differential geometry?
2. How does calculus relate to differential geometry?
3. What are some examples of curves, surfaces, and manifolds studied in differential geometry?
4. How can linear algebra help us understand these objects?
5. Can you provide an example of how differential geometry has practical applications?","| Metric | Score | Justification |
|---|---|---|
| Relevance | 5 | All questions are directly and specifically related to the statement, addressing the key concepts of differential geometry, its use of calculus and linear algebra, and its focus on curves, surfaces, and manifolds. |
| Coherence | 4 | The questions progress logically, building upon each other to guide a beginner's understanding of the field. They start with a broad overview, then delve into specific concepts and applications. |
| Diversity | 3 | While the questions cover a range of aspects, they primarily focus on the basic concepts and techniques of differential geometry, leaving out its theoretical underpinnings and potential implications. |","Relevance | 4 | The questions directly address the key components of the statement and seek to understand the basic concepts of differential geometry.
Coherence | 5 | The questions flow logically from defining differential geometry to exploring its practical applications, forming a coherent line of inquiry.
Diversity | 4 | The questions cover a diverse range of aspects including definitions, relationships with calculus and linear algebra, examples, and practical applications.","

| Metric | Score | Justification                                                                           |
|---------|-------|-----------------------------------------------------------------------------------|
| Relevance | 5     | All questions are directly related to the statement, exploring its components and implications. |
| Coherence | 5     | The questions follow a logical order, starting with general concepts and moving towards more specific applications. |
| Diversity | 5     | The questions cover various aspects of differential geometry, including definitions, relationships to other fields, examples, methods, and applications. |"
"Imagine you are a human, this is the first time you are coming across this Maths Statement or Equation, you have no previous knowledge of it ""The prime number theorem gives a general description of the distribution of prime numbers among the integers."", what are the top 5 questions that would pop up in your head which would be most useful in learning about it as you are new to it. Give me a simple bullet point list, don't explain them or expand them","1. What is a prime number?
2. How does the prime number theorem work?
3. Why is the distribution of prime numbers important?
4. Can we use the prime number theorem to find specific prime numbers?
5. Are there any real-world applications for the prime number theorem?","| Metric | Score | Justification |
|---|---|---|
| Relevance | 5 | All questions are directly related to the statement and aim to clarify and explore various aspects of the prime number theorem. |
| Coherence | 4 | The questions form a logical progression, starting with basic concepts and gradually moving towards more specific inquiries and applications. |
| Diversity | 4 | The questions cover a range of topics, including the definition of prime numbers, the mechanism of the prime number theorem, its significance, potential applications, and usability in identifying specific prime numbers. |","Relevance | 4
Coherence | 3
Diversity | 5

Relevance justification: The questions directly address key aspects of the prime number theorem and its relevance.
Coherence justification: The questions flow logically in exploring different aspects of the theorem, but there could be a more structured progression.
Diversity justification: The questions cover a broad range of topics related to prime numbers and the prime number theorem.","

| Metric | Score | Justification |
|---|---|---|
| Coherence | 4 | The questions follow a logical order, starting with defining a prime number before moving onto the theorem itself and its importance, then exploring practical applications. However, the last question could potentially stray from the main focus of the prime number theorem. |
| Relevance | 5 | All questions relate directly to the prime number theorem, asking for essential information such as definitions, mechanisms, and applications. They demonstrate a clear effort to understand the theorem and its significance. |
| Diversity | 4 |"
"Imagine you are a human, this is the first time you are coming across this Maths Statement or Equation, you have no previous knowledge of it ""Graph coloring involves assigning colors to elements of a graph, such as vertices or edges, under certain constraints, with applications in scheduling and problem solving."", what are the top 5 questions that would pop up in your head which would be most useful in learning about it as you are new to it. Give me a simple bullet point list, don't explain them or expand them","1. What is Graph Coloring? 
2. How does Graph Coloring work? 
3. What are the applications of Graph Coloring? 
4. What are the constraints for Graph Coloring? 
5. Can you give an example of Graph Coloring?","| Metric | Score | Justification |
|---|---|---|
| Relevance | 4 | The questions directly address the key elements and concepts of graph coloring, including its definition, mechanism, applications, and constraints. |
| Coherence | 4 | The questions logically connect to each other, forming a progressive line of inquiry. Each question builds upon the previous one, leading to a deeper understanding of the topic. |
| Diversity | 5 | The questions cover a broad range of aspects related to graph coloring, including its definition, operation, uses, limitations, and practical applications. |","| Metric   | Score | Justification                                                                                                                  |
|----------|-------|--------------------------------------------------------------------------------------------------------------------------------|
| Relevance | 5     | All questions directly pertain to the details and elements of the statement on Graph Coloring.                                |
| Coherence | 4     | The questions form a logical progression from defining Graph Coloring to its applications and examples.                    |
| Diversity | 4     | Each question covers a different aspect of Graph Coloring, providing a diverse exploration of the topic.                    |","

| Metric | Score | Justification |
|---|---|---|
| Coherence | 5 | The questions follow a logical order, starting with basic concepts and moving towards more specific aspects like constraints and examples. |
| Relevance | 5 | All questions are directly related to the statement, covering essential aspects of graph coloring. |
| Diversity | 4 | The questions cover various dimensions of graph coloring, but there might be room for further diversification, e.g., exploring historical context or mathematical proofs. |"
"Imagine you are a human, this is the first time you are coming across this Maths Statement or Equation, you have no previous knowledge of it ""In mathematical logic, Gödel's incompleteness theorems assert limitations on the provability of truths within formal systems."", what are the top 5 questions that would pop up in your head which would be most useful in learning about it as you are new to it. Give me a simple bullet point list, don't explain them or expand them","1. What does ""provable"" mean?
2. How can we prove something in a formal system?
3. What are the limitations of formal systems?
4. Who discovered Gödel's incompleteness theorems and when?
5. Can these theorems be applied to other areas besides mathematics?","| Metric | Score | Justification |
|---|---|---|
| Relevance | 5 | All questions directly relate to key elements of Gödel's incompleteness theorems, exploring the concepts of provability, formal systems, and limitations. |
| Coherence | 4 | The questions follow a logical progression, starting with basic concepts and gradually building towards more complex ideas, providing a coherent path of inquiry. |
| Diversity | 4 | The questions cover a diverse range of aspects, including defining terms, understanding processes, exploring limitations, and considering applications, offering a comprehensive exploration of the statement. |","| Metric   | Score | Justification                                                                                                         |
|----------|-------|-----------------------------------------------------------------------------------------------------------------------|
| Relevance | 4     | Questions directly address the statement and essential concepts.                                                        |
| Coherence | 4     | Questions flow logically and build upon each other in exploring the topic.                                            |
| Diversity | 4     | Questions cover various aspects related to Gödel's incompleteness theorems and their implications.                   |","

| Metric | Score | Justification                                                                       |
|---------|-------|-----------------------------------------------------------------------------------|
| Relevance | 5     | All questions directly relate to the concept of Gödel's Incompleteness Theorems.    |
| Coherence | 5     | The questions follow a logical order, starting with basic concepts and moving towards more complex ones. |
| Diversity | 5     | The questions cover various aspects of the topic, such as its definition, process, history, and application. |"
"Imagine you are a human, this is the first time you are coming across this Maths Statement or Equation, you have no previous knowledge of it ""Quantum computing utilizes the principles of quantum mechanics to process information in ways fundamentally different from classical computing."", what are the top 5 questions that would pop up in your head which would be most useful in learning about it as you are new to it. Give me a simple bullet point list, don't explain them or expand them","1. What is Quantum Mechanics?
2. How does Quantum Computing differ from Classical Computing?
3. Can you give an example of how Quantum Computing can solve problems faster than Classical Computing?
4. What are some real-world applications of Quantum Computing?
5. Who are the leading companies and researchers working on Quantum Computing?","| Metric | Score | Justification |
|---|---|---|
| Relevance | 5 | All questions are directly related to the statement, seeking to clarify key concepts and implications of quantum computing. |
| Coherence | 4 | The questions follow a logical progression, starting with defining quantum mechanics and its role in quantum computing, then exploring differences from classical computing, and finally delving into applications and research. |
| Diversity | 3 | The questions cover a range of aspects, including theoretical foundations, practical applications, and industry advancements. However, they could further explore potential limitations or challenges associated with quantum computing. |","| Metric   | Score | Justification                                                                                              |
|----------|-------|------------------------------------------------------------------------------------------------------------|
| Relevance | 5     | All questions directly pertain to the statement about quantum computing utilizing quantum mechanics.       |
| Coherence | 4     | The questions progress logically from defining quantum mechanics to real-world applications and key players. |
| Diversity | 4     | The questions cover various aspects of quantum computing, from theory to practical applications and industry involvement. |","

| Metric | Score | Justification |
|---|---|---|
| Relevance | 5 | All questions are directly related to the statement, providing a comprehensive introduction to the topic. |
| Coherence | 5 | The questions follow a logical order, starting with fundamental concepts before moving onto practical applications and research. |
| Diversity | 5 | A wide range of aspects are covered, including definitions, comparisons, examples, applications, and sources of further study. |"
"Imagine you are a human, this is the first time you are coming across this Maths Statement or Equation, you have no previous knowledge of it ""The Monty Hall problem, a probability puzzle, reveals counterintuitive results about decision-making and probability."", what are the top 5 questions that would pop up in your head which would be most useful in learning about it as you are new to it. Give me a simple bullet point list, don't explain them or expand them","1. What is the Monty Hall problem?
2. How does it relate to probability and decision-making?
3. What are the counterintuitive results revealed by the problem?
4. Can you provide an example scenario for better understanding?
5. Are there any real-life applications or implications of the Monty Hall problem?","| Metric | Score | Justification |
|---|---|---|
| Relevance | 5 | All questions directly relate to the statement, focusing on the key concepts of the Monty Hall problem, probability, and decision-making. |
| Coherence | 4 | The questions flow logically, starting with a basic definition, then exploring the connection to probability and decision-making, and finally inquiring about examples and applications. |
| Diversity | 4 | The questions cover a range of aspects, including the problem's definition, mechanism, implications, and real-world applications. |","| Metric   | Score | Justification                                                                                   |
|----------|-------|-------------------------------------------------------------------------------------------------|
| Relevance | 5     | All questions directly pertain to the details and concepts presented in the statement.          |
| Coherence | 4     | The questions form a logical progression of inquiry, but could benefit from clearer connection.|
| Diversity | 4     | The questions cover various aspects of the Monty Hall problem, offering a broad exploration.    |","

| Metric | Score | Justification |
|---|---|---|
| Relevance | 5 | All questions are directly related to the Monty Hall problem, its relationship with probability and decision making, and its real-life applications. |
| Coherence | 4 | The questions follow a logical order, moving from basic understanding to more complex implications, although some may argue that the last question could be split into multiple ones for further clarity. |
| Diversity | 5 | The questions cover various aspects of the Monty Hall problem, such as definition, examples, and applications, providing"
"Imagine you are a human, this is the first time you are coming across this Maths Statement or Equation, you have no previous knowledge of it ""Catastrophe theory studies how small changes in conditions can cause sudden shifts or 'catastrophes' in the behavior of a system, applicable in various scientific fields."", what are the top 5 questions that would pop up in your head which would be most useful in learning about it as you are new to it. Give me a simple bullet point list, don't explain them or expand them","1. What is Catastrophe Theory?
2. How does it work?
3. What are some real-world applications?
4. Can you give an example of a catastrophe?
5. Who developed Catastrophe Theory and when was it introduced?","| Metric | Score | Justification |
|---|---|---|
| Relevance | 5 | Each question directly pertains to the elements and concepts presented in the statement, aiming to clarify and expand upon its content. |
| Coherence | 5 | The questions form a logical line of inquiry that progresses a beginner's understanding of the topic, with each question building on the previous one. |
| Diversity | 4 | The questions cover a range of aspects related to the statement, including its definition, mechanism, applications, examples, and historical context. While they address various aspects, a broader exploration of theoretical underpinnings or limitations could enhance diversity. |","Metric | Score | Justification
Relevance | 5 | All questions directly pertain to the statement, focusing on understanding Catastrophe Theory.
Coherence | 5 | The questions form a logical progression of inquiry into the topic.
Diversity | 5 | The questions cover various aspects of Catastrophe Theory, from definition to applications.

Overall, this set of questions effectively meets the criteria for relevance, coherence, and diversity in exploring the statement about Catastrophe Theory.","

| Metric | Score | Justification |
|---|---|---|
| Relevance | 5 | All questions directly relate to the provided statement, exploring its definition, mechanism, examples, and history. |
| Coherence | 5 | The sequence of questions naturally progresses from basic understanding to more specific applications and historical context. |
| Diversity | 5 | Each question focuses on a distinct aspect of Catastrophe Theory, providing a comprehensive introduction without redundancy. |"
"Imagine you are a human, this is the first time you are coming across this Maths Statement or Equation, you have no previous knowledge of it ""The Bessel function of the first kind satisfies the differential equation x²y'' + xy' + (x² - n²)y = 0"", what are the top 5 questions that would pop up in your head which would be most useful in learning about it as you are new to it. Give me a simple bullet point list, don't explain them or expand them","1. What is a Bessel function?
2. How does it satisfy the given differential equation?
3. What is the significance of the terms 'n', 'x', and 'y'?
4. Can you provide an example of how this function can be used?
5. Are there any other properties or applications of Bessel functions?","| Metric | Score | Justification |
|:---:|:---:|:---:|
| Relevance | 5 | The questions are directly related to the new Maths Statement or Equation and cover aspects of definition, significance of terms, and applications, providing a good starting point for understanding the topic. |
| Coherence | 4 | The questions follow a logical progression from introducing the concept of Bessel function to its properties and applications, building a coherent line of inquiry for beginners. |
| Diversity | 4 | The questions encompass a range of aspects, including definition, differential equation, significance of terms, an example of use, and potential properties/applications, ensuring a broad exploration of the topic. |","| Metric   | Score | Justification                                                                                              |
|----------|-------|-----------------------------------------------------------------------------------------------------------|
| Relevance| 4     | Questions directly relate to the statement and focus on understanding the Bessel function and its equation.|
| Coherence| 3     | Questions progress logically but could be more structured in their exploration of the topic.             |
| Diversity| 4     | Questions cover different aspects of the Bessel function, from its definition to applications and properties. |","

| Metric | Score | Justification |
|---|---|---|
| Relevance | 5 | All questions relate directly to the provided statement, exploring various aspects such as definition, application, and properties of Bessel functions. |
| Coherence | 4 | The questions follow a logical order, moving from basic definitions to more complex properties and applications. However, some connections could be made clearer between questions. |
| Diversity | 5 | A wide range of aspects related to the statement are covered, offering a comprehensive introduction to Bessel functions and their role in the given"
"Imagine you are a human, this is the first time you are coming across this Maths Statement or Equation, you have no previous knowledge of it ""Every non-empty set of positive integers has a least element, by the well-ordering principle"", what are the top 5 questions that would pop up in your head which would be most useful in learning about it as you are new to it. Give me a simple bullet point list, don't explain them or expand them","1. What does ""non-empty"" mean?
2. What is a ""positive integer""?
3. What is the ""well-ordering principle""?
4. How can we find the ""least element"" of a set of numbers?
5. Can you provide an example of how this equation works with real numbers?","| Metric  	| Score 	| Justification                                                                                                                                                                                                                                                                                                                                                                                                                                                                                                                                                                                                                                                                                                                                                                                                                                                                                                                                                                                                                                                                                                                                                                                                                                                                                                                                                                                                                                                                                                                                                                                                                                                                                                                                                                                                                                                                                                                                                                                                                                                                                                                                                                                                                                                                                                                                                                                                                                                                                                                                                                                                                                                                                                                                                                                                                                                                                                                                                                                                                                                                                                                                                                                                                                                                                                                                                                                                                                                                                                                                                                                                                                                                                                                                                                                                                                                                                                                                                                                                                                                                                                                                                                                                                                                                                                                                                                                                                                                                                                                                                                                                                                                                                                                                                                                                                                                                                                                                                                                                                                                                                                                                                                                                                                                                                                                                                                                                                                                                                                                                                                                                                                                                                                                                                                                                                                                                                                                                                                                                                                                                                                                                                                                                                                                                                                                                                                                                                                                                                                                                                                                                                                                                                                                                                                                                                                                                                                                                                                                                                                                                                                                                                                                                                                                                                                                                                                                                                                                                                                                                                                                                                                                                                                                                                                                                                                                                                                                                                                                                                                                                                                                                                                                                                                                                                                                                                                                                                                                                                                                                                                                                                                                                                                                                                                                                                                                                                                                                                                                                                                                                                                                                                                                                                                                                                                                                                                                                                                                                                                                                                                                                                                                                                                                                                                                                                                                                                                                                                                                                                                                                                                                                                                                                                                                                                                                                                                                                                                                                                                                                                                                                                                                                                                                                                                                                                                                                                                                                                                                                                                                                                                                                                                                                                                                                                                                                                                                                                                                                                                                                                                                                                                                                                                                                                                                                                                                                                                                                                                                                                                                                                                                                                                                                                                                                                                                                                                                                                                                                                                                                                                                                                                                                                                                                                                                                                                                                                                                                                                                                                                                                                                                                                                                                                                                                                                                                                                                                                                                                                                                                                                                                                                                                                                                                                                                                                                                                                                                                                                                                                                                                                                                                                                                                                                                                                                                                                                                                                                                                                                                                                                                                                                                                                                                                                                                                                                                                                                                                                                                                                                                                                                                                                                                                                                                                                                                                                                                                                                                                                                                                                                                                                                                                                                                                                                                                                                                                                                                                                                                                                                                                                                                                                                                                                                                                                                                                                                                                                                                                                                                                                                                                                                                                                                                                                                                                                                                                                                                                                                                                                                                                                                                                                                                                                                                                                                                                                                                                                                                                                                                                                                                                                                                                                                                                                                                                                                                                                                                                                                                                                                                                                                                                                                                                                                                                                                                                                                                                                                                                                                                                                                                                                                                                                                                                                                                                                                                                                                                                                                                                                                                                                                                                                                                                                                                                                                                                                                                                                                                                                                                                                                                                                                                                                                                                                                                                                                                                                                                                                                                                                                                                                                                                                                                                                                                                                                                                                                                                                                                                                                                                                                                                                                                                                                                                                                                                                                                                                                                                                                                                                                                                                                                                                                                                                                                                                                                                                                                                                                                                                                                                                                                                                                                                                                                                                                                                                                                                                                                                                                                                                                                                                                                                                                                                                                                                                                                                                                                                                                                                                                                                                                                                                                                                                                                                                                                                                                                                                                                                                                                                                                                                                                                                                                                                                                                                                                                                                                                                                                                                                                                                                                                                                                                                                                                                                                                                                                                                                                                                                                                                                                                                                                                                                                                                                                                                                                                                                                                                                                                                                                                                                                                                                                                                                                                                                                                                                                                                                                                                                                                                                                                                                                                                                                                                                                                                                                                                                                                                                                                                                                                                                                                                                                                                                                                                                                                                                                                                                                                                                                                                                                                                                                                                                                                                                                                                                                                                                                                                                                                                                                                                                                                                                                                                                                                                                                                                                                                                                                                                                                                                                                                                                                                                                                                                                                                                                                                                                                                                                                                                                                                                                                                                                                                                                                                                                                                                                                                                                                                                                                                                                                                                                                                                                                                                                                                                                                                                                                                                                                                                                                                                                                                                                                                                                                                                                                                                                                                                                                                                                                                                                                                                                                                                                                                                                                                                                                                                                                                                                                                                                                                                                                                                                                                                                                                                                                                                                                                                                                                                                                                                                                                                                                                                                                                                                                                                                                                                                                                                                                                                                                                                                                                                                                                                                                                                                                                                                                                                                                                                                                                                                                                                                                                                                                                                                                                                                                                                                                                                                                                                                                                                                                                                                                                                                                                                                                                                                                                                                                                                                                                                                                                                                                                                                                                                                                                                                                                                                                                                                                                                                                                                                                                                                                                                                                                                                                                                                                                                                                             |
|---|---|
| Relevance 	| 5 	| All questions directly relate to understanding the concept of finding the least element in a non-empty set of positive integers. |
| Coherence 	| 3 	| The questions are somewhat coherent, however, there isn't a clear progression of inquiry. |
| Diversity 	| 3 	| The questions cover different aspects of the statement but lack depth in exploring the underlying concepts. |","| Metric   | Score | Justification                                                                                          |
|----------|-------|--------------------------------------------------------------------------------------------------------|
| Relevance|   4   |  The questions directly relate to clarifying the components of the statement.                         |
| Coherence|   4   |  The questions flow logically from defining terms to understanding the application of the principle.  |
| Diversity|   4   |  The questions cover different aspects of the statement, offering a varied exploration of the topic.  |","

| Metric | Score | Justification |
|---|---|---|
| Relevance | 5 | All questions are directly related to the statement, asking for clarification on key terms and principles. |
| Coherence | 4 | The questions follow a logical order, moving from basic definitions to more complex concepts like the well-ordering principle and finding the least element. However, the final question could potentially stray off-topic if the example doesn't directly relate to the well-ordering principle. |
| Diversity | 5 | The questions cover various aspects of the statement"
"Imagine you are a human, this is the first time you are coming across this Maths Statement or Equation, you have no previous knowledge of it ""The Hausdorff dimension of the Cantor set is log(2)/log(3)"", what are the top 5 questions that would pop up in your head which would be most useful in learning about it as you are new to it. Give me a simple bullet point list, don't explain them or expand them","1. What is the Cantor set?
2. What does the Hausdorff dimension measure?
3. How is the Hausdorff dimension calculated for the Cantor set?
4. Why is the Hausdorff dimension important in understanding fractals and self-similarity?
5. Can you provide an example of another fractal with a similar Hausdorff dimension to the Cantor set?","| Metric | Score | Justification |
|---|---|---|
| Relevance | 5 | All five questions pertain directly to the statement, seeking clarification on the Cantor set, the Hausdorff dimension, and its significance. |
| Coherence | 4 | The questions progress logically, building a coherent line of inquiry that gradually unveils the concepts of the Cantor set and its Hausdorff dimension. |
| Diversity | 3 | While the questions cover crucial aspects, they primarily focus on understanding the Cantor set, the Hausdorff dimension, and its calculation, lacking exploration of applications or theoretical underpinnings of fractals. |","| Metric   | Score | Justification                                                                     |
|----------|-------|-----------------------------------------------------------------------------------|
| Relevance|   5   | All questions directly pertain to the statement and aim to clarify its elements.  |
| Coherence|   4   | The questions flow logically, with a progression from defining terms to examples.|
| Diversity|   4   | The questions cover different aspects of the statement, enhancing understanding. |","

| Metric | Score | Justification |
|---|---|---|
| Coherence | 5 | The questions follow a logical order, starting with defining basic terms and gradually moving towards more complex concepts like the importance and examples of Hausdorff dimensions. |
| Relevance | 5 | All questions relate directly to the given statement, focusing on essential components such as the Cantor set, Hausdorff dimension, and its significance. |
| Diversity | 5 | A wide range of aspects are addressed, including definitions, calculations, importance, and comparisons, providing a comprehensive"
"Imagine you are a human, this is the first time you are coming across this Maths Statement or Equation, you have no previous knowledge of it ""A smooth manifold is orientable if it has a globally defined nonvanishing volume form"", what are the top 5 questions that would pop up in your head which would be most useful in learning about it as you are new to it. Give me a simple bullet point list, don't explain them or expand them","1. What does'smooth manifold' mean? 
2. How can we define orientation on a manifold? 
3. What is a 'volume form'? 
4. Why do we need a globally defined one? 
5. Can you give an example of a non-orientable manifold and its properties?","| Metric          | Score | Justification                                                        |
|-------------------|-------|--------------------------------------------------------------------------|
| Relevance       | 5      | All questions are directly related to the definition of orientability. |
| Coherence       | 4      | The questions logically progress from defining terms to asking about properties. |
| Diversity       | 4      | The questions cover different aspects of orientability, including definitions, properties, and examples. |","Relevance 5 - The questions directly address the key components of the statement, focusing on the definitions and concepts introduced.
Coherence 4 - The questions flow logically from defining the key terms to understanding the necessity of a globally defined volume form.
Diversity 4 - The questions cover a range of aspects including definitions, examples, and implications, offering a well-rounded exploration of the topic.","

| Metric | Score | Justification                                                                 |
|---------|-------|-----------------------------------------------------------------------------|
| Relevance | 5     | All questions are directly related to the concept of orientability and its conditions. |
| Coherence | 5     | The questions follow a logical order, starting with basic definitions and gradually moving towards more complex ideas like examples and properties. |
| Diversity | 5     | The questions cover various aspects of the statement, such as definitions, conditions, and examples, providing a comprehensive overview of the topic. |"
"Imagine you are a human, this is the first time you are coming across this Maths Statement or Equation, you have no previous knowledge of it ""The Hilbert space L²([a, b]) consists of all square-integrable functions over the interval [a, b]"", what are the top 5 questions that would pop up in your head which would be most useful in learning about it as you are new to it. Give me a simple bullet point list, don't explain them or expand them","1. What does ""square-integrable"" mean?
2. How do I know if a function is on the interval [a,b]?
3. Can you give an example of a function that belongs to L²([a,b])?
4. How can I calculate the norm of a function in L²([a,b])?
5. Are there any real-world applications for L²([a,b])?","| Metric | Score | Justification |
|---|---|---|
| Relevance | 5 | The questions directly address key concepts mentioned in the statement, such as ""square-integrable"" and the interval [a,b]. |
| Coherence | 3 | The questions follow a logical progression from definition (Q1) to examples (Q3) to practical applications (Q5). However, the connection between Q2 and the rest of the questions could be more explicit. |
| Diversity | 4 | The questions cover a range of aspects, including the definition (Q1), identification of functions (Q2), examples (Q3), calculations (Q4), and applications (Q5). |","Relevance | 4 | The questions directly address the key components of the statement regarding square-integrable functions over an interval.
Coherence | 3 | The questions follow a logical progression, but could be slightly improved in the flow between them.
Diversity | 4 | The questions cover different aspects such as definitions, examples, calculations, and applications.

Relevance | 4 | The questions focus on important aspects of the statement and seek clarification on key concepts.
Coherence | 3 | The questions follow a logical sequence but could be more tightly connected to form a clearer exploration.
Diversity | 4 | The questions cover various dimensions like definitions, examples, calculations, and applications.

Relevance | 5 | The questions directly target the fundamental aspects of the statement about Hilbert spaces and square-integrable functions.
Coherence | 5 | The questions form a coherent and logical line of inquiry, building upon each other effectively.
Diversity | 5 | The questions cover a wide range of elements from definitions to examples and applications.","

| Metric | Score | Justification |
|---|---|---|
| Relevance | 5 | All questions are directly related to understanding the concept of L²([a,b]). They either ask for clarification of terms used, examples, calculations, or applications. |
| Coherence | 4 | The questions follow a logical order, starting with basic terminology and gradually moving towards more complex topics like calculations and applications. However, some questions could be rephrased to better connect them to the previous ones. |
| Diversity | 5 | The questions cover various aspects of"
"Imagine you are a human, this is the first time you are coming across this Maths Statement or Equation, you have no previous knowledge of it ""In the context of Riemannian geometry, the Ricci curvature tensor is the trace of the Riemann curvature tensor"", what are the top 5 questions that would pop up in your head which would be most useful in learning about it as you are new to it. Give me a simple bullet point list, don't explain them or expand them","1. What is Riemannian geometry?
2. What is the Riemann curvature tensor?
3. How does the Ricci curvature tensor relate to the Riemann curvature tensor?
4. Why is the Ricci curvature tensor important in Riemannian geometry?
5. Can you provide an example of how the Ricci curvature tensor can be used in real-world applications?","| Metric | Score | Justification |
|---|---|---|
| Relevance | 4 | All questions directly relate to the definition and importance of the Ricci curvature tensor within Riemannian geometry. |
| Coherence | 4 | The questions follow a logical progression, starting with foundational concepts and gradually delving into the significance and applications of the Ricci curvature tensor. |
| Diversity | 3 | The questions cover various aspects, including definitions, relationships with other tensors, applications, and real-world uses. However, they could explore more theoretical or practical implications to enhance diversity. |","Relevance | 5 | The questions directly pertain to the details and concepts presented in the statement, focusing on the key elements of Riemannian geometry and the Ricci curvature tensor.
Coherence | 4 | The questions progress logically from defining Riemannian geometry to understanding the relationship between the Ricci curvature tensor and the Riemann curvature tensor, forming a coherent line of inquiry.
Diversity | 4 | The questions cover a range of aspects including definitions, relationships between tensors, and real-world applications, offering a broad exploration of the topic with multiple perspectives.","

| Metric | Score | Justification |
|---|---|---|
| Relevance | 5 | All questions are directly related to the statement and aim to clarify various aspects of Riemannian geometry, the Riemann curvature tensor, and the Ricci curvature tensor. |
| Coherence | 4 | The questions generally follow a logical order, moving from basic concepts like Riemannian geometry to more specific ones like the Ricci curvature tensor. However, some questions could be rearranged to better facilitate a structured exploration of the topic. |
| Diversity"
"Imagine you are a human, this is the first time you are coming across this Maths Statement or Equation, you have no previous knowledge of it """", what are the top 5 questions that would pop up in your head which would be most useful in learning about it as you are new to it. Give me a simple bullet point list, don't explain them or expand them","1. What does the equation mean?
2. How do I solve for X?
3. Can you give an example of how to use this equation?
4. Are there any specific rules or steps to follow when using this equation?
5. Where can I find more information on this topic?","| Metric | Score | Justification |
|---|---|---|
| Relevance | 5 | All questions are directly related to understanding and solving the given equation, effectively clarifying the statement's purpose and application. |
| Coherence | 4 | Questions 1 and 2 logically lead to question 3, which provides a practical application. Questions 4 and 5 offer additional guidance and support for further exploration. |
| Diversity | 3 | The questions cover a range of aspects, from understanding the equation's meaning to solving techniques and seeking additional information. However, they could be more diverse by including questions on theoretical underpinnings or limitations of the equation. |","Metric | Score | Justification
Relevance | 5 | All questions directly pertain to understanding the statement or equation presented.
Coherence | 4 | The questions form a coherent line of inquiry that would logically progress understanding, though slight improvement could be made in the sequencing.
Diversity | 3 | While the questions cover different aspects of understanding the equation, there could be more diversity in the perspectives or dimensions explored.

Metric | Score | Justification
Relevance | 4 | Most questions are relevant and aimed at understanding the statement, with some being slightly more general.
Coherence | 3 | The questions are interconnected, but there could be better sequencing to enhance the coherence of the inquiry.
Diversity | 2 | The questions cover a few aspects, but there is room for more diversity in exploring different dimensions of the statement.

Metric | Score | Justification
Relevance | 5 | All questions directly pertain to understanding the statement or equation presented.
Coherence | 4 | The questions are logically connected and lead to a structured exploration of the topic.
Diversity | 3 | While the questions cover different aspects of understanding the equation, there could be more diversity in the perspectives or dimensions explored.

Metric | Score | Justification
Relevance | ","

| Metric | Score | Justification |
|---|---|---|
| Coherence | 5 | The questions follow a logical progression, starting with understanding the equation and moving towards practical application and further study. |
| Relevance | 5 | All questions relate directly to the equation, seeking to clarify its meaning, usage, and additional resources. |
| Diversity | 4 | The questions cover various aspects, such as definition, calculation, examples, rules, and further learning. However, some questions could potentially overlap in terms of providing similar information. |"
