Instruction,outputs_gpt_3_5_csv,Gemini Output,GPT Output,Mistral Output
"Imagine you are a human, this is the first time you are coming across this Physics statement, you have no previous knowledge of it ""Objects in motion tend to stay in motion, while objects at rest tend to stay at rest unless acted upon by an external force."", what are the top 5 questions that would pop up in your head which would be most useful in learning about it as you are new to it. Give me a simple bullet point list, don't explain them or expand them","- What is considered an object in motion or at rest?
- What qualifies as an external force?
- How does this principle apply to everyday objects and situations?
- Are there any exceptions to this rule?
- What are the implications of this principle in the field of physics?","| Metric | Score | Justification |
|---|---|---|
| Relevance | 5 | The questions are highly relevant to the statement, directly addressing fundamental concepts such as objects in motion/rest, external forces, and exceptions. |
| Coherence | 4 | The questions form a coherent sequence, starting with basic definitions and gradually exploring applications and implications within physics. |
| Diversity | 4 | The questions cover a range of aspects, including definitions, applications, exceptions, and implications, providing a broad understanding of the statement. |","| Metric   | Score | Justification                                                                                                                                            |
|----------|-------|---------------------------------------------------------------------------------------------------------------------------------------------------------|
| Relevance | 4     | The questions directly pertain to the concept of objects in motion and at rest, as well as the external forces acting on them.                               |
| Coherence | 4     | The questions form a coherent line of inquiry, starting with defining the terms and progressing to applications, exceptions, and implications.             |
| Diversity | 4     | The questions cover various aspects such as definitions, applications, exceptions, and implications, offering a well-rounded exploration of the statement. |","

| Metric | Score | Justification |
|---|---|---|
| Relevance | 4 | Most questions directly relate to the statement, however, the last question could be more specific to the statement instead of being general about the field of physics. |
| Coherence | 5 | The questions follow a logical order, starting with basic definitions and gradually moving towards broader implications. |
| Diversity | 4 | The questions cover various aspects such as definitions, conditions, applications, and implications, but lack some dimensions like causes or effects. |"
"Imagine you are a human, this is the first time you are coming across this Physics statement, you have no previous knowledge of it ""For every action, there is an equal and opposite reaction."", what are the top 5 questions that would pop up in your head which would be most useful in learning about it as you are new to it. Give me a simple bullet point list, don't explain them or expand them","1. What is meant by ""action"" and ""reaction"" in this statement?
2. How is the equality of action and reaction determined?
3. Can you provide examples of this principle in everyday life?
4. How does this principle relate to Newton's third law of motion?
5. What are the consequences or implications of this principle in the study of physics?","| Metric | Score | Justification |
|---|---|---|
| Relevance | 5 | All questions directly address the content of the statement, aiming to clarify key concepts and explore its implications. |
| Coherence | 4 | The questions follow a logical progression from defining terms (1) to exploring equality (2) and everyday examples (3), then linking to Newton's laws (4) and broader consequences (5). |
| Diversity | 3 | While the questions cover a range of aspects, such as definitions, examples, and theoretical connections, they primarily focus on the core concept of action and reaction, leaving other potential aspects unexplored. |","| Metric    | Score | Justification                                                                                                                 |
|-----------|-------|--------------------------------------------------------------------------------------------------------------------------------|
| Relevance | 5     | All questions directly pertain to the statement and aim to clarify or explore its content.                                   |
| Coherence | 4     | The questions form a coherent line of inquiry, but the progression could be slightly improved for better logical flow.       |
| Diversity | 4     | The questions cover a range of aspects related to the statement, offering examples, relationships, and implications.        |","

| Metric | Score | Justification |
|---|---|---|
| Relevance | 5 | All questions are directly related to the statement, seeking to clarify its meaning, application, and implications. |
| Coherence | 4 | The questions follow a logical order, moving from basic conceptual understanding to more complex implications and applications. However, some connections could be made more explicit between questions. |
| Diversity | 5 | A wide range of aspects are covered, including definitions, examples, relationships to other principles, and broader implications in physics. |"
"Imagine you are a human, this is the first time you are coming across this Physics statement, you have no previous knowledge of it ""Objects in motion tend to stay in motion, while objects at rest tend to stay at rest unless acted upon by an external force."", what are the top 5 questions that would pop up in your head which would be most useful in learning about it as you are new to it. Give me a simple bullet point list, don't explain them or expand them","- How is the speed of light measured?
- Why is the speed of light constant in a vacuum?
- How does the speed of light change with different observers?
- What is the significance of the speed of light being constant for all observers?
- How does the theory of relativity relate to the speed of light in a vacuum?","**Metric** | **Score** | **Justification**
------- | -------- | --------: 
Relevance | 1 | The questions do not directly relate to the statement ""Objects in motion tend to stay in motion, while objects at rest tend to stay at rest unless acted upon by an external force."" They are instead focused on the speed of light, which is not mentioned in the statement.
Coherence | 2 | The questions are not logically connected to each other. They jump from one topic to another without a clear progression.
Diversity | 1 | The questions all focus on the speed of light, which is a very narrow aspect of the statement. They do not explore other important concepts such as motion, rest, and external force.","| Metric   | Score | Justification                                                                                               |  
|----------|-------|-------------------------------------------------------------------------------------------------------------|  
| Relevance | 2     | Questions do not directly pertain to the given statement on objects in motion and at rest.                 |  
| Coherence | 3     | The questions loosely connect to the topic of speed and light, but lack a clear progression or logic.      |  
| Diversity | 2     | The questions all focus on the speed of light, neglecting other aspects or implications of the statement. |  ","

| Metric | Score | Justification |
| --- | --- | --- |
| Coherence | 3 | The questions seem somewhat related, but there is no clear progression or structure in the line of inquiry. They do not build upon each other or follow a logical order. |
| Relevance | 2 | Only the second question is directly relevant to the statement, as it addresses the concept of an object in motion staying in motion. The others are tangentially related to the broader topic of physics, but not specifically to the statement provided. |
| Diversity | 4"
"Imagine you are a human, this is the first time you are coming across this Physics statement, you have no previous knowledge of it ""For every action, there is an equal and opposite reaction."", what are the top 5 questions that would pop up in your head which would be most useful in learning about it as you are new to it. Give me a simple bullet point list, don't explain them or expand them","- What is heat flow?
- What is thermal equilibrium?
- How does temperature affect heat flow?
- Why does heat flow from higher temperature to lower temperature?
- Are there any exceptions to this statement?","| Metric | Score | Justification |
|---|---|---|
| Relevance | 2 | The questions are somewhat relevant to the statement, but they focus on heat flow and temperature, which are not directly mentioned in the statement. |
| Coherence | 2 | The questions are not logically connected to each other and do not form a coherent line of inquiry about the statement. |
| Diversity | 4 | The questions cover a range of aspects related to heat flow, including its definition, effects of temperature, and exceptions. |","Metric | Score | Justification
Relevance | 3 | The questions are somewhat relevant as they explore concepts related to heat flow, temperature, and thermal equilibrium, but they do not directly address the specific Physics statement given.
Coherence | 2 | The questions do not form a coherent line of inquiry related to the Physics statement; they seem disjointed and not logically connected to build an understanding.
Diversity | 2 | The questions touch upon various aspects of heat flow and temperature, but they do not offer a broad exploration of the statement, lacking diversity in perspectives or applications.","

| Metric | Score | Justification |
|---|---|---|
| Relevance | 4 | Most questions are relevant to the statement, however, the first question seems too general and not directly related to the statement. |
| Coherence | 3 | The questions do not seem to follow a logical order or build upon each other, making it difficult for a beginner to structure their understanding. |
| Diversity | 4 | The questions cover various aspects of the statement, but some could be more focused on exploring its implications or applications. |"
"Imagine you are a human, this is the first time you are coming across this Physics statement, you have no previous knowledge of it ""The speed of light in a vacuum is the same for all observers, no matter their motion relative to the light source."", what are the top 5 questions that would pop up in your head which would be most useful in learning about it as you are new to it. Give me a simple bullet point list, don't explain them or expand them","- How do magnets work?
- What exactly are poles?
- Why do like poles repel and opposite poles attract?
- Are there different types of magnets?
- How are magnets used in everyday life?","| Metric | Score | Justification |
|---|---|---|
| Coherence | 1 | The questions lack coherence and do not form a logical line of inquiry related to the statement. They are about magnets rather than the speed of light. |
| Relevance | 1 | The questions are not relevant to the statement, as they focus on magnets instead of the speed of light in a vacuum. |
| Diversity | 1 | The questions lack diversity as they all center around the topic of magnets. |","| Metric    | Score | Justification                                                                                           |
|-----------|-------|---------------------------------------------------------------------------------------------------------|
| Relevance | 2     | Only the last question somewhat relates to the given statement about the speed of light in a vacuum.    |
| Coherence | 2     | The questions do not form a coherent line of inquiry related to the given statement.                   |
| Diversity | 2     | The questions focus solely on magnets and do not offer a diverse exploration of the given statement.   |","

| Metric | Score | Justification |
|---|---|---|
| Coherence | 1 | The questions lack any connection to the provided statement, showing no logical sequence or thematic connection relevant to the topic. |
| Relevance | 1 | None of the questions address the concept of the speed of light, its constant value, or the relationship between observers and light sources. |
| Diversity | 3 | Although disconnected from the statement, the questions cover various aspects of magnetism, demonstrating some level of curiosity. |"
"Imagine you are a human, this is the first time you are coming across this Physics statement, you have no previous knowledge of it ""Heat flows from a body of higher temperature to one of lower temperature until thermal equilibrium is reached."", what are the top 5 questions that would pop up in your head which would be most useful in learning about it as you are new to it. Give me a simple bullet point list, don't explain them or expand them","- What is the angle of incidence?
- What is the angle of reflection?
- How does light bounce off a surface?
- Why do the angles of incidence and reflection equal each other?
- What are the practical applications of this principle?","| Metric | Score | Justification |
|---|---|---|
| Relevance | 1 | The questions are not relevant to the given statement about heat flow. They pertain to the principles of light reflection, which are not mentioned in the statement. |
| Coherence | 1 | The questions do not form a coherent line of inquiry related to heat flow. They are disconnected and address different aspects of light reflection. |
| Diversity | 1 | The questions lack diversity in terms of exploring different aspects of heat flow. They solely focus on the specific case of light reflection. |","| Metric    | Score | Justification                                                                                                |
|-----------|-------|---------------------------------------------------------------------------------------------------------------|
| Relevance | 2     | The questions do not directly pertain to the statement about heat flow and thermal equilibrium.              |
| Coherence | 2     | The questions lack a logical progression and do not form a coherent line of inquiry related to the statement. |
| Diversity | 1     | The questions do not cover any aspect related to the given Physics statement, lacking diversity in exploration.|","

| Metric | Score | Justification |
| --- | --- | --- |
| Coherence | 2 | The questions lack a clear connection to the physics statement provided, instead focusing on the concept of light refraction. This disconnect between the prompt and the questions generates confusion and lowers the coherence score. |
| Relevance | 1 | The questions show minimal relevance to the physics statement, as they focus on light refraction rather than heat flow. To improve relevance, the questions should address the movement of heat, such as factors affecting heat transfer or examples of thermal equilibrium"
"Imagine you are a human, this is the first time you are coming across this Physics statement, you have no previous knowledge of it ""Magnets have two poles: north and south, and like poles repel each other while opposite poles attract."", what are the top 5 questions that would pop up in your head which would be most useful in learning about it as you are new to it. Give me a simple bullet point list, don't explain them or expand them","- What is pressure in physics?
- What is a fluid in physics?
- How does pressure act in different directions in a fluid?
- What is meant by ""at rest"" in relation to a fluid?
- How is pressure measured in a fluid?","| Metric | Score | Justification |
|---|---|---|
| Relevance | 1 | The questions are not related to the statement about magnets. |
| Coherence | 1 | The questions do not form a coherent line of inquiry about magnets. |
| Diversity | 1 | The questions cover a narrow range of aspects related to magnets. |","| Metric   | Score | Justification                                                                                                         |
|----------|-------|-----------------------------------------------------------------------------------------------------------------------|
| Relevance | 1     | These questions are not relevant to the statement about magnets having two poles and the interaction between them.   |
| Coherence | 2     | The questions do not progress logically or build upon each other in a coherent manner to explore the given statement. |
| Diversity | 2     | The questions do not explore different aspects or dimensions related to magnets and their poles as introduced.        |","

| Metric | Score | Justification |
|---|---|---|
| Coherence | 2 | The questions lack thematic connection to the statement, presenting a disconnected line of inquiry. |
| Relevance | 1 | The questions deviate significantly from the statement, addressing unrelated concepts such as pressure and fluids. |
| Diversity | 3 | Although unrelated to the statement, the questions cover various aspects of pressure and fluids. |"
"Imagine you are a human, this is the first time you are coming across this Physics statement, you have no previous knowledge of it ""The angle of incidence equals the angle of reflection when light bounces off a surface."", what are the top 5 questions that would pop up in your head which would be most useful in learning about it as you are new to it. Give me a simple bullet point list, don't explain them or expand them","- What is the relationship between gas volume and pressure?
- How does temperature affect the relationship between gas volume and pressure?
- Can you provide examples to help understand this concept better?
- Why is this relationship considered ""inversely proportional""?
- How can this concept be applied in real-life situations?","| Metric | Score | Justification |
|---|---|---|
| Relevance | 2 | The questions are not relevant to the given statement about the angle of incidence and angle of reflection. They instead focus on the relationship between gas volume and pressure. |
| Coherence | 2 | The questions are not logically connected to each other and do not form a coherent line of inquiry. |
| Diversity | 2 | The questions cover a narrow range of aspects related to gas volume and pressure, and do not explore the topic of light reflection. |","Metric         Score   Justification
Relevance      1       The questions are not relevant to the given statement about light reflection.
Coherence      2       The questions do not form a coherent line of inquiry related to the statement.
Diversity      2       The questions do not cover diverse aspects or perspectives in relation to the statement.","

| Metric | Score | Justification |
|---|---|---|
| Relevance | 1 | The questions do not relate to the statement provided. They seem to be about Boyle's Law, which is unrelated to the angle of incidence and reflection. |
| Coherence | 2 | The questions are somewhat related to each other as they all deal with Boyle's Law, but since this topic is unrelated to the original statement, the coherence is low. |
| Diversity | 1 | All questions ask about the same concept, so there is"
"Imagine you are a human, this is the first time you are coming across this Physics statement, you have no previous knowledge of it ""The pressure at any point in a fluid at rest is the same in all directions."", what are the top 5 questions that would pop up in your head which would be most useful in learning about it as you are new to it. Give me a simple bullet point list, don't explain them or expand them","- Why do sound waves need a medium to travel?
- What is a vacuum in the context of sound waves?
- How do sound waves propagate through a medium?
- What would happen if sound waves were to travel through a vacuum?
- Are there any exceptions to this rule in physics?","| Metric | Score | Justification |
|---|---|---|
| Relevance | 1 | The questions are not relevant to the given statement about pressure in fluids. Instead, they focus on sound waves, a topic not introduced in the statement. |
| Coherence | 1 | The questions lack logical connection and do not form a coherent line of inquiry. They jump from different aspects of sound waves without a clear progression. |
| Diversity | 2 | The questions cover a narrow range of aspects, focusing primarily on sound waves and their propagation. They do not explore the concepts of pressure, fluids, or the behavior of fluids at rest. |","| Metric   | Score | Justification                                                                                   |
|----------|-------|-------------------------------------------------------------------------------------------------|
| Relevance| 2     | Only the last question directly relates to the statement provided, others are unrelated         |
| Coherence| 3     | The questions flow decently but jump between different topics without clear progression        |
| Diversity| 2     | The questions focus primarily on sound waves rather than the specific concept in the statement |","

| Metric | Score | Justification |
|---|---|---|
| Coherence | 3 | The questions seem somewhat related to the concept of sound waves, but they lack a clear, coherent line of inquiry. They could benefit from being more explicitly connected to the initial statement about fluids and pressure. |
| Relevance | 2 | The questions are only indirectly relevant to the statement about fluid pressure. A stronger focus on exploring the relationship between pressure, medium, and wave propagation would better serve the goal of understanding the initial statement. |
| Diversity | 4"
"Imagine you are a human, this is the first time you are coming across this Physics statement, you have no previous knowledge of it ""The volume of a given mass of gas is inversely proportional to its pressure, provided the temperature remains constant."", what are the top 5 questions that would pop up in your head which would be most useful in learning about it as you are new to it. Give me a simple bullet point list, don't explain them or expand them","- What is friction?
- How does static friction differ from other types of friction?
- What are some examples of static friction in everyday life?
- Can static friction be measured or calculated?
- How does static friction affect the motion of objects?","| Metric | Score | Justification |
|---|---|---|
| Relevance | 1 | The questions do not pertain to the given statement about the volume of a gas being inversely proportional to its pressure at constant temperature. Instead, they focus on friction, which is not mentioned in the statement. |
| Coherence | 1 | The questions are not logically connected and do not form a coherent line of inquiry related to the statement. They jump from one topic (friction) to another (static friction) without exploring the concepts presented in the statement. |
| Diversity | 1 | The questions lack diversity and only address a narrow aspect of physics (friction) that is not relevant to the statement. They do not provide a broad exploration of the statement's concepts, implications, or applications. |","| Metric   | Score | Justification                                                                                      |
|----------|-------|----------------------------------------------------------------------------------------------------|
| Relevance | 1     | The questions are completely irrelevant to the given statement about gas volume and pressure.       |
| Coherence | 2     | The questions do not form a coherent line of inquiry related to the statement on gas volume and pressure. |
| Diversity | 1     | The questions do not offer any new dimensions or perspectives on understanding gas volume and pressure. |","

| Metric | Score | Justification |
| --- | --- | --- |
| Relevance | 1 | The questions do not pertain to the given statement; they address friction instead. |
| Coherence | N/A | Not applicable due to low relevance. |
| Diversity | N/A | Not applicable due to low relevance. |"
"Imagine you are a human, this is the first time you are coming across this Physics statement, you have no previous knowledge of it ""Sound waves cannot travel through a vacuum because they require a medium to propagate."", what are the top 5 questions that would pop up in your head which would be most useful in learning about it as you are new to it. Give me a simple bullet point list, don't explain them or expand them","1. What is a convex lens?
2. What is a concave lens?
3. How does a convex lens converge light?
4. How does a concave lens diverge light?
5. What are the practical applications of these lenses in everyday life?","| Metric | Score | Justification |
|---|---|---|
| Relevance | 1 | The questions do not relate to the given statement about sound waves traveling through a vacuum. |
| Coherence | 1 | The questions are unrelated to each other and do not follow a coherent line of inquiry. |
| Diversity | 1 | The questions only cover a narrow aspect of optics, focusing specifically on lenses. |","| Metric   | Score | Justification                                                                                                  |
|----------|-------|---------------------------------------------------------------------------------------------------------------|
| Relevance | 1     | The questions are not relevant to the given statement about sound waves and vacuum.                              |
| Coherence | 2     | The questions seem somewhat related to optics and lenses, but they do not form a coherent line of inquiry.    |
| Diversity | 2     | The questions all focus on lenses and light, lacking diversity in exploring other aspects related to the statement. |","

| Metric | Score | Justification |
| --- | --- | --- |
| Coherence | 3 | The questions are somewhat related to each other, as they all deal with lenses. However, they do not follow a clear line of inquiry or build upon each other in terms of complexity or depth. |
| Relevance | 1 | None of the questions address the concept of sound waves or their inability to travel through vacuums, making them largely irrelevant to the provided statement. |
| Diversity | 2 | Although the questions cover various aspects of lenses"
"Imagine you are a human, this is the first time you are coming across this Physics statement, you have no previous knowledge of it ""The force of friction that acts between objects that are not moving is known as static friction."", what are the top 5 questions that would pop up in your head which would be most useful in learning about it as you are new to it. Give me a simple bullet point list, don't explain them or expand them","- How does light reflection determine an object's color?
- What does it mean for an object to absorb certain light frequencies?
- Why do objects appear to have different colors?
- How does the human eye perceive color based on light reflection?
- What are some examples of objects reflecting different light frequencies?","| Metric | Score | Justification |
|---|---|---|
| Relevance | 1 | The questions are not relevant to the statement about static friction. They are about light reflection and color perception. |
| Coherence | 1 | The questions are not logically connected to each other or to the statement. They jump from one topic to another without a clear line of inquiry. |
| Diversity | 2 | The questions cover a range of topics related to light reflection and color, but they do not explore the concept of static friction at all. |","| Metric   | Score | Justification                                                                                     |
|----------|-------|---------------------------------------------------------------------------------------------------|
| Relevance | 1     | The questions are not relevant to the given statement about static friction in Physics.           |
| Coherence | 2     | The questions do not form a coherent line of inquiry related to static friction.                  |
| Diversity | 1     | The questions do not cover aspects related to static friction or facilitate a broad exploration. |","

| Metric | Score | Justification |
| --- | --- | --- |
| Relevance | 1 | The questions are not related to the statement. They seem to be about light reflection and color perception, while the statement is about static friction. |
| Coherence | 3 | The questions are generally well-structured and follow a logical order, making them easy to understand. However, since they are not relevant to the statement, the coherence is only moderate. |
| Diversity | 2 | Although the questions address various aspects of light reflection and color perception"
"Imagine you are a human, this is the first time you are coming across this Physics statement, you have no previous knowledge of it ""A convex lens converges light, while a concave lens diverges it."", what are the top 5 questions that would pop up in your head which would be most useful in learning about it as you are new to it. Give me a simple bullet point list, don't explain them or expand them","- What is a lever?
- How does a lever amplify an input force?
- What is the fulcrum in a lever?
- How does the position of the effort affect the lifting of heavy loads?
- How does the position of the load affect the lifting of heavy loads?","| Metric | Score | Justification |
|---|---|---|
| Relevance | 1 | The questions are not relevant to the physics statement about lenses. They are about levers. |
| Coherence | 1 | The questions are not coherent because they are about different concepts. |
| Diversity | 1 | The questions are not diverse because they all cover the same topic of levers. |","| Metric    | Score | Justification                                                                                                                              |
|-----------|-------|--------------------------------------------------------------------------------------------------------------------------------------------|
| Relevance  | 1     | The questions do not directly pertain to the statement about convex and concave lenses in Physics. Instead, they focus on levers.     |
| Coherence | 2     | The questions about levers are somewhat related to each other, but they do not form a coherent line of inquiry related to the statement. |
| Diversity | 1     | The questions lack diversity as they all revolve around levers instead of exploring different aspects of the original Physics statement. |","

| Metric | Score | Justification |
| --- | --- | --- |
| Relevance | 1 | The questions do not pertain to the statement provided. They seem to be about levers instead of lenses. |
| Coherence | 3 | The questions seem to follow a theme around levers, so there is some coherence within the set. |
| Diversity | 2 | The questions all focus on the same concept (levers), which limits the diversity in exploration. |"
"Imagine you are a human, this is the first time you are coming across this Physics statement, you have no previous knowledge of it ""The color of an object is determined by the light frequencies it reflects; all other frequencies are absorbed."", what are the top 5 questions that would pop up in your head which would be most useful in learning about it as you are new to it. Give me a simple bullet point list, don't explain them or expand them","- What exactly is frequency?
- How does frequency affect the pitch of a sound?
- Why do higher frequencies have higher pitches?
- Are there any real-life examples that can help me understand this concept better?
- How can I measure frequency in order to determine the pitch of a sound?","| Metric | Score | Justification |
|---|---|---|
| Relevance | 2 | While questions 1 and 2 are relevant to the statement, the remaining questions deviate from the topic of light frequencies and object color. |
| Coherence | 1 | The questions do not logically connect and lack a clear line of inquiry. |
| Diversity | 2 | Only two questions directly address the concept of light frequencies and color reflection. |","| Metric   | Score | Justification                                                                                                    |
|----------|-------|------------------------------------------------------------------------------------------------------------------|
| Relevance | 3     | The questions are generally relevant to the statement, but some veer off into sound-related concepts.           |
| Coherence | 2     | The questions lack a clear progression or logical flow, jumping between different aspects without a clear structure. |
| Diversity | 3     | While there is some diversity in exploring frequency and pitch, the focus on sound-related examples limits the breadth.   |","

| Metric | Score | Justification |
| --- | --- | --- |
| Relevance | 3 | The questions show some level of relevance to the initial statement, however, only the fourth question seems to be directly related to the statement. The others seem to stray away from the core concept of light frequencies and reflectivity. |
| Coherence | 4 | The questions follow a logical flow, starting with basic terminology and gradually moving towards more complex ideas like measuring frequency. This helps build a clearer understanding of the topic. |
| Diversity | 2 |"
"Imagine you are a human, this is the first time you are coming across this Physics statement, you have no previous knowledge of it ""A lever amplifies an input force to lift heavy loads with less effort, depending on the positions of the fulcrum, effort, and load."", what are the top 5 questions that would pop up in your head which would be most useful in learning about it as you are new to it. Give me a simple bullet point list, don't explain them or expand them","- What are hydrogen bonds?
- How does boiling point affect the properties of substances?
- Why are hydrogen bonds stronger in water compared to alcohol?
- How do hydrogen bonds affect the boiling points of different substances?
- What other factors can affect the boiling point of a substance?","| Metric | Score | Justification |
|---|---|---|
| Relevance | 1 | None of the questions pertain to the statement about levers, instead they are related to hydrogen bonds and boiling points. |
| Coherence | 1 | The questions lack a logical connection and do not form a coherent line of inquiry related to levers. |
| Diversity | 1 | The questions cover a very narrow range of aspects unrelated to levers, focusing solely on hydrogen bonds and boiling points. |","| Metric    | Score | Justification                                                                                               |
|-----------|-------|--------------------------------------------------------------------------------------------------------------|
| Relevance | 1     | The questions are completely unrelated to the Physics statement provided.                                      |
| Coherence | 1     | There is no logical progression or connection between the questions, making them disjointed.                 |
| Diversity | 1     | The questions do not cover any aspect related to the Physics statement, lacking diversity in exploration.      |","

| Metric | Score | Justification |
|---|---|---|
| Relevance | 1 | The questions are not related to the statement provided. They seem to be about hydrogen bonds and boiling points, while the statement is about levers and forces. |
| Coherence | 3 | The questions are generally well-structured and could lead to a coherent line of inquiry if they were relevant to the statement. |
| Diversity | 2 | The questions cover two distinct topics (hydrogen bonds and boiling points), but since neither is relevant to the"
"Imagine you are a human, this is the first time you are coming across this Physics statement, you have no previous knowledge of it ""The pitch of a sound is determined by its frequency: higher frequencies have higher pitches."", what are the top 5 questions that would pop up in your head which would be most useful in learning about it as you are new to it. Give me a simple bullet point list, don't explain them or expand them","- How does gravity work on objects?
- What is the significance of a vacuum in this scenario?
- Why do objects with different masses fall at the same rate?
- How is mass related to the force of gravity on an object?
- Are there any exceptions to this principle?","| Metric | Score | Justification |
|---|---|---|
| Relevance | 1 | The questions are not relevant to the statement about the pitch of a sound, as they focus on gravity and related concepts. |
| Coherence | 1 | The questions do not form a coherent line of inquiry related to the statement about the pitch of a sound. |
| Diversity | 1 | The questions cover a narrow range of aspects, focusing primarily on gravity and not exploring different dimensions or perspectives related to the pitch of a sound. |","| Metric    | Score | Justification                                                                                            |
|-----------|-------|-----------------------------------------------------------------------------------------------------------|
| Relevance | 2     | The questions are not directly relevant to the statement about sound pitch and frequency.               |
| Coherence | 3     | The questions vaguely connect to each other through the theme of gravity but lack a clear progression.  |
| Diversity | 2     | The questions focus too much on gravity and do not explore the concept of sound pitch in a meaningful way. |","

| Metric | Score | Justification |
|---|---|---|
| Coherence | 2 | The questions lack a clear connection to the statement, presenting unrelated physics concepts instead. |
| Relevance | 1 | None of the questions address the concept of sound frequency or pitch, making them largely irrelevant to the statement. |
| Diversity | 3 | Although unrelated, the questions cover various physics topics, providing some breadth in exploration. |"
"Imagine you are a human, this is the first time you are coming across this Physics statement, you have no previous knowledge of it ""Water has a higher boiling point than alcohol because of the stronger hydrogen bonds between its molecules."", what are the top 5 questions that would pop up in your head which would be most useful in learning about it as you are new to it. Give me a simple bullet point list, don't explain them or expand them","- How does salt lower the freezing point of water?
- Why does a lower freezing point occur when salt is dissolved in water?
- What exactly is freezing point depression?
- How does the presence of salt affect the properties of water?
- In what ways can freezing point depression be observed in everyday life?","| Metric | Score | Justification |
|---|---|---|
| Relevance | 1 | The questions do not pertain to the specific statement or scenario on the boiling point of water due to hydrogen bonds. Instead, they focus on freezing point depression caused by the presence of salt in water. |
| Coherence | 1 | The questions do not form a coherent line of inquiry related to the statement. They shift the topic to freezing point depression and the effects of salt on water, which is not directly relevant to the original statement. |
| Diversity | 2 | While the questions cover different aspects of freezing point depression, they do not explore the concept of hydrogen bonds or the boiling point of water, which are key elements of the original statement. |","| Metric    | Score | Justification                                                                                           |
|-----------|-------|---------------------------------------------------------------------------------------------------------|
| Relevance | 3     | The questions are somewhat relevant as they touch upon the properties of water, but could be more directly related to the original statement. |
| Coherence | 4     | The questions form a coherent progression exploring the effects of salt on water properties.                |
| Diversity | 3     | While the questions cover aspects of freezing point depression, they do not provide a wide range of perspectives on the original statement. |","

| Metric | Score | Justification |
|---|---|---|
| Relevance | 3 | The questions touch upon related concepts like freezing points and salinity, but do not directly address the boiling points and hydrogen bonding mentioned in the original statement. |
| Coherence | 4 | The questions follow a logical progression, moving from basic concepts to real-world observations, creating a coherent line of inquiry. |
| Diversity | 2 | Most questions focus on freezing point depression, with little variation in exploring other dimensions of the original statement. |"
"Imagine you are a human, this is the first time you are coming across this Physics statement, you have no previous knowledge of it ""Objects with different masses fall at the same rate in a vacuum because the force of gravity acts equally on all masses."", what are the top 5 questions that would pop up in your head which would be most useful in learning about it as you are new to it. Give me a simple bullet point list, don't explain them or expand them","- What causes static electricity?
- How does static electricity affect materials?
- Can static electricity be harmful to humans?
- How can static electricity be controlled or prevented?
- What are some real-life applications of static electricity?","| Metric | Score | Justification |
|---|---|---|
| Relevance | 1 | The questions are not relevant to the statement about objects with different masses falling at the same rate in a vacuum due to the force of gravity acting equally on all masses. Instead, they focus on static electricity, which is not mentioned in the statement. |
| Coherence | 1 | The questions are not coherent with each other as they do not form a logical line of inquiry that would progressively deepen understanding of the statement. The questions jump from the causes and effects of static electricity to its applications without any clear connection to the original statement. |
| Diversity | 1 | The questions lack diversity as they all revolve around static electricity, which is not related to the statement. They do not explore different aspects or implications of the statement about objects falling at the same rate in a vacuum. |","| Metric   | Score | Justification                                                                                                         |
|----------|-------|-----------------------------------------------------------------------------------------------------------------------|
| Relevance|   1   | Only the first question directly pertains to the given statement, while others are unrelated to the initial concept. |
| Coherence|   2   | The questions do not form a coherent sequence that logically progresses the understanding of the given statement.      |
| Diversity|   2   | The questions lack diversity as they focus solely on the topic of static electricity rather than exploring other aspects related to the statement. |","

| Metric | Score | Justification |
|---|---|---|
| Relevance | 1 | The questions do not pertain to the given statement about objects falling at the same rate in a vacuum due to equal force of gravity acting on all masses. Instead, they focus on static electricity, which is unrelated. |
| Coherence | 3 | Although the questions are not relevant to the statement, they do follow a logical sequence, exploring various aspects of static electricity. |
| Diversity | 2 | The questions cover several dimensions of static electricity, such as its causes, effects"
"Imagine you are a human, this is the first time you are coming across this Physics statement, you have no previous knowledge of it ""When salt is dissolved in water, it lowers the freezing point of the water, a phenomenon known as freezing point depression."", what are the top 5 questions that would pop up in your head which would be most useful in learning about it as you are new to it. Give me a simple bullet point list, don't explain them or expand them","- How does density affect the speed of sound?
- What is the speed of sound in solids, liquids, and gases?
- Why is the speed of sound faster in solids than in liquids?
- Why is the speed of sound faster in liquids than in gases?
- Are there any other factors besides density that affect the speed of sound in different mediums?","| Metric | Score | Justification |
|---|---|---|
| Relevance | 1 | The questions are not relevant to the statement about freezing point depression. |
| Coherence | 1 | The questions are not coherent and do not form a logical line of inquiry about freezing point depression. |
| Diversity | 1 | The questions cover a narrow range of aspects related to the statement. |","| Metric   | Score | Justification                                                                                                  |
|----------|-------|----------------------------------------------------------------------------------------------------------------|
| Relevance | 2     | The questions are relevant to the speed of sound in different mediums, not directly related to freezing point depression when salt is dissolved in water.                                      |
| Coherence | 3     | The questions progress from an overview of the speed of sound in different mediums to specific comparisons, forming a logical sequence for exploration.                   |
| Diversity | 3     | The questions cover various aspects of the speed of sound in solids, liquids, and gases, but lack diversity in exploring other factors related to freezing point depression. |","

| Metric | Score | Justification |
|---|---|---|
| Coherence | 3 | The questions seem somewhat related to the concept of the speed of sound, but they do not appear to follow a clear line of inquiry or build upon each other in a way that would facilitate a structured exploration of the topic. |
| Relevance | 2 | The questions are only loosely related to the original statement about freezing point depression. They focus on the speed of sound, which is not mentioned in the statement, instead of exploring the relationship between salt, water, and freezing points"
"Imagine you are a human, this is the first time you are coming across this Physics statement, you have no previous knowledge of it ""Static electricity is the result of an imbalance of electric charges within or on the surface of a material."", what are the top 5 questions that would pop up in your head which would be most useful in learning about it as you are new to it. Give me a simple bullet point list, don't explain them or expand them","- How is a rainbow formed?
- What is refraction?
- What is dispersion of sunlight?
- How does reflection play a role in forming a rainbow?
- What is a spectrum of light?","| Metric | Score | Justification |
|---|---|---|
| Relevance | 1 | The questions are not relevant to the statement as they focus on optics concepts not mentioned in the statement about static electricity. |
| Coherence | 1 | The questions lack coherence as they explore different unrelated concepts in optics without a logical progression. |
| Diversity | 1 | The questions lack diversity as they all pertain to optics and do not cover any aspects of static electricity. |","| Metric   | Score | Justification                                                                                  |
|----------|-------|-----------------------------------------------------------------------------------------------|
| Relevance|  1    | The questions are not relevant to the statement about static electricity.                   |
| Coherence|  2    | The questions do not form a coherent line of inquiry related to static electricity.          |
| Diversity|  1    | The questions lack diversity in exploring the concept of static electricity.                |","

| Metric | Score | Justification |
|---|---|---|
| Relevance | 1 | The questions do not pertain to static electricity or its underlying principles. They focus on the formation of rainbows, which is unrelated to the provided statement. |
| Coherence | 2 | Although the questions follow a theme related to light phenomena, they lack a clear line of inquiry that would facilitate understanding of static electricity. |
| Diversity | 1 | All questions revolve around the same topic—rainbow formation—offering little variation in exploring the concept"
"Imagine you are a human, this is the first time you are coming across this Physics statement, you have no previous knowledge of it ""The speed of sound is faster in solids than in liquids, and faster in liquids than in gases, due to differences in density."", what are the top 5 questions that would pop up in your head which would be most useful in learning about it as you are new to it. Give me a simple bullet point list, don't explain them or expand them","- How does pressure change with depth in fluids?
- What is the relationship between pressure and the weight of fluid above?
- Why does pressure increase with depth in fluids?
- How is pressure measured in fluids?
- What are the practical applications of this concept in real life?","| Metric | Score | Justification |
|:---|:---|:---|
| Relevance | 2 | The questions are not directly related to the specific elements or concepts presented in the statement. They focus on the concept of pressure in fluids, which is not directly mentioned in the statement. |
| Coherence | 1 | The questions do not connect logically to one another and do not form a coherent line of inquiry. They cover different aspects of fluid pressure, without a clear progression of understanding. |
| Diversity | 3 | The questions cover a range of aspects related to fluid pressure, including its relationship with depth, measurement, and practical applications. However, they do not explore the specific differences in sound speed between solids, liquids, and gases mentioned in the statement. |","| Metric   | Score | Justification                                                                                                   |
|----------|-------|-----------------------------------------------------------------------------------------------------------------|
| Relevance | 4     | The questions directly pertain to pressure and depth in fluids, which are related to the statement about the speed of sound.   |
| Coherence | 3     | The questions follow a logical progression from understanding pressure to practical applications, but the flow could be smoother. |
| Diversity | 4     | The questions cover various aspects of pressure in fluids, from basic concepts to applications, offering a diverse exploration. |","

| Metric | Score | Justification |
|---|---|---|
| Relevance | 4 | The questions are mostly relevant to the statement, though some could be more directly connected to the speed of sound in different mediums. |
| Coherence | 3 | The questions do not follow a clear line of inquiry, and there is little connection between them. |
| Diversity | 4 | The questions cover various aspects related to the statement, such as pressure changes and measurement, but lack deeper exploration of the speed of sound itself. |"
"Imagine you are a human, this is the first time you are coming across this Physics statement, you have no previous knowledge of it ""A rainbow is formed by the refraction, dispersion, and reflection of sunlight in water droplets, showing a spectrum of light."", what are the top 5 questions that would pop up in your head which would be most useful in learning about it as you are new to it. Give me a simple bullet point list, don't explain them or expand them","- How does a prism split white light?
- What are the constituent colors of white light?
- Why is this process known as dispersion?
- What is the significance of splitting white light into its constituent colors?
- What are some real-life applications of this phenomenon?","| Metric | Score | Justification |
|---|---|---|
| Relevance | 4 | Most questions (except the first) directly relate to the key concepts of refraction, dispersion, and reflection in rainbows, seeking to clarify the process and its effects. |
| Coherence | 3 | The questions follow a logical progression, starting with the basics of prism light splitting and then exploring the concept of dispersion and its significance in rainbow formation. However, the final question on applications feels slightly disconnected from the main theme. |
| Diversity | 3 | The questions cover a range of aspects, including the mechanism of light splitting, constituent colors of white light, the significance of dispersion, and potential applications. While they touch on different aspects, they primarily focus on the theoretical understanding of the rainbow formation process. |","| Metric    | Score | Justification                                                                                           |
|-----------|-------|---------------------------------------------------------------------------------------------------------|
| Relevance | 4     | Most questions directly relate to the phenomenon of rainbow formation and light dispersion.             |
| Coherence | 3     | Questions progress logically but could be more interconnected to form a clearer line of inquiry.       |
| Diversity | 4     | The questions cover various aspects of rainbow formation, from the physics involved to real-life applications. |","

| Metric | Score | Justification |
|---|---|---|
| Relevance | 4 | Most questions are directly relevant to the statement, though some could delve deeper into the specifics of the formation of a rainbow. |
| Coherence | 5 | The questions follow a logical order, starting with the basics and moving towards more complex ideas, creating a coherent line of inquiry. |
| Diversity | 3 | While the questions cover various aspects, there is room for further exploration of the relationship between rainbows and refraction/dispersion/ref"
"Imagine you are a human, this is the first time you are coming across this Physics statement, you have no previous knowledge of it ""Pressure in fluids increases with depth due to the weight of the fluid above."", what are the top 5 questions that would pop up in your head which would be most useful in learning about it as you are new to it. Give me a simple bullet point list, don't explain them or expand them","- What are insulators and conductors?
- How does electric current flow?
- Why do insulators prevent the flow of electric current?
- How do conductors allow the flow of electric current?
- What are some examples of insulators and conductors?","| Metric | Score | Justification |
|---|---|---|
| **Relevance** | 1 | The questions are not at all relevant to the given statement about pressure in fluids. They focus on electrical current flow and insulators/conductors, which are unrelated concepts. |
| **Coherence** | 1 | The questions do not connect logically and do not form a coherent line of inquiry. They cover diverse topics without a clear thematic connection. |
| **Diversity** | 5 | The questions cover a diverse range of aspects related to electrical current flow, including insulators, conductors, and the prevention/allowance of current flow. |","| Metric   | Score | Justification                                                                                                                                               |
|----------|-------|-------------------------------------------------------------------------------------------------------------------------------------------------------------|
| Relevance | 1     | These questions are not relevant to the statement about pressure in fluids increasing with depth.                                                        |
| Coherence | 2     | The questions do not form a coherent line of inquiry related to the statement provided.                                                                    |
| Diversity | 1     | The questions do not cover any relevant aspects related to the statement, lacking diversity in exploring the topic of fluid pressure increase. |","

| Metric | Score | Justification |
| --- | --- | --- |
| Relevance | 2 | The questions seem only loosely related to the initial statement, as they focus on insulators and conductors instead of pressure and fluids. |
| Coherence | 3 | The questions follow a logical order, moving from basic concepts to more specific examples, creating a coherent line of inquiry. |
| Diversity | 1 | All questions revolve around the same concept, i.e., insulators and conductors, offering little diversity in exploring"
"Imagine you are a human, this is the first time you are coming across this Physics statement, you have no previous knowledge of it ""A prism can split white light into its constituent colors, a process known as dispersion."", what are the top 5 questions that would pop up in your head which would be most useful in learning about it as you are new to it. Give me a simple bullet point list, don't explain them or expand them","- How does the Moon's gravitational pull affect the Earth's tides?
- Why are ocean tides affected by the Moon and not by other celestial bodies?
- Is there a relationship between the Moon's distance from Earth and the strength of the tides?
- Are there any other factors besides the Moon's gravitational pull that influence ocean tides?
- How do scientists measure and predict the impact of the Moon's gravitational pull on tides?","| Metric | Score | Justification |
|---|---|---|
| Relevance | 1 | The questions are not relevant to the statement about the dispersion of light through a prism. They are all about the Moon's gravitational pull on the Earth's tides. |
| Coherence | 1 | The questions are not coherent and do not relate to each other. They jump from one topic to another without a logical connection. |
| Diversity | 1 | The questions are not diverse and only explore one aspect of the statement, which is the Moon's gravitational pull on the Earth's tides. |","| Metric   | Score | Justification                                                                                                     |
|----------|-------|-------------------------------------------------------------------------------------------------------------------|
| Relevance | 1     | The questions are completely irrelevant to the given statement about dispersion of light by a prism.             |
| Coherence | 2     | The questions do not form a coherent line of inquiry and jump between different topics unrelated to the statement. |
| Diversity | 1     | There is no diversity in exploring the concept of dispersion of light, as the questions focus on tides and not light. |","

| Metric | Score | Justification |
|---|---|---|
| Relevance | 2 | The questions seem only loosely related to the original statement, as they focus on ocean tides instead of the properties of light and prisms. |
| Coherence | 3 | The questions follow a logical sequence, exploring the relationship between the Moon and ocean tides, but they lack a clear connection to the initial statement. |
| Diversity | 4 | Although not relevant to the original statement, the questions present various aspects of ocean tides, such as the role of the"
"Imagine you are a human, this is the first time you are coming across this Physics statement, you have no previous knowledge of it ""Insulators prevent the flow of electric current, whereas conductors allow it."", what are the top 5 questions that would pop up in your head which would be most useful in learning about it as you are new to it. Give me a simple bullet point list, don't explain them or expand them","- What is the principle of flotation?
- How does a floating object displace fluid?
- Why is it important for a floating object to displace a weight of fluid equal to its own weight?
- How does the weight of the fluid compare to the weight of the floating object?
- Are there any real-life examples or applications of the principle of flotation?","| Metric | Score | Justification |
|---|---|---|
| Relevance | 1 | The questions do not pertain directly to the statement about insulators and conductors and their properties related to electric current.|
| Coherence | 1 | The questions do not form a coherent line of inquiry related to the statement and do not logically progress an understanding of insulators and conductors.|
| Diversity | 1 | The questions do not cover a range of aspects related to the statement and do not offer a broad exploration of insulators and conductors.|","| Metric    | Score | Justification                                                                                      |
|-----------|-------|----------------------------------------------------------------------------------------------------|
| Relevance | 2     | The questions stray from the original statement about insulators and conductors, focusing on the principle of flotation instead.                                     |
| Coherence | 3     | The questions somewhat connect in exploring the principle of flotation and its applications.       |
| Diversity | 2     | The questions only focus on one concept, lacking diversity in exploring different aspects of the original statement on insulators and conductors. |","

| Metric | Score | Justification |
|---|---|---|
| Relevance | 2 | The questions seem only loosely related to the concept of insulators and conductors. For example, the principle of flotation is not mentioned in the original statement. |
| Coherence | 3 | The questions do follow a logical order, starting with a general principle and then moving towards more specific aspects like displacement and weight comparison. However, since the questions are not relevant to the original statement, the coherence is somewhat diminished. |
| Diversity | "
"Imagine you are a human, this is the first time you are coming across this Physics statement, you have no previous knowledge of it ""The Moon's gravitational pull is responsible for the Earth's ocean tides."", what are the top 5 questions that would pop up in your head which would be most useful in learning about it as you are new to it. Give me a simple bullet point list, don't explain them or expand them","- Why does ice have a lower density than liquid water?
- What causes this unique property in ice?
- How does the density of ice compare to other substances?
- Why is it important for ice to float on water?
- How does the fact that ice floats on water impact the environment?","| Metric | Score | Justification |
|---|---|---|
| Relevance | 1 | The questions are not relevant to the statement about the Moon's gravitational pull and ocean tides. Instead, they focus on the properties of ice. |
| Coherence | 1 | The questions are not coherent and do not form a logical line of inquiry related to the statement. |
| Diversity | 2 | The questions cover a narrow range of aspects related to ice, and do not explore the concept of tides or the Moon's gravitational influence. |","| Metric   | Score | Justification                                                                                                      |
|----------|-------|--------------------------------------------------------------------------------------------------------------------|
| Relevance | 2     | The questions focus on the properties and importance of ice, rather than directly addressing the statement on ocean tides. |
| Coherence | 3     | The questions follow a logical sequence exploring the properties of ice, but do not connect well to the initial statement.    |
| Diversity | 2     | The questions all revolve around the same topic of ice properties, lacking diversity in exploring other aspects related to tides.  |","

| Metric | Score | Justification |
|---|---|---|
| Coherence | 3 | The questions seem somewhat related but lack a clear line of inquiry. They do not build upon each other or create a cohesive exploration of the topic. |
| Relevance | 2 | The questions are only loosely relevant to the original statement. They focus on the properties of ice rather than the moon's gravitational pull or ocean tides. |
| Diversity | 4 | The questions cover various aspects of ice, such as its density and environmental impact, demonstr"
"Imagine you are a human, this is the first time you are coming across this Physics statement, you have no previous knowledge of it ""The principle of flotation states that a floating object displaces a weight of fluid equal to its own weight."", what are the top 5 questions that would pop up in your head which would be most useful in learning about it as you are new to it. Give me a simple bullet point list, don't explain them or expand them","- How does a magnifying glass work?
- What is a convex lens?
- Why do objects appear larger when viewed through a magnifying glass?
- What are light rays and how do they interact with the lens?
- How is the bending of light rays related to the magnification of objects?","| Metric | Score | Justification |
|---|---|---|
| Relevance | 1 | The questions do not relate to the statement about the principle of flotation provided. Instead, they pertain to the topic of optics, specifically the behavior of light rays and magnification.|
| Coherence | 1 | The questions lack logical coherence and do not form a meaningful line of inquiry related to the principle of flotation.|
| Diversity | 1 | The questions exhibit a narrow exploration of the topic, focusing exclusively on light rays and magnification, without addressing other aspects of flotation. |","| Metric   | Score | Justification                                                                                                                                    |
|----------|-------|--------------------------------------------------------------------------------------------------------------------------------------------------|
| Relevance | 1     | The questions are not relevant to the statement about the principle of flotation in physics.                                                   |
| Coherence | 2     | The questions do not form a coherent line of inquiry related to the principle of flotation, leading to confusion.                                |
| Diversity | 1     | The questions do not offer any new dimension or perspective to understanding the statement about the principle of flotation in physics.   |","

| Metric | Score | Justification |
|---|---|---|
| Relevance | 1 | The questions seem to be more focused on understanding how a magnifying glass works, rather than exploring the principle of flotation. |
| Coherence | 3 | The questions follow a logical progression in explaining the functionality of a magnifying glass, but they lack connection to the principle of flotation. |
| Diversity | 2 | The questions focus solely on the concept of a magnifying glass, without branching out to other dimensions or perspectives related to the principle of"
"Imagine you are a human, this is the first time you are coming across this Physics statement, you have no previous knowledge of it ""Ice floats on water because it has a lower density than liquid water, a unique property among most substances."", what are the top 5 questions that would pop up in your head which would be most useful in learning about it as you are new to it. Give me a simple bullet point list, don't explain them or expand them","- How does the Moon orbit around the Earth?
- Why does the amount of illuminated Moon change?
- What causes the different phases of the Moon?
- How does the position of the Moon, Earth, and Sun affect the phases?
- What is the relationship between the phases of the Moon and its orbit around Earth?","| Metric | Score | Justification |
|---|---|---|
| Coherence | 1 | The questions lack any meaningful connection to the statement about the density of ice and its impact on buoyancy. They instead focus on unrelated concepts related to the Moon's orbit. |
| Relevance | 1 | None of the questions are relevant to the statement about ice and its unique density properties. They pertain to the Moon's orbit and phases, which are entirely different topics. |
| Diversity | 1 | The questions do not cover a range of aspects related to the statement. They are all narrowly focused on the Moon's orbit and phases, offering no exploration of the topic in the statement. |","| Metric   | Score | Justification  |
|----------|-------|----------------|
| Relevance | 1     | The questions are not directly related to the statement about ice floating on water. |
| Coherence | 2     | The questions do not form a coherent line of inquiry related to the given statement. |
| Diversity | 3     | The questions explore different aspects of the Moon's relationship with the Earth and the Sun, but do not cover the topic of ice floating on water. |","

| Metric | Score | Justification |
| --- | --- | --- |
| Relevance | 1 | The questions are not related to the statement provided. They seem to be focused on the moon and its phases instead of ice floating on water due to lower density. |
| Coherence | 3 | The questions follow a logical order regarding the moon's phases and orbit, showing some level of coherence. However, since they are not relevant to the original statement, the coherence is only partially applicable. |
| Diversity | 2 | Although the questions are"
"Imagine you are a human, this is the first time you are coming across this Physics statement, you have no previous knowledge of it ""A magnifying glass uses a convex lens to make objects appear larger by bending light rays toward the viewer's eye."", what are the top 5 questions that would pop up in your head which would be most useful in learning about it as you are new to it. Give me a simple bullet point list, don't explain them or expand them","- How is lightning formed?
- What causes imbalances between storm clouds and the ground?
- How does electricity play a role in lightning?
- Are there different types of lightning?
- How can lightning be dangerous to humans or the environment?","| Metric | Score | Justification |
|---|---|---|
| Relevance | 1 | None of the questions are related to the statement about magnifying glasses. |
| Coherence | 1 | The questions are not related to each other and do not form a coherent line of inquiry. |
| Diversity | 1 | The questions cover only a narrow range of aspects related to lightning, not related to the statement. |","| Metric   | Score | Justification                                                                                                            |
|----------|-------|-------------------------------------------------------------------------------------------------------------------------|
| Relevance | 1     | The questions focus on lightning and electricity, which are not directly related to the statement about magnifying glasses. |
| Coherence | 2     | The questions do not form a coherent line of inquiry related to magnifying glasses.                                |
| Diversity | 1     | The questions lack diversity and do not explore various aspects of the statement about magnifying glasses.          |","

| Metric | Score | Justification |
|---|---|---|
| Coherence | 3 | The questions seem somewhat related but lack a clear line of inquiry. They do not build upon each other or create a cohesive exploration of the topic. |
| Relevance | 2 | Most questions are only loosely related to the original statement, exploring lightning instead of the physics of magnifying glasses. Only one question asks about the role of electricity, which could potentially relate to lenses. |
| Diversity | 4 | The questions cover various aspects of lightning, such"
"Imagine you are a human, this is the first time you are coming across this Physics statement, you have no previous knowledge of it ""The phases of the Moon are caused by its orbit around Earth, changing how much of the Moon we see illuminated by the Sun."", what are the top 5 questions that would pop up in your head which would be most useful in learning about it as you are new to it. Give me a simple bullet point list, don't explain them or expand them","- Why does the angle of the shadow change?
- How does the position of the Sun affect the angle of the shadow?
- How does the time of day affect the angle of the shadow?
- How does the season affect the angle of the shadow?
- What is the significance of understanding the angle of a shadow in relation to the position of the Sun?","| Metric | Score | Justification |
|---|---|---|
| Relevance | 3 | The questions directly relate to the statement, exploring the effects of the Moon's orbit, Earth's position, and the Sun's illumination on the Moon's phases. |
| Coherence | 4 | The questions progress logically, starting with the angle of the shadow (a key aspect of the Moon's phases) and then considering how the Sun, time, and season affect that angle. |
| Diversity | 3 | The questions cover various aspects related to the Moon's phases, including the influence of the Sun's position, time of day, and season. |","| Metric   | Score | Justification                                                                                                                                               |
|----------|-------|-------------------------------------------------------------------------------------------------------------------------------------------------------------|
| Relevance | 3     | The questions generally pertain to the phases of the Moon, but some might digress into the angle of shadows rather than focusing on lunar phases.        |
| Coherence | 4     | The questions progress logically from understanding shadow angles to their relation to the Sun's position and seasonal effects, forming a coherent sequence. |
| Diversity | 3     | While the questions explore different factors affecting shadow angles, they could incorporate more directly relevant aspects of lunar phases and their causes.  |","

| Metric | Score | Justification |
|---|---|---|
| Relevance | 4 | The questions are mostly relevant to the statement, though some could be more directly related to the moon's phases instead of focusing on shadows. |
| Coherence | 3 | The questions lack a clear line of inquiry, as they seem disconnected from one another. They do not build upon each other to facilitate a structured exploration of the topic. |
| Diversity | 4 | The questions cover various aspects of the statement, exploring angles, sunlight, time, and seasons. However"
"Imagine you are a human, this is the first time you are coming across this Physics statement, you have no previous knowledge of it ""Lightning is an electrical discharge caused by imbalances between storm clouds and the ground, or within the clouds themselves."", what are the top 5 questions that would pop up in your head which would be most useful in learning about it as you are new to it. Give me a simple bullet point list, don't explain them or expand them","- How is the speed of sound measured?
- Why does sound travel faster in solids than in liquids?
- Why does sound travel faster in liquids than in gases?
- What are some examples of materials where sound travels fastest?
- How does the speed of sound affect communication and understanding in different materials?","| Metric | Score | Justification |
|---|---|---|
| Relevance | 1 | The questions are not relevant to the statement about lightning. They are all about the speed of sound in different materials. |
| Coherence | 1 | The questions are not coherent. They do not connect to one another or form a logical line of inquiry about lightning. |
| Diversity | 1 | The questions do not cover a range of aspects related to lightning. They are all about the speed of sound. |","| Metric    | Score | Justification                                                                                                |
|-----------|-------|--------------------------------------------------------------------------------------------------------------|
| Relevance | 2     | The questions do not directly pertain to the statement about lightning and its connection to storm clouds.   |
| Coherence | 3     | The questions loosely connect to the idea of sound and its speed, but they do not form a coherent progression.|
| Diversity | 2     | The questions focus solely on the speed of sound and lack diversity in exploring the topic of lightning.      |","

| Metric | Score | Justification |
| --- | --- | --- |
| Coherence | 3 | The questions seem somewhat related, but there is no clear progression or structure in the line of inquiry. They all focus on the speed of sound, but do not build upon each other or create a cohesive exploration of the original statement. |
| Relevance | 2 | The questions are only indirectly relevant to the original statement, as they focus on the speed of sound instead of lightning or electrical discharges. Although understanding the speed of sound can be important in understanding"
"Imagine you are a human, this is the first time you are coming across this Physics statement, you have no previous knowledge of it ""The angle of a shadow changes with the position of the Sun, which varies with the time of day and the season."", what are the top 5 questions that would pop up in your head which would be most useful in learning about it as you are new to it. Give me a simple bullet point list, don't explain them or expand them","- How often do solar eclipses occur?
- Why does the Moon cast a shadow on Earth during a solar eclipse?
- What are the different types of solar eclipses?
- How long does a solar eclipse last?
- What precautions should be taken when viewing a solar eclipse?","| Metric | Score | Justification |
|---|---|---|
| Relevance | 3 | Most questions are loosely related to the statement. Questions about eclipses are not directly relevant to the angle of a shadow changing with the position of the Sun. |
| Coherence | 2 | The questions lack a clear logical connection and do not form a coherent line of inquiry. The sequence of questions jumps from solar eclipses to precautions, without exploring the core concept of the statement. |
| Diversity | 3 | The questions cover different aspects, including the frequency, causes, types, and duration of solar eclipses, as well as safety precautions. However, they do not explore the relationship between the position of the Sun and the angle of a shadow, which is the main focus of the statement. |","| Metric   | Score | Justifications                                                                                                   |
|----------|-------|-----------------------------------------------------------------------------------------------------------------|
| Relevance|   2   | Questions focus on solar eclipses rather than the angle of a shadow changing with the position of the Sun.  |
| Coherence|   3   | Questions are somewhat related to each other due to the topic of solar eclipses.                                 |
| Diversity|   2   | Limited exploration beyond solar eclipses, missing key aspects related to the changing angle of a shadow.        |","

| Metric | Score | Justification |
|---|---|---|
| Relevance | 2 | The questions seem only loosely related to the original statement, as they focus on solar eclipses instead of the changing angles of shadows caused by the movement of the sun. |
| Coherence | 3 | The questions follow a logical sequence, moving from basic facts about solar eclipses to more specific concerns, but their connection to the initial statement is tenuous. |
| Diversity | 4 | The questions cover various aspects of solar eclipses, such"
"Imagine you are a human, this is the first time you are coming across this Physics statement, you have no previous knowledge of it ""The speed of sound varies in different materials; it travels faster in solids than in liquids, and faster in liquids than in gases."", what are the top 5 questions that would pop up in your head which would be most useful in learning about it as you are new to it. Give me a simple bullet point list, don't explain them or expand them","1. How does a thermometer work?
2. What is the purpose of using mercury or colored alcohol in a thermometer?
3. What happens to the liquid in the thermometer when it is exposed to heat?
4. How does the expansion or contraction of the liquid indicate temperature?
5. Are there different types of thermometers available for measuring temperature?","| Metric | Score | Justification |
|---|---|---|
| Relevance | 1 | The questions do not directly pertain to the given statement about the speed of sound in different materials. Instead, they focus on the operation and components of a thermometer. |
| Coherence | 2 | The questions lack a logical connection to each other and do not form a coherent line of inquiry related to the speed of sound. |
| Diversity | 1 | The questions cover a narrow range of aspects related to thermometers, failing to explore the broader concept of the speed of sound in different materials. |","Metric | Score | Justification
Relevance | 1 | The questions are not relevant to the given statement about the speed of sound in different materials
Coherence | 2 | The questions do not form a coherent line of inquiry related to the statement
Diversity | 1 | The questions do not offer any new dimensions or perspectives on the given statement","

| Metric | Score | Justification |
| --- | --- | --- |
| Relevance | 1 | The questions do not pertain to the statement provided. They seem to be focused on understanding how thermometers work instead of exploring the concept of the speed of sound varying in different materials. |
| Coherence | 3 | The questions follow a logical sequence in terms of understanding how a thermometer works, starting from its purpose to the mechanism behind it. However, since they lack relevance to the original statement, the coherence is only partial. |
| Diversity"
"Imagine you are a human, this is the first time you are coming across this Physics statement, you have no previous knowledge of it ""A solar eclipse occurs when the Moon passes between the Earth and the Sun, casting a shadow on the Earth."", what are the top 5 questions that would pop up in your head which would be most useful in learning about it as you are new to it. Give me a simple bullet point list, don't explain them or expand them","- What is refraction of light?
- How does the density of a medium affect the refraction of light?
- Why does light bend when passing from one medium to another with different densities?
- How does water differ in density from air?
- How does the bending of light in water cause objects to appear bent?","| Metric | Score | Justification |
|---|---|---|
| Relevance | 1 | The questions are not relevant to the statement about solar eclipses. They focus on refraction of light and density, which are not directly related to solar eclipses. |
| Coherence | 1 | The questions do not form a coherent line of inquiry about solar eclipses. They jump from refraction of light to density to bending of light in water, without any logical connection. |
| Diversity | 1 | The questions cover a narrow range of aspects related to solar eclipses, focusing primarily on refraction of light and density. They do not explore other important concepts, such as the positions of the Moon, Earth, and Sun during a solar eclipse, or the different types of solar eclipses. |","| Metric   | Score | Justification                                                                                                   |
|----------|-------|-----------------------------------------------------------------------------------------------------------------|
| Relevance | 3     | Some questions touch on refraction of light which is related, but others stray away from the topic of solar eclipse. |
| Coherence | 3     | The questions don't flow seamlessly from one to the next, could be improved with a clearer progression.           |
| Diversity | 2     | The questions mostly focus on refraction, lacking variety in exploring different aspects of solar eclipses.        |","

| Metric | Score | Justification |
|---|---|---|
| Coherence | 3 | The questions seem somewhat related but lack a clear progression or thematic connection. They could benefit from being organized around a central theme or aspect of the statement. |
| Relevance | 4 | Most questions are relevant to the statement, although some stray slightly into more advanced topics like refraction in water. Focusing on the immediate context of the statement would improve relevance. |
| Diversity | 2 | The questions do not cover a wide range of aspects related to the statement"
"Imagine you are a human, this is the first time you are coming across this Physics statement, you have no previous knowledge of it ""A thermometer measures temperature by the expansion or contraction of a liquid, typically mercury or colored alcohol, in response to heat."", what are the top 5 questions that would pop up in your head which would be most useful in learning about it as you are new to it. Give me a simple bullet point list, don't explain them or expand them","- Why do balloons filled with helium float in air?
- How does the density of helium compare to the surrounding atmosphere?
- What is the role of density in the ability of objects to float or sink?
- Are there other gases that could be used to make balloons float?
- What other factors may affect the ability of objects to float in the air?","| Metric | Score | Justification |
|---|---|---|
| Relevance | 2 | The questions are only partially relevant to the statement, as they focus on the behavior of helium balloons rather than the function of a thermometer or the expansion/contraction of liquids. |
| Coherence | 1 | The questions lack a clear connection to each other and do not form a logical sequence that would build upon the understanding of the statement. |
| Diversity | 2 | While the questions cover different aspects, they are all related to the behavior of floating objects and do not explore the broader concepts of temperature measurement or the properties of liquids. |","| Metric    | Score | Justification                                                                                   |
|-----------|-------|--------------------------------------------------------------------------------------------------|
| Relevance | 3     | The questions focus on buoyancy and factors affecting the floatability of objects, mildly related to the statement on the thermometer.                            |
| Coherence | 4     | The questions form a logical progression discussing density, buoyancy, gases in balloons, and other factors affecting floatation.                    |
| Diversity | 3     | While the questions cover different aspects related to buoyancy, they lack direct exploration of the liquid expansion principle in thermometers.  |","

| Metric | Score | Justification |
|---|---|---|
| Relevance | 3 | While the questions are related to the concept of density, they do not directly address the mechanism of temperature measurement through thermal expansion or contraction of liquids mentioned in the statement. However, they touch upon related physical phenomena, so some level of relevance can still be attributed. |
| Coherence | 4 | The questions follow a logical progression, moving from basic principles to more complex considerations, demonstrating a coherent line of inquiry. They build upon each other, gradually introducing additional"
"Imagine you are a human, this is the first time you are coming across this Physics statement, you have no previous knowledge of it ""Objects appear to bend in water due to the refraction of light as it passes from one medium to another with a different density."", what are the top 5 questions that would pop up in your head which would be most useful in learning about it as you are new to it. Give me a simple bullet point list, don't explain them or expand them","- How does sunlight interact with the atmosphere?
- Why does the color of the sky change throughout the day?
- What causes the scattering of light in the atmosphere?
- How does the amount of scattering affect the color we see?
- How does the angle of scattering affect the color we see?","| Metric | Score | Justification |
|---|---|---|
| Relevance | 1 | The questions are not directly related to the statement about refraction of light in water. They focus on atmospheric optics, which is not mentioned in the statement. |
| Coherence | 2 | The questions are logically connected to each other, as they explore different aspects of atmospheric optics. However, they do not directly relate to the statement about refraction of light in water. |
| Diversity | 3 | The questions cover a range of aspects of atmospheric optics, including the interaction of sunlight with the atmosphere, the scattering of light, and the effects of scattering on color. However, they do not explore the specific topic of refraction of light in water. |","| Metric   | Score | Justification                                                                                                      |
|----------|-------|--------------------------------------------------------------------------------------------------------------------|
| Relevance | 2     | Only vaguely related to the initial statement, focusing on different phenomena like the color of the sky.       |
| Coherence | 3     | The questions somewhat flow together in exploring light interaction, but could be more directly related to refraction. |
| Diversity | 3     | Covers different aspects of light interaction but lacks direct relevance to the refraction of light in water.     |","

| Metric | Score | Justification |
|---|---|---|
| Coherence | 4 | The questions follow a logical progression from general atmospheric interactions to more specific phenomena related to light scattering and its effects on color perception. However, they could benefit from a stronger connection to the original statement regarding objects appearing to bend in water. |
| Relevance | 3 | Although the questions touch on relevant topics like light scattering and refraction, they do not directly address the concept of objects bending in water due to changes in light density when passing through media of different densities. More"
"Imagine you are a human, this is the first time you are coming across this Physics statement, you have no previous knowledge of it ""Balloons filled with helium float in air because helium is less dense than the surrounding atmosphere."", what are the top 5 questions that would pop up in your head which would be most useful in learning about it as you are new to it. Give me a simple bullet point list, don't explain them or expand them","- Why does sunlight reach the object at different angles?
- How does the angle of sunlight affect the length of the object's shadow?
- Why does the shadow lengthen as the sun sets?
- What is the relationship between the sun's position in the sky and the length of shadows?
- How does the changing angle of sunlight affect the object's appearance?","| Metric | Score | Justification |
|---|---|---|
| Relevance | 1 | The questions are not relevant to the given statement about balloons filled with helium floating in air due to helium's lower density than air. Instead, they focus on sunlight, shadows, and angles, which are unrelated to the statement. |
| Coherence | 1 | The questions do not form a coherent line of inquiry related to the statement. They jump from sunlight to shadows to object appearance, lacking a logical connection. |
| Diversity | 1 | The questions lack diversity in exploration. They all revolve around the concept of shadows and sunlight, failing to explore other aspects of the statement, such as helium density, buoyancy, or atmospheric conditions. |","| Metric    | Score | Justification                                                                                   |
|-----------|-------|--------------------------------------------------------------------------------------------------|
| Relevance | 1     | The questions are not directly related to the statement about helium-filled balloons.            |
| Coherence | 2     | There is some logical flow in the questions but they do not form a coherent line of inquiry.     |
| Diversity | 1     | The questions do not offer a diverse exploration of the topic and stray away from the statement. |","

| Metric | Score | Justification |
| --- | --- | --- |
| Relevance | 2 | The questions do not seem to relate to the provided statement about balloons and helium. They appear to focus on shadows and the angle of sunlight instead. |
| Coherence | 3 | The questions follow a logical theme related to shadows and sunlight, suggesting some level of coherence. However, since they are not relevant to the original statement, the coherence is somewhat diminished. |
| Diversity | 4 | The questions cover various aspects of shadows"
"Imagine you are a human, this is the first time you are coming across this Physics statement, you have no previous knowledge of it ""The color of the sky changes throughout the day due to the scattering of sunlight by the atmosphere; the amount and angle of scattering affect the color we see."", what are the top 5 questions that would pop up in your head which would be most useful in learning about it as you are new to it. Give me a simple bullet point list, don't explain them or expand them","- What is static electricity?
- How does rubbing a balloon on hair generate static electricity?
- Why does static electricity cause hair to stand up?
- How does static electricity make the balloon stick to walls?
- Are there other ways to generate static electricity besides using a balloon and hair?","| Metric | Score | Justification |
|---|---|---|
| Relevance | 1 | These questions are not relevant to the statement about the color of the sky changing due to scattering of sunlight. They focus on a different topic, namely static electricity. |
| Coherence | 1 | The questions are not connected and do not form a coherent line of inquiry related to the statement. They are disjointed and cover different aspects of static electricity. |
| Diversity | 1 | The questions lack diversity and focus solely on static electricity. They do not offer a broad exploration of the topic of the changing sky color. |","| Metric    | Score | Justification                                                                                                      |
|-----------|-------|--------------------------------------------------------------------------------------------------------------------|
| Relevance | 2     | The questions are not directly related to the given statement about the color of the sky and scattering of sunlight. |
| Coherence | 3     | Some connection can be seen between the questions, but they do not form a coherent progression of understanding.     |
| Diversity | 2     | The questions all focus on static electricity, which is not relevant to the original statement on sky color changes.   |","

| Metric | Score | Justification |
|---|---|---|
| Relevance | 1 | The questions do not relate to the provided statement about the color of the sky changing due to atmospheric scattering of sunlight. |
| Coherence | 3 | The questions follow a consistent theme related to static electricity, suggesting some level of coherence. However, since they are not relevant to the original statement, the overall coherence is still low. |
| Diversity | 2 | Although the questions address various aspects of static electricity, they lack diversity in terms of exploring the"
"Imagine you are a human, this is the first time you are coming across this Physics statement, you have no previous knowledge of it ""An object's shadow lengthens as the sun sets because of the changing angle at which sunlight reaches the object."", what are the top 5 questions that would pop up in your head which would be most useful in learning about it as you are new to it. Give me a simple bullet point list, don't explain them or expand them","- Why does atmospheric pressure decrease at higher altitudes?
- How does lower atmospheric pressure affect the boiling point of water?
- What is the relationship between pressure and boiling point?
- How does the boiling point of water change with altitude?
- Why is it important to understand the boiling point of water at different altitudes?","| Metric | Score | Justification |
|---|---|---|
| **Relevance** | 1 | The questions are not relevant to the given physics statement about the changing angle of sunlight and shadow length at sunset. Instead, they focus on the effects of altitude on atmospheric pressure and boiling point of water. |
| **Coherence** | 1 | The questions lack logical connection and do not form a coherent line of inquiry related to the shadow length statement. The sequence of questions jumps from atmospheric pressure to boiling point and back to pressure, without exploring the concepts related to shadow length. |
| **Diversity** | 1 | The questions cover a narrow range of topics, focusing solely on the effects of altitude on atmospheric pressure and boiling point. They do not offer a diverse exploration of aspects related to shadow length, sunlight angle, or other related concepts. |","| Metric   | Score | Justification                                                                                         |
|----------|-------|-------------------------------------------------------------------------------------------------------|
| Relevance | 2     | The questions focus on atmospheric pressure and boiling points, which are not directly related to the shadow lengthening due to the changing angle of sunlight. |
| Coherence | 3     | The questions somewhat progress in exploring the topic of pressure and boiling points, but they lack a clear connection to the initial statement.        |
| Diversity | 2     | The questions all revolve around atmospheric pressure and boiling points without addressing the specific concept of shadows lengthening due to sunlight angles.   |","

| Metric | Score | Justification |
| --- | --- | --- |
| Relevance | 2 | The questions do not directly relate to the concept of shadows lengthening due to the changing angle of sunlight. They seem to focus on the effects of altitude on atmospheric pressure and boiling points. |
| Coherence | 3 | The questions follow a logical progression, moving from the cause (atmospheric pressure decreasing with altitude) to the effect (boiling point changes). However, they lack a clear connection to the original statement about shadows."
"Imagine you are a human, this is the first time you are coming across this Physics statement, you have no previous knowledge of it ""When you rub a balloon on your hair, static electricity is generated, causing your hair to stand up and the balloon to stick to walls."", what are the top 5 questions that would pop up in your head which would be most useful in learning about it as you are new to it. Give me a simple bullet point list, don't explain them or expand them","- How does siphoning work?
- What materials are needed for siphoning?
- Can any liquid be siphoned?
- What are the benefits of siphoning?
- Are there any risks or limitations to siphoning?","| Metric | Score | Justification |
|---|---|---|
| Relevance | 1 | The questions are not related to the statement about static electricity generated by rubbing a balloon on hair. |
| Coherence | 1 | The questions are not logically connected to each other and do not form a coherent line of inquiry about static electricity. |
| Diversity | 1 | The questions do not cover a range of aspects related to static electricity and are limited to the topic of siphoning. |","| Metric    | Score | Justification                                                                                  |
|-----------|-------|-----------------------------------------------------------------------------------------------|
| Relevance | 2     | Questions are not directly related to the statement about static electricity and balloons.    |
| Coherence | 3     | Questions do not form a logical progression or connect to each other in a coherent manner.    |
| Diversity | 2     | Questions do not cover different aspects related to the statement, lacking in exploration.   |","

| Metric | Score | Justification |
|---|---|---|
| Coherence | 3 | The questions seem somewhat related, but they lack a clear progression or thematic connection. They could benefit from being organized around a central theme or aspect of siphoning, such as its principles, applications, or limitations. |
| Relevance | 2 | The questions do not directly relate to the provided statement about static electricity. Instead, they focus on siphoning, which is a completely different concept. This makes them irrelevant to the original prompt. |
| Diversity | 1"
"Imagine you are a human, this is the first time you are coming across this Physics statement, you have no previous knowledge of it ""The boiling point of water decreases at higher altitudes due to lower atmospheric pressure."", what are the top 5 questions that would pop up in your head which would be most useful in learning about it as you are new to it. Give me a simple bullet point list, don't explain them or expand them","- What is evaporation?
- How does kinetic energy relate to molecules?
- How does evaporation reduce the average energy of remaining molecules?
- What is the relationship between evaporation and cooling?
- Why do molecules with the highest kinetic energy escape the liquid during evaporation?","| Metric | Score | Justification |
|---|---|---|
| Relevance | 4 | The questions are directly related to the statement and explore the concepts of evaporation, kinetic energy, and their relationship to boiling point. |
| Coherence | 3 | The questions are somewhat logically connected, but they could flow more smoothly. The first question on evaporation could be moved to the end to provide a concluding perspective. |
| Diversity | 3 | The questions cover a range of aspects, including the definition of evaporation, the role of kinetic energy, and the relationship between evaporation and cooling. However, they could explore other aspects, such as the impact of altitude on atmospheric pressure and its connection to the boiling point. |","| Metric    | Score | Justification                                                                                   |
|-----------|-------|--------------------------------------------------------------------------------------------------|
| Relevance | 3     | Questions address general concepts related to the statement but lack direct focus on boiling point decrease at higher altitudes.                        |
| Coherence | 4     | Questions progress logically from basic concepts to more specific aspects of evaporation and kinetic energy, forming a coherent line of inquiry.       |
| Diversity | 3     | While exploring various aspects of evaporation, the questions could benefit from including more directly relevant inquiries about atmospheric pressure. |","

| Metric | Score | Justification |
|---|---|---|
| Coherence | 4 | The questions follow a logical progression, moving from basic concepts like evaporation to more complex ideas such as the relationship between kinetic energy and molecular escape. However, there is room for further elaboration on how these concepts tie together in the context of altitude and atmospheric pressure. |
| Relevance | 5 | All questions are highly relevant to the original statement, focusing on key concepts related to boiling points, evaporation, and atmospheric pressure. They effectively address"
"Imagine you are a human, this is the first time you are coming across this Physics statement, you have no previous knowledge of it ""Siphoning involves moving a liquid from one container to another by means of a tube, with gravity and atmospheric pressure facilitating the flow."", what are the top 5 questions that would pop up in your head which would be most useful in learning about it as you are new to it. Give me a simple bullet point list, don't explain them or expand them","- What is refraction of light?
- How do different temperatures in layers of air cause optical illusions?
- Why are mirages often seen on roads on hot days?
- Are mirages always a result of refraction of light through layers of air?
- Can mirages be seen in any environment or only on specific surfaces like roads?","| Metric | Score | Justification |
|---|---|---|
| Relevance | 1 | Questions are not related to the phenomenon of siphoning and primarily focus on refraction of light and mirages. |
| Coherence | 1 | Questions do not demonstrate a clear line of inquiry or logical progression in understanding siphoning. |
| Diversity | 2 | Questions explore different aspects of refraction and mirages, but not related to the topic of siphoning. |","| Metric   | Score | Justification                                                                                        |
|----------|-------|------------------------------------------------------------------------------------------------------|
| Relevance|  1    | The questions are not directly related to the statement about siphoning involving gravity and pressure. |
| Coherence|  1    | The questions do not form a coherent line of inquiry regarding siphoning.                             |
| Diversity|  1    | The questions are all focused on mirages and refraction of light, lacking diversity in exploration.     |","

| Metric | Score | Justification |
|---|---|---|
| Relevance | 1 | None of the questions relate to siphoning, liquids, tubes, gravity, or atmospheric pressure. They all focus on optical illusions and refraction of light, which are unrelated to the provided statement. |
| Coherence | 3 | The questions seem to follow a logical train of thought related to optical illusions and refraction of light, suggesting some level of coherence within the set. However, since the questions are irrelevant to the statement, the coherence"
"Imagine you are a human, this is the first time you are coming across this Physics statement, you have no previous knowledge of it ""Evaporation causes cooling because the molecules with the highest kinetic energy escape the liquid, reducing the average energy of the remaining molecules."", what are the top 5 questions that would pop up in your head which would be most useful in learning about it as you are new to it. Give me a simple bullet point list, don't explain them or expand them","1. How does a compass's magnetic needle align with Earth's magnetic field?
2. Why does the compass point towards the magnetic North Pole?
3. What is the Earth's magnetic field and how does it influence the compass?
4. How does a compass work in different locations around the world?
5. Are there any factors that can cause a compass to give incorrect readings?","| Metric | Score | Justification |
|---|---|---|
| Relevance | 1 | The questions are not directly related to the statement about evaporation and cooling. They focus on compasses and Earth's magnetic field, which are unrelated concepts. |
| Coherence | 1 | The questions do not flow logically from one to another and do not form a coherent line of inquiry about evaporation. |
| Diversity | 1 | The questions all address different aspects of compasses and Earth's magnetic field, but they do not explore any aspects of evaporation and cooling. |","| Metric    | Score | Justification                                                                                                |
|-----------|-------|--------------------------------------------------------------------------------------------------------------|
| Relevance | 2     | The questions are not directly related to the statement about evaporation causing cooling in physics.      |
| Coherence | 3     | The questions somewhat connect in exploring compasses and magnetic fields but lack a clear progression.   |
| Diversity | 3     | The questions focus on compasses and magnetism, offering some variety but not directly related to evaporation. |","

| Metric | Score | Justification |
|---|---|---|
| Relevance | 1 | The questions do not relate to the provided statement about evaporation causing cooling. |
| Coherence | 4 | The questions follow a logical sequence, addressing various aspects of how a compass works. |
| Diversity | 3 | The questions cover different aspects of compass functionality, although not related to the original statement. |"
"Imagine you are a human, this is the first time you are coming across this Physics statement, you have no previous knowledge of it ""Mirages are optical illusions caused by the refraction of light through layers of air at different temperatures, often seen on roads on hot days."", what are the top 5 questions that would pop up in your head which would be most useful in learning about it as you are new to it. Give me a simple bullet point list, don't explain them or expand them","- What is the Doppler effect?
- How does the pitch of a sound change?
- What causes the frequency of sound waves to shift?
- Why does the pitch change as the source moves?
- Can the Doppler effect be observed with any type of sound source?","| Metric | Score | Justification |
|---|---|---|
| Relevance | 1 | None of the questions are related to the statement about mirages. |
| Coherence | 1 | The questions are about the Doppler effect, which is not related to the statement about mirages. |
| Diversity | 1 | The questions are all about the same topic, the Doppler effect. |","Relevance | 1 | The questions do not directly pertain to the specific details or concepts presented in the statement about mirages.
Coherence | 2 | The questions do not form a coherent line of inquiry related to the topic of mirages and instead focus on the Doppler effect and sound waves.
Diversity | 1 | The questions lack diversity in exploring the topic of mirages, as they solely focus on a different concept (Doppler effect).

Overall, the questions do not align well with the given statement about mirages, demonstrating low relevance, coherence, and diversity in exploring the topic.","

| Metric | Score | Justification |
|---|---|---|
| Coherence | 3 | The questions seem somewhat related, but there is no clear progression or structure in the line of inquiry. They all seem to focus on the Doppler effect, which isn't explicitly mentioned in the statement. |
| Relevance | 2 | The questions are only indirectly relevant to the statement. They focus on the Doppler effect, which is a concept tangentially related to mirages but not central to understanding them. |
| Diversity | 1 | All the questions revol"
"Imagine you are a human, this is the first time you are coming across this Physics statement, you have no previous knowledge of it ""A compass works by aligning its magnetic needle with Earth's magnetic field, pointing towards the magnetic North Pole."", what are the top 5 questions that would pop up in your head which would be most useful in learning about it as you are new to it. Give me a simple bullet point list, don't explain them or expand them","- What is a vacuum flask?
- How does heat transfer occur between contents and external environment?
- What is vacuum insulation?
- How does vacuum insulation minimize heat transfer?
- Why is minimizing heat transfer important in a vacuum flask?","| Metric | Score | Justification |
|---|---|---|
| Relevance | 2 | The questions are somewhat relevant to the statement as they touch upon the concepts of vacuum insulation and heat transfer, but they do not directly address the specific topic of how a compass works by aligning its magnetic needle with Earth's magnetic field. |
| Coherence | 3 | The questions form a coherent line of inquiry as they logically progress from defining vacuum insulation to explaining how it minimizes heat transfer and why this is important in a vacuum flask. However, the questions are not directly related to the statement about compasses. |
| Diversity | 2 | The questions cover a narrow range of aspects related to vacuum insulation and heat transfer. They do not explore other dimensions or perspectives related to the statement about compasses. |","| Metric    | Score | Justification                                                                                          |
|-----------|-------|--------------------------------------------------------------------------------------------------------|
| Relevance | 2     | The questions are mostly unrelated to the given statement about a compass and Earth's magnetic field. |
| Coherence | 3     | The questions somewhat connect to each other in exploring heat transfer and vacuum insulation.         |
| Diversity | 2     | The questions focus solely on heat transfer and vacuum insulation, missing the context of the compass. |","

| Metric | Score | Justification |
|---|---|---|
| Relevance | 2 | The questions do not relate to the statement provided. They seem to be addressing a different topic entirely. |
| Coherence | 3 | The questions follow a logical order, moving from basic concepts to more complex ones. However, since they are not relevant to the original statement, the coherence is somewhat diminished. |
| Diversity | 1 | All the questions revolve around the same concept, providing little variation in terms of exploring different aspects of the statement. |"
"Imagine you are a human, this is the first time you are coming across this Physics statement, you have no previous knowledge of it ""The pitch of a sound changes as the source moves toward or away from you due to the Doppler effect, which shifts the frequency of the sound waves."", what are the top 5 questions that would pop up in your head which would be most useful in learning about it as you are new to it. Give me a simple bullet point list, don't explain them or expand them","- What is density?
- How is density measured?
- What is buoyancy?
- How does buoyancy work in water?
- Why do objects float in water if their density is less than that of water?","| Metric | Score | Justification |
|---|---|---|
| Relevance | 1 | The questions are not relevant to the statement about the Doppler effect, which describes the change in sound frequency due to source movement, but instead focus on concepts related to density and buoyancy. |
| Coherence | 1 | The questions do not form a coherent line of inquiry related to the Doppler effect, but rather jump from density to buoyancy to flotation. |
| Diversity | 1 | The questions only cover a narrow range of concepts related to density and buoyancy, and do not explore different aspects of the Doppler effect or its implications. |","| Metric    | Score | Justification                                                                                            |
|-----------|-------|----------------------------------------------------------------------------------------------------------|
| Relevance | 2     | Only the last question is somewhat relevant to the statement, the other questions are unrelated.        |
| Coherence | 2     | The questions do not connect logically or form a coherent line of inquiry related to the statement.     |
| Diversity | 2     | The questions do not offer a broad exploration of the topic related to the Doppler effect statement.      |","

| Metric | Score | Justification |
|---|---|---|
| Relevance | 1 | The questions are not related to the provided statement about the Doppler effect. They focus on density and buoyancy instead. |
| Coherence | 2 | The questions follow a logical order in exploring density and buoyancy, but they are irrelevant to the Doppler effect. |
| Diversity | 1 | All questions are focused on density and buoyancy, providing no diverse perspectives or dimensions to understand the Doppler effect. |"
"Imagine you are a human, this is the first time you are coming across this Physics statement, you have no previous knowledge of it ""A vacuum flask minimizes heat transfer between its contents and the external environment through vacuum insulation."", what are the top 5 questions that would pop up in your head which would be most useful in learning about it as you are new to it. Give me a simple bullet point list, don't explain them or expand them","- How does the angle of the light source affect the size of a shadow?
- How does the distance of the light source affect the size of a shadow?
- Why does the size of a shadow change based on the angle and distance of the light source?
- Can the size of a shadow be manipulated by changing the angle and distance of the light source?
- Are there any practical applications of understanding how the size of a shadow is influenced by the angle and distance of the light source?","| Metric | Score | Justification |
|---|---|---|
| Relevance | 1 | The questions are not related to the statement about vacuum flasks and heat transfer. |
| Coherence | 1 | The questions are not logically connected and do not form a coherent line of inquiry. |
| Diversity | 1 | The questions cover a narrow range of aspects and do not offer a broad exploration of the statement. |","| Metric   | Score | Justification                                                                                  |
|----------|-------|-----------------------------------------------------------------------------------------------|
| Relevance | 2     | The questions are not directly related to the given statement about vacuum flasks.           |
| Coherence | 2     | The questions do not build upon each other or form a coherent line of inquiry.               |
| Diversity | 2     | The questions focus solely on shadows and light sources, lacking a broad exploration of the statement. |","

| Metric | Score | Justification |
| --- | --- | --- |
| Relevance | 1 | The questions do not relate to the concept of vacuum flasks or heat transfer. They focus on shadows and light sources, which are unrelated to the given statement. |
| Coherence | 3 | The questions follow a logical progression in exploring the relationship between the size of a shadow, the angle, and the distance of the light source. However, since the questions are irrelevant to the original statement, the coherence is only partially applicable. |
| Diversity"
"Imagine you are a human, this is the first time you are coming across this Physics statement, you have no previous knowledge of it ""Objects float in water when their density is less than that of water, following the principle of buoyancy."", what are the top 5 questions that would pop up in your head which would be most useful in learning about it as you are new to it. Give me a simple bullet point list, don't explain them or expand them","- What are electrical currents?
- How do electrical currents generate magnetic fields?
- What are magnetic fields?
- What are electromagnets?
- How do electromagnets operate using this principle?","| Metric | Score | Justification |
|---|---|---|
| Relevance | 1 | The questions are not relevant to the given statement about buoyancy and floatation. They focus on electrical currents and magnetic fields, which are unrelated concepts. |
| Coherence | 1 | The questions do not form a coherent line of inquiry. They jump from electrical currents to magnetic fields to electromagnets, without any logical connection to each other or to the original statement. |
| Diversity | 1 | The questions cover a narrow range of aspects, focusing exclusively on electrical and magnetic phenomena. They fail to explore the key concept of density and buoyancy mentioned in the statement. |","| Metric    | Score | Justification                                                                                       |
|-----------|-------|------------------------------------------------------------------------------------------------------|
| Relevance | 1     | The questions do not relate to the given statement about buoyancy and instead focus on electromagnetism. |
| Coherence | 2     | The questions do not form a coherent line of inquiry related to the statement provided.              |
| Diversity | 2     | The questions lack diversity as they solely focus on electromagnetism, unrelated to the initial statement. |","

| Metric | Score | Justification                                                                         |
| --- | --- | --- |
| Relevance | 1 | The questions are not related to the statement about buoyancy; instead, they focus on electrical currents and magnets. |
| Coherence | N/A | Since the questions lack relevance, we cannot assess their coherence in relation to the prompt. |
| Diversity | N/A | As the questions are irrelevant, we cannot evaluate their diversity in exploring the concept of buoyancy. |"
"Imagine you are a human, this is the first time you are coming across this Physics statement, you have no previous knowledge of it ""The size of a shadow depends on the angle and distance of the light source relative to the object casting the shadow."", what are the top 5 questions that would pop up in your head which would be most useful in learning about it as you are new to it. Give me a simple bullet point list, don't explain them or expand them","- How is the amount of electrical energy converted into light measured?

- What factors affect the energy efficiency of a lightbulb?

- Why is it important for a lightbulb to convert more electrical energy into light than heat?

- Are some types of lightbulbs more energy efficient than others?

- Can the energy efficiency of a lightbulb be improved or optimized?","| Metric | Score | Justification |
|---|---|---|
| Relevance | 1 | The questions do not pertain to the given statement about the size of a shadow. Instead, they are focused on the energy efficiency of lightbulbs. |
| Coherence | 1 | The questions lack a logical connection to one another and do not form a coherent line of inquiry related to the statement. |
| Diversity | 1 | The questions cover a narrow range of aspects related to lightbulbs and do not explore the concept of shadows or the factors that affect their size. |","| Metric   | Score | Justification                                                                                                     |
|----------|-------|--------------------------------------------------------------------------------------------------------------------|
| Relevance | 2     | Only the last question is directly relevant to the statement, other questions are more broadly related to lightbulb efficiency.                                            |
| Coherence | 3     | The questions slightly progress from discussing energy measurement to efficiency, but not a completely coherent progression.                                        |
| Diversity | 2     | The questions mostly focus on energy efficiency of lightbulbs, lacking diversity in exploring other facets of the statement about shadows.                          |","

| Metric | Score | Justification |
| --- | --- | --- |
| Relevance | 4 | The questions are mostly relevant to the statement, though some could be more directly related to shadows specifically. |
| Coherence | 3 | The questions do not follow a clear line of inquiry, and there is little connection between them. |
| Diversity | 5 | The questions cover various aspects of the topic, exploring both technical and practical dimensions. |"
"Imagine you are a human, this is the first time you are coming across this Physics statement, you have no previous knowledge of it ""Electrical currents generate magnetic fields, a principle underlying the operation of electromagnets."", what are the top 5 questions that would pop up in your head which would be most useful in learning about it as you are new to it. Give me a simple bullet point list, don't explain them or expand them","- What is sound?
- What are compressions and rarefactions of particles?
- How does sound travel through materials?
- What types of materials can sound travel through?
- Why do compressions and rarefactions affect the transmission of sound?","| Metric | Score | Justification |
|---|---|---|
| Relevance | 1 | The questions are not relevant to the given statement about electrical currents and magnetic fields. They are instead about sound waves. |
| Coherence | 1 | The questions do not form a coherent line of inquiry related to electrical currents and magnetic fields or sound waves. |
| Diversity | 1 | The questions all focus on sound waves and do not explore different aspects of electrical currents and magnetic fields. |","| Metric   | Score | Justification                                                                                                                                   |
|----------|-------|------------------------------------------------------------------------------------------------------------------------------------------------|
| Relevance | 2     | The questions are not directly related to the statement about electrical currents and magnetic fields, focusing instead on sound and its propagation. |
| Coherence | 3     | The questions somewhat connect in exploring the basics of sound, but they do not logically progress to understanding electrical currents generating magnetic fields. |
| Diversity | 2     | The questions lack diversity in exploring the broader concept of electromagnets, as they solely focus on sound-related aspects.                       |","

| Metric | Score | Justification |
|---|---|---|
| Coherence | 2 | The questions lack a clear connection to the provided statement, seeming more like a general curiosity about sound. |
| Relevance | 1 | None of the questions directly relate to electrical currents generating magnetic fields or electromagnets. |
| Diversity | 3 | Although not relevant, the questions cover various aspects of sound, demonstrating some breadth of exploration. |"
"Imagine you are a human, this is the first time you are coming across this Physics statement, you have no previous knowledge of it ""The energy efficiency of a lightbulb is determined by the amount of electrical energy converted into light versus heat."", what are the top 5 questions that would pop up in your head which would be most useful in learning about it as you are new to it. Give me a simple bullet point list, don't explain them or expand them","- What is conduction?
- What is convection?
- What is radiation?
- How does heat transfer through conduction?
- How does heat transfer through convection?","| Metric | Score | Justification |
|---|---|---|
| Relevance | 2 | The questions are not directly related to the statement. They do not explore the concept of energy efficiency of lightbulbs or the conversion of electrical energy into light versus heat. |
| Coherence | 2 | The questions are not connected to each other. They do not form a logical line of inquiry that would help a beginner understand the concept of energy efficiency of lightbulbs. |
| Diversity | 1 | The questions cover a narrow range of aspects. They focus on the general concept of heat transfer, which is not directly relevant to the statement about energy efficiency of lightbulbs. |","| Metric    | Score | Justification                                                                                                                                                     |
|-----------|-------|--------------------------------------------------------------------------------------------------------------------------------------------------------------------|
| Relevance | 2     | The questions focus on heat transfer mechanisms (conduction, convection, and radiation) rather than the energy efficiency of a lightbulb.                                 |
| Coherence | 3     | The questions are somewhat related as they all pertain to heat transfer, but they do not directly progress towards understanding the energy efficiency of a lightbulb. |
| Diversity | 2     | The questions lack diversity as they all center around heat transfer mechanisms, neglecting the broader context of the statement on lightbulb energy efficiency.         |","

| Metric | Score | Justification |
|---|---|---|
| Coherence | 4 | The questions follow a logical progression from defining key terms to exploring their application in the context of the statement. |
| Relevance | 3 | While the questions are relevant to understanding the concept of energy efficiency, they do not directly address the relationship between light and heat in the statement. |
| Diversity | 3 | The questions cover various aspects of heat transfer, but they lack focus on the specific energy efficiency aspect mentioned in the statement. |"
"Imagine you are a human, this is the first time you are coming across this Physics statement, you have no previous knowledge of it ""Sound travels through materials as a series of compressions and rarefactions of the particles within the material."", what are the top 5 questions that would pop up in your head which would be most useful in learning about it as you are new to it. Give me a simple bullet point list, don't explain them or expand them","- What is meant by ""moments"" in physics?
- What is meant by ""clockwise"" and ""anticlockwise"" moments?
- How does equilibrium relate to moments?
- How can I determine if a system is in equilibrium using the principle of moments?
- Can you give me an example to help me understand the principle of moments better?","| Metric | Score | Justification |
| --- | --- | --- |
| Relevance | 1 | The questions are not relevant to the given statement about sound. Instead, they focus on the concept of moments in physics, which is not mentioned in the statement. |
| Coherence | 1 | The questions do not form a coherent line of inquiry and are not logically connected to each other. They jump from one topic to another, making it difficult to progress in understanding. |
| Diversity | 1 | The questions lack diversity and only explore a narrow aspect of physics (moments), completely ignoring the context of sound waves and their properties. |","| Metric   | Score | Justification                                                                                  |
|----------|-------|-----------------------------------------------------------------------------------------------|
| Relevance | 2     | The questions are not directly related to the statement about sound traveling through materials. |
| Coherence | 3     | The questions somewhat progress from defining moments to practical examples, but the connection is weak. |
| Diversity | 3     | The questions cover different aspects of moments in physics, but they do not explore the original statement. |","

| Metric | Score | Justification |
| --- | --- | --- |
| Relevance | 2 | The questions do not seem to directly pertain to the concept of sound traveling through materials as a series of compressions and rarefactions. Instead, they focus on moments and equilibrium, which are unrelated to the initial statement. |
| Coherence | 3 | The questions follow a logical order, moving from basic definitions to more complex applications, but their lack of relevance to the original statement makes it difficult to assess their true coherence. |
| Diversity |"
"Imagine you are a human, this is the first time you are coming across this Physics statement, you have no previous knowledge of it ""Heat transfer can occur through conduction, convection, or radiation, affecting the temperature of substances in different ways."", what are the top 5 questions that would pop up in your head which would be most useful in learning about it as you are new to it. Give me a simple bullet point list, don't explain them or expand them","- Why does the color of a heated object change as its temperature increases?
- What causes the spectrum of light emitted by a heated object to broaden?
- How does the temperature of the object affect the color it emits?
- Is there a specific temperature range at which the color changes from red to white?
- How does this phenomenon relate to other properties of heated objects?","| Metric | Score | Justification |
|---|---|---|
| Relevance | 2 | The questions are somewhat relevant to the statement, but they focus on a narrow aspect of heat transfer (specifically, the emission of light by heated objects) and do not cover the broader concepts of conduction and convection. |
| Coherence | 2 | The questions are somewhat coherent in that they follow a logical progression from exploring the change in color of heated objects to the relationship between temperature and emitted light. However, they do not form a comprehensive line of inquiry that would fully elucidate the statement. |
| Diversity | 3 | The questions cover a range of aspects related to the emission of light by heated objects, including the change in color, the broadening of the light spectrum, and the relationship to temperature. However, they do not explore other important aspects of heat transfer, such as conduction and convection. |","Relevance | 4 | The questions directly address the concept of heat transfer through conduction, convection, and radiation, and how it affects the temperature of substances.
Coherence | 3 | The questions follow a logical progression in exploring the relationship between temperature, color change, emitted light spectrum, and other properties of heated objects.
Diversity | 4 | The questions cover different aspects of how heat transfer impacts object properties like color, emitted light, and temperature changes.","

| Metric | Score | Justification |
|---|---|---|
| Relevance | 4 | The questions touch upon various aspects of heat transfer, such as color change and light emission, but do not explicitly ask about the methods of heat transfer mentioned in the statement. |
| Coherence | 3 | The questions seem somewhat related, as they all deal with observable phenomena associated with heating, but they lack a clear progression or structure. |
| Diversity | 4 | The questions cover several dimensions of heat transfer, like visual cues and temperature ranges, but could benefit"
"Imagine you are a human, this is the first time you are coming across this Physics statement, you have no previous knowledge of it ""The principle of moments states that for a system to be in equilibrium, the sum of clockwise moments about any point must equal the sum of anticlockwise moments about that same point."", what are the top 5 questions that would pop up in your head which would be most useful in learning about it as you are new to it. Give me a simple bullet point list, don't explain them or expand them","- What is surface tension?
- How does surface tension allow insects to walk on water?
- What are water striders?
- How do water striders utilize surface tension to stay afloat?
- Can other insects or animals walk on water due to surface tension?","| Metric | Score | Justification |
|---|---|---|
| Relevance | 1 | The questions are not relevant to the input statement, which is about the principle of moments in physics. The questions focus on surface tension and water striders. |
| Coherence | 1 | The questions do not form a coherent line of inquiry about the principle of moments. They jump from surface tension to water striders to other insects. |
| Diversity | 1 | The questions do not cover a range of aspects related to the principle of moments. They all focus on surface tension and water striders. |","| Metric    | Score | Justification                                                                                           |
|-----------|-------|---------------------------------------------------------------------------------------------------------|
| Relevance | 1     | The questions are completely irrelevant to the given statement about the principle of moments in Physics.|
| Coherence | 1     | There is no logical progression or connection between the questions, leading to a disjointed exploration.  |
| Diversity | 1     | The questions all focus on surface tension and insects, lacking variety and failing to explore the topic effectively. |","

| Metric | Score | Justification |
|---|---|---|
| Relevance | 1 | The questions are not related to the given statement about the principle of moments. They focus on surface tension and water striders instead. |
| Coherence | 3 | The questions follow a logical order, moving from basic concepts to more specific examples, but they lack connection to the initial statement. |
| Diversity | 2 | The questions cover various aspects of surface tension and water striders, but none address the principle of moments. |"
"Imagine you are a human, this is the first time you are coming across this Physics statement, you have no previous knowledge of it ""The color of a heated object changes from red to white as its temperature increases, due to the spectrum of light it emits broadening."", what are the top 5 questions that would pop up in your head which would be most useful in learning about it as you are new to it. Give me a simple bullet point list, don't explain them or expand them","- How does the angle of the ramp affect the force needed to move an object?
- Why does a shallower ramp require less force than a steeper ramp?
- What is the relationship between angle and force in moving objects up a ramp?
- Are there specific angles that require the least amount of force?
- How can this knowledge be applied in practical situations?","| Metric | Score | Justification |
|---|---|---|
| Relevance | 1 | The questions are not relevant to the statement provided, as they focus on the angle of a ramp, force required to move an object, and practical applications, which are not mentioned in the statement. |
| Coherence | 1 | The questions do not form a logical line of inquiry and do not progress the understanding of the statement. They seem to be disconnected and cover unrelated topics. |
| Diversity | 1 | The questions lack diversity in exploration, as they all revolve around the angle and force concepts, neglecting other aspects of the statement related to color, temperature, and light spectrum. |","Relevance | 2 | The questions do not directly pertain to the specific details and concepts within the given statement about the color of a heated object.
Coherence | 2 | The questions do not form a coherent line of inquiry related to the heating of objects and color changes.
Diversity | 3 | The questions cover different aspects of the relationship between angles and force on a ramp, but do not explore the broad spectrum of topics related to the given statement.","

| Metric | Score | Justification |
| --- | --- | --- |
| Relevance | 3 | The questions do not directly relate to the statement provided. They seem to address a separate concept related to ramps and forces. |
| Coherence | 4 | The questions follow a logical sequence, addressing the relationship between angle and force in moving objects up a ramp. |
| Diversity | 2 | All questions focus on the same aspect of the concept, i.e., the relationship between angle and force, without exploring other dimensions such as definitions, implications, or applications"
"Imagine you are a human, this is the first time you are coming across this Physics statement, you have no previous knowledge of it ""Water's surface tension allows insects, such as water striders, to walk on its surface without sinking."", what are the top 5 questions that would pop up in your head which would be most useful in learning about it as you are new to it. Give me a simple bullet point list, don't explain them or expand them","- What is friction?
- How does surface smoothness affect friction?
- What are microscopic bumps and how do they affect friction?
- Why do objects with smoother surfaces experience less friction?
- How can we measure and quantify friction?","| Metric | Score | Justification |
|---|---|---|
| Relevance | 5 | All questions directly relate to the statement by exploring the concept of friction, its effects on surfaces, and methods of measurement. |
| Coherence | 4 | The questions are logically connected, forming a sequence that builds upon each other, starting with a general definition and progressing to more specific aspects of friction. |
| Diversity | 3 | While the questions cover various aspects of friction, they primarily focus on its relationship with surface smoothness, limiting the range of perspectives explored. |","Metric | Score | Justification
Relevance | 2 | Only the last question directly pertains to the statement, while the others focus on general friction rather than surface tension and insects walking on water.
Coherence | 3 | The questions loosely connect as they all relate to friction, but there is no clear progression or link between them in exploring the statement about water striders.
Diversity | 2 | The questions lack diversity as they all center around friction, neglecting to address other aspects such as surface tension, insects walking on water, or the unique properties involved.","

| Metric | Score | Justification |
|---|---|---|
| Coherence | 3 | The questions seem somewhat related, but there is no clear progression or structure in the line of inquiry. They all focus on friction, but lack a thematic connection that would facilitate a systematic exploration of the topic. |
| Relevance | 2 | The questions only tangentially relate to the statement, primarily focusing on friction instead of surface tension or the phenomenon of insects walking on water. This deviation from the main theme reduces the direct relevance to the original statement. |
"
"Imagine you are a human, this is the first time you are coming across this Physics statement, you have no previous knowledge of it ""The angle of a ramp affects the amount of force needed to move an object up the ramp; the shallower the ramp, the less force required."", what are the top 5 questions that would pop up in your head which would be most useful in learning about it as you are new to it. Give me a simple bullet point list, don't explain them or expand them","- What is a phase change?
- How does heat energy affect molecules in a solid?
- What are bonds between molecules?
- How does melting differ from other phase changes?
- Why do molecules move freely in a liquid state?","| Metric | Score | Justification |
|---|---|---|
| Relevance | 1 | The questions are not relevant to the statement about the angle of a ramp affecting the force needed to move an object up the ramp. |
| Coherence | 1 | The questions do not connect to one another and do not form a coherent line of inquiry. |
| Diversity | 1 | The questions do not cover a range of aspects related to the statement. |","| Metric   | Score | Justification                                                                                   |
|----------|-------|-------------------------------------------------------------------------------------------------|
| Relevance| 1     | The questions are not directly related to the statement about ramps and force.                    |
| Coherence| 2     | The questions do not form a coherent line of inquiry about the physics of ramps and force.       |
| Diversity| 3     | The questions cover different aspects of physics but do not address the specific topic provided. |","

| Metric | Score | Justification |
|---|---|---|
| Coherence | 2 | The questions lack a clear connection to the provided statement, as they focus on phase changes and molecular behavior instead of ramps and forces. |
| Relevance | 1 | The questions are only tangentially related to the statement, as they address phase changes and molecular behavior rather than the relationship between ramp angles and forces. |
| Diversity | 3 | Although the questions are not relevant to the statement, they do cover various aspects of molecular behavior, demonstrating some level of diversity. |"
"Imagine you are a human, this is the first time you are coming across this Physics statement, you have no previous knowledge of it ""Objects with smoother surfaces experience less friction because there are fewer microscopic bumps to cause resistance."", what are the top 5 questions that would pop up in your head which would be most useful in learning about it as you are new to it. Give me a simple bullet point list, don't explain them or expand them","1. What is diffraction?
2. Why does light spread out when passing through a narrow slit?
3. How does diffraction affect the behavior of light?
4. Are there any other examples of diffraction in everyday life?
5. How is diffraction important in the field of physics?","| Metric | Score | Justification |
|---|---|---|
| Relevance | 1 | The questions do not relate to the provided statement about friction and are not useful for understanding it. |
| Coherence | 1 | The questions are about light diffraction and have no logical connection to the statement about friction. |
| Diversity | 1 | The questions only cover a narrow aspect of physics and do not explore the topic of friction. |","Relevance | 1 | The questions are completely unrelated to the statement about friction and smoother surfaces.
Coherence | 1 | There is no logical progression or connection between the questions.
Diversity | 1 | The questions focus solely on diffraction and do not explore other aspects related to the statement.

Relevance | 1 | The questions are not relevant to the statement about friction and smoother surfaces.
Coherence | 1 | There is no coherent line of inquiry or logical progression in the questions.
Diversity | 1 | The questions solely focus on diffraction and do not offer a diverse exploration of the topic.

Relevance | 1 | The questions do not pertain to the statement about friction and smoother surfaces at all.
Coherence | 1 | There is no logical connection or coherent progression in the questions.
Diversity | 1 | The questions only focus on diffraction and do not explore other aspects related to the statement.

Relevance | 1 | The questions are not relevant to the statement about friction and smoother surfaces.
Coherence | 1 | There is no logical progression or connection between the questions.
Diversity | 1 | The questions solely focus on diffraction and do not offer a diverse exploration of the topic.

Relevance | 1","

| Metric | Score | Justification |
| --- | --- | --- |
| Relevance | 2 | The questions do not directly relate to the provided statement about diffraction. They seem to focus on a tangential topic. |
| Coherence | 3 | The questions follow a logical order, moving from basic concepts to more complex ones. However, since they are not relevant to the original statement, the coherence is somewhat diminished. |
| Diversity | 3 | The questions cover various aspects of diffraction, such as its definition, behavior, and real-"
"Imagine you are a human, this is the first time you are coming across this Physics statement, you have no previous knowledge of it ""The phase change from solid to liquid is called melting, where heat energy breaks the bonds between molecules in a solid, allowing them to move freely."", what are the top 5 questions that would pop up in your head which would be most useful in learning about it as you are new to it. Give me a simple bullet point list, don't explain them or expand them","- How do sound waves bounce off surfaces? 
- What causes the time delay in measuring distances with echoes? 
- Are there specific surfaces that are better for creating echoes? 
- Can the distance measured with echoes be affected by other factors? 
- What other applications or uses does measuring distances with echoes have in physics?","| Metric | Score | Justification |
|---|---|---|
| Relevance | 1 | None of the questions are relevant to the statement about the phase change from solid to liquid. |
| Coherence | 1 | The questions do not connect to each other or to the statement, and do not form a coherent line of inquiry. |
| Diversity | 1 | The questions cover a narrow range of aspects and do not provide a broad exploration of the statement. |","Relevance | 1 | The questions are not directly related to the concept of phase change from solid to liquid.
Coherence | 2 | The questions do not form a coherent line of inquiry related to the given statement.
Diversity | 1 | The questions do not offer a broad exploration of the topic and are unrelated to the given statement.","

| Metric | Score | Justification |
|---|---|---|
| Relevance | 2 | The questions seem only loosely related to the concept of measuring distances with echoes. They touch on general physics topics like sound waves and surface properties, but do not directly address the process or implications of using echoes to measure distance. |
| Coherence | 3 | The questions present a somewhat coherent line of inquiry, exploring various aspects of sound waves and their interaction with surfaces. However, the lack of clear connection to the main topic reduces overall coherence. |
| D"
"Imagine you are a human, this is the first time you are coming across this Physics statement, you have no previous knowledge of it ""When light passes through a narrow slit, it spreads out instead of traveling in a straight line, a phenomenon known as diffraction."", what are the top 5 questions that would pop up in your head which would be most useful in learning about it as you are new to it. Give me a simple bullet point list, don't explain them or expand them","- How does blowing air create lower pressure?
- Why does faster-moving air create lower pressure?
- What is Bernoulli's principle?
- How does lower pressure cause the paper strip to lift?
- What other everyday examples demonstrate Bernoulli's principle?","| Metric  | Score  | Justification  |
|---|---|---|
| Relevance  | 1  | The questions diverge from the topic of light diffraction. They are related to air pressure and Bernoulli's principle.  |
| Coherence  | 1  | The questions lack a coherent progression. The transition from diffraction to Bernoulli's principle is abrupt and irrelevant.  |
| Diversity  | 1  | The questions lack diversity as they focus solely on Bernoulli's principle, ignoring other aspects of diffraction mentioned in the initial statement.  |","| Metric   | Score | Justification                                                                                       |
|----------|-------|-----------------------------------------------------------------------------------------------------|
| Relevance | 3     | The questions generally relate to Bernoulli's principle, which is somewhat relevant to diffraction.  |
| Coherence | 2     | The questions do not form a coherent line of inquiry about diffraction; they jump to a different topic. |
| Diversity | 3     | The questions focus on various aspects of Bernoulli's principle but lack diversity in exploring diffraction. |","

| Metric | Score | Justification |
|---|---|---|
| Coherence | 3 | The questions seem somewhat related but lack a clear progression or thematic connection. They could benefit from being more explicitly linked to the initial concept of diffraction. |
| Relevance | 2 | The questions do not directly relate to the statement about diffraction. Instead, they focus on Bernoulli's principle, which, while relevant to fluid dynamics, is not mentioned or implied in the original statement. |
| Diversity | 1 | All questions revolve around Bernoulli"
"Imagine you are a human, this is the first time you are coming across this Physics statement, you have no previous knowledge of it ""An echo occurs when sound waves bounce off a surface and return to the listener, allowing us to measure distances based on the time delay."", what are the top 5 questions that would pop up in your head which would be most useful in learning about it as you are new to it. Give me a simple bullet point list, don't explain them or expand them","- How does adding salt lower the freezing point of ice?
- What is the scientific explanation behind salt causing ice to melt faster?
- Why is lowering the freezing point important in making homemade ice cream?
- How does the process of adding salt to ice help in de-icing roads?
- Are there any potential negative effects of adding salt to ice?","| Metric | Score | Justification |
|---|---|---|
| Relevance | 2 | None of the questions directly relate to the statement about echoes or measuring distances based on the time delay. |
| Coherence | 1 | The questions do not connect to one another logically and do not form a coherent line of inquiry. |
| Diversity | 1 | The questions cover a narrow range of aspects and do not explore different dimensions or perspectives related to the statement. |","| Metric   | Score | Justification                                                                                               |
|----------|-------|-------------------------------------------------------------------------------------------------------------|
| Relevance | 3     | Some questions stray from the original statement about echoes and focus more on salt's effects on ice.     |
| Coherence | 4     | The questions flow logically from discussing salt's properties to its various applications.                 |
| Diversity | 3     | While the questions explore different aspects of salt's interactions with ice, they lack broader exploration. |","

| Metric | Score | Justification |
| --- | --- | --- |
| Relevance | 1 | The questions do not relate to the provided statement about echoes. They focus on the effect of salt on ice instead. |
| Coherence | N/A | Since the questions are irrelevant, coherence cannot be evaluated. |
| Diversity | 1 | All questions are focused on the same topic, which is unrelated to the original statement. |"
"Imagine you are a human, this is the first time you are coming across this Physics statement, you have no previous knowledge of it ""By blowing over the top of a paper strip, it lifts due to the lower pressure created by the faster-moving air, illustrating Bernoulli's principle."", what are the top 5 questions that would pop up in your head which would be most useful in learning about it as you are new to it. Give me a simple bullet point list, don't explain them or expand them","- How does a periscope work?
- What is the law of reflection?
- Why do periscopes use two mirrors at 45-degree angles?
- What are the applications of periscopes?
- Can periscopes be used in other situations besides seeing over or around objects?","| Metric | Score | Justification |
|---|---|---|
| Relevance | 1 | The questions lack direct relevance to the statement about Bernoulli's principle and paper strips. They focus on periscopes, which are not mentioned in the statement. |
| Coherence | 1 | The questions do not form a coherent line of inquiry related to Bernoulli's principle. They jump from questions about periscopes to questions about reflection and applications. |
| Diversity | 1 | The questions primarily focus on periscopes and do not explore different aspects or implications of Bernoulli's principle. |","| Metric   | Score | Justification                                                                                         |
|----------|-------|-------------------------------------------------------------------------------------------------------|
| Relevance | 2     | The questions are not directly relevant to the given physics statement about Bernoulli's principle.     |
| Coherence | 3     | The questions connect loosely around the theme of optical devices like periscopes.                    |
| Diversity | 2     | The questions focus solely on periscopes and do not offer a broad exploration of the physics concept. |","

| Metric | Score | Justification |
|---|---|---|
| Relevance | 1 | The questions have no direct relevance to the statement about Bernoulli's principle. They all focus on periscopes instead. |
| Coherence | 3 | The questions follow a logical sequence related to periscopes, but they are not relevant to the original statement. |
| Diversity | 2 | Although the questions cover various aspects of periscopes, they do not address any dimensions of the Bernoulli's principle statement. |"
"Imagine you are a human, this is the first time you are coming across this Physics statement, you have no previous knowledge of it ""When salt is added to ice, it lowers the freezing point, causing the ice to melt faster, a process used in making homemade ice cream and de-icing roads."", what are the top 5 questions that would pop up in your head which would be most useful in learning about it as you are new to it. Give me a simple bullet point list, don't explain them or expand them","- What causes static cling to occur?
- How do different materials transfer electrons when rubbed together?
- Why do objects attract each other due to opposite electrical charges?
- Can static cling be prevented or eliminated?
- What are the practical applications of understanding static cling?","| Metric | Score | Justification |
|---|---|---|
| Relevance | 1 | The questions are not relevant to the statement about salt being added to ice lowering the freezing point and causing it to melt faster. |
| Coherence | 1 | The questions do not connect logically to each other and do not form a coherent line of inquiry related to the statement. |
| Diversity | 1 | The questions do not cover a range of aspects related to the statement and do not offer a diverse exploration of its concepts. |","| Metric    | Score | Justification                                                                                                        |
|-----------|-------|----------------------------------------------------------------------------------------------------------------------|
| Relevance | 1     | The questions are not directly related to the statement about salt, ice, and freezing point, focusing on static cling. |
| Coherence | 2     | The set lacks a logical progression and thematic connection, jumping between different phenomena.                    |
| Diversity | 3     | The questions cover different aspects of static cling, but fail to explore the relevant topic of salt lowering the freezing point. |","

| Metric | Score | Justification |
|---|---|---|
| Relevance | 1 | The questions are not related to the statement provided. They focus on static cling instead of the relationship between salt, ice, and temperature changes. |
| Coherence | 3 | The questions follow a logical order, moving from cause to effect, prevention methods, and applications. However, since they are irrelevant to the original statement, the coherence is only partially applicable. |
| Diversity | 2 | Although the questions cover various aspects of static cling, they do not address"
"Imagine you are a human, this is the first time you are coming across this Physics statement, you have no previous knowledge of it ""A periscope uses two mirrors at 45-degree angles to see over or around objects, illustrating the law of reflection."", what are the top 5 questions that would pop up in your head which would be most useful in learning about it as you are new to it. Give me a simple bullet point list, don't explain them or expand them","- How does a pressure cooker increase the boiling point of water?
- Why does increasing the cooking temperature result in food cooking faster?
- What are the benefits of using a pressure cooker?
- Are there any safety concerns with using a pressure cooker?
- How does the sealing of the pot affect the cooking process?","| Metric | Score | Justification |
|---|---|---|
| Relevance | 1 | The questions are not related to the statement about periscopes. |
| Coherence | 1 | The questions do not form a coherent line of inquiry about periscopes. |
| Diversity | 1 | The questions do not cover a range of aspects related to periscopes. |","| Metric   | Score | Justification                                                                                    |
|----------|-------|--------------------------------------------------------------------------------------------------|
| Relevance | 2     | The questions are not directly related to the statement about a periscope and the law of reflection.|
| Coherence | 3     | The questions do not form a coherent line of inquiry about the periscope and its mirrors.        |
| Diversity | 2     | The questions do not cover different aspects or dimensions of the topic presented.               |","

| Metric | Score | Justification |
| --- | --- | --- |
| Relevance | 2 | The questions do not seem to relate to the provided statement about a periscope. They appear to be more focused on the concept of a pressure cooker instead. |
| Coherence | 3 | The questions seem to follow a logical order, moving from basic functionality to potential risks and benefits. However, since they are not relevant to the original statement, the coherence is somewhat diminished. |
| Diversity | 1 | All questions revolve around the same"
"Imagine you are a human, this is the first time you are coming across this Physics statement, you have no previous knowledge of it ""Static cling occurs when different materials are rubbed together, causing electrons to transfer and objects to attract due to opposite electrical charges."", what are the top 5 questions that would pop up in your head which would be most useful in learning about it as you are new to it. Give me a simple bullet point list, don't explain them or expand them","- What is the gyroscopic effect?
- How does the spinning of wheels contribute to stability?
- Why is stability important for bicycles?
- How do moving wheels affect balance?
- Are there any other factors that contribute to bicycles staying upright?","| Metric | Score | Justification |
|---|---|---|
| Relevance | 1 | The questions are not relevant to the given statement, as they focus on the gyroscopic effect and bicycle stability, which are not mentioned in the statement. |
| Coherence | 1 | The questions are not logically connected and do not form a coherent line of inquiry related to static cling. |
| Diversity | 1 | The questions cover a narrow range of aspects and do not provide a diverse exploration of the topic of static cling. |","| Metric   | Score | Justification                                                                                                         |
|----------|-------|-----------------------------------------------------------------------------------------------------------------------|
| Relevance | 1     | The questions are not directly related to the statement about static cling and do not explore electrons or charges.   |
| Coherence | 2     | The questions do not form a coherent line of inquiry related to the statement provided.                                |
| Diversity | 2     | The questions do not offer a broad exploration of the topic of static cling, focusing on unrelated concepts instead.   |","

| Metric | Score | Justification |
|---|---|---|
| Relevance | 2 | The questions seem only loosely related to the concept of static cling, as they focus on the gyroscopic effect and bicycle stability instead of exploring the core ideas of charge transfer and attraction between objects. |
| Coherence | 3 | The questions follow a general theme of physics principles applied to movement, but lack a clear connection to the initial statement about static cling. |
| Diversity | 4 | The questions cover various aspects of physics, such as forces,"
"Imagine you are a human, this is the first time you are coming across this Physics statement, you have no previous knowledge of it ""Pressure cookers cook food faster by increasing the boiling point of water inside the sealed pot, which increases the cooking temperature."", what are the top 5 questions that would pop up in your head which would be most useful in learning about it as you are new to it. Give me a simple bullet point list, don't explain them or expand them","- How does convection work in fluids?
- What causes warmer parts of the fluid to rise?
- How do cooler parts of the fluid sink?
- What is the purpose of this circulation of heat?
- Are there any real-world examples of convection in fluids?","| Metric | Score | Justification |
|---|---|---|
| Relevance | 2 | The questions are only indirectly related to the statement, as they focus on convection rather than the use of pressure cookers. |
| Coherence | 3 | The questions form a logical progression, starting with the basic concept of convection and moving on to its effects and applications. |
| Diversity | 2 | The questions cover a limited range of aspects related to the statement, focusing primarily on the physical principles behind convection. |","| Metric   | Score | Justification                                                                                         |
|----------|-------|-------------------------------------------------------------------------------------------------------|
| Relevance|  4    | The questions focus on exploring convection in fluids, indirectly related to the concept of a pressure cooker. |
| Coherence |  3    | The questions progress logically from understanding convection to its purpose and examples.              |
| Diversity |  3    | While the questions cover different aspects of convection, they could benefit from more direct relevance to the pressure cooker scenario.   |","

| Metric | Score | Justification |
|---|---|---|
| Coherence | 4 | The questions follow a logical progression from understanding the concept of convection to its application in pressure cookers. However, they could benefit from a more explicit connection to the statement. |
| Relevance | 5 | All questions relate directly to the statement, exploring various aspects of convection and its role in pressure cookers. |
| Diversity | 3 | While the questions cover several dimensions of convection, they all focus on the same concept, limiting the breadth of exploration."
"Imagine you are a human, this is the first time you are coming across this Physics statement, you have no previous knowledge of it ""Bicycles stay upright more easily when moving due to the gyroscopic effect of the spinning wheels, providing stability."", what are the top 5 questions that would pop up in your head which would be most useful in learning about it as you are new to it. Give me a simple bullet point list, don't explain them or expand them","- What is density?
- How does buoyant force work?
- Why do denser objects sink in water?
- How can I determine if an object will float or sink in water?
- Can the buoyant force be used to calculate the weight of an object in water?","| Metric | Score | Justification |
|---|---|---|
| Relevance | 2 | The questions are not directly related to the statement about bicycles staying upright due to the gyroscopic effect of spinning wheels. Instead, they focus on buoyancy and density, which are unrelated concepts. |
| Coherence | 1 | The questions do not follow a logical sequence and do not form a coherent line of inquiry related to the statement. They jump from density to buoyant force to sinking and floating objects, without any clear progression or connection. |
| Diversity | 3 | The questions cover a range of aspects related to buoyancy and density, such as definitions, principles, and applications. However, they do not explore the concept of the gyroscopic effect or its relevance to bicycles staying upright. |","| Metric   | Score | Justification                                                                                                         |
|----------|-------|-----------------------------------------------------------------------------------------------------------------------|
| Relevance  | 1     | The questions are not relevant to the statement about bicycles and gyroscopic effect, focusing on buoyancy instead.   |
| Coherence | 2     | The questions do not form a coherent line of inquiry related to the given statement on bicycle stability.             |
| Diversity | 1     | There is little diversity in the topics covered, as all questions revolve around buoyancy and density concepts.       |","

| Metric | Score | Justification |
| --- | --- | --- |
| Relevance | 1 | The questions are not related to the statement about bicycles staying upright due to the gyroscopic effect. Instead, they focus on buoyancy and density, which are unrelated concepts. |
| Coherence | 3 | The questions follow a logical order in exploring the concept of buoyancy and density, making them somewhat coherent. However, since they are not relevant to the original statement, the coherence is only moderate. |
| Diversity | "
"Imagine you are a human, this is the first time you are coming across this Physics statement, you have no previous knowledge of it ""The process of convection in fluids circulates heat, as warmer parts of the liquid or gas rise while cooler parts sink, creating a cycle."", what are the top 5 questions that would pop up in your head which would be most useful in learning about it as you are new to it. Give me a simple bullet point list, don't explain them or expand them","- How does a prism bend light?
- Why do different colors of light bend by different amounts?
- What is the spectrum of colors produced by a prism?
- What is white light?
- What is the significance of separating white light into a spectrum of colors using a prism?","| Metric | Score | Justification |
|---|---|---|
| Relevance | 1 | The questions do not pertain to the concept of convection in fluids, but rather focus on the unrelated topic of light passing through a prism. |
| Coherence | 1 | The questions do not form a coherent line of inquiry related to convection, and instead jump to unrelated topics about prisms and light. |
| Diversity | 2 | The questions explore a range of topics related to prisms and light, but they do not cover any aspects of convection in fluids. |","| Metric   | Score | Justification                                                                                                 |
|----------|-------|---------------------------------------------------------------------------------------------------------------|
| Relevance | 1     | The questions are not relevant to the statement about convection in fluids; they focus on light refraction.  |
| Coherence | 2     | The questions do not form a coherent line of inquiry related to convection in fluids.                          |
| Diversity | 2     | The questions lack diversity and fail to explore different aspects of the statement on convection in fluids. |","

| Metric | Score | Justification |
|---|---|---|
| Relevance | 1 | The questions are not related to the statement provided. They seem to be addressing a completely different topic, namely the behavior of light and prisms. |
| Coherence | 3 | Although the questions are not relevant to the statement, they do follow a logical order and build upon each other, forming a coherent line of inquiry regarding the properties of light and prisms. |
| Diversity | 2 | The questions address various aspects of light and its interaction with prisms, such"
"Imagine you are a human, this is the first time you are coming across this Physics statement, you have no previous knowledge of it ""Objects that are denser than water sink when placed in water, while those less dense float, due to the principle of buoyant force."", what are the top 5 questions that would pop up in your head which would be most useful in learning about it as you are new to it. Give me a simple bullet point list, don't explain them or expand them","- What is refraction of light?
- How does light move from water to air?
- Why does the stick appear to bend?
- How does refraction cause the bending effect?
- How does the amount of bending relate to the depth of the stick in water?","| Metric | Score | Justification |
| ------- | ------- | ------- |
| Relevance | 2 | The questions are only moderately relevant to the statement, focusing on the refraction of light rather than the principle of buoyant force. |
| Coherence | 3 | The questions are somewhat connected, exploring the bending effect of light passing from water to air. However, the coherence could be improved by aligning the questions more closely with the statement's focus on buoyant force. |
| Diversity | 2 | The questions lack diversity, primarily focusing on the bending of light and not exploring other aspects related to buoyant force, such as density or the properties of objects in relation to water. |","| Metric   | Score | Justification                                                                                   |
|----------|-------|-----------------------------------------------------------------------------------------------|
| Relevance | 1     | The questions do not directly address the statement about buoyancy and density in water.     |
| Coherence | 2     | The questions do not form a coherent line of inquiry related to the topic of buoyancy.       |
| Diversity | 1     | The questions do not offer a diverse exploration of the topic of buoyancy and density in water. |","

| Metric | Score | Justification |
|---|---|---|
| Relevance | 1 | The questions do not pertain to the provided statement; instead, they focus on refraction of light, which is unrelated. |
| Coherence | 1 | The questions lack a coherent line of inquiry, as they address a completely different topic. |
| Diversity | 1 | Since all questions are unrelated to the statement, there is no diversity in exploring the given concept. |"
"Imagine you are a human, this is the first time you are coming across this Physics statement, you have no previous knowledge of it ""A prism can separate white light into a spectrum of colors because different colors of light bend by different amounts when passing through the prism."", what are the top 5 questions that would pop up in your head which would be most useful in learning about it as you are new to it. Give me a simple bullet point list, don't explain them or expand them","- How do cones in the retina respond to different wavelengths of light?
- What is the function of cones in the human eye?
- How does the perception of color occur in the human eye?
- Why do different wavelengths of light enable us to see a range of colors?
- What is the relationship between cones in the retina and the perception of color?","| Metric | Score | Justification |
|---|---|---|
| Relevance | 1 | The questions do not relate to the statement about a prism separating white light into a spectrum of colors. They focus on the cones in the retina and the perception of color in the human eye. |
| Coherence | 1 | The questions do not logically connect to one another and do not form a coherent line of inquiry related to the statement about a prism. |
| Diversity | 3 | The questions cover a narrow range of aspects related to the statement, primarily focusing on cones in the retina and the perception of color. They do not explore different dimensions or perspectives of the statement. |","| Metric    | Score | Justification                                                                                      |
|-----------|-------|----------------------------------------------------------------------------------------------------|
| Relevance | 4     | Questions directly relate to the perception of color and the function of cones in the retina.       |
| Coherence | 3     | Questions flow logically from understanding cones in the retina to perception of color.             |
| Diversity | 3     | Questions cover aspects of light perception, human eye anatomy, color perception, and light bending. |","

| Metric | Score | Justification |
|---|---|---|
| Coherence | 4 | The questions follow a logical progression from the basic structure of the human eye to the role of cones in color perception, then to the relationship between cones and the prism's effect. However, there is room for more explicit connections between questions. |
| Relevance | 3 | Although the questions touch on relevant topics, they stray from the core concept of the prism bending light. They focus more on color perception in the human eye, which, while related, doesn'"
"Imagine you are a human, this is the first time you are coming across this Physics statement, you have no previous knowledge of it ""The apparent bending of a stick partially submerged in water is due to the refraction of light as it moves from water to air."", what are the top 5 questions that would pop up in your head which would be most useful in learning about it as you are new to it. Give me a simple bullet point list, don't explain them or expand them","- What is ice?
- What does it mean for something to absorb heat?
- What is an endothermic reaction?
- How does ice cooling the surroundings work?
- Why does ice melting absorb heat?","| Metric | Score | Justification |
|---|---|---|
| Coherence | 1 | The questions are loosely related to the general concept of cooling, but they do not form a coherent line of inquiry specific to the statement about the apparent bending of a stick in water due to refraction. |
| Relevance | 2 | Only the last question (""Why does ice melting absorb heat?"") is directly relevant to the statement about refraction of light, while the other questions focus on different aspects of ice and cooling. |
| Diversity | 3 | The questions cover a range of topics related to ice and cooling, but they do not offer a comprehensive exploration of the statement about refraction of light. |","| Metric    | Score | Justification                                                                                                             |
|-----------|-------|---------------------------------------------------------------------------------------------------------------------------|
| Relevance  | 2     | Questions are largely unrelated to the statement about refraction of light, focusing more on ice and heat absorption.      |
| Coherence | 3     | Questions somewhat relate to each other in the context of heat and ice, but not in a logical progression for understanding refraction.|
| Diversity | 2     | Questions all revolve around the same topic of heat and ice, lacking diversity in exploring different aspects of refraction. |","

| Metric | Score | Justification |
|---|---|---|
| Relevance | 1 | The questions do not relate to the statement about the bending of a stick in water due to refraction. Instead, they focus on the concept of ice and its properties. |
| Coherence | 3 | The questions follow a logical sequence related to the concept of ice, moving from basic definitions to more complex processes like endothermic reactions. |
| Diversity | 2 | The questions all revolve around the same theme of ice, without exploring other dimensions relevant to the original statement"
"Imagine you are a human, this is the first time you are coming across this Physics statement, you have no previous knowledge of it ""The human eye perceives color due to the response of cones in the retina to different wavelengths of light, enabling us to see a range of colors."", what are the top 5 questions that would pop up in your head which would be most useful in learning about it as you are new to it. Give me a simple bullet point list, don't explain them or expand them","- Why does Polaris appear stationary in the night sky?
- What is the significance of Polaris being located above Earth's rotational North Pole?
- How does Polaris serve as a pivotal point for navigation?
- Is Polaris visible from all locations on Earth?
- Are there other stars that serve as pivotal points for navigation like Polaris?","| Metric | Score | Justification |
|---|---|---|
| Relevance | 1 | The questions are not relevant to the statement about the human eye perceiving color. They are about Polaris, a star in the night sky. |
| Coherence | 1 | The questions are not coherent. They do not form a logical line of inquiry. |
| Diversity | 2 | The questions cover a range of aspects, but they are not all directly related to the statement about the human eye perceiving color. |","| Metric   | Score | Justification                                                                                  |
|----------|-------|-----------------------------------------------------------------------------------------------|
| Relevance | 3     | Questions mostly focus on Polaris and navigation, less directly related to the given statement. |
| Coherence | 4     | Questions flow logically and build upon each other in exploring Polaris and its significance.   |
| Diversity | 2     | Limited exploration beyond Polaris and navigation, lacking broader understanding of the statement. |","

| Metric | Score | Justification |
|---|---|---|
| Relevance | 2 | The questions do not relate to the provided statement about the human eye perceiving color. They focus on Polaris instead. |
| Coherence | 3 | The questions follow a theme related to Polaris, indicating some level of coherence. However, since they are not relevant to the original statement, the coherence is limited to the irrelevant theme. |
| Diversity | 4 | The questions cover various aspects of Polaris, such as its location, visibility, and"
"Imagine you are a human, this is the first time you are coming across this Physics statement, you have no previous knowledge of it ""When ice melts, it absorbs heat from the environment, a process known as endothermic reaction, which cools the surroundings."", what are the top 5 questions that would pop up in your head which would be most useful in learning about it as you are new to it. Give me a simple bullet point list, don't explain them or expand them","1. Why does sound need a medium to travel through?
2. What is a vacuum in the context of sound waves?
3. How do sound waves travel through air or water?
4. What other forms of energy can travel through space?
5. How is sound different from other types of energy?","| Metric | Score | Justification |
|---|---|---|
| Relevance | 1 | The questions are not directly relevant to the statement about ice melting and endothermic reactions. Instead, they focus on questions about sound waves and energy, which are not related to the provided statement. |
| Coherence | 1 | The questions do not form a coherent line of inquiry and do not logically connect to each other. They cover various topics unrelated to the statement about ice melting, making it difficult to progress in understanding the statement. |
| Diversity | 1 | The questions lack diversity in exploring aspects of the statement. They fail to address the key concepts of the endothermic reaction during ice melting and its effect on the environment, which were mentioned in the statement. |","| Metric    | Score | Justification                                                                                                      |
|-----------|-------|--------------------------------------------------------------------------------------------------------------------|
| Relevance | 2     | While the questions focus on energy and wave propagation, they do not directly relate to the presented statement. |
| Coherence | 3     | The questions loosely connect through the theme of energy and wave propagation, but lack a clear progression.      |
| Diversity | 3     | The questions explore various aspects of sound and energy, but fail to address the specific topic of endothermic reactions. |","

| Metric | Score | Justification |
|---|---|---|
| Relevance | 1 | The questions are not related to the provided statement. They seem to be addressing a completely different topic - sound waves. |
| Coherence | 3 | The questions are coherent within themselves, forming a clear line of inquiry about sound waves. However, they are not relevant to the original statement. |
| Diversity | 1 | All questions focus on the same topic - sound waves - offering little diversity in terms of exploring various aspects of the original statement. |"
"Imagine you are a human, this is the first time you are coming across this Physics statement, you have no previous knowledge of it ""The North Star, Polaris, appears stationary in the night sky because it's located nearly above Earth's rotational North Pole, making it a pivotal point for navigation."", what are the top 5 questions that would pop up in your head which would be most useful in learning about it as you are new to it. Give me a simple bullet point list, don't explain them or expand them","- How does a sundial work?
- What is the purpose of a sundial?
- How accurate is a sundial in telling time?
- Can a sundial work at night?
- How is a sundial different from a clock?","| Metric  | Score | Justification |
|--- |---: |--- |
| Relevance  | 2  | The questions are not directly relevant to the statement about the North Star, Polaris. Instead, they focus on sundials, which are not mentioned in the statement. |
| Coherence  | 2  | The questions are not logically connected to each other and do not form a coherent line of inquiry. They cover different aspects of sundials, but do not explore the statement about the North Star. |
| Diversity  | 1  | The questions cover a narrow range of aspects related to sundials and do not provide a broad exploration of the statement about the North Star. |","| Metric   | Score | Justification                                                                                  |
|----------|-------|-----------------------------------------------------------------------------------------------|
| Relevance | 2     | Questions focus on sundials, not directly related to Polaris or Earth's rotational North Pole. |
| Coherence | 3     | Questions somewhat relate to each other in exploring sundials.                                 |
| Diversity | 2     | Limited exploration beyond sundials, lacking depth on the topic of Polaris.                  |","

| Metric | Score | Justification |
|---|---|---|
| Coherence | 2 | The questions do not seem to follow a coherent line of inquiry related to the statement. They appear disconnected and lack a clear focus on the given statement. |
| Relevance | 1 | None of the questions directly relate to the statement provided. They all revolve around sundials, which are not mentioned in the original statement. |
| Diversity | 3 | Although the questions are not relevant, they do cover various aspects of sundials such as functionality, accuracy"
"Imagine you are a human, this is the first time you are coming across this Physics statement, you have no previous knowledge of it ""Sound cannot travel through space because it is a vacuum and has no medium (like air or water) for sound waves to travel through."", what are the top 5 questions that would pop up in your head which would be most useful in learning about it as you are new to it. Give me a simple bullet point list, don't explain them or expand them","- What is the speed of sound compared to the speed of light?
- How does lightning result in thunder?
- Why does it take time for the sound of thunder to reach us?
- How is the speed of sound calculated?
- Can the delay in hearing thunder help us determine the distance of the lightning strike?","| Metric | Score | Justification |
|---|---|---|
| Relevance | 4 | The questions are directly related to the statement about sound not traveling through space. They explore the implications of sound requiring a medium, the speed of sound, and the phenomenon of thunder. |
| Coherence | 3 | The questions are somewhat connected, as they all relate to the topic of sound and space. However, the sequence could be improved to provide a more logical progression. For example, starting with a question about sound waves and their properties, then moving to the speed of sound, and finally exploring the implications in space. |
| Diversity | 4 | The questions cover a range of aspects related to sound in space, including its speed, the delay in hearing thunder, and the calculation of speed. Each question brings a new perspective to understanding the statement. |","| Metric   | Score | Justification                                                                                                            |
|----------|-------|--------------------------------------------------------------------------------------------------------------------------|
| Relevance|  2    | Two questions (3rd and 5th) are somewhat relevant, others are off-topic.                                                |
| Coherence|  1    | Questions are not sequentially coherent and do not build upon each other in a logical manner.                          |
| Diversity|  2    | Only two questions touch on different aspects, while the rest repeat or stray away from the main topic.                |","

| Metric | Score | Justification |
|---|---|---|
| Coherence | 4 | The questions follow a logical progression, moving from comparing sound and light to exploring the relationship between lightning and thunder, then delving into calculations and practical applications. |
| Relevance | 5 | All questions are directly relevant to the statement, focusing on various aspects such as comparison, cause and effect, calculation, and application. |
| Diversity | 4 | The questions cover a range of aspects related to the statement, though there may be room for further exploration of the concept of vac"
"Imagine you are a human, this is the first time you are coming across this Physics statement, you have no previous knowledge of it ""A sundial tells time by casting a shadow in a direction determined by the Sun's position in the sky, changing throughout the day."", what are the top 5 questions that would pop up in your head which would be most useful in learning about it as you are new to it. Give me a simple bullet point list, don't explain them or expand them","- Who is Archimedes?
- What is buoyant force?
- How does the shape of an object affect its displacement of water?
- What is the significance of Archimedes' principle in physics?
- How does the buoyant force affect the object's ability to float?","| Metric | Score | Justification |
|---|---|---|
| Relevance | 1 | The questions are not relevant to the statement about sundials. They are about Archimedes' principle, which is a different topic. |
| Coherence | 1 | The questions are not coherent because they do not follow a logical line of inquiry about sundials. |
| Diversity | 1 | The questions do not cover a range of aspects related to sundials. They only focus on one aspect, which is Archimedes' principle. |","| Metric  | Score | Justification                                                                                                      |
|---------|-------|--------------------------------------------------------------------------------------------------------------------|
| Relevance | 2     | The questions are not directly related to the statement about a sundial telling time, focusing on buoyancy instead. |
| Coherence | 2     | The questions lack a coherent progression and do not form a logical line of inquiry related to the sundial statement. |
| Diversity | 2     | The questions do not offer a diverse exploration of the sundial statement, concentrating on buoyancy and Archimedes. |","

| Metric | Score | Justification |
| --- | --- | --- |
| Relevance | 2 | The questions do not directly relate to the concept of a sundial. They seem to focus on Archimedes and buoyancy, which are unrelated to the sundial statement. |
| Coherence | 3 | The questions follow a theme related to Archimedes and buoyancy, indicating some level of coherence. However, since the questions are not relevant to the sundial statement, the coherence is somewhat misplaced. |
|"
"Imagine you are a human, this is the first time you are coming across this Physics statement, you have no previous knowledge of it ""When you see lightning, it takes time for the sound of thunder to reach you due to the speed of sound being much slower than the speed of light."", what are the top 5 questions that would pop up in your head which would be most useful in learning about it as you are new to it. Give me a simple bullet point list, don't explain them or expand them","- How does refraction work?
- Why does bending light rays make objects appear larger?
- What are the components of a magnifying glass?
- Are there different types of magnifying glasses?
- What are the practical applications of magnifying glasses?","| Metric | Score | Justification |
|---|---|---|
| Relevance | 1 | The questions are not directly related to the statement about the delay between seeing lightning and hearing thunder due to the difference in the speed of light and sound. Instead, they focus on the unrelated topic of magnifying glasses. |
| Coherence | 1 | The questions do not form a coherent line of inquiry. They jump from refraction to magnifying glasses without any logical connection. |
| Diversity | 1 | The questions lack diversity, as they all center around the topic of magnifying glasses. |","| Metric   | Score | Justification                                                                                                 |
|----------|-------|---------------------------------------------------------------------------------------------------------------|
| Relevance | 2     | The questions do not directly pertain to the statement about lightning and thunder, focusing on magnifying glasses instead.                                                                      |
| Coherence | 3     | The questions somewhat connect around the theme of magnification and optics, but they deviate from the initial statement's context.                                                           |
| Diversity | 2     | The questions are limited to exploring magnifying glasses, lacking a broad range of aspects related to the initial statement on lightning and thunder.                                                |","

| Metric | Score | Justification |
| --- | --- | --- |
| Coherence | 2 | The questions lack a clear connection to the provided statement, as they focus on magnifying glasses instead of the relationship between light and sound mentioned in the statement. |
| Relevance | 1 | The questions do not directly relate to the statement, as they shift the focus away from the concept of light traveling faster than sound. |
| Diversity | 3 | Although the questions are not relevant to the statement, they do cover various aspects of magnifying glasses, such as their"
"Imagine you are a human, this is the first time you are coming across this Physics statement, you have no previous knowledge of it ""Objects with irregular shapes displace more water as they are submerged, increasing the buoyant force acting upon them, according to Archimedes' principle."", what are the top 5 questions that would pop up in your head which would be most useful in learning about it as you are new to it. Give me a simple bullet point list, don't explain them or expand them","- How does this phenomenon work?
- What causes multiple discrete images to blend into a single image?
- How is this related to motion pictures?
- Are there any practical applications of the persistence of vision?
- Can this phenomenon be experienced in everyday life?","| Metric | Score | Justification |
|---|---|---|
| **Relevance** | 1 | The questions are not relevant to the statement about Archimedes' principle and water displacement. They focus on unrelated topics such as vision and motion pictures. |
| **Coherence** | 1 | The questions have no logical connection to each other and do not form a coherent line of inquiry about Archimedes' principle or water displacement. |
| **Diversity** | 1 | The questions explore a narrow range of aspects related to the statement, focusing primarily on vision and motion pictures, rather than covering different aspects of Archimedes' principle or water displacement. |","| Metric   | Score | Justification                                                                                                                                            |
|----------|-------|----------------------------------------------------------------------------------------------------------------------------------------------------------|
| Relevance | 1     | The questions are not directly related to the statement about Archimedes' principle and the displacement of water by irregular shapes.                |
| Coherence | 2     | The questions do not form a coherent line of inquiry regarding the physics concept in question, making it difficult for a beginner to follow.           |
| Diversity | 1     | The questions do not bring new dimensions or perspectives to understanding the statement, lacking diversity in exploring the topic of buoyancy.          |","

| Metric | Score | Justification |
| --- | --- | --- |
| Relevance | 2 | The questions do not directly relate to the provided statement. They seem to focus on a different concept called ""persistence of vision"" instead of Archimedes' principle. |
| Coherence | 3 | The questions follow a logical order, moving from basic curiosity to potential real-life applications. However, since they are not relevant to the original statement, the coherence is somewhat diminished. |
| Diversity | 4 | Although the questions are not relevant to the"
"Imagine you are a human, this is the first time you are coming across this Physics statement, you have no previous knowledge of it ""A magnifying glass uses the principle of refraction to magnify images, bending light rays to make objects appear larger than they actually are."", what are the top 5 questions that would pop up in your head which would be most useful in learning about it as you are new to it. Give me a simple bullet point list, don't explain them or expand them","- How does the Earth's rotation affect shadows?
- Why do shadows change length throughout the day?
- What is the relationship between sunlight angle and shadow length?
- Is there a specific pattern to how shadows change throughout the day?
- How does the angle of sunlight striking objects impact their shadows?","| Metric | Score | Justification |
|---|---|---|
| Relevance | 1 | The questions are not relevant to the statement on magnifying glasses, as they focus on shadows and sunlight. |
| Coherence | 1 | The questions do not form a coherent line of inquiry related to magnifying glasses or refraction. |
| Diversity | 1 | The questions do not cover a range of aspects related to magnifying glasses, but rather focus on a narrow aspect of shadows. |","| Metric   | Score | Justification                                                                                   |
|----------|-------|-------------------------------------------------------------------------------------------------|
| Relevance|  3    | Some questions touch on light and shadows, but they do not directly relate to the magnifying glass. |
| Coherence|  2    | The questions do not form a coherent progression or line of inquiry.                              |
| Diversity|  3    | The questions cover various aspects of shadows but lack diversity in exploring the magnifying glass principle. |","

| Metric | Score | Justification |
|---|---|---|
| Relevance | 2 | The questions seem only loosely related to the concept of refraction and magnifying glasses. They focus more on shadows and the Earth's rotation, which are tangential topics. |
| Coherence | 3 | The questions follow a theme of shadow length and sunlight angles, so they demonstrate some level of coherence. However, they stray away from the main topic of refraction and magnification. |
| Diversity | 2 | The questions all revolve around shadows"
"Imagine you are a human, this is the first time you are coming across this Physics statement, you have no previous knowledge of it ""The persistence of vision is the phenomenon where multiple discrete images blend into a single image in the human mind, the principle behind motion pictures."", what are the top 5 questions that would pop up in your head which would be most useful in learning about it as you are new to it. Give me a simple bullet point list, don't explain them or expand them","- What are polymer chains?
- How does the alignment of polymer chains affect the properties of rubber bands?
- How does the force applied to a rubber band cause the polymer chains to align?
- How does the alignment of polymer chains make rubber bands longer and thinner?
- Why do rubber bands return to their original shape after being stretched?","| Metric | Score | Justification |
|---|---|---|
| Relevance | 1 | The questions are not directly related to the statement about the persistence of vision and the principle behind motion pictures. |
| Coherence | 1 | The questions do not form a coherent line of inquiry and do not logically progress an understanding of the topic. |
| Diversity | 1 | The questions cover a narrow range of aspects and do not offer a broad exploration of the concept of persistence of vision. |","| Metric    | Score | Justification                                                                                  |
|-----------|-------|-----------------------------------------------------------------------------------------------|
| Relevance | 2     | Some questions are unrelated to the statement about the persistence of vision and motion pictures. |
| Coherence | 2     | The questions do not form a coherent line of inquiry related to the given statement.       |
| Diversity | 2     | Limited exploration of the phenomenon of persistence of vision and motion pictures.         |","

| Metric | Score | Justification |
| --- | --- | --- |
| Relevance | 2 | The questions seem only loosely related to the concept of persistence of vision. They appear to focus more on the properties of rubber bands and polymers, which may not directly contribute to understanding the phenomenon. |
| Coherence | 3 | The questions follow a logical sequence, moving from the structure of polymer chains to their alignment and then to the effects of alignment. However, the connection to persistence of vision remains unclear. |
| Diversity | "
"Imagine you are a human, this is the first time you are coming across this Physics statement, you have no previous knowledge of it ""Shadows change length throughout the day because of the Earth's rotation, altering the angle at which sunlight strikes objects."", what are the top 5 questions that would pop up in your head which would be most useful in learning about it as you are new to it. Give me a simple bullet point list, don't explain them or expand them","- Why do ice cubes crack in a drink?
- How does temperature change affect ice cubes?
- What causes the outer layer of ice cubes to expand faster than the inner core?
- Is there a way to prevent ice cubes from cracking when placed in a drink?
- What are the physics principles behind the cracking of ice cubes in a drink?","| Metric | Score | Justification |
|---|---|---|
| Relevance | 2 | The questions are not directly relevant to the statement about shadows changing length due to Earth's rotation. Instead, they focus on ice cubes in drinks, which is not related to the given statement. |
| Coherence | 1 | The questions lack a logical connection and do not form a coherent line of inquiry related to the statement on shadows. The questions jump from one unrelated topic to another. |
| Diversity | 2 | The questions cover a narrow range of topics related to ice cubes and do not offer a diverse exploration of the statement on shadows changing length. |","| Metric   | Score | Justification                                                                                         |
|----------|-------|-------------------------------------------------------------------------------------------------------|
| Relevance |   2   | The questions are not directly related to the given statement about shadows and sunlight angles.     |
| Coherence |   3   | The questions somewhat connect to each other in exploring the behavior of ice cubes in drinks.        |
| Diversity |   2   | The questions focus on a narrow aspect of ice cube behavior, lacking variety in exploring the topic. |","

| Metric | Score | Justification |
|---|---|---|
| Relevance | 1 | The questions are not related to the statement provided. They focus on the phenomenon of ice cubes cracking in a drink, which is unrelated to shadows changing due to Earth's rotation. |
| Coherence | 3 | The questions seem to follow a theme around the cracking of ice cubes, indicating some level of coherence. However, since the questions are not relevant to the original statement, the coherence score is reduced. |
| Diversity | 2"
"Imagine you are a human, this is the first time you are coming across this Physics statement, you have no previous knowledge of it ""Rubber bands stretch because the applied force aligns the polymer chains in the direction of the force, making them longer and thinner."", what are the top 5 questions that would pop up in your head which would be most useful in learning about it as you are new to it. Give me a simple bullet point list, don't explain them or expand them","- Why is a rainbow shaped like a circle?
- How come only the upper half of the rainbow is typically visible?
- What causes the colors in a rainbow?
- Why do rainbows appear after rain showers?
- How can I see a full circle rainbow?","| Metric | Score | Justification |
|---|---|---|
| Relevance | 1 | The questions do not pertain to the provided statement on the stretching of rubber bands. |
| Coherence | 1 | The questions do not logically connect to each other or form a coherent line of inquiry related to rubber bands. |
| Diversity | 1 | The questions cover a narrow range of aspects and do not provide a broad exploration of the statement on rubber bands. |","| Metric    | Score | Justification                                                                                           |
|-----------|-------|---------------------------------------------------------------------------------------------------------|
| Relevance | 1     | The questions are not relevant to the given statement about rubber bands stretching due to polymer chains aligning under force. They focus on rainbows. |
| Coherence | 2     | The questions are somewhat connected in the topic of rainbows, but they do not progress logically or coherently from one to the next. |
| Diversity | 1     | There is no diversity in the questions as they all center around rainbows and do not explore different aspects of the initial statement about rubber bands. |","

| Metric | Score | Justification |
| --- | --- | --- |
| Relevance | 1 | The questions are not related to the statement provided. They focus on rainbows instead of rubber bands and their properties. |
| Coherence | 3 | Although the questions are not relevant, they follow a consistent theme of rainbows, indicating some level of coherence. |
| Diversity | 2 | The questions address various aspects of rainbows, such as shape, visibility, colors, occurrence, and appearance, demonstrating some diversity. However,"
"Imagine you are a human, this is the first time you are coming across this Physics statement, you have no previous knowledge of it ""Ice cubes crack when placed in a drink because of the rapid temperature change, causing the outer layer to expand faster than the inner core."", what are the top 5 questions that would pop up in your head which would be most useful in learning about it as you are new to it. Give me a simple bullet point list, don't explain them or expand them","- How does the speedometer calculate the rotation speed of the wheels?
- Why is the rotation speed of the wheels related to how fast the car is moving?
- How accurate is the speedometer in measuring the car's speed?
- Are there any external factors that can affect the accuracy of the speedometer?
- What happens if the speedometer malfunctions or gives incorrect readings?","| Metric | Score | Justification |
|---|---|---|
| Relevance | 1 | The questions are not relevant to the given statement about ice cubes cracking in a drink. They are all about speedometers and car speed. |
| Coherence | 1 | The questions do not connect to each other or the statement. They are a random list of questions about speedometers. |
| Diversity | 1 | The questions are all about the same topic: speedometers. They do not explore different aspects of the statement about ice cubes cracking. |","| Metric    | Score | Justification                                                                                       |
|-----------|-------|-----------------------------------------------------------------------------------------------------|
| Relevance | 2     | These questions are not directly related to the given statement about ice cubes cracking.           |
| Coherence | 3     | The questions somewhat flow together in exploring the topic of speedometers and car speed accuracy. |
| Diversity | 2     | The questions do not cover a wide range of aspects related to the initial statement on ice cubes.    |","

| Metric | Score | Justification |
| --- | --- | --- |
| Coherence | 3 | The questions seem somewhat connected, but they could benefit from a more explicit link between each other, forming a clearer line of inquiry. |
| Relevance | 2 | The questions lack direct relevance to the provided statement, instead focusing on the concept of speedometers. |
| Diversity | 1 | All questions focus on the same aspect of speedometers, offering little variation in exploring the original statement. |"
"Imagine you are a human, this is the first time you are coming across this Physics statement, you have no previous knowledge of it ""A rainbow is not only a circle of colors seen in the sky but actually a full circle, of which only the upper half is typically visible to observers on the ground."", what are the top 5 questions that would pop up in your head which would be most useful in learning about it as you are new to it. Give me a simple bullet point list, don't explain them or expand them","- How does carbon dioxide gas get dissolved in champagne?
- Why does carbon dioxide gas generate pressure in a bottle of champagne?
- What causes the rapid release of carbon dioxide gas when opening a bottle of champagne?
- How does the popping sound happen specifically?
- Is the popping sound harmful in any way?","| Metric | Score | Justification |
|---|---|---|
| Relevance | 1 | The questions do not relate to the statement about rainbows; they are about champagne. |
| Coherence | 1 | The questions do not form a coherent line of inquiry about rainbows. |
| Diversity | 1 | The questions do not cover a range of aspects of rainbows. |","| Metric   | Score | Justification                                                                                       |
|----------|-------|-----------------------------------------------------------------------------------------------------|
| Relevance | 2     | Questions are not directly related to the statement about rainbows in the sky.                     |
| Coherence | 3     | The questions somewhat progress from dissolution to release of carbon dioxide, but lack cohesion.  |
| Diversity | 2     | All questions focus on the same topic of carbon dioxide in champagne, lacking variety in exploration. |","

| Metric | Score | Justification |
|---|---|---|
| Coherence | 2 | The questions lack thematic connection to the statement and do not form a coherent line of inquiry related to the topic. They seem disjointed and unrelated to the statement provided. |
| Relevance | 1 | The questions show little to no relevance to the statement, as they focus on carbon dioxide gas and champagne instead of rainbows and their properties. This makes the questions miss the opportunity to explore the concept of rainbows being full circles. |
|"
"Imagine you are a human, this is the first time you are coming across this Physics statement, you have no previous knowledge of it ""A car's speedometer measures how fast the vehicle is moving by calculating the rotation speed of the wheels."", what are the top 5 questions that would pop up in your head which would be most useful in learning about it as you are new to it. Give me a simple bullet point list, don't explain them or expand them","- How does infrared light work to heat food?
- What is the difference between infrared light and other types of light?
- How far away can the heat lamp be from the food and still work effectively?
- Is there a limit to how long the heat lamp can keep food warm?
- Are there any safety concerns with using heat lamps for food warming?","| Metric | Score | Justification |
|---|---|---|
| Relevance | 1 | The questions are not relevant to the statement about a car's speedometer measuring speed by calculating wheel rotation speed. |
| Coherence | 1 | The questions are not coherent and do not form a logical line of inquiry related to the statement. |
| Diversity | 1 | The questions cover a narrow range of aspects and do not offer a broad exploration of the statement's concepts. |","| Metric   | Score | Justification                                                                                     |
|----------|-------|---------------------------------------------------------------------------------------------------|
| Relevance  | 2     | Questions are not directly related to the statement about a car's speedometer and instead focus on infrared light and heat lamps.                   |
| Coherence | 3     | The questions do not logically progress from one to the next, making the inquiry disjointed and lacking a coherent line of exploration.             |
| Diversity  | 3     | The questions cover different aspects of heat lamps and infrared light, but they do not offer a broad exploration of the topic beyond this scope.    |","

| Metric | Score | Justification |
| --- | --- | --- |
| Relevance | 1 | The questions do not relate to the provided statement about a car's speedometer. They address a completely different topic: infrared light and heat lamps. |
| Coherence | 3 | Although the questions are related to a single topic, they lack a clear structure or logical progression in exploring the subject. |
| Diversity | 2 | The questions cover various aspects of heat lamps and infrared light, but since they are off-topic,"
"Imagine you are a human, this is the first time you are coming across this Physics statement, you have no previous knowledge of it ""The popping sound you hear when opening a bottle of champagne is caused by the rapid release of carbon dioxide gas that was dissolved under pressure."", what are the top 5 questions that would pop up in your head which would be most useful in learning about it as you are new to it. Give me a simple bullet point list, don't explain them or expand them","- What is a centripetal force?
- How does the centripetal force cause the rock to follow a circular path?
- Why does the centripetal force act towards the center of the circle?
- How does the string affect the motion of the rock?
- What happens if there is no centripetal force acting on the rock?","| Metric    | Score | Justification |
| :-----------: | :---: |-----------: |
| Relevance | 1     | The questions are not relevant to the statement about champagne and carbon dioxide release. They are more relevant to the topic of circular motion. |
| Coherence  | 1     | The questions do not form a coherent line of inquiry. They are more like a list of unrelated questions about circular motion. |
| Diversity  | 1     | The questions do not cover a diverse range of aspects related to the statement. They are all focused on the centripetal force, ignoring other concepts like gas dissolution and pressure. |","| Metric    | Score | Justification                                                                                                                |
|-----------|-------|------------------------------------------------------------------------------------------------------------------------------|
| Relevance | 2     |  Questions are focused on centripetal force rather than the stated statement about the popping sound in opening champagne.   |
| Coherence | 3     |  Questions somewhat connect in discussing centripetal force but do not logically progress in understanding the champagne statement. |
| Diversity | 1     |  All questions center around centripetal force, lacking diversity in exploring various aspects of the popping sound phenomenon. |","

| Metric | Score | Justification |
| --- | --- | --- |
| Relevance | 2 | The questions seem only loosely related to the concept of centripetal force causing the popping sound in a champagne bottle. They appear to focus more on the mechanics of centripetal force itself rather than its application in the given scenario. |
| Coherence | 3 | The questions do follow a logical progression, moving from basic concepts like centripetal force to more specific aspects such as the role of the string. However, the connection to the original"
"Imagine you are a human, this is the first time you are coming across this Physics statement, you have no previous knowledge of it ""Heat lamps keep food warm by radiating infrared light, which is absorbed by the food and converted into heat, warming it without direct contact."", what are the top 5 questions that would pop up in your head which would be most useful in learning about it as you are new to it. Give me a simple bullet point list, don't explain them or expand them","- How does light reflect off a mirror?
- What is the law of reflection?
- Why does a mirror flip images horizontally and not vertically?
- How does the angle of incidence relate to the angle of reflection?
- What other properties of light are involved in this phenomenon?","| Metric | Score | Justification |
|---|---|---|
| Relevance | 2 | The questions are not directly related to the statement about heat lamps keeping food warm through infrared radiation. They are focused on the properties of light reflection, which is a different topic. |
| Coherence | 2 | The questions follow a logical progression in terms of exploring the phenomenon of light reflection. However, they are not connected to the statement about heat lamps and infrared radiation. |
| Diversity | 1 | The questions cover a narrow range of aspects related to light reflection and do not explore the broader concept of heat lamps and infrared radiation mentioned in the statement. |","| Metric   | Score | Justification                                                                                     |
|----------|-------|---------------------------------------------------------------------------------------------------|
| Relevance | 2     | Only the last question directly relates to the given statement, others focus on basic optics knowledge     |
| Coherence | 3     | Questions progress from basic reflection concepts to properties of light, somewhat connected       |
| Diversity | 2     | Lack of diversity as questions mainly focus on reflection, missing exploration of other aspects related to heat lamps |","

| Metric | Score | Justification |
|---|---|---|
| Relevance | 1 | The questions do not pertain to the statement directly; they seem to focus on the behavior of light when reflected in mirrors instead of the process of heat lamps warming food through infrared radiation. |
| Coherence | 3 | The questions follow a logical sequence related to the concept of light reflection, but they do not build upon or connect to the statement provided. |
| Diversity | 2 | The questions introduce a new concept (light reflection), but they do not"
"Imagine you are a human, this is the first time you are coming across this Physics statement, you have no previous knowledge of it ""When you whirl a rock tied to a string, the rock follows a circular path because of the centripetal force acting on it, which is directed towards the center of the circle."", what are the top 5 questions that would pop up in your head which would be most useful in learning about it as you are new to it. Give me a simple bullet point list, don't explain them or expand them","- How do bubbles form in water during boiling?
- What is water vapor pressure and atmospheric pressure?
- What causes the water vapor pressure to exceed atmospheric pressure?
- How does the formation of bubbles throughout the liquid affect the boiling process?
- Why is it important to understand the boiling of water in terms of bubble formation?","| Metric | Score | Justification |
|---|---|---|
| Relevance | 1 | The questions are not relevant to the statement, which is about centripetal force in circular motion. |
| Coherence | 1 | The questions are not coherent, as they jump between different topics and do not logically connect. |
| Diversity | 1 | The questions only cover a narrow range of aspects and do not provide a broad exploration of the statement. |","| Metric    | Score | Justification                                                                                          |
|-----------|-------|--------------------------------------------------------------------------------------------------------|
| Relevance | 2     | Only one question somewhat relates to the statement, others are unrelated to the topic of centripetal force. |
| Coherence | 3     | The questions do not flow logically from one to the next, making the progression unclear.            |
| Diversity | 2     | The questions do not explore different aspects of the statement or offer a broad understanding.       |","

| Metric | Score | Justification |
|---|---|---|
| Relevance | 1 | The questions are not related to the given statement about centripetal force and circular motion. They focus on boiling water and bubble formation instead. |
| Coherence | 3 | Although the questions are not relevant, they do follow a logical sequence in exploring the concept of boiling water and bubble formation. |
| Diversity | 1 | Since none of the questions address the given statement, there is no diversity in the exploration of the topic. |"
"Imagine you are a human, this is the first time you are coming across this Physics statement, you have no previous knowledge of it ""A mirror flips images horizontally but not vertically due to the way light reflects off it, preserving the law of reflection where the angle of incidence equals the angle of reflection."", what are the top 5 questions that would pop up in your head which would be most useful in learning about it as you are new to it. Give me a simple bullet point list, don't explain them or expand them","- How does static electricity occur?
- What happens when two surfaces touch and separate?
- How does the transfer of electrons happen?
- What causes a spark or shock to occur?
- What is the role of a conductor in static electricity?","| Metric | Score | Justification |
|---|---|---|
| Relevance | 1 | None of the questions relate to the statement about mirrors or the law of reflection. |
| Coherence | 1 | The questions don't follow a logical sequence and don't build upon each other. |
| Diversity | 1 | The questions don't cover a broad range of aspects related to the statement. |","| Metric   | Score | Justification                                                                                   |
|----------|-------|----------------------------------------------------------------------------------------------|
| Relevance|   2   | The questions are tangentially related to static electricity, not directly addressing the statement on mirror reflection                                      |
| Coherence|   3   | The questions flow logically discussing different aspects of static electricity but lack a clear progression towards understanding mirror reflection     |
| Diversity|   2   | The questions focus solely on static electricity, lacking diversity in exploring the law of reflection and light behavior                                         |","

| Metric | Score | Justification |
|---|---|---|
| Relevance | 1 | The questions do not pertain to the statement provided. They seem to be more related to static electricity rather than the concept of mirrors and light reflection. |
| Coherence | 3 | Although the questions are not relevant to the statement, they do follow a logical order and build upon each other, creating a coherent line of inquiry. |
| Diversity | 2 | While the questions cover various aspects of static electricity, they lack diversity in exploring the concept of mirrors and"
"Imagine you are a human, this is the first time you are coming across this Physics statement, you have no previous knowledge of it ""The boiling of water involves bubbles forming not just at the surface but throughout the liquid as water vapor pressure exceeds the atmospheric pressure."", what are the top 5 questions that would pop up in your head which would be most useful in learning about it as you are new to it. Give me a simple bullet point list, don't explain them or expand them","- What is thin-film interference?
- How do light waves reflect off the surfaces of bubble film?
- How do the reflected light waves interfere with each other?
- Why do the colors seen in soap bubbles change as they move or pop?
- Are there specific factors that affect the colors seen in soap bubbles due to interference?","| Metric | Score | Justification |
|---|---|---|
| Relevance | 1 | The questions are not directly related to the statement about the boiling of water. They focus on the behavior of light waves in soap bubbles, which is not mentioned in the statement. |
| Coherence | 1 | The questions do not form a coherent line of inquiry. They jump from the concept of thin-film interference to the behavior of light waves in soap bubbles without a clear connection to the statement. |
| Diversity | 2 | The questions cover a range of aspects related to thin-film interference and the behavior of light waves in soap bubbles, but they do not directly address the boiling of water. |","| Metric   | Score | Justification                                                                                                      |
|----------|-------|--------------------------------------------------------------------------------------------------------------------|
| Relevance |  2    | Some questions are not directly related to the boiling of water scenario provided, focusing more on light and bubbles. |
| Coherence |  3    | The questions somewhat connect in exploring light interference, but they stray from the initial topic of water boiling. |
| Diversity |  2    | The questions mainly revolve around thin-film interference, lacking a broader exploration of the boiling water scenario. |","

| Metric | Score | Justification |
|---|---|---|
| Coherence | 4 | The questions follow a logical progression from basic reflection to more complex wave interaction and color changes, demonstrating a clear line of inquiry. |
| Relevance | 3 | Although the questions relate to the general phenomenon of thin-film interference, they do not directly address the boiling of water or the formation of bubbles in the provided statement. |
| Diversity | 4 | The questions cover various aspects of thin-film interference, such as reflections, wave interactions, and"
"Imagine you are a human, this is the first time you are coming across this Physics statement, you have no previous knowledge of it ""Static electricity is created when two surfaces touch and separate, causing a transfer of electrons that can result in a spark or a shock when touching a conductor."", what are the top 5 questions that would pop up in your head which would be most useful in learning about it as you are new to it. Give me a simple bullet point list, don't explain them or expand them","- What is acceleration due to gravity?
- How does gravity affect the motion of the ball?
- Why does the ball slow down and then speed up?
- What is the highest point of the ball's trajectory?
- How does this phenomenon relate to physics principles?","| Metric | Score | Justification |
| ----------- | ----------- | ----------- |
| Relevance | 1 | Questions do not pertain directly to static electricity, focusing instead on gravity and projectile motion. |
| Coherence | 2 | Questions lack logical connection, moving from gravity to projectile motion without a clear sequence. |
| Diversity | 1 | Questions cover a narrow range of aspects, primarily focused on gravity and projectile motion, neglecting the topic of static electricity. |","Relevance | 1 | The questions are completely unrelated to the given statement about static electricity.
Coherence | 2 | The questions do not form a coherent line of inquiry regarding static electricity.
Diversity | 1 | The questions lack diversity and fail to explore different aspects of static electricity. 

Relevance | 1 | The questions are not relevant to the statement provided.
Coherence | 2 | The questions do not logically progress in exploring static electricity.
Diversity | 1 | The questions do not offer a diverse exploration of static electricity.

Relevance | 1 | The questions do not pertain to static electricity.
Coherence | 2 | The questions do not form a coherent inquiry into static electricity.
Diversity | 1 | The questions lack diversity in exploring the topic of static electricity.

Relevance | 1 | The questions are not relevant to the given statement on static electricity.
Coherence | 2 | The questions do not flow logically to explore the concept of static electricity.
Diversity | 1 | The questions do not offer a diverse exploration of the topic presented.

Relevance | 1 | The questions are unrelated to static electricity.
Coherence | 2 | The questions do not form a coherent line of inquiry into static electricity.
D","

| Metric | Score | Justification |
| --- | --- | --- |
| Relevance | 1 | The questions do not pertain to static electricity, instead asking about acceleration due to gravity and motion of a ball. |
| Coherence | 2 | The questions seem unrelated to each other, making it difficult to follow a logical line of inquiry. |
| Diversity | 1 | All questions focus on the same topic, providing little variation in exploring the concept of static electricity. |"
"Imagine you are a human, this is the first time you are coming across this Physics statement, you have no previous knowledge of it ""The colors seen in soap bubbles are due to thin-film interference, where light waves reflected off the top and bottom surfaces of the bubble film interfere with each other."", what are the top 5 questions that would pop up in your head which would be most useful in learning about it as you are new to it. Give me a simple bullet point list, don't explain them or expand them","- Why does light scatter in the Earth's atmosphere?
- How does wavelength affect the scattering of light?
- Why is blue light scattered more than other colors?
- Why does the sky appear blue during the day specifically?
- Is this phenomenon the same at different times of day or in different locations?","| Metric | Score | Justification |
|---|---|---|
| Relevance | 1 | The questions are not relevant to the statement about thin-film interference in soap bubbles. They focus on light scattering in the atmosphere, which is a different phenomenon. |
| Coherence | 1 | The questions do not form a coherent line of inquiry. They jump from one topic to another, making it difficult to understand the statement. |
| Diversity | 3 | The questions cover a diverse range of aspects related to light scattering, but they are not directly relevant to the statement about soap bubbles. |","Relevance  |  4  |  The questions directly relate to the phenomenon of light interference in soap bubbles.
Coherence  |  3  |  The questions follow a logical progression but could be more tightly related to the initial statement.
Diversity  |  4  |  The questions cover aspects of light scattering, wavelength, colors, sky appearance, and variations in the phenomenon.","

| Metric | Score | Justification |
|---|---|---|
| Relevance | 3 | The questions show some connection to the concept of light scattering and color perception, but they do not directly address thin-film interference or the specific context of soap bubbles. |
| Coherence | 4 | The questions follow a logical sequence, moving from general considerations of light scattering to more specific aspects like wavelength and color. |
| Diversity | 2 | Most questions focus on atmospheric scattering, which is only indirectly related to the statement. There is little exploration of"
"Imagine you are a human, this is the first time you are coming across this Physics statement, you have no previous knowledge of it ""When a ball is thrown up into the air, it slows down until it reaches its highest point due to gravity, then accelerates back down, demonstrating acceleration due to gravity."", what are the top 5 questions that would pop up in your head which would be most useful in learning about it as you are new to it. Give me a simple bullet point list, don't explain them or expand them","- How does a magnifying glass focus sunlight?
- Why does focusing sunlight create enough heat to start a fire?
- What is the connection between light energy and heat?
- How small can the focused point of light get?
- Are there any safety considerations when using a magnifying glass to start a fire?","| Metric | Score | Justification |
|---|---|---|
| Relevance | 2 | The questions are not directly related to the statement and do not contribute to understanding the physics concept mentioned in the statement. |
| Coherence | 1 | The questions are not logically connected to each other or form a coherent line of inquiry. They jump from one topic to another without any clear connection. |
| Diversity | 3 | The questions cover a diverse range of aspects related to light and fire, but they are not related to the statement's focus on acceleration due to gravity. |","| Metric    | Score | Justification                                                                                                      |
|-----------|-------|--------------------------------------------------------------------------------------------------------------------|
| Relevance | 2     | The questions do not directly relate to the physics statement about a ball's motion due to gravity.                 |
| Coherence | 2     | The questions do not form a logical progression or coherent line of inquiry related to the physics statement.       |
| Diversity | 3     | The questions explore different aspects of focusing sunlight with a magnifying glass, showing some diversity.         |","

| Metric | Score | Justification |
|---|---|---|
| Relevance | 1 | The questions do not relate to the physics statement provided. They are about using a magnifying glass to focus sunlight and start a fire. |
| Coherence | 3 | The questions follow a logical sequence related to the concept of focusing sunlight with a magnifying glass. However, they are not relevant to the physics statement. |
| Diversity | 2 | The questions cover various aspects of using a magnifying glass to focus sunlight, such as the size of the focal point and safety"
"Imagine you are a human, this is the first time you are coming across this Physics statement, you have no previous knowledge of it ""The sky appears blue during the day because molecules in the Earth's atmosphere scatter sunlight in all directions and blue light is scattered more due to its shorter wavelength."", what are the top 5 questions that would pop up in your head which would be most useful in learning about it as you are new to it. Give me a simple bullet point list, don't explain them or expand them","- Why does condensation occur on the outside of a cold glass?
- What is humid air and how does it differ from regular air?
- How does cooling the air cause water vapor to condense?
- What is the process of condensation?
- How does cold temperature affect the behavior of water vapor in the air?","| Metric | Score | Justification |
|---|---|---|
| **Relevance (Statement Focus)** | **2** | The questions are generally on topic but do not focus on the specific statement or concept of atmospheric scattering. |
| **Coherence (Structured Inquiry)** | **2** | The questions do not follow a clear sequential flow and do not build upon each other to lead toward an understanding of the statement. |
| **Diversity (Range of Aspects)** | **3** | The questions cover a range of aspects related to condensation and water vapor behavior, but they are not directly relevant to the statement about the scattering of sunlight. |","| Metric    | Score | Justification                                                                                                                             |
|-----------|-------|-------------------------------------------------------------------------------------------------------------------------------------------|
| Relevance |  2    | The questions are somewhat relevant as they focus on condensation and air properties, but they do not directly address the specific statement about the sky appearing blue due to light scattering.            |
| Coherence |  3    | The questions follow a logical progression in exploring condensation and air properties, but they do not build upon or connect to each other in a coherent manner that advances understanding of the initial statement. |
| Diversity |  2    | The questions mainly revolve around condensation and air properties, lacking diversity in exploring other aspects related to light scattering in the atmosphere that would provide a more comprehensive understanding.       |","

| Metric | Score | Justification |
|---|---|---|
| Relevance | 3 | Some questions seem only loosely related to the original statement, such as those concerning condensation. However, others do address the concept of scattering and atmospheric composition. |
| Coherence | 4 | The questions generally follow a logical order, moving from basic concepts like humidity to more specific phenomena like condensation. |
| Diversity | 2 | Most questions focus on the same general idea of condensation and humidity, without exploring other dimensions of the"
"Imagine you are a human, this is the first time you are coming across this Physics statement, you have no previous knowledge of it ""A magnifying glass can focus sunlight to a small point, creating enough heat to start a fire, illustrating the concentration of light energy."", what are the top 5 questions that would pop up in your head which would be most useful in learning about it as you are new to it. Give me a simple bullet point list, don't explain them or expand them","- What is the principle of conservation of mass?
- How does mass behave in a closed system?
- What are ordinary chemical reactions?
- What are physical changes?
- Can mass be created or destroyed in a closed system?","| Metric | Score | Justification |
|---|---|---|
| Relevance | 1 | The questions are not related to the statement about the magnifying glass focusing sunlight to create heat. |
| Coherence | 1 | The questions do not logically connect to each other or to the statement. |
| Diversity | 1 | The questions cover a narrow range of aspects and do not provide a broad exploration of the statement. |","Relevance | 2 
Coherence | 3 
Diversity | 2 

Justification:
- The questions are somewhat relevant to the statement but focus more on general principles rather than directly exploring the concept of focusing light energy with a magnifying glass.
- The questions do show some coherence in progressing from the principle of conservation of mass to the behavior of mass in a closed system, but there could be more direct links to the given statement.
- While the questions cover different aspects of mass and chemical reactions, they lack diversity in exploring the specific scenario of using a magnifying glass to concentrate light energy for starting a fire.","

| Metric | Score | Justification |
|---|---|---|
| Coherence | 2 | The questions do not seem to follow a logical order or build upon each other. They appear disconnected from the initial statement. |
| Relevance | 1 | None of the questions address the concept of a magnifying glass concentrating light energy. They all relate to mass and chemical reactions, which are not mentioned in the statement. |
| Diversity | 1 | All questions revolve around the same topic (mass and chemical reactions), offering no breadth or alternative perspectives. |"
"Imagine you are a human, this is the first time you are coming across this Physics statement, you have no previous knowledge of it ""Condensation on the outside of a cold glass of water occurs because humid air comes into contact with the cold surface, cooling the air and causing water vapor to condense."", what are the top 5 questions that would pop up in your head which would be most useful in learning about it as you are new to it. Give me a simple bullet point list, don't explain them or expand them","- How do sound waves bounce off surfaces?
- How does timing the sound's return help us measure distances?
- What factors can affect the echo phenomenon?
- Are there specific surfaces that produce better echoes?
- Can the echo phenomenon be used in different fields or applications?","| Metric | Score | Justification |
|---|---|---|
| Relevance | 1 | The questions are not relevant to the statement about condensation on the outside of a cold glass of water. |
| Coherence | 2 | The questions are not logically connected to one another and do not form a coherent line of inquiry about condensation. |
| Diversity | 1 | The questions cover a narrow range of aspects related to the statement, focusing on echoes and sound waves rather than the condensation process. |","| Metric  | Score | Justification                                                                                           |
|---------|-------|---------------------------------------------------------------------------------------------------------|
| Relevance | 1     | The questions are not relevant to the given statement about condensation on a cold glass of water.     |
| Coherence | 2     | The questions do not form a coherent line of inquiry related to the topic of condensation.             |
| Diversity | 1     | The questions do not offer a diverse exploration of the topic of condensation and are unrelated.       |","

| Metric | Score | Justification |
|---|---|---|
| Coherence | 3 | The questions seem somewhat related to the concept of echo, but they lack a clear, coherent line of inquiry. They appear to jump between the physics of sound, potential applications, and environmental factors without a discernible structure. |
| Relevance | 2 | The questions only tangentially relate to the original statement about condensation on a cold glass of water. A more relevant set of questions might focus on the process of condensation, temperature differences, or humidity. |
"
"Imagine you are a human, this is the first time you are coming across this Physics statement, you have no previous knowledge of it ""The principle of conservation of mass states that mass cannot be created or destroyed in a closed system through ordinary chemical reactions or physical changes."", what are the top 5 questions that would pop up in your head which would be most useful in learning about it as you are new to it. Give me a simple bullet point list, don't explain them or expand them","- What is angular momentum?
- How do wheels contribute to stabilizing a bicycle?
- What are gyroscopic effects?
- Why does a bicycle need to be moving for this effect to occur?
- How does the angular momentum of the wheels help in keeping the bike upright?","| Metric | Score | Justification |
|---|---|---|
| Relevance | 1 | The questions are not relevant to the statement about the principle of conservation of mass. Instead, they focus on angular momentum and bicycles. |
| Coherence | 1 | The questions do not form a coherent line of inquiry related to the principle of conservation of mass. |
| Diversity | 1 | The questions do not cover a range of aspects related to the principle of conservation of mass. |","| Metric    | Score | Justification                                                                                                           |
|-----------|-------|-------------------------------------------------------------------------------------------------------------------------|
| Relevance | 2     | The questions are not directly related to the statement about the conservation of mass.                              |
| Coherence | 3     | The questions somewhat flow in exploring angular momentum and gyroscopic effects, but the connection is weak.         |
| Diversity | 2     | The questions focus solely on angular momentum and gyroscopic effects, missing the core concept of mass conservation. |","

| Metric | Score | Justification |
|---|---|---|
| Relevance | 1 | The questions are not related to the principle of conservation of mass. They seem to be more focused on physics concepts related to angular momentum and bicycles. |
| Coherence | 3 | The questions follow a theme related to angular momentum and bicycles, so there is some level of coherence between them. However, since they are not relevant to the principle of conservation of mass, the coherence is somewhat diminished. |
| Diversity | 2 | Although the questions cover"
"Imagine you are a human, this is the first time you are coming across this Physics statement, you have no previous knowledge of it ""The echo phenomenon occurs when sound waves bounce off a surface and return to the listener, allowing us to measure the distance of obstacles by timing the sound's return."", what are the top 5 questions that would pop up in your head which would be most useful in learning about it as you are new to it. Give me a simple bullet point list, don't explain them or expand them","- What is pressure in the context of wind?
- How does pressure differences create wind?
- Why does air move from high-pressure areas to low-pressure areas?
- How does the strength of wind correlate with the pressure difference?
- What factors affect the magnitude of pressure differences and wind strength?","| Metric | Score | Justification |
|---|---|---|
| Relevance | 1 | The questions are not related to the given statement, as they pertain to wind dynamics rather than the echo phenomenon. |
| Coherence | 1 | The questions lack any logical connection to each other and do not form a coherent line of inquiry related to the echo phenomenon. |
| Diversity | 1 | The questions do not cover a range of aspects related to the echo phenomenon, focusing solely on wind dynamics. |","Relevance | 3 | The questions address pressure, pressure differences, wind movement, and their relationship, which are somewhat related to the echo phenomenon, but not directly. 
Coherence | 4 | The questions progress logically from defining pressure to understanding how it creates wind and affects its strength, forming a coherent line of inquiry.
Diversity | 3 | The questions cover various aspects of pressure and wind but could benefit from exploring the concept of echo phenomenon or sound waves bouncing off surfaces. 

Relevance | 2 | The questions focus on atmospheric pressure and wind, but do not directly address the echo phenomenon or sound waves bouncing off surfaces.
Coherence | 3 | The questions somewhat connect in exploring pressure and wind, but lack a clear progression towards understanding the echo phenomenon.
Diversity | 2 | The questions heavily focus on pressure and wind with limited exploration of the core concept of the echo phenomenon.

Relevance | 3 | The questions relate to pressure, wind, and their relationship, but do not directly tie back to the echo phenomenon.
Coherence | 4 | The questions progress logically from defining pressure to understanding wind creation and factors affecting its strength, forming a coherent line of inquiry.
Diversity | 3 | The questions cover various aspects of pressure and wind","

| Metric | Score | Justification |
|---|---|---|
| Relevance | 3 | Some questions seem only loosely related to the initial statement, such as Question 1. A more direct connection to the echo phenomenon could improve relevance. |
| Coherence | 4 | The questions generally follow a logical order, moving from basic concepts to more complex considerations. However, some connections between questions could be clearer. |
| Diversity | 4 | The questions cover various aspects of the echo phenomenon, though there may be room for further exploration of additional dimensions,"
"Imagine you are a human, this is the first time you are coming across this Physics statement, you have no previous knowledge of it ""A bicycle stays upright more easily when moving because the wheels' angular momentum stabilizes the bike, demonstrating gyroscopic effects."", what are the top 5 questions that would pop up in your head which would be most useful in learning about it as you are new to it. Give me a simple bullet point list, don't explain them or expand them","- How do gases and liquids play a role in refrigerators?
- Why is heat removed from inside the unit to the outside?
- What is the importance of thermodynamics in refrigeration?
- How do refrigerators work in removing heat?
- What are the main principles behind refrigeration technology?","| Metric  | Score | Justification |
|:---|:---|:---|
| Relevance  | 1 | The questions do not relate to the given statement about a bicycle's stability due to gyroscopic effects. They are about refrigeration principles and thermodynamics. |
| Coherence  | 1 | The questions lack a logical connection to each other and do not form a coherent line of inquiry related to the statement. |
| Diversity  | 1 | The questions do not cover a broad range of aspects related to the statement and are limited to refrigeration principles. |","| Metric    | Score | Justification                                                                                                            |
|-----------|-------|---------------------------------------------------------------------------------------------------------------------------|
| Relevance | 2     | Questions focus on refrigeration technology, not directly related to the statement about bicycles and angular momentum. |
| Coherence | 3     | Questions relate to the general topic of refrigeration but lack a clear progression or logical flow in inquiry.           |
| Diversity | 2     | Questions are limited to exploring refrigeration principles, missing a broad exploration of gyroscopic effects in bicycles. |","

| Metric | Score | Justification |
| --- | --- | --- |
| Relevance | 2 | The questions seem only loosely related to the initial statement, addressing refrigeration instead of angular momentum and gyroscopic effects. |
| Coherence | 3 | The questions follow a logical order, progressing from basic to more complex aspects of refrigeration. However, they lack clear connections to the original statement. |
| Diversity | 4 | The questions cover various aspects of refrigeration, such as principles, processes, and thermodynamics, providing a diverse"
"Imagine you are a human, this is the first time you are coming across this Physics statement, you have no previous knowledge of it ""Pressure differences cause wind: air moves from high-pressure areas to low-pressure areas, and the greater the difference, the stronger the wind."", what are the top 5 questions that would pop up in your head which would be most useful in learning about it as you are new to it. Give me a simple bullet point list, don't explain them or expand them","- What is polarization of light?
- How do light waves vibrate in a single plane?
- How do polarized sunglasses reduce glare?
- Why are horizontal light waves reflected from surfaces?
- What are the effects of polarization of light on vision?","| Metric | Score | Justification |
|---|---|---|
| Relevance | 1 | The questions do not directly relate to the statement about pressure differences causing wind. They focus on polarization of light, which is not mentioned in the statement. |
| Coherence | 1 | The questions are not logically connected and do not form a coherent line of inquiry. They seem to be randomly selected questions about polarization of light. |
| Diversity | 1 | The questions cover a narrow range of aspects related to polarization of light. They do not explore the concept of pressure differences or wind in any way. |","Relevance | 2 | These questions are entirely unrelated to the given statement about pressure differences causing wind.
Coherence | 1 | The questions do not form a coherent line of inquiry related to the statement on wind and pressure differences.
Diversity | 1 | The questions do not cover any aspect relevant to understanding the statement on wind and pressure differences.

(Note: The questions are completely off-topic and do not contribute to understanding the physics concept presented in the statement.)","

| Metric | Score | Justification |
| --- | --- | --- |
| Relevance | 1 | The questions are not related to the statement provided. They focus on polarization of light, while the statement discusses pressure differences causing wind. |
| Coherence | N/A | As the questions lack relevance, it is impossible to assess coherence. |
| Diversity | N/A | As the questions lack relevance, it is impossible to assess diversity. |"
"Imagine you are a human, this is the first time you are coming across this Physics statement, you have no previous knowledge of it ""The principle behind refrigerators is the removal of heat from inside the unit to the outside, relying on the thermodynamics of gases and liquids."", what are the top 5 questions that would pop up in your head which would be most useful in learning about it as you are new to it. Give me a simple bullet point list, don't explain them or expand them",Answers,"| Metric | Score | Justification |
|---|---|---|
| Relevance | 4 | The questions are directly related to the statement and explore its key elements, such as the removal of heat, thermodynamics, and the role of gases and liquids. |
| Coherence | 5 | The questions follow a logical progression, starting with the basic principle and then delving into the underlying mechanisms. Each question builds upon the previous one, creating a coherent line of inquiry. |
| Diversity | 4 | The questions cover a range of aspects, including the purpose of refrigerators, the underlying physics, and the practical implications. They provide a well-rounded exploration of the statement. |","Metric | Score | Justification
Relevance | 4 | Questions are directly related to the statement about the principle behind refrigerators.
Coherence | 4 | Questions flow logically and build upon each other to better understand the topic.
Diversity | 3 | While the questions cover different aspects of the statement, there could be more variety in exploring different angles.","

| Metric | Score | Justification |
|---|---|---|
| Relevance | 4 | The questions are mostly relevant to the statement, however some questions like 'What is the role of gases and liquids?' could be more specific to the context of refrigeration. |
| Coherence | 3 | The questions do not seem to follow a logical order or build upon each other. For example, asking about the efficiency of refrigerators before understanding its working principle. |
| Diversity | 5 | The questions cover various aspects such as the mechanism, purpose, and efficiency of"
"Imagine you are a human, this is the first time you are coming across this Physics statement, you have no previous knowledge of it ""Polarization of light involves light waves vibrating in a single plane, which is why polarized sunglasses can reduce glare by blocking horizontal light waves reflected from surfaces."", what are the top 5 questions that would pop up in your head which would be most useful in learning about it as you are new to it. Give me a simple bullet point list, don't explain them or expand them","- What is considered an object in motion or at rest?
- What qualifies as an external force?
- How does this principle apply to everyday objects and situations?
- Are there any exceptions to this rule?
- What are the implications of this principle in the field of physics?","| Metric | Score | Justification |
|---|---|---|
| Relevance | 1 | The questions are not relevant to the statement about the polarization of light. Instead, they focus on the concept of motion, force, and energy, which are not directly related to the topic of light polarization. |
| Coherence | 2 | The questions do not form a coherent line of inquiry and lack a logical connection to each other. They jump from the definition of motion to the application of force and the implications of energy, without exploring the concept of light polarization. |
| Diversity | 1 | The questions lack diversity and explore a narrow range of aspects related to the statement. They primarily focus on the basic concepts of motion, force, and energy, without delving into the specific details of light polarization. |","| Metric   | Score | Justification                                              |
|----------|-------|------------------------------------------------------------|
| Relevance | 2     | The questions do not directly pertain to the statement about the polarization of light. |
| Coherence | 3     | The questions somewhat connect logically but lack a cohesive progression. |
| Diversity | 3     | The questions cover some aspects of motion and external forces but lack variety. |","

| Metric | Score | Justification |
|---|---|---|
| Relevance | 3 | Some questions seem only loosely related to the concept of polarization of light, such as the definition of an object in motion or at rest. However, others like the application to everyday situations and exceptions do relate more closely. |
| Coherence | 4 | The questions generally follow a logical order, moving from basic definitions to broader implications and exceptions. |
| Diversity | 2 | Many of the questions focus on foundational concepts rather than exploring unique dimensions of polarization of light"
"Imagine you are a human, this is the first time you are coming across this Physics statement, you have no previous knowledge of it """", what are the top 5 questions that would pop up in your head which would be most useful in learning about it as you are new to it. Give me a simple bullet point list, don't explain them or expand them","1. What is meant by ""action"" and ""reaction"" in this statement?
2. How is the equality of action and reaction determined?
3. Can you provide examples of this principle in everyday life?
4. How does this principle relate to Newton's third law of motion?
5. What are the consequences or implications of this principle in the study of physics?","| Metric | Score | Justification |
|---|---|---|
| Relevance | 5 | All questions directly relate to elements and concepts introduced in the statement, aiming to clarify and expand understanding. |
| Coherence | 4 | The sequence of questions flows logically, building upon the understanding gained from the previous questions. |
| Diversity | 3 | The questions cover a good range of aspects, including definitions, examples, and implications. However, they could delve into more theoretical underpinnings or applications to enhance diversity. |","Metric         | Score | Justification
Relevance      | 5       | All questions directly relate to the statement and its concepts.
Coherence    | 4       | The questions progress logically in exploring the statement.
Diversity      | 4       | The questions cover various aspects of the principle, providing a broad understanding.","

| Metric | Score | Justification |
|---|---|---|
| Coherence | 4 | The questions follow a logical order, starting with basic conceptual understanding and gradually moving towards more complex ideas such as real-life examples and implications. However, there is room for improvement in creating a stronger connection between some questions. |
| Relevance | 5 | All questions are highly relevant to the provided statement, focusing on clarifying key terms and exploring their significance within the context of physics. They effectively address essential aspects of the statement without deviating into tangential topics. |
| Divers"
