Instruction,outputs_13b_csv,outputs_70b_csv,outputs_7b_csv,outputs_Mistral_csv,outputs_Phi2_5_csv,outputs_gemini_csv,outputs_gpt_3_5_csv,outputs_gpt_4_csv
"Imagine you are a human, this is the first time you are coming across this Chemistry Statement, you have no previous knowledge of it ""Matter is composed of atoms."", what are the top 5 questions that would pop up in your head which would be most useful in learning about it as you are new to it. Give me a simple bullet point list, don't explain them or expand them","Sure! Here are five questions that might pop up in my mind as a human new to the concept of matter being composed of atoms:
 What exactly is an atom? How do atoms combine to form different substances? Is everything in the world made up of atoms? How can we see atoms if they are too small to observe directly? Can atoms be broken down into smaller parts, and if so, what are those parts called?","Sure, here are five questions that might be useful for a human encountering the statement ""Matter is composed of atoms"" for the first time:

* What are atoms?
* How do atoms combine to form matter?
* What are some examples of matter that are composed of atoms?
* How small are atoms compared to everyday objects?
* Can atoms be broken down further into smaller parts?","Sure! Here are five questions that might come to mind when encountering the statement ""Matter is composed of atoms"" for the first time:

1. What is an atom?
2. How do atoms make up matter?
3. Are there any other building blocks of matter besides atoms?
4. How can I see or observe atoms?
5. What are some examples of different types of atoms and how do they differ from each other?","* What is an atom?
* How are atoms arranged in matter?
* Are all atoms the same or do they differ from each other?
* Can matter be broken down into anything smaller than an atom?
* How do atoms combine to form different substances?","1. What is matter?
2. What are atoms and how do they make up matter?
3. How many types of atoms exist?
4. Can atoms combine to form molecules?
5. How does the arrangement of atoms affect the properties of matter?","- What are atoms and how small are they?
- How do atoms combine to form larger substances?
- What determines the properties of different substances?
- Can atoms be created or destroyed?
- How does the concept of atoms advance our understanding of the world?","- What is matter?
- What are atoms?
- How are atoms related to matter?
- How do atoms combine to form matter?
- Can atoms be broken down further into smaller particles?","1. What is matter?
2. What is an atom?
3. How are atoms structured?
4. How do atoms compose matter?
5. What are some examples of different types of atoms?"
"Imagine you are a human, this is the first time you are coming across this Chemistry Statement, you have no previous knowledge of it ""Atoms of different elements have different numbers of protons."", what are the top 5 questions that would pop up in your head which would be most useful in learning about it as you are new to it. Give me a simple bullet point list, don't explain them or expand them","Sure! Here are five questions that might pop up in my mind as a beginner learning about the statement ""Atoms of different elements have different numbers of protons"":

1. What is an element?
2. How do protons differ between elements?
3. Why do different elements have different numbers of protons?
4. How does the number of protons affect the properties of an atom?
5. Can you give examples of different elements with different numbers of protons?","Sure, here are five questions that might be useful for a human who is encountering the chemistry statement ""Atoms of different elements have different numbers of protons"" for the first time:

* What are protons and why do they differ between elements?
* How do the number of protons affect the properties of an element?
* Are there any exceptions to this rule, where atoms of the same element have different numbers of protons?
* How does this statement relate to the periodic table and the organization of elements?
* Can you give an example of how this statement applies to a specific element or","Sure! Here are five questions that might come to mind when encountering the statement ""Atoms of different elements have different numbers of protons"" for the first time:

1. What is an atom?
2. How do atoms differ in their number of protons?
3. Why does the number of protons matter?
4. Can I see these differences with my naked eye?
5. How do scientists determine the number of protons in an atom?","* What is an atom?
* What is a proton?
* How do atoms differ from each other?
* Is the number of protons related to the properties of an element?
* Can the number of protons within an atom change under normal circumstances?","1. What is an atom?
2. How do atoms differ from each other?
3. What determines the number of protons in an atom?
4. Can you give examples of elements with different numbers of protons?
5. Why is knowing about the number of protons important in chemistry?","- What is an atom?
- What is a proton?
- How do protons differ between elements?
- How do the number of protons affect the properties of an element?
- What are the implications of this difference for chemical reactions?","- What is an atom?
- What are protons?
- How do elements differ from each other?
- Why do different elements have different numbers of protons?
- How does the number of protons in an atom affect its properties?","1. What are protons and where are they located in an atom?
2. How does the number of protons determine the identity of an element?
3. Do all atoms of the same element have the same number of protons?
4. Can the number of protons in an atom change, and if so, what happens?
5. How does the number of protons relate to other parts of the atom like electrons or neutrons?"
"Imagine you are a human, this is the first time you are coming across this Chemistry Statement, you have no previous knowledge of it ""Chemical reactions involve the rearrangement of atoms."", what are the top 5 questions that would pop up in your head which would be most useful in learning about it as you are new to it. Give me a simple bullet point list, don't explain them or expand them","Sure! Here are five questions that might pop up in my mind as a beginner learning about the statement ""Chemical reactions involve the rearrangement of atoms"":

1. What exactly do we mean by ""atoms"" in chemistry?
2. How do atoms get rearranged during a chemical reaction?
3. What types of chemical reactions involve the rearrangement of atoms?
4. Can all chemical reactions be reduced to the rearrangement of atoms?
5. How does understanding the rearrangement of atoms help us predict and control chemical reactions?","Sure, here are five questions that might pop up in a human's head when encountering the statement ""Chemical reactions involve the rearrangement of atoms"" for the first time:

* What does it mean to rearrange atoms?
* How do atoms get rearranged in a chemical reaction?
* Are all chemical reactions the same, or are there different types?
* What drives a chemical reaction to happen?
* Can chemical reactions be reversed or undone?","Sure! Here are five questions that might come to mind when encountering the statement ""Chemical reactions involve the rearrangement of atoms"" for the first time:

1. What does it mean for atoms to ""rearrange""? How do they move around during a chemical reaction?
2. Why do atoms rearrange themselves during a chemical reaction? Is there a specific reason or purpose behind it?
3. Are all chemical reactions the result of atom rearrangement? Or are there other factors involved as well?
4. How do we know that atoms are actually rearranging during","* What is a chemical reaction?
* How do atoms get rearranged during a chemical reaction?
* Are there any examples of common chemical reactions that illustrate this concept?
* What causes atoms to rearrange themselves in a chemical reaction?
* How can we predict and identify the products of a chemical reaction based on the reactants?","1. What exactly is a chemical reaction? 
2. How do atoms rearrange during a chemical reaction? 
3. Can you give an example of a chemical reaction and how atoms rearrange? 
4. Are all chemical reactions visible or can they happen without us noticing? 
5. Why is understanding chemical reactions important for humans?","- Why do atoms rearrange in chemical reactions?
- What determines the products of a chemical reaction?
- How does energy play a role in chemical reactions?
- What are the different types of chemical reactions?
- How can I predict the outcome of a chemical reaction?","- How do atoms rearrange in a chemical reaction? 
- What determines the rearrangement of atoms in a chemical reaction? 
- Are all chemical reactions involve the rearrangement of atoms? 
- What are the different types of chemical reactions that involve rearrangement of atoms? 
- What are the practical applications of understanding the rearrangement of atoms in chemical reactions?","1. What is a chemical reaction?
2. How do atoms rearrange during a chemical reaction?
3. What dictates the arrangement of atoms in a chemical reaction?
4. Are there different types of chemical reactions with different types of atom rearrangement?
5. What are some basic examples of chemical reactions involving the rearrangement of atoms?"
"Imagine you are a human, this is the first time you are coming across this Chemistry Statement, you have no previous knowledge of it ""The properties of compounds differ from those of their constituent elements."", what are the top 5 questions that would pop up in your head which would be most useful in learning about it as you are new to it. Give me a simple bullet point list, don't explain them or expand them","Sure! Here are five questions that might pop up in my mind as a beginner when encountering the Chemistry Statement for the first time:
 What exactly do we mean by ""constituent elements""?
 How can we determine whether a compound has different properties than its constituent elements?
 Are there any specific examples of compounds with distinct properties compared to their constituent elements?
 Can we generalize this statement to all types of compounds or are there exceptions?
 How does understanding this statement help us better understand chemistry and chemical reactions?","Sure, here are five questions that might be useful for a human encountering the chemistry statement ""The properties of compounds differ from those of their constituent elements"" for the first time:

* What does it mean for the properties of a compound to differ from those of its constituent elements?
* Can you give an example of a compound and its constituent elements to illustrate this concept?
* How do the properties of a compound and its constituent elements relate to each other?
* Are there any specific types of properties that are more likely to differ between a compound and its constituent","Sure! Here are five questions that might come to mind when encountering the Chemistry Statement for the first time:

1. What does it mean for the properties of a compound to ""differ from"" its constituent elements?
2. How do the properties of a compound change when different elements are combined together?
3. Are there any general patterns or rules that can help predict how the properties of compounds will differ from those of their constituent elements?
4. Can we use this statement to explain why some compounds have certain characteristics or behaviors that are not seen in their individual elements","* What is meant by the term ""compounds""?
* How do the properties of compounds differ from the properties of their constituent elements?
* Can you provide examples of specific compounds and their corresponding elemental properties?
* Are there general trends or patterns in how the properties of compounds differ from those of their elements?
* What factors influence the differences in properties between compounds and their elements?","1. What does it mean for the properties of a compound to differ from its constituent elements?
2. How do we determine if two substances are compounds or not?
3. Can you give some examples of compounds and how they differ from their constituent elements?
4. Are there any general rules or patterns that can help us predict the properties of compounds based on their constituent elements?
5. How do the properties of compounds affect their uses and applications in various industries and fields?","* Why do the properties of compounds differ from their constituent elements?
* How do the atomic structures of compounds influence their properties?
* What are the fundamental principles governing the formation and stability of compounds?
* How can the properties of compounds be predicted based on their elemental composition?
* What are the limitations and exceptions to the statement that compounds have different properties than their elements?","- What are compounds?
- What are constituent elements?
- How do properties of compounds differ from properties of constituent elements?
- Why do properties of compounds differ from properties of constituent elements?
- Can you give examples of compounds and their constituent elements to better understand this concept?","1. What is a compound in the context of chemistry?
2. How can the properties of a compound be different from its constituent elements?
3. Can you provide examples of compounds and their constituent elements to better illustrate this statement?
4. How are these compounds formed from their constituent elements?
5. How can the differences in properties between compounds and their constituent elements be applied or observed in real life or practical contexts?"
"Imagine you are a human, this is the first time you are coming across this Chemistry Statement, you have no previous knowledge of it ""The Law of Conservation of Mass states that mass is neither created nor destroyed in chemical reactions."", what are the top 5 questions that would pop up in your head which would be most useful in learning about it as you are new to it. Give me a simple bullet point list, don't explain them or expand them","Sure! Here are five questions that might pop up in my mind as a beginner learning about the Law of Conservation of Mass:
 What exactly does the term ""mass"" refer to in chemistry?
 How can I be certain that no mass is produced or lost during a chemical reaction?
 Does this law apply to all types of chemical reactions, or are there any exceptions?
 How do scientists measure and quantify the mass conservation in chemical reactions?
 Can you provide examples of real-world applications where the Law of Conservation of Mass is particularly important?","Sure! Here are five questions that might be helpful for someone who is new to the Law of Conservation of Mass:

* What does ""mass"" mean in this context?
* How does the Law of Conservation of Mass differ from the Law of Conservation of Energy?
* Can you give an example of a chemical reaction where the Law of Conservation of Mass applies?
* Does the Law of Conservation of Mass only apply to chemical reactions, or can it be applied to other physical processes as well?
* How does the Law of Conservation of Mass relate to the concept of matter being unable","Sure! Here are five questions that might come to mind when encountering the Law of Conservation of Mass for the first time:

1. What does it mean by ""mass is neither created nor destroyed""?
2. How can I prove this statement? Are there any examples or experiments I can try?
3. Why is this law important in chemistry? How does it relate to other chemical principles?
4. Can this law be applied to other areas of science, like physics or biology?
5. How does the Law of Conservation of Mass differ from other laws in chemistry, such as the","* What is meant by ""mass"" in this context?
* What is considered a ""chemical reaction""?
* How is mass measured and tracked in a chemical reaction?
* What evidence supports the Law of Conservation of Mass?
* Are there any exceptions or limitations to this law?","1. What does the law of conservation of mass mean?
2. How can we apply this law in chemical reactions?
3. Can you give an example of how this law works?
4. Are there any exceptions to this law?
5. Why is this law important in chemistry?","- What does the term ""mass"" refer to in this context?
- What does it mean when the law states that mass is ""neither created nor destroyed""?
- How does the law apply to chemical reactions specifically?
- Are there any exceptions or limitations to the law?
- How can the law be used to make predictions or understand chemical reactions?","- What is the Law of Conservation of Mass?
- How does the Law of Conservation of Mass apply to chemical reactions?
- Why is it important to understand the Law of Conservation of Mass in chemistry?
- Are there any exceptions to the Law of Conservation of Mass?
- How can the Law of Conservation of Mass be demonstrated in a laboratory setting?","1. What is the definition of mass in terms of chemistry?
2. Can you provide examples of chemical reactions where the Law of Conservation of Mass applies?
3. Are there any exceptions to the Law of Conservation of Mass?
4. How does the Law of Conservation of Mass relate to other laws in chemistry?
5. How can we prove or validate the Law of Conservation of Mass in the laboratory?"
"Imagine you are a human, this is the first time you are coming across this Chemistry Statement, you have no previous knowledge of it ""Water (H2O) is a universal solvent."", what are the top 5 questions that would pop up in your head which would be most useful in learning about it as you are new to it. Give me a simple bullet point list, don't explain them or expand them","Sure! Here are five questions that might pop up in my mind if I were encountering the statement ""Water (H2O) is a universal solvent"" for the first time:
 What exactly does it mean for water to be a ""universal solvent""? Why is water able to dissolve such a wide variety of substances? How does the structure of water molecules contribute to its ability to dissolve other substances? Are there any limitations to water's ability to act as a solvent? How does the concept of water as a universal solvent","Sure! Here are five questions that might pop up in my head as a human encountering the statement ""Water (H2O) is a universal solvent"" for the first time:

* What does ""universal solvent"" mean?
* Why is water called a universal solvent?
* What makes water different from other solvents?
* Are there any limitations to water's ability to dissolve substances?
* How does water's ability to dissolve substances impact its use in various applications, such as cleaning or chemical reactions?","Sure! Here are five questions that might come to mind when encountering the statement ""Water (H2O) is a universal solvent"" for the first time:

1. What does it mean for water to be a universal solvent?
2. Why is water able to dissolve so many different substances?
3. How does water's ability to dissolve substances compare to other solvents?
4. Are there any limitations or restrictions on water's solvent properties?
5. What are some examples of substances that water can dissolve, and how does its sol","* What makes water a good solvent?
* What types of substances does water dissolve?
* How does water dissolve substances?
* Are there any limitations to water's solvency properties?
* What is the significance of water being a universal solvent in real-world applications and natural phenomena?","1. What does ""universal solvent"" mean?
2. How does water dissolve other substances?
3. Can you give an example of something that dissolves in water?
4. Why is water important for living organisms?
5. Are there any limitations to water's ability to dissolve things?","- What are the properties of a universal solvent?
- Why is water a universal solvent?
- What makes water different from other solvents?
- What are the applications of water as a universal solvent?
- Are there any limitations to water's ability as a universal solvent?","- What is water? 
- What is a solvent? 
- Why is water called a universal solvent? 
- How does water dissolve other substances? 
- What are some examples of substances that water can dissolve?","1. What does the term ""universal solvent"" mean?
2. Why is water considered a universal solvent?
3. What are the properties of water that make it a universal solvent?
4. Are there any substances that water cannot dissolve? 
5. Can the 'universal solvent' property of water have any potential impacts or uses?"
"Imagine you are a human, this is the first time you are coming across this Chemistry Statement, you have no previous knowledge of it ""The pH scale measures how acidic or basic a substance is."", what are the top 5 questions that would pop up in your head which would be most useful in learning about it as you are new to it. Give me a simple bullet point list, don't explain them or expand them","Sure! Here are five questions that might pop up in my mind as a beginner when encountering the statement ""The pH scale measures how acidic or basic a substance is"":

1. What exactly is pH and how is it measured?
2. How does the pH scale work, and what are the different levels of pH?
3. What are some common examples of acidic and basic substances, and how do their pH levels affect them?
4. How does the pH of a substance affect its properties and behavior?
5. Is there a way to manipulate or","Sure, here are five questions that might pop up in my head as a human encountering the concept of pH for the first time:

* What does ""acidic"" and ""basic"" mean in chemistry?
* How does the pH scale work? Is it like a thermometer or something?
* What is the range of the pH scale? Are we talking about whole numbers, decimals, or what?
* How do I measure the pH of a substance? Is there some kind of test or instrument?
* Are there any common household items that have a certain","Sure! Here are the top 5 questions that might come to mind when encountering the pH scale for the first time:

1. What does ""acidic"" and ""basic"" mean in this context?
2. How do I determine the pH level of a substance?
3. Is the pH scale related to the taste of food or drinks?
4. Can the pH scale tell me if a substance is safe to use on my skin or in my body?
5. How does the pH scale work differently than other measurement scales like temperature or weight?","* What does ""pH"" stand for and what does it measure?
* How is the pH scale measured and what is its range?
* What is considered an acidic or basic substance on the pH scale?
* Are there any common substances that fall under each category (acidic, basic) on the pH scale?
* How can I test the pH of a substance and where would I use this information in real life?","1. What does pH stand for? 
2. How is the pH scale measured? 
3. What is considered an acidic and basic substance on the pH scale? 
4. Why is it important to know the pH level of substances? 
5. Can the pH level change over time?","- What is acidity and basicity?
- How does the pH scale work?
- What are the different pH levels?
- What substances have different pH levels?
- How can I use the pH scale in everyday life?","- What is pH?
- How is pH measured?
- What is considered acidic on the pH scale?
- What is considered basic (alkaline) on the pH scale?
- Why is measuring pH important in chemistry?","1. What is the pH scale?
2. How does the pH scale determine the acidity or alkalinity of a substance?
3. What substances are considered acidic and what are considered basic?
4. Are there specific pH scale values associated with common substances?
5. How and where is the pH scale used in practical applications?"
"Imagine you are a human, this is the first time you are coming across this Chemistry Statement, you have no previous knowledge of it ""States of matter include solid, liquid, and gas."", what are the top 5 questions that would pop up in your head which would be most useful in learning about it as you are new to it. Give me a simple bullet point list, don't explain them or expand them","Sure! Here are five questions that might pop up in my mind as a beginner learning about states of matter for the first time:
 What exactly is a state of matter?
 How do solids, liquids, and gases differ from one another?
 Can you give some examples of each state of matter?
 How does temperature and pressure affect the states of matter?
 Is there a way to change one state of matter into another?","Sure, here are five questions that might pop up in a human's head when encountering the chemistry statement ""States of matter include solid, liquid, and gas"" for the first time:

* What is the difference between a solid, liquid, and gas?
* How do the particles in each state move and interact with each other?
* What causes a substance to change from one state to another?
* Are there any other states of matter beyond solid, liquid, and gas?
* How does the concept of states of matter apply to everyday life and the world around us?","Sure! Here are the top 5 questions that might come to mind when encountering the statement ""States of matter include solid, liquid, and gas"" for the first time:

1. What is the difference between these states of matter? How do they differ from each other?
2. Can you give examples of objects that exist in each state of matter? How do their properties change depending on their state of matter?
3. How do the particles in each state of matter behave differently? Are there any similarities or differences in their behavior?
4. Why do some substances exist in only one state","* What distinguishes a solid from a liquid and a gas?
* Are there other states of matter besides solid, liquid, and gas?
* Can a substance exist in more than one state at the same time?
* How do temperature and pressure affect the state of a substance?
* What happens at the molecular level when a substance changes state?","1. What are solids? 
2. What are liquids? 
3. What are gases? 
4. How do these states differ from each other? 
5. Can substances change between these states? If so, how?","- What defines a solid, liquid, and gas?
- What are the key characteristics and properties of each state?
- How do states of matter change between each other?
- Are there any other states of matter beyond these three?
- How do states of matter relate to real-world phenomena?","- What are the characteristics of each state of matter?
- How do substances transition between the different states of matter?
- What are some examples of each state of matter in everyday life?
- How does temperature affect the state of matter?
- Are there any other states of matter besides solid, liquid, and gas?","1. What are the characteristics of each state of matter: solid, liquid, and gas?
2. How is each state of matter formed?
3. Can a substance change from one state of matter to another?
4. Are there any elements or compounds that don't fit into these three states of matter?
5. How do these states of matter relate to temperature and pressure?"
"Imagine you are a human, this is the first time you are coming across this Chemistry Statement, you have no previous knowledge of it ""Temperature affects the state of matter."", what are the top 5 questions that would pop up in your head which would be most useful in learning about it as you are new to it. Give me a simple bullet point list, don't explain them or expand them","Sure! Here are five questions that might pop up in my mind if I were encountering the statement ""Temperature affects the state of matter"" for the first time:
 What does the phrase ""state of matter"" mean? How does temperature influence the state of matter? Are there any specific temperatures at which certain states of matter occur? Can changing the temperature of a substance cause it to change its state of matter? Are there any real-world examples of how temperature affects the state of matter?","Sure, here are five questions that might pop up in my head as a human encountering the chemistry statement ""Temperature affects the state of matter"" for the first time:

* What does ""state of matter"" mean?
* How does temperature change the state of matter?
* Are there any specific examples of how temperature can affect the state of matter?
* Is this statement true for all types of matter, or are there any exceptions?
* Can you give me an example of how temperature affects the state of matter in everyday life?","Sure! Here are five questions that might come to mind when encountering the statement ""Temperature affects the state of matter"" for the first time:

1. What are the different states of matter?
2. How does temperature change the properties of matter?
3. Can you give examples of substances that exist in each state of matter?
4. How does temperature affect the behavior of gases, liquids, and solids?
5. Is there a specific temperature at which a substance will change state, or is it more complex than that?","* What is the definition of temperature?
* How does temperature impact the solid state of matter?
* How does temperature affect the liquid state of matter?
* How does temperature influence the gaseous state of matter?
* Are there any specific examples or experiments that demonstrate the relationship between temperature and state of matter?","1. What is temperature?
2. How does temperature affect matter?
3. Can you give an example of how temperature changes the state of matter?
4. Are there any specific temperatures at which certain states of matter change?
5. Is there anything else I should know about temperature and its effects on matter?","- What are the different states of matter?
- How does temperature change the properties of matter?
- How does temperature affect the phase transitions between states of matter?
- What are the factors that influence the effects of temperature on matter?
- How can I apply this knowledge to real-world situations?","- How does temperature affect the state of matter?
- Can temperature cause matter to change states?
- What are the different states of matter?
- Is there a specific temperature range in which matter changes states?
- Are there certain substances that are more affected by temperature changes?","1. What is meant by the ""state of matter""?
2. How does temperature influence the state of matter?
3. What are the different states of matter?
4. Are there specific temperatures that cause matter to change state?
5. Can all types of matter change state with temperature?"
"Imagine you are a human, this is the first time you are coming across this Chemistry Statement, you have no previous knowledge of it ""Atoms form bonds to achieve a full outer electron shell."", what are the top 5 questions that would pop up in your head which would be most useful in learning about it as you are new to it. Give me a simple bullet point list, don't explain them or expand them","Sure! Here are five questions that might pop up in my mind as a beginner learning about the statement ""Atoms form bonds to achieve a full outer electron shell"":

1. What is an electron shell and why is it important for atoms?
2. How do atoms form bonds with other atoms to achieve a full outer electron shell?
3. Is there a specific type of bond that atoms form to achieve this goal?
4. Why is having a full outer electron shell important for the stability of atoms?
5. Can you provide examples of different types of atoms and how they form bonds to achieve","Sure! Here are five questions that might be useful for a human encountering the chemistry statement ""Atoms form bonds to achieve a full outer electron shell"" for the first time:

* What is an atom?
* What is an electron shell?
* Why do atoms want to have a full outer electron shell?
* How do atoms form bonds with each other?
* What are some examples of atoms forming bonds to achieve a full outer electron shell?","Sure! Here are five questions that might come to mind when encountering the Chemistry Statement for the first time:

1. What is an outer electron shell?
2. Why do atoms want to achieve a full outer electron shell?
3. How do atoms form bonds to achieve this goal?
4. Is there a limit to how many electrons an atom can gain or lose to fill its outer shell?
5. What are some examples of chemical reactions that involve the filling or emptying of outer electron shells?","1. What is an atom?
2. What does it mean for an atom to have a full outer electron shell?
3. How do atoms form bonds?
4. Why do atoms want to achieve a full outer electron shell?
5. What happens when an atom achieves a full outer electron shell through bonding?","1. What does it mean for an atom to have a full outer electron shell?
2. How do atoms bond with each other to achieve a full outer electron shell?
3. Can you give examples of elements that need to bond with others to complete their outer electron shells?
4. Are there different types of bonding and how do they differ from each other?
5. How does understanding atomic structure and bonding relate to real-world applications such as medicine or technology?","- What constitutes a ""full"" outer electron shell?
- How many electrons are required for a full outer shell?
- What types of bonds can atoms form?
- Why do atoms have a tendency to form bonds?
- What are the characteristics of atoms that make them more likely to form bonds?","- What is an atom? 
- How do atoms form bonds? 
- What is a full outer electron shell? 
- Why is it important for atoms to achieve a full outer electron shell? 
- What are the different types of bonds that atoms can form?","1. What is an atom?
2. What does it mean for an atom to form bonds?
3. What is a full outer electron shell?
4. Why does an atom want to achieve a full outer electron shell?
5. What are some examples of atoms forming bonds?"
"Imagine you are a human, this is the first time you are coming across this Chemistry Statement, you have no previous knowledge of it ""Salt dissolves in water but oil does not."", what are the top 5 questions that would pop up in your head which would be most useful in learning about it as you are new to it. Give me a simple bullet point list, don't explain them or expand them","Sure! Here are five questions that might pop up in my mind if I were encountering the Chemistry Statement ""Salt dissolves in water but oil does not."" for the first time:
 What is salt and how does it dissolve in water? What is oil and why doesn't it dissolve in water? Are there any other substances that can dissolve in water like salt? Is there a specific reason why salt dissolves in water but oil doesn't? How does the statement ""Salt dissolves in water but oil does not"" apply to","Sure! Here are five questions that might pop up in my head as a human encountering the chemistry statement ""Salt dissolves in water but oil does not"" for the first time:

* What is the difference between salt and oil that makes salt dissolve in water but not oil?
* Is there something special about water that allows salt to dissolve in it but not oil?
* Are there any other substances that behave like salt and oil in terms of their ability to dissolve in water?
* Can salt and oil be made to dissolve in each other under certain conditions?
* Does","Sure! Here are the top 5 questions that might come to mind when encountering the statement ""Salt dissolves in water but oil does not"" for the first time:

1. Why do salt and water mix together, but oil and water don't?
2. What is the difference between salt and oil that makes them behave differently in water?
3. Is there a way to make oil dissolve in water? If so, how?
4. Are there any other substances that also don't dissolve in water like oil does?
5. How does the fact that salt dissol","* What is salt and how is it different from oil?
* Why does salt dissolve in water?
* Is there a specific type of salt that doesn't dissolve in water?
* Can oil dissolve in any liquid or just water?
* Are there any conditions that could make oil dissolve in water?","1. What is salt? 
2. What is water? 
3. What is oil? 
4. How do these substances interact with each other? 
5. Why does salt dissolve in water but not oil?","1. What is the mechanism behind salt dissolving in water?
2. Why does oil not dissolve in water?
3. Are there other substances that exhibit similar behavior?
4. What are the practical applications of salt dissolving in water?
5. Are there exceptions to the rule that salt dissolves in water and oil does not?","- Why does salt dissolve in water?
- Why doesn't oil dissolve in water?
- What is the chemical structure of salt?
- What is the chemical structure of oil?
- Are there other substances that behave similarly to salt and oil when added to water?","1. What is the scientific process behind salt dissolving in water?
2. Why doesn't oil dissolve in water?
3. Are there other substances that behave like salt or oil when mixed with water?
4. Does the temperature of the water affect how salt or oil behaves when mixed with it?
5. How does the size or amount of salt and oil influence their interaction with water?"
"Imagine you are a human, this is the first time you are coming across this Chemistry Statement, you have no previous knowledge of it ""Metals conduct electricity while non-metals do not."", what are the top 5 questions that would pop up in your head which would be most useful in learning about it as you are new to it. Give me a simple bullet point list, don't explain them or expand them","Sure! Here are five questions that might pop up in my mind if I were encountering the statement ""Metals conduct electricity while non-metals do not"" for the first time:
 What exactly is electricity? Why can metals conduct electricity but non-metals cannot? Are there any exceptions to this rule? How does the structure of metals and non-metals affect their ability to conduct electricity? Can this concept be applied to other areas outside of chemistry?","Sure, here are five questions that might pop up in my head as a human encountering the chemistry statement ""Metals conduct electricity while non-metals do not"" for the first time:

* What makes metals different from non-metals in terms of electricity conduction?
* Can all metals conduct electricity equally well, or are some better than others?
* Are there any exceptions to this rule, where a non-metal can conduct electricity or a metal cannot?
* How does the structure of a metal's atoms and molecules contribute to its ability to conduct","Sure! Here are five questions that might come to mind when encountering the statement ""Metals conduct electricity while non-metals do not"" for the first time:

1. What exactly does it mean for something to conduct electricity?
2. How do metals differ from non-metals in terms of their ability to conduct electricity?
3. Are there any specific examples of metals and non-metals that I can use to illustrate this concept?
4. Why do you think metals are more likely to conduct electricity than non-metals?
5. Can this concept","* What makes metals different from non-metals that allows only metals to conduct electricity?
* Are there any exceptions to the rule that metals conduct electricity and non-metals do not?
* How do metals conduct electricity on a molecular level?
* Do all types of metals conduct electricity equally well?
* Is there a specific reason why non-metals do not conduct electricity?","1. What is the difference between metals and non-metals?
2. How does the ability to conduct electricity relate to their properties?
3. Can you give examples of common metals and non-metals?
4. Are there any exceptions to the rule that metals conduct electricity?
5. How can we use this information in practical applications?","- What defines a metal and a non-metal?
- Why do metals conduct electricity while non-metals do not?
- What are the different types of conduction in metals and non-metals?
- Are there any exceptions or variations to this rule?
- How can this principle be applied in practical applications?","- What are metals and non-metals?
- How does electricity conduct through metals?
- Why do non-metals not conduct electricity?
- Are there any exceptions to this statement?
- What are some real-life examples of metals and non-metals conducting/not conducting electricity?","- What makes metals able to conduct electricity?
- Which metals are the best conductors of electricity?
- Why can’t non-metals conduct electricity?
- Are there any exceptions where non-metals can conduct electricity?
- How does the process of electricity conduction work in metals?"
"Imagine you are a human, this is the first time you are coming across this Chemistry Statement, you have no previous knowledge of it ""Ice floats on water."", what are the top 5 questions that would pop up in your head which would be most useful in learning about it as you are new to it. Give me a simple bullet point list, don't explain them or expand them","Sure! Here are five questions that might pop up in my head if I were encountering the statement ""Ice floats on water"" for the first time:
 What is ice and how does it differ from water? Why does ice float on water instead of sinking? Is there any other substance that can also float on water like ice? How does the temperature of the water affect the floating of ice? Can I use this phenomenon to separate ice from water or vice versa?","Sure! Here are five questions that might pop up in my head as a human encountering the statement ""Ice floats on water"" for the first time:

* Why does ice float on water?
* Is this a unique property of ice, or do other solids also float on water?
* What happens when ice melts? Does it still float on water?
* Can all types of water support the floating of ice, or are there certain conditions that affect its ability to do so?
* Are there any practical applications or uses for this property of ice, such as in shipping or pres","Sure! Here are five questions that might come to mind when encountering the statement ""Ice floats on water"" for the first time:

1. Why does ice float on water?
2. How does the density of ice compare to the density of water?
3. Is there a scientific explanation for why ice floats on water?
4. Are there any other substances that also exhibit this behavior (i.e., floating on top of another substance)?
5. What are some real-world applications or implications of ice floating on water?","* Why does ice float on water?
* What is the scientific explanation for this phenomenon?
* Is it true for all types of ice and water?
* How does the density of ice and water play a role?
* Are there any real-world implications or applications of this property?","1. What is ice? 
2. Why does ice float on water? 
3. How does temperature affect the density of water and ice? 
4. Can ice ever sink instead of floating? 
5. Are there any other substances that behave similarly to ice when placed in water?","- Why does ice float on water when most solids sink?
- What is the density of ice compared to water?
- How does the temperature of water affect its density?
- What is the role of hydrogen bonding in this phenomenon?
- Are there other substances that behave similarly to ice?","- Why does ice float on water?
- What is the difference between the structure of ice and water?
- Is this a common phenomenon with other substances?
- How does the density of ice compare to water?
- What are the implications of ice floating on water in nature?","1. Why does ice float on water?
2. Are there other substances that float on their liquid forms like ice?
3. What properties allow ice to float on water?
4. Does the temperature or purity of the water affect how ice floats?
5. What would happen if ice didn't float on water?"
"Imagine you are a human, this is the first time you are coming across this Chemistry Statement, you have no previous knowledge of it ""Oxygen is necessary for combustion."", what are the top 5 questions that would pop up in your head which would be most useful in learning about it as you are new to it. Give me a simple bullet point list, don't explain them or expand them","Sure! Here are five questions that might pop up in my mind if I were encountering the statement ""Oxygen is necessary for combustion"" for the first time:
 What exactly is combustion? Why is oxygen essential for combustion? How does oxygen contribute to the process of combustion? Can combustion occur without oxygen? What are some examples of combustion reactions that require oxygen?","Sure! Here are five questions that might be useful for learning about the statement ""Oxygen is necessary for combustion"":

* What is combustion?
* Why does oxygen need to be present for combustion to occur?
* Are there any exceptions to this rule (i.e. can anything burn without oxygen)?
* How does the presence of oxygen affect the rate of combustion?
* Can you give an example of a situation where oxygen is not present and combustion cannot occur?","Sure! Here are five questions that might come to mind when encountering the statement ""Oxygen is necessary for combustion"" for the first time:

1. What is combustion?
2. Why do we need oxygen for combustion to occur?
3. Are there any other elements or substances that can support combustion besides oxygen?
4. How does oxygen affect the process of combustion?
5. Can I observe or demonstrate combustion without oxygen?","* What is oxygen and how is it defined in the context of chemistry?
* What is combustion and can you provide examples of it?
* How does oxygen facilitate or enable the process of combustion?
* Are there any other requirements for combustion besides oxygen?
* Are there different types of combustion and do they all require oxygen?","1. What is combustion?
2. How does oxygen play a role in combustion?
3. Can combustion occur without oxygen?
4. What happens when there isn't enough oxygen during combustion?
5. Are there any other elements besides oxygen that can cause combustion?","- What is combustion?
- Why is oxygen necessary for combustion?
- What happens when there is no oxygen for combustion?
- What other elements need oxygen for combustion?
- What happens when too much oxygen is present during combustion?","- What is combustion?
- Why is oxygen necessary for combustion?
- How does oxygen contribute to combustion?
- What happens if there is no oxygen present during combustion?
- Are there any other elements that can support combustion besides oxygen?","1. What is combustion? 
2. Why is oxygen necessary for combustion? 
3. What happens during the process of combustion?
4. Are there any exceptions where oxygen isn't necessary for combustion?
5. What are some real-world examples of combustion requiring oxygen?"
"Imagine you are a human, this is the first time you are coming across this Chemistry Statement, you have no previous knowledge of it ""Air is a mixture of gases, including nitrogen, oxygen, carbon dioxide, and argon."", what are the top 5 questions that would pop up in your head which would be most useful in learning about it as you are new to it. Give me a simple bullet point list, don't explain them or expand them","Sure! Here are five questions that might pop up in my mind as a human new to the concept of air as a mixture of gases:

1. What are the exact proportions of each gas in the air?
2. How do these gases interact with each other and with other substances in the environment?
3. What are the main sources of each gas in the air, and how do they get there?
4. How does the composition of air vary depending on location and altitude?
5. What are some common applications or uses of each gas in the air, and how do they","Sure, here are five questions that might pop up in a human's head when encountering the chemistry statement ""Air is a mixture of gases, including nitrogen, oxygen, carbon dioxide, and argon"" for the first time:

* What are the percentages of each gas in the air?
* How do these gases interact with each other?
* Are there any other gases present in smaller quantities?
* How does the composition of air vary depending on location and altitude?
* What are some common applications or uses of the gases in air?","Sure! Here are the top 5 questions that might come to mind when encountering the statement ""Air is a mixture of gases, including nitrogen, oxygen, carbon dioxide, and argon"" for the first time:

1. What is the percentage of each gas present in air?
2. How do these gases interact with each other and affect the properties of air?
3. Why are these specific gases present in air, rather than others?
4. How does the composition of air change under different conditions (e.g. temperature, pressure)?
5.","* What percentage of air is made up of each gas?
* Are there any other components of air besides those four gases?
* How do these gases interact with each other and with other substances in the air?
* Why are these particular gases the ones that make up air?
* How are these gases distributed throughout the atmosphere?","1. What are the main components of air?
2. How do these components interact with each other?
3. What is the role of each component in maintaining life on Earth?
4. Are there any harmful substances present in the air we breathe?
5. How does air pollution affect our health and environment?","* What is the exact composition of air in terms of percentages?
* How do the different gases in air contribute to its properties?
* How does the composition of air vary in different environments?
* How do changes in the air's composition affect living organisms?
* What are the sources and sinks of the different gases in air?","- What are the properties of each gas in the mixture?
- How are these gases distributed in the Earth's atmosphere?
- What are the sources of nitrogen, oxygen, carbon dioxide, and argon in the air?
- How do these gases interact with each other in the atmosphere?
- What are the implications of the composition of air on human life and the environment?","1. What is the purpose of each gas in the air?
2. How much of each gas is present in air?
3. How does the mixture of these gases in the air change in different environments?
4. How are these gases separated or filtered from the air?
5. What would happen if the composition of these gases in the air changed significantly?"
"Imagine you are a human, this is the first time you are coming across this Chemistry Statement, you have no previous knowledge of it ""The color of a flame can indicate the presence of certain elements."", what are the top 5 questions that would pop up in your head which would be most useful in learning about it as you are new to it. Give me a simple bullet point list, don't explain them or expand them","Sure! Here are five questions that might pop up in my mind if I were encountering the Chemistry Statement ""The color of a flame can indicate the presence of certain elements"" for the first time:
 What elements can be detected by their colors in flames? How do the colors of flames relate to the presence of specific elements? Can all elements be detected using this method? Are there any limitations or caveats to consider when interpreting the colors of flames? How can I use this information to identify elements in real-world situations?","Sure! Here are five questions that might be useful for learning about the relationship between the color of a flame and the presence of certain elements:

* What specific elements are associated with different colors in a flame?
* How does the color of a flame change depending on the type of fuel being burned?
* Are there any other factors that can affect the color of a flame, such as temperature or oxygen levels?
* Can the color of a flame be used to determine the presence of certain elements in other substances, such as metals or minerals?
* Are there","Sure! Here are five questions that might come to mind when encountering the statement ""The color of a flame can indicate the presence of certain elements"" for the first time:

1. What elements can their color indicate?
2. How does the color of a flame change depending on the element present?
3. Is there a specific way to interpret the color of a flame to determine the element present?
4. Are there any other ways to identify elements besides their color in a flame?
5. Can I observe and analyze flames in different situations (e.g., in a lab","* What elements can be identified by the color of a flame?
* How does the color of a flame relate to the presence of an element?
* Are there specific colors that correspond to specific elements?
* Can different elements produce the same color flame?
* Is the intensity of the flame color indicative of the amount of the element present?","1. What does the color of a flame indicate?
2. How do different elements produce different colors in flames?
3. Can the color of a flame be used to identify specific elements?
4. Are there any safety precautions when working with flames and identifying their colors?
5. Is there a chart or reference guide available for identifying the colors produced by different elements in flames?","- Why do different elements produce different colored flames?
- How does the color of a flame relate to the specific element present?
- Are there any other factors that influence flame color besides elemental composition?
- What practical applications can be derived from the observation of flame colors?
- How can this knowledge be used to identify the presence of elements in various materials?","- What elements are indicated by specific flame colors?
- How does the presence of those elements affect the color of the flame?
- Is there a specific method for observing flame colors?
- Can different concentrations of elements impact the flame color?
- Are there any safety concerns associated with observing flame colors?","1. Which elements can be identified through the color of a flame?
2. How does the presence of different elements change the flame color?
3. What are some examples of the specific colors associated with certain elements?
4. What process or technique is used to test elements using flame color?
5. How reliable is flame color as an indicator of specific elements' presence?"
"Imagine you are a human, this is the first time you are coming across this Chemistry Statement, you have no previous knowledge of it ""Vinegar and baking soda react to produce carbon dioxide gas."", what are the top 5 questions that would pop up in your head which would be most useful in learning about it as you are new to it. Give me a simple bullet point list, don't explain them or expand them","Sure! Here are five questions that might pop up in my mind if I were encountering the statement ""Vinegar and baking soda react to produce carbon dioxide gas"" for the first time:
 What is vinegar and baking soda? Why do they react to produce carbon dioxide gas? How does the reaction work? What are some common uses for this reaction? Is there anything else I should know about this reaction?","Sure! Here are five questions that might pop up in my head as a human encountering the chemistry statement ""Vinegar and baking soda react to produce carbon dioxide gas"" for the first time:

* What are vinegar and baking soda?
* How do vinegar and baking soda react with each other?
* What is carbon dioxide gas?
* Why do vinegar and baking soda produce carbon dioxide gas when they react?
* Can I observe this reaction in a practical way, like a demonstration or experiment","Sure! Here are the top 5 questions that might come to mind when encountering the statement ""Vinegar and baking soda react to produce carbon dioxide gas"" for the first time:

1. What is vinegar?
2. What is baking soda?
3. Why do they react to produce carbon dioxide gas?
4. How does this reaction work?
5. What can I use this reaction for?","* What is vinegar made of?
* What is baking soda made of?
* How do they react together?
* What is carbon dioxide gas?
* What is the purpose or use of this reaction?","1. What are vinegar and baking soda?
2. How do they react with each other?
3. What happens when they react?
4. Why does it produce carbon dioxide gas?
5. Can I use this reaction for any practical purposes?","* What is vinegar?
* What is baking soda?
* What is carbon dioxide gas?
* How do vinegar and baking soda react?
* What is the purpose of this reaction?","- What is vinegar?
- What is baking soda?
- How do vinegar and baking soda react?
- What is carbon dioxide gas?
- What are the uses of this reaction?","1. What is the chemical composition of vinegar and baking soda?
2. How does the reaction between vinegar and baking soda occur at a molecular level?
3. What is the practical use of this chemical reaction?
4. Can other substances produce the same reaction as vinegar and baking soda?
5. Are there any safety considerations when mixing vinegar and baking soda?"
"Imagine you are a human, this is the first time you are coming across this Chemistry Statement, you have no previous knowledge of it ""Pressure increases the boiling point of water."", what are the top 5 questions that would pop up in your head which would be most useful in learning about it as you are new to it. Give me a simple bullet point list, don't explain them or expand them","Sure! Here are five questions that might pop up in my mind if I were encountering the statement ""Pressure increases the boiling point of water"" for the first time:
 What is the relationship between pressure and boiling point? How does pressure affect the boiling point of water? Is there a specific temperature at which pressure has the greatest effect on boiling point? Does the type of container used to heat the water affect the relationship between pressure and boiling point? Can other factors, such as the purity of the water or the presence of impurities, also","Sure, here are five questions that might be useful for a human who is encountering the statement ""Pressure increases the boiling point of water"" for the first time:

* What is the relationship between pressure and boiling point?
* Why does pressure affect the boiling point of water?
* How much does pressure need to increase to significantly affect the boiling point of water?
* Are there any other factors that can affect the boiling point of water besides pressure?
* What are some real-world applications of this phenomenon, if any?","Sure! Here are five questions that might come to mind when encountering the statement ""Pressure increases the boiling point of water"" for the first time:

1. What is pressure?
2. How does pressure affect the boiling point of water?
3. Is there a specific pressure at which the boiling point of water changes?
4. Why does increasing pressure increase the boiling point of water?
5. Are there any other substances where pressure affects their boiling point in a similar way?","* What is pressure and how is it measured?
* How does increasing pressure affect the boiling point of water?
* Is the effect of pressure on boiling point consistent for all liquids or just water?
* Are there any practical applications of this phenomenon?
* Is there a limit to how much pressure can increase the boiling point of water?","1. What is pressure? 
2. How does pressure affect the boiling point of water? 
3. Can you give an example of how pressure affects boiling points in real life? 
4. Is there any relationship between pressure and temperature when it comes to boiling points? 
5. Are there any other factors besides pressure that can affect boiling points?","- Why does increasing pressure affect the boiling point of water?
- How does the strength of intermolecular forces influence this relationship?
- What are the limitations or exceptions to this statement?
- Are there any practical applications for manipulating the boiling point of water?
- Is there a theoretical framework that explains this phenomenon?","- How does pressure affect the boiling point of water?
- What is the relationship between pressure and boiling point?
- Why does pressure cause the boiling point of water to increase?
- Are there any practical applications of this concept?
- How can I observe and test this phenomenon in a real-life setting?","1. What is the definition of boiling point?
2. How does pressure affect the boiling point of water?
3. What is the relationship between temperature and pressure?
4. Are there other elements or compounds whose boiling points are affected by pressure?
5. What practical applications are there for changing the boiling point of water through pressure?"
"Imagine you are a human, this is the first time you are coming across this Chemistry Statement, you have no previous knowledge of it ""Plants convert carbon dioxide and water into glucose and oxygen through photosynthesis."", what are the top 5 questions that would pop up in your head which would be most useful in learning about it as you are new to it. Give me a simple bullet point list, don't explain them or expand them","Sure! Here are five questions that might pop up in my mind as a human new to the concept of photosynthesis:
 What exactly is photosynthesis? How do plants manage to transform carbon dioxide and water into glucose and oxygen? Is this process only specific to plants or can other organisms also undergo something similar? What role does light play in this process? Can humans or other animals also engage in photosynthesis in some way?","Sure, here are five questions that might pop up in a human's head when encountering the statement about photosynthesis for the first time:

* What is photosynthesis?
* How do plants convert carbon dioxide and water into glucose and oxygen?
* Why do plants need to undergo photosynthesis?
* What is the role of sunlight in photosynthesis?
* How does photosynthesis affect the environment?","Sure! Here are the top 5 questions that might come to mind when encountering the statement ""Plants convert carbon dioxide and water into glucose and oxygen through photosynthesis"" for the first time:

1. What is photosynthesis?
2. How do plants convert carbon dioxide and water into glucose and oxygen?
3. Why is photosynthesis important?
4. How does photosynthesis relate to the environment and climate change?
5. Can other organisms besides plants perform photosynthesis?","* What is photosynthesis and why does it occur?
* What role do plants play in the process of photosynthesis?
* Which reactants are required for photosynthesis and where do plants obtain them?
* What products are formed during photosynthesis and what is their significance?
* How is energy transferred and transformed during photosynthesis?","1. What is photosynthesis?
2. How does photosynthesis work?
3. Why do plants need photosynthesis?
4. What are the products of photosynthesis?
5. Where does photosynthesis occur in plants?","* What are the exact processes involved in photosynthesis?
* How do plants capture and utilize carbon dioxide and water?
* What is the chemical equation for photosynthesis?
* What environmental factors influence the rate of photosynthesis?
* How is the glucose produced by photosynthesis used by plants?","- What is photosynthesis?
- How do plants convert carbon dioxide and water into glucose and oxygen?
- What is the significance of glucose and oxygen in this process?
- What are the main factors that influence photosynthesis?
- How does photosynthesis contribute to the environment and the ecosystem?","1. What is photosynthesis?
2. How do plants convert carbon dioxide and water into glucose and oxygen?
3. What roles do sunlight and chlorophyll play in photosynthesis?
4. Why is photosynthesis important for plants and for the environment?
5. What are the steps involved in the process of photosynthesis?"
"Imagine you are a human, this is the first time you are coming across this Chemistry Statement, you have no previous knowledge of it ""The atmosphere is protected from ultraviolet radiation by the ozone layer."", what are the top 5 questions that would pop up in your head which would be most useful in learning about it as you are new to it. Give me a simple bullet point list, don't explain them or expand them","Sure! Here are five questions that might pop up in my mind if I were encountering the Chemistry Statement ""The atmosphere is protected from ultraviolet radiation by the ozone layer"" for the first time:
 What is ultraviolet radiation? What is the ozone layer and how does it protect the atmosphere? Is all ultraviolet radiation blocked by the ozone layer or just some types? How does the ozone layer get damaged and what are the consequences of this damage? Can other factors also protect the atmosphere from ultraviolet radiation","Sure, here are five questions that might pop up in a human's head when encountering the statement ""The atmosphere is protected from ultraviolet radiation by the ozone layer"" for the first time:

* What is ultraviolet radiation?
* What is the ozone layer?
* How does the ozone layer protect the atmosphere from ultraviolet radiation?
* Is the ozone layer found in all parts of the atmosphere?
* Can the ozone layer be depleted or damaged in any way?","Sure! Here are five questions that might come to mind when encountering the statement ""The atmosphere is protected from ultraviolet radiation by the ozone layer"" for the first time:

1. What is ultraviolet radiation?
2. Where is the ozone layer located in the atmosphere?
3. How does the ozone layer protect the atmosphere from ultraviolet radiation?
4. Why is the ozone layer important for life on Earth?
5. How can we measure the effectiveness of the ozone layer in protecting the atmosphere from ultraviolet radiation?","* What is the atmosphere and why is it important?
* What is ultraviolet (UV) radiation and where does it come from?
* What is the ozone layer and where is it located?
* How does the ozone layer protect the atmosphere from UV radiation?
* What would happen if the ozone layer were to disappear or be compromised?","1. What is the ozone layer?
2. How does the ozone layer protect us from UV radiation?
3. Where is the ozone layer located?
4. Why is the ozone layer important for life on Earth?
5. What causes damage to the ozone layer and how can we prevent it?","- What is the ozone layer?
- How is the ozone layer formed?
- How does the ozone layer protect the atmosphere?
- What is ultraviolet radiation?
- What are the consequences of damage to the ozone layer?","- What is the ozone layer?
- How does ultraviolet radiation affect the atmosphere?
- How is the ozone layer able to protect against ultraviolet radiation?
- What are the consequences of depletion of the ozone layer?
- How can we support the protection of the ozone layer?","1. What is the ozone layer?
2. How does the ozone layer protect the atmosphere from ultraviolet radiation?
3. Why is protection from ultraviolet radiation necessary?
4. What could happen if the ozone layer is damaged or depleted?
5. How does the ozone layer itself form and is it renewable?"
"Imagine you are a human, this is the first time you are coming across this Chemistry Statement, you have no previous knowledge of it ""Bleach disinfects water by killing bacteria and viruses."", what are the top 5 questions that would pop up in your head which would be most useful in learning about it as you are new to it. Give me a simple bullet point list, don't explain them or expand them","Sure! Here are five questions that might pop up in my mind if I were encountering the Chemistry Statement ""Bleach disinfects water by killing bacteria and viruses"" for the first time:
 What exactly is bleach, and how does it work?
 How does bleach kill bacteria and viruses in water?
 Is there a specific concentration of bleach needed to effectively disinfect water?
 Are there any other methods or substances that can also disinfect water?
 Can bleach be used to disin","Sure, here are five questions that might pop up in my head as a human encountering the statement ""Bleach disinfects water by killing bacteria and viruses"" for the first time:

* What is bleach?
* How does bleach kill bacteria and viruses?
* Is bleach safe to use in water intended for human consumption?
* How much bleach is needed to effectively disinfect water?
* Are there any other methods for disinfecting water that are more effective or safer than using bleach?","Sure! Here are the top 5 questions that might come to mind when encountering the statement ""Bleach disinfects water by killing bacteria and viruses"" for the first time:

1. What is bleach?
2. How does bleach kill bacteria and viruses in water?
3. Is bleach safe to use on all types of water?
4. How effective is bleach at disinfecting water compared to other methods?
5. Can I use bleach to disinfect water for drinking or cooking?","* What is bleach and how does it work to kill microorganisms?
* What types of bacteria and viruses does bleach effectively eliminate from water?
* Is there a specific concentration or amount of bleach required to disinfect water?
* How does the disinfection process occur - through contact time, temperature, or other factors?
* Are there any potential risks or drawbacks associated with using bleach to disinfect water?","1. What is bleach? 
2. How does bleach kill bacteria and viruses? 
3. Can bleach be used for other purposes besides disinfecting water? 
4. Are there any safety precautions I should take when using bleach? 
5. Is there an alternative to using bleach for disinfection?","- What is bleach and how does it work as a disinfectant?
- What types of bacteria and viruses does bleach effectively kill?
- How much bleach is required for disinfection and how long should it be left in the water?
- What are the safety precautions and potential hazards associated with using bleach?
- Are there any alternative disinfection methods that are more effective or less harmful than bleach?","- What is bleach?
- How does bleach kill bacteria and viruses?
- What are the effects of using bleach to disinfect water?
- How is bleach used to disinfect water?
- Is bleach safe to use for disinfecting water?","1. What is the chemical composition of bleach?
2. How does bleach kill bacteria and viruses?
3. What is the process of disinfecting water with bleach?
4. Are there any harmful effects of using bleach for disinfection?
5. How safe is bleach-disinfected water for consumption?"
"Imagine you are a human, this is the first time you are coming across this Chemistry Statement, you have no previous knowledge of it ""Carbon dioxide is more soluble in cold water than in warm water."", what are the top 5 questions that would pop up in your head which would be most useful in learning about it as you are new to it. Give me a simple bullet point list, don't explain them or expand them","Sure! Here are five questions that might pop up in my mind if I were encountering the Chemistry Statement ""Carbon dioxide is more soluble in cold water than in warm water"" for the first time:
 What does ""soluble"" mean in this context? Why would carbon dioxide be more soluble in cold water than in warm water? How does temperature affect the solubility of carbon dioxide in water? Is there a specific reason why carbon dioxide is more soluble in cold water versus other gases?","Sure! Here are five questions that might pop up in my head as a human encountering the statement ""Carbon dioxide is more soluble in cold water than in warm water"" for the first time:

* What does ""soluble"" mean in this context?
* Why is carbon dioxide more soluble in cold water than in warm water?
* How does the temperature of the water affect the solubility of carbon dioxide?
* Are there any other factors that can affect the solubility of carbon dioxide in water?
* What are some real","Sure! Here are five questions that might come to mind when encountering the statement ""Carbon dioxide is more soluble in cold water than in warm water"" for the first time:

1. Why does temperature affect the solubility of carbon dioxide in water?
2. How does the solubility of carbon dioxide in water compare to other solvents, like air or oil?
3. What are some real-world applications where the solubility of carbon dioxide in water matters?
4. Can I use this information to predict how much carbon diox","* What is carbon dioxide and why is its solubility important?
* How does temperature affect the solubility of gases in general?
* Is this statement true for other gases as well, or just carbon dioxide?
* Are there any real-world examples or applications of this phenomenon?
* How can the solubility difference between cold and warm water be measured or quantified?","1. What is carbon dioxide?
2. How does temperature affect solubility?
3. Why is carbon dioxide more soluble in cold water?
4. Can you provide an example of how this affects real-world situations?
5. Are there any other factors besides temperature that can affect solubility?","- Why does temperature affect the solubility of carbon dioxide in water?
- Is the statement true for all types of water?
- Are there other gases that behave similarly in water?
- What practical applications can be derived from this phenomenon?
- How can this statement be verified experimentally?","- How does the solubility of carbon dioxide in water change with temperature?
- Why is carbon dioxide more soluble in cold water than in warm water?
- What factors influence the solubility of carbon dioxide in water?
- What are the effects of temperature on the solubility of carbon dioxide in water?
- How does the solubility of carbon dioxide in water affect the environment?","1. Why is carbon dioxide more soluble in cold water than in warm water?
2. What is the process behind carbon dioxide dissolving in water?
3. Does this principle apply to other gases or is it specific to carbon dioxide?
4. What are the practical implications of carbon dioxide's solubility in cold water?
5. How can I measure or observe this solubility difference?"
"Imagine you are a human, this is the first time you are coming across this Chemistry Statement, you have no previous knowledge of it ""Magnets attract iron but not copper."", what are the top 5 questions that would pop up in your head which would be most useful in learning about it as you are new to it. Give me a simple bullet point list, don't explain them or expand them","Sure! Here are five questions that might pop up in my mind if I were encountering the statement ""Magnets attract iron but not copper"" for the first time:
 What is the reason behind magnets only attracting iron and not copper? Is there any specific property of iron that makes it attractive to magnets? Does this mean all types of magnets can only attract iron and not other metals? Are there any exceptions to this rule? Can some magnets attract copper or other non-ferrous metals? How does the strength of","Sure! Here are five questions that might pop up in my head as a human encountering the statement ""Magnets attract iron but not copper"" for the first time:

* What makes iron special? Why does it attract magnets and not copper?
* Are all magnets the same? Do they have different strengths or properties that affect how they interact with iron and copper?
* Can other metals be attracted to magnets besides iron? If so, which ones?
* Is there a specific type of magnet that is best for attracting iron?
* How does the size","Sure! Here are the top 5 questions that might come to mind when encountering the statement ""Magnets attract iron but not copper"" for the first time:

1. What is a magnet?
2. What is iron?
3. How does a magnet work?
4. Why do magnets only attract iron and not other materials?
5. Can I use a magnet to attract other materials besides iron?","* What makes magnets attractive to certain metals?
* Why are some metals, like iron, attracted to magnets while others, like copper, are not?
* Are there other metals besides iron that are attracted to magnets?
* Is there a specific property of iron that allows it to be attracted to magnets?
* Can copper become magnetic through a certain process or treatment?","1. What does ""magnet"" mean?
2. What is ""iron""?
3. What is ""copper""?
4. How do magnets work?
5. Why doesn't magnetism affect copper?","- Why do magnets only attract iron and not other metals like copper?
- What properties of iron make it magnetic?
- How does the strength of a magnet affect its ability to attract iron?
- Can magnets be used to attract other materials besides iron?
- What are the practical applications of magnets based on their attraction to iron?","1. How do magnets attract iron?
2. Why do magnets not attract copper?
3. What are magnets made of?
4. Are there other materials that magnets attract?
5. What other properties do magnets have?","1. Why do magnets attract iron but not copper?
2. What makes iron distinctive in its reaction with magnets?
3. Are there any other materials that magnets can and cannot attract?
4. Can copper interact with any other types of magnetic or non-magnetic materials?
5. How does the strength of a magnet affect what materials it can attract?"
"Imagine you are a human, this is the first time you are coming across this Chemistry Statement, you have no previous knowledge of it ""Food coloring spreads faster in hot water than in cold water."", what are the top 5 questions that would pop up in your head which would be most useful in learning about it as you are new to it. Give me a simple bullet point list, don't explain them or expand them","Sure! Here are five questions that might pop up in my mind if I were encountering the statement ""Food coloring spreads faster in hot water than in cold water"" for the first time:
 What is the reason behind this phenomenon?
 Does the temperature of the water affect the rate of diffusion for all substances?
 How does the concentration of the food coloring affect its spreading speed?
 Is there a threshold temperature at which the spreading speed changes significantly?
 Can I apply this knowledge to other situations where I need to mix or dissolve subst","Sure, here are five questions that might pop up in my head as a human encountering the statement ""Food coloring spreads faster in hot water than in cold water"" for the first time:

* What is the reason behind this difference in spreading speed?
* Is this phenomenon specific to food coloring, or does it apply to other substances as well?
* How does temperature affect the viscosity and surface tension of liquids, and how does this relate to the spreading of food coloring?
* Are there any practical applications of this observation, such as in cooking","Sure! Here are the top 5 questions that might come to mind when encountering the statement ""Food coloring spreads faster in hot water than in cold water"" for the first time:

1. Why does food coloring spread faster in hot water?
2. What is the scientific explanation behind this phenomenon?
3. How can I use this information in my daily life or cooking?
4. Are there any specific types of food coloring that work better in hot or cold water?
5. Can I use this information to create different colored dishes or drinks with food coloring","* What is food coloring made of that causes it to behave differently in hot and cold water?
* How much faster does the food coloring spread in hot water compared to cold water?
* Is the spreading of food coloring affected by the type of food coloring used?
* Does the temperature difference between hot and cold water need to be above or below a certain threshold for the food coloring to spread faster?
* Are there any external factors, such as the presence of other substances or materials, that could affect the rate at which the food coloring spreads in hot and cold water?","1. What is food coloring? 
2. How does temperature affect the speed at which food coloring spreads? 
3. Why do we need to know if food coloring spreads faster in hot or cold water? 
4. Can we use this information to make our food look more appealing? 
5. Are there any other factors besides temperature that can affect how fast food coloring spreads?","- How does temperature affect the rate of diffusion?
- What is the difference between hot and cold water in terms of their molecular properties?
- How does the molecular structure of food coloring affect its diffusion rate?
- What other factors besides temperature might influence the rate of diffusion?
- Are there any practical applications of this phenomenon in everyday life?","- Why does food coloring spread faster in hot water?
- How does temperature affect the movement of molecules in water?
- Are there other factors that influence the spread of food coloring in water?
- What are the possible applications of this phenomenon?
- Can the speed of spread of food coloring in water be controlled?","1. What is the scientific phenomenon that explains this behavior of food coloring?
2. How significantly does temperature affect the rate at which food coloring spreads?
3. Does this phenomenon apply to other types of liquids or pigments, or is it specific to food coloring in water?
4. Are there other factors besides temperature that can affect the spreading rate of food coloring in water?
5. What are the practical implications or applications of this phenomenon in cooking, science, or other fields?"
"Imagine you are a human, this is the first time you are coming across this Chemistry Statement, you have no previous knowledge of it ""The sky appears blue because of the way the atmosphere scatters sunlight."", what are the top 5 questions that would pop up in your head which would be most useful in learning about it as you are new to it. Give me a simple bullet point list, don't explain them or expand them","Sure! Here are five questions that might pop up in my mind if I were encountering the Chemistry Statement ""The sky appears blue because of the way the atmosphere scatters sunlight"" for the first time:
 What is the atmosphere, and how does it scatter sunlight? Why does the sky appear blue instead of some other color? Is the blue color due to a specific wavelength of light being scattered more than others? How does the amount of scattering vary depending on the time of day and atmospheric conditions? Can we observe this phenomenon in","Sure, here are five questions that might pop up in a human's head when encountering the statement ""The sky appears blue because of the way the atmosphere scatters sunlight"" for the first time:

* How does the atmosphere scatter sunlight?
* Why does the scattering of sunlight make the sky appear blue?
* What is the role of the Earth's atmosphere in this phenomenon?
* Is this effect only observable on Earth, or can it be seen on other planets too?
* Are there any other factors that affect the appearance of the sky's color?","Sure! Here are five questions that might come to mind when encountering the statement ""The sky appears blue because of the way the atmosphere scatters sunlight"" for the first time:

1. What does it mean for light to be scattered?
2. How does the atmosphere affect the scattering of light?
3. Why does the scattering of light make the sky appear blue?
4. Is there anything else that can make the sky appear blue?
5. How does this explanation compare to other ways I've heard of explaining why the sky appears blue?","* What is atmospheric scattering and how does it affect light?
* How does the wavelength of light relate to its scattering pattern?
* Why does the sky appear blue instead of other colors?
* Is the color of the sky different under various conditions (e.g., at sunrise/sunset, in different weather)?
* How can I learn more about the physics and chemistry behind atmospheric scattering?","1. What is the atmosphere?
2. How does sunlight interact with the atmosphere?
3. Why does the sky appear blue?
4. What causes scattering of light?
5. Are there any other colors visible in the sky besides blue?","* What is the atmosphere and how does it interact with sunlight?
* What is scattering and how does it affect the color of the sky?
* How does the wavelength of light impact its scattering behavior?
* What other factors contribute to the blue appearance of the sky?
* How can I demonstrate this phenomenon with a simple experiment?","- Why does the sky appear blue?
- How does the atmosphere scatter sunlight?
- What other factors can affect the color of the sky?
- Does the color of the sky change at different times of the day?
- Is there a scientific explanation for why the sky appears a different color at sunrise and sunset?","1. What is scattering of sunlight?
2. How does the atmosphere affect the color of the sky?
3. Why is the color blue in particular?
4. Are there other factors that can affect the color of the sky?
5. Does this phenomenon occur all over the world or only in certain areas?"
"Imagine you are a human, this is the first time you are coming across this Chemistry Statement, you have no previous knowledge of it ""Natural water sources contain dissolved minerals and gases."", what are the top 5 questions that would pop up in your head which would be most useful in learning about it as you are new to it. Give me a simple bullet point list, don't explain them or expand them","Sure! Here are five questions that might pop up in my head as a human new to the concept of ""Natural water sources contain dissolved minerals and gases"":

1. What are these dissolved minerals and gases, and why are they present in natural water sources?
2. How do these minerals and gases affect the taste, smell, and appearance of water?
3. Are all natural water sources equally rich in dissolved minerals and gases, or do some sources have more than others?
4. Can I consume these minerals and g","Sure, here are five questions that might pop up in my head as a human encountering the statement ""Natural water sources contain dissolved minerals and gases"" for the first time:

* What kind of minerals and gases are we talking about?
* How do these minerals and gases get dissolved in water?
* Are all natural water sources created equal, or are some better than others?
* Can these dissolved minerals and gases be harmful to humans if consumed?
* How can I tell if a particular water source contains dissolved min","Sure! Here are five questions that might come to mind when encountering the statement ""Natural water sources contain dissolved minerals and gases"" for the first time:

1. What are some common minerals and gases found in natural water sources?
2. How do these minerals and gases affect the taste, smell, and appearance of water?
3. Can the presence of these minerals and gases impact the health benefits of drinking water?
4. Are there any ways to remove or reduce the amount of minerals and gases in water?","* What are dissolved minerals and how do they end up in natural water sources?
* Which specific minerals are commonly found in natural water sources?
* How do gases dissolve into natural water sources?
* Are there any negative effects of dissolved minerals and gases in natural water sources?
* Is the level of dissolved minerals and gases consistent in all natural water sources, or does it vary?","1. What are some examples of dissolved minerals found in natural water sources?
2. How do these dissolved minerals affect the taste and quality of drinking water?
3. Are there any health risks associated with consuming water containing dissolved minerals?
4. Can we remove dissolved minerals from natural water sources for consumption?
5. How can we ensure that the water we drink is safe and free from harmful contaminants?","**Top Questions:**

* What types of minerals and gases are dissolved in natural water sources?
* How do these dissolved substances differ across different water sources?
* What are the effects of these substances on water quality?
* How do environmental factors influence the concentration of dissolved substances in water?
* Are these dissolved substances present in harmful or beneficial amounts?
* How can the presence of dissolved substances be analyzed or measured?","- What are dissolved minerals and gases?
- How do they end up in natural water sources?
- Are these minerals and gases harmful to humans?
- Can they affect the taste of water?
- Can they be filtered out or removed from water sources?","1. What types of minerals and gases are typically found in natural water sources?
2. How do these minerals and gases get into the water?
3. What impact do these minerals and gases have on the quality of the water? 
4. Are these minerals and gases harmful or beneficial to human health?
5. How do we remove or filter these minerals and gases from the water?"
"Imagine you are a human, this is the first time you are coming across this Chemistry Statement, you have no previous knowledge of it ""Helium balloons float because helium is lighter than air."", what are the top 5 questions that would pop up in your head which would be most useful in learning about it as you are new to it. Give me a simple bullet point list, don't explain them or expand them","Sure! Here are five questions that might pop up in my mind if I were encountering the statement ""Helium balloons float because helium is lighter than air"" for the first time:
 What does it mean for a substance to be ""lighter than air""? Why do objects with a lower density than air float while those with a higher density sink? How does the density of helium compare to that of air? Is there any other gas that has a similar effect on objects? Can I use this information to predict whether other objects will float or sink based","Sure! Here are five questions that might be useful for a human who is encountering the statement about helium balloons for the first time:

* What is helium?
* Why is helium lighter than air?
* How does the weight difference between helium and air make helium balloons float?
* Are there any other gases that are lighter than air?
* Can I use this information to make something float besides balloons?","Sure! Here are the top 5 questions that might come to mind when encountering the statement ""Helium balloons float because helium is lighter than air"" for the first time:

1. What is helium and why is it lighter than air?
2. How does the weight difference between helium and air affect the behavior of balloons?
3. Why do balloons filled with helium float, while those filled with other gases sink?
4. Is there any other gas that can make balloons float like helium?
5. How is helium","* What is helium and its properties?
* What determines if a substance will float or sink?
* How does the weight of helium compare to air?
* Why does the buoyancy effect only occur with gases and not liquids or solids?
* How does the volume of the gas affect the buoyancy force?","1. What is Helium?
2. How does Helium make things float?
3. Why is Helium lighter than air?
4. Can I use other gases instead of Helium for floating objects?
5. Are there any safety precautions when using Helium?",".冢冢冢冢冢冢冢冢冢冢冢冢冢冢冢冢冢冢冢冢冢冢冢冢冢冢冢冢冢冢冢冢冢冢冢冢冢冢冢冢冢冢冢冢冢冢冢冢冢冢冢冢冢冢冢冢冢冢冢冢冢冢冢冢 Castelo冢冢冢 Téléchargez scaricare冢冢冢冢冢冢冢冢冢冢冢冢冢冢冢冢冢冢冢冢冢冢冢冢冢冢冢冢冢冢渚冢冢冢冢冢冢冢冢冢冢冢冢冢冢冢冢冢塚冢cellular冢冢冢冢冢冢冢冢冢冢冢冢冢冢冢冢冢冢冢冢冢冢冢冢冢冢冢SLT冢冢塔冢
冢==============.冢冢冢冢冢冢冢冢冢冢冢冢冢冢冢冢冢冢冢冢冢冢冢冢冢冢冢冢冢冢冢冢冢冢冢冢冢冢冢冢冢冢冢冢冢冢冢冢冢冢冢冢冢冢冢冢冢冢冢冢冢冢冢冢冢冢冢冢冢冢冢 ce冢冢冢冢冢冢冢冢冢冢=*/","- What is helium?
- How does helium compare to air?
- Why does helium make balloons float?
- How does the weight of helium affect its buoyancy?
- Are there other gases that can make balloons float?","1. What is helium?
2. How can a gas be lighter or heavier than air? 
3. Why do objects floating or sinking depend on their weight? 
4. Are there any other gases lighter than air? 
5. What will happen if a helium balloon is filled with a gas heavier than air?"
"Imagine you are a human, this is the first time you are coming across this Chemistry Statement, you have no previous knowledge of it ""Rust forms on iron when it is exposed to oxygen and moisture."", what are the top 5 questions that would pop up in your head which would be most useful in learning about it as you are new to it. Give me a simple bullet point list, don't explain them or expand them","Sure! Here are five questions that might pop up in my mind if I were encountering the Chemistry Statement ""Rust forms on iron when it is exposed to oxygen and moisture"" for the first time:
 What is rust, and why is it a problem? How does iron react with oxygen and moisture to form rust? Is rust only formed on iron, or can other metals also form rust? Can rust be prevented or removed? What are some common applications where rust is a concern?","Sure! Here are five questions that might be useful for a human who is encountering the statement about rust formation for the first time:

* What is rust?
* Why does iron rust?
* How does oxygen and moisture cause rust to form?
* Is rust harmful to iron?
* Can rust be prevented or removed?","Sure! Here are the top 5 questions that might come to mind for someone encountering the statement ""Rust forms on iron when it is exposed to oxygen and moisture"" for the first time:

1. What is rust?
2. Why does rust form on iron?
3. How does oxygen and moisture contribute to rust formation?
4. Is rust harmful to iron?
5. Can rust be prevented or removed from iron?","* What is rust made of?
* How does the reaction between iron, oxygen, and moisture occur?
* Why does rust only form on the surface of the iron and not throughout the entire object?
* Is there a way to prevent or slow down the formation of rust on iron?
* Are there any specific conditions that accelerate the rate of rust formation?","1. What is rust? 
2. How does rust form on iron? 
3. Why does rusting occur more quickly in moist environments? 
4. Can rust be prevented from forming on iron? 
5. What happens if rust continues to form on iron objects?","- What is rust?
- How does oxygen contribute to rust formation?
- What role does moisture play in the rusting process?
- What other factors influence rust formation?
- How can rust formation be prevented or controlled?","- What is rust?
- How does rust form on iron?
- Why does iron need to be exposed to oxygen and moisture for rust to form?
- Can rust be prevented?
- How does rust impact the durability of iron?","1. What is the chemical process that causes iron to rust?
2. What are the properties of iron that make it susceptible to rusting?
3. Are there certain conditions that speed up or slow down the process of rusting?
4. Are there any practical methods to prevent rusting?
5. Can rust be removed or is the damage permanent?."
"Imagine you are a human, this is the first time you are coming across this Chemistry Statement, you have no previous knowledge of it ""The human body is composed of mainly oxygen, carbon, hydrogen, and nitrogen."", what are the top 5 questions that would pop up in your head which would be most useful in learning about it as you are new to it. Give me a simple bullet point list, don't explain them or expand them","Sure! Here are five questions that might pop up in my mind if I were encountering the Chemistry Statement ""The human body is composed of mainly oxygen, carbon, hydrogen, and nitrogen"" for the first time:
 What does ""mainly"" mean in this context? Are there other elements present in smaller amounts?
 How do these four elements contribute to the structure and function of the human body?
 Is the proportion of each element different in different parts of the body?
 How do the atoms of these elements bond together to form molecules in the body","Sure, here are five questions that might pop up in my head as a human encountering the chemistry statement for the first time:

* What are the percentages of each element in the human body?
* How do these elements interact with each other to form various compounds and molecules in the body?
* Are there any other elements present in the body in smaller quantities, and if so, what roles do they play?
* How do the elements in the body contribute to the structure and function of various organs and tissues?
* Are there any specific processes or reactions involving these elements that","Sure! Here are the top 5 questions that might come to mind when encountering the statement ""The human body is composed of mainly oxygen, carbon, hydrogen, and nitrogen"" for the first time:

1. What is the percentage of each element in the human body?
2. How do these elements contribute to the structure and function of the human body?
3. Are there any other elements present in the human body? If so, what are they and how do they impact health?
4. How does the composition of the human body compare to other living organisms?
5.","* What is the percentage composition of each element in the human body?
* How do these elements contribute to the different systems and functions of the human body?
* Are there any other trace elements present in the human body besides oxygen, carbon, hydrogen, and nitrogen?
* How do these elements compare in abundance to one another within the human body?
* How do the relative abundances of these elements change throughout the human lifespan?","1. What elements make up the majority of the human body? 
2. How do these elements contribute to the functions of the human body? 
3. Are there any other important elements present in the human body? 
4. How does the composition of the human body compare to that of other living organisms? 
5. Can changes in the composition of the human body affect its overall health and well-being?","- What are the proportions of each element in the human body?
- How do these elements interact to form molecules and compounds?
- What are the key roles of these elements in human metabolism?
- How do environmental factors affect the elemental composition of the human body?
- What are the implications of this elemental composition for human health and well-being?","- How are these elements distributed in the human body?
- Why are these specific elements so prevalent in the human body?
- What roles do these elements play in the functioning of the human body?
- Are there any other elements present in the human body in smaller amounts?
- How do these elements interact with each other to support human life?","1. What roles do oxygen, carbon, hydrogen, and nitrogen play in the human body?
2. How are these elements structured within the human body?
3. What are the sources of these elements in our body?
4. How does the body use these elements to maintain its processes?
5. What could happen when there's a deficiency or excess of these elements in the human body?"
"Imagine you are a human, this is the first time you are coming across this Chemistry Statement, you have no previous knowledge of it ""Plants absorb nutrients from the soil through their roots."", what are the top 5 questions that would pop up in your head which would be most useful in learning about it as you are new to it. Give me a simple bullet point list, don't explain them or expand them","Sure! Here are five questions that might pop up in my mind if I were encountering the statement ""Plants absorb nutrients from the soil through their roots"" for the first time:
 What exactly are these nutrients that plants absorb from the soil? How do plants' roots actually absorb these nutrients? Do all types of plants absorb nutrients in the same way? Is there any specific type of soil that is more effective at providing nutrients to plants? Can humans also benefit from the nutrients absorbed by plants from","Sure, here are five questions that might pop up in my head as a human encountering the statement ""Plants absorb nutrients from the soil through their roots"" for the first time:

* How do plants absorb nutrients from the soil?
* What kind of nutrients do plants absorb from the soil?
* Are all plants able to absorb nutrients from the soil in the same way?
* How does the soil provide nutrients to plants?
* Is there a relationship between the health of the soil and the health of the plants that grow in it?","Sure! Here are five questions that might come to mind when encountering the statement ""Plants absorb nutrients from the soil through their roots"" for the first time:

1. What kind of nutrients do plants absorb from the soil?
2. How do plants absorb these nutrients through their roots?
3. Are there any other ways that plants can obtain nutrients besides absorption through their roots?
4. Why is it important for plants to absorb nutrients from the soil?
5. How does the process of plant nutrient uptake affect","* How do plants absorb nutrients from the soil?
* What types of nutrients do plants absorb from the soil?
* Why do plants need to absorb nutrients from the soil?
* How do plant roots facilitate the absorption of nutrients?
* Are there any conditions that affect the ability of plants to absorb nutrients from the soil?","1. What is the process by which plants absorb nutrients?
2. How do plants obtain these nutrients from the soil?
3. What types of nutrients do plants need for growth and development?
4. Are there any specific factors that affect nutrient absorption in plants?
5. Can humans consume these absorbed nutrients from plants?","- What specific nutrients do plants need from the soil?
- How do nutrients reach from the soil into the roots?
- Do all plants absorb nutrients through their roots?
- What prevents nutrients from being absorbed by plants?
- What is the role of water in this nutrient absorption process?","- How do plants absorb nutrients from the soil?
- What types of nutrients do plants absorb?
- Why do plants need nutrients from the soil?
- Are there specific mechanisms in place for nutrient absorption in plants?
- What role do roots play in the absorption of nutrients from the soil?","1. What nutrients do plants absorb from the soil?
2. How does the absorption process work within the roots?
3. Why do plants need these nutrients?
4. Does the type of soil affect which nutrients a plant absorbs?
5. Can plants absorb nutrients from other sources besides soil?"
"Imagine you are a human, this is the first time you are coming across this Chemistry Statement, you have no previous knowledge of it ""Milk curdles when lemon juice is added."", what are the top 5 questions that would pop up in your head which would be most useful in learning about it as you are new to it. Give me a simple bullet point list, don't explain them or expand them","Sure! Here are five questions that might pop up in my mind if I were encountering the statement ""Milk curdles when lemon juice is added"" for the first time:
 What is milk? What is lemon juice? Why does milk curdle when lemon juice is added? Is this a common occurrence? How can I prevent milk from curdling when adding lemon juice?","Sure! Here are five questions that might pop up in my head as a human encountering the statement ""Milk curdles when lemon juice is added"" for the first time:

* What is the reason behind milk curdling when lemon juice is added?
* Is this reaction specific to milk and lemon juice, or does it apply to other liquids as well?
* How does the concentration of lemon juice affect the curdling process?
* Can other factors like temperature, pH, or stirring speed influence the curdling reaction?
* Are","Sure! Here are the top 5 questions that might come to mind for someone encountering the statement ""Milk curdles when lemon juice is added"" for the first time:

1. Why does milk curdle when lemon juice is added?
2. What is the relationship between milk and lemon juice that causes this reaction?
3. How can I use this reaction to my advantage in cooking or science experiments?
4. Is there a way to prevent milk from curdling when lemon juice is added?
5. Can I use this reaction to make","* What is milk made of that allows it to curdle?
* How does lemon juice cause the milk to curdle?
* Is the reaction reversible or irreversible?
* Are all types of milk affected by lemon juice in the same way?
* Are there other acids that can cause milk to curdle and how do they compare to lemon juice?","1. What is milk?
2. What is lemon juice?
3. How does adding lemon juice affect milk?
4. Why does milk curdle when lemon juice is added?
5. Are there any other substances that can cause milk to curdle?","- What is curdling?
- What causes milk to curdle?
- What is the role of lemon juice in curdling milk?
- How long does it take for milk to curdle with lemon juice?
- What other substances can cause milk to curdle?","- Why does milk curdle when lemon juice is added?
- What happens at a molecular level to cause curdling?
- Are there other substances that can cause milk to curdle?
- Is curdled milk safe to consume?
- Can curdled milk be reversed back to its original state?","1. What ingredients in milk cause it to curdle?
2. What's in lemon juice that causes milk to curdle?
3. How does the curdling process happen chemically? 
4. Are there any other substances that can cause milk to curdle?
5. What are the practical uses of curdled milk?"
"Imagine you are a human, this is the first time you are coming across this Chemistry Statement, you have no previous knowledge of it ""Sugar crystals form when a supersaturated solution cools."", what are the top 5 questions that would pop up in your head which would be most useful in learning about it as you are new to it. Give me a simple bullet point list, don't explain them or expand them","Sure! Here are five questions that might pop up in my mind if I were encountering the Chemistry Statement ""Sugar crystals form when a supersaturated solution cools"" for the first time:
 What is a supersaturated solution? What is meant by ""cools""? Why do sugar crystals form in this situation? How does the cooling process affect the formation of sugar crystals? Can other types of solutions also produce crystals under similar conditions?","Sure! Here are five questions that might be useful for a human who is encountering the statement about sugar crystals forming when a supersaturated solution cools for the first time:

* What is a supersaturated solution?
* How does cooling cause sugar crystals to form?
* What is the process by which sugar crystals form?
* Are there any other factors that can affect the formation of sugar crystals?
* Can this process be used to create sugar crystals in different shapes or sizes?","Sure! Here are five questions that might come to mind when encountering the statement ""Sugar crystals form when a supersaturated solution cools"" for the first time:

1. What is a supersaturated solution?
2. How does cooling affect the solution?
3. What is the relationship between sugar crystals and supersaturation?
4. Why do sugar crystals form specifically in a supersaturated solution?
5. How can I observe and study the formation of sugar crystals in a supersaturated solution?","* What is a sugar crystal?
* What is a solution?
* What does it mean for a solution to be supersaturated?
* How does cooling affect a solution?
* Why do sugar crystals form when a supersaturated solution cools?","1. What does'supersaturated' mean?
2. How does cooling affect sugar solutions?
3. Why do sugar crystals form?
4. Can I make my own sugar crystals at home?
5. Are there any other substances that can form crystals like sugar?","1. What is a supersaturated solution?
2. How do you create one?
3. What causes sugar crystals to form?
4. How can you control the size and shape of the crystals?
5. What are some of the applications of sugar crystals?","- What are sugar crystals?
- What does it mean for a solution to be supersaturated?
- How does cooling affect the formation of sugar crystals?
- Are there different types of sugar crystals?
- Can sugar crystals be used for anything?","1. What is a supersaturated solution?
2. How does cooling effect the formation of sugar crystals?
3. What process or steps are involved in creating a supersaturated solution of sugar?
4. What are sugar crystals and what are their properties?
5. Does this process of crystallization apply to other substances apart from sugar?"
"Imagine you are a human, this is the first time you are coming across this Chemistry Statement, you have no previous knowledge of it ""A match burns due to a chemical reaction with oxygen."", what are the top 5 questions that would pop up in your head which would be most useful in learning about it as you are new to it. Give me a simple bullet point list, don't explain them or expand them","Sure! Here are five questions that might pop up in my mind if I were encountering the statement ""A match burns due to a chemical reaction with oxygen"" for the first time:
 What is a match and how does it burn? What is oxygen and how does it relate to the burning of a match? What is the chemical reaction that occurs when a match burns? How does the match get its energy to burn? Is there anything else that can burn using this same chemical reaction?","Sure, here are five questions that might pop up in a human's head when encountering the statement ""A match burns due to a chemical reaction with oxygen"" for the first time:

* What is a chemical reaction?
* Why does the match need oxygen to burn?
* What happens to the match during the chemical reaction?
* Is the chemical reaction exothermic or endothermic?
* Can other substances also react with oxygen in a similar way?","Sure! Here are five questions that might come to mind when encountering the statement ""A match burns due to a chemical reaction with oxygen"" for the first time:

1. What is a chemical reaction?
2. What is oxygen?
3. How does a match produce heat and light?
4. Why does the reaction occur when the match is lit?
5. What are some other examples of chemical reactions that involve oxygen?","* What is a chemical reaction?
* What is oxygen and how does it relate to combustion?
* How does the match initiate and sustain the chemical reaction?
* What are the products of the reaction between the match and oxygen?
* Is there a specific temperature required for the reaction to occur?","1. What is a chemical reaction?
2. How does oxygen play a role in burning?
3. Can you give an example of another chemical reaction?
4. Why do matches burn?
5. Is there any way to prevent matches from burning?","- What is a chemical reaction?
- What is oxygen?
- How does a match burn without oxygen?
- What other things can burn due to a chemical reaction with oxygen?
- Are there any other ways a match can burn?","- What is a match?
- What is a chemical reaction?
- What is oxygen?
- How does a match burn?
- Why does oxygen play a role in the burning of a match?","1. What is a chemical reaction?
2. How does oxygen contribute to the burning of a match?
3. What are the other chemical components involved in a match burning?
4. Is the burning of a match an example of a specific type of chemical reaction?
5. What is the end product or result of a match burning?"
"Imagine you are a human, this is the first time you are coming across this Chemistry Statement, you have no previous knowledge of it ""Dry ice sublimates, turning directly from solid to gas."", what are the top 5 questions that would pop up in your head which would be most useful in learning about it as you are new to it. Give me a simple bullet point list, don't explain them or expand them","Sure! Here are five questions that might pop up in my mind if I were encountering the statement ""Dry ice sublimates, turning directly from solid to gas"" for the first time:
 What is dry ice? What does sublimation mean? Why does dry ice sublimate directly from solid to gas? How does the process of sublimation differ from melting and boiling? What are some common applications of dry ice sublimation?","Sure! Here are five questions that might be useful for learning about dry ice sublimation:

* What is sublimation?
* Why does dry ice sublimate?
* How does the sublimation process work?
* What are some common applications of dry ice sublimation?
* Is dry ice sublimation dangerous or hazardous in any way?","Sure! Here are five questions that might come to mind when encountering the statement ""Dry ice sublimates, turning directly from solid to gas"" for the first time:

1. What is dry ice?
2. How does dry ice sublimate?
3. What is the difference between sublimation and melting/boiling?
4. Why does dry ice sublimate instead of melting or boiling?
5. What are some common uses of dry ice?","* What is dry ice made of?
* What does it mean for a substance to sublimate?
* What are some examples of other substances that sublimate?
* How can I observe the sublimation of dry ice?
* Are there any safety precautions to consider when handling dry ice?","1. What is dry ice?
2. How does dry ice turn into gas without melting?
3. What happens when dry ice comes into contact with water?
4. Can dry ice be used for anything other than cooling?
5. Is dry ice safe to handle and use?","- What is sublimation?
- Why does dry ice sublimate instead of melting?
- What are the conditions required for sublimation to occur?
- How can I observe and measure sublimation?
- What are the applications of sublimation?","- What is dry ice?
- What does it mean for something to sublimate?
- How does dry ice turn directly from a solid to a gas?
- What are the properties of dry ice?
- What are the common uses of dry ice?","1. What is dry ice?
2. What is sublimation?
3. Why does dry ice sublimate? 
4. What is the gas that dry ice turns into during sublimation? 
5. Are there any other substances that undergo sublimation?"
"Imagine you are a human, this is the first time you are coming across this Chemistry Statement, you have no previous knowledge of it ""Soap removes grease because it acts as an emulsifier."", what are the top 5 questions that would pop up in your head which would be most useful in learning about it as you are new to it. Give me a simple bullet point list, don't explain them or expand them","Sure! Here are five questions that might pop up in my mind if I were encountering the Chemistry Statement ""Soap removes grease because it acts as an emulsifier"" for the first time:
 What exactly is an emulsifier? How does soap act as an emulsifier? What is grease, and how does it differ from other types of substances? Why is it important that soap can remove grease? Are there any other substances that can also act as emulsifiers?","Sure, here are five questions that might be useful for a human who is encountering the statement ""Soap removes grease because it acts as an emulsifier"" for the first time:

* What is an emulsifier?
* How does soap act as an emulsifier?
* What is the difference between soap and other cleaning agents?
* How does the process of emulsification work?
* Are there any other examples of emulsifiers in everyday life?","Sure! Here are five questions that might come to mind when encountering the statement ""Soap removes grease because it acts as an emulsifier"" for the first time:

1. What is an emulsifier?
2. How does soap act as an emulsifier?
3. What kind of grease can soap remove?
4. Why does soap work better than other substances at removing grease?
5. How does the structure of soap make it effective at emulsifying grease?","1. What is an emulsifier and how does it work?
2. How does soap chemically interact with grease and water?
3. Why is it necessary for soap to act as an emulsifier to remove grease?
4. What are some examples of common soaps and how do they function as emulsifiers?
5. Are there any other substances that can also act as emulsifiers to remove grease?","1. What is soap? 
2. How does soap remove grease? 
3. What is an emulsifier? 
4. Why do we need to remove grease from surfaces? 
5. Are there any other ways to clean surfaces besides using soap and water?","- What is an emulsifier?
- How does soap work as an emulsifier?
- Why is it important to remove grease?
- How does the chemical composition of soap contribute to its emulsifying properties?
- Are there any other uses for emulsifiers besides removing grease?","- What is an emulsifier?
- How does soap act as an emulsifier?
- What is grease?
- Why is it important to remove grease?
- How is soap able to remove grease effectively?","1. What is an emulsifier?
2. How does an emulsifier remove grease?
3. What ingredients in soap act as emulsifiers?
4. Are all soaps capable of removing grease?
5. Are there other substances that can act as emulsifiers too?"
"Imagine you are a human, this is the first time you are coming across this Chemistry Statement, you have no previous knowledge of it ""A battery generates electricity through chemical reactions."", what are the top 5 questions that would pop up in your head which would be most useful in learning about it as you are new to it. Give me a simple bullet point list, don't explain them or expand them","Sure! Here are five questions that might pop up in my mind if I were encountering the statement ""A battery generates electricity through chemical reactions"" for the first time:
 What exactly is a battery? What are the chemical reactions involved in generating electricity? How does the battery store energy? Is there any danger associated with these chemical reactions? Can you give an example of how batteries are used in everyday life?","Sure, here are five questions that might be useful for a human who is encountering the statement ""A battery generates electricity through chemical reactions"" for the first time:

* What kind of chemical reactions are involved in generating electricity in a battery?
* How do the chemical reactions in a battery produce electricity?
* What are the main components of a battery that allow it to generate electricity?
* Can you give an example of a common battery that uses chemical reactions to generate electricity?
* Is there a way to recharge a battery after it has been used, or does","Sure! Here are five questions that might come to mind when encountering the statement ""A battery generates electricity through chemical reactions"" for the first time:

1. What are the specific chemical reactions involved in battery generation?
2. How do these chemical reactions produce electricity?
3. What are the different types of batteries and how do they generate electricity differently?
4. What are some common materials used in batteries and why are they chosen?
5. How does the chemical reaction process in a battery compare to other methods of generating electricity, such as solar panels or wind","* What is a battery and how does it work?
* What are chemical reactions and how do they produce electricity?
* What types of chemical reactions are involved in generating electricity?
* How does a battery store energy for later use?
* Are there different kinds of batteries, and if so, how do they differ in their ability to generate electricity?","1. What is a battery?
2. How does a battery generate electricity?
3. What are the different types of batteries?
4. How do batteries work on a molecular level?
5. What are some common uses for batteries?","- What are the chemical reactions involved in generating electricity?
- How is the chemical energy converted into electrical energy?
- What are the different types of batteries and how do they differ? 
- What are the applications of batteries in everyday life?
- How are batteries recycled to prevent environmental impact?","- How exactly do chemical reactions generate electricity in a battery?
- What are the specific chemicals involved in these reactions?
- Is there a limit to how much electricity a battery can generate?
- Can the electricity generated by a battery be stored or used immediately?
- What are the different types of batteries that use chemical reactions to generate electricity?","1. What is a chemical reaction?
2. How does a battery generate electricity from these reactions?
3. What types of chemicals are involved in this process?
4. Are there different types of batteries that use different chemical reactions?
5. What is the science behind converting chemical energy into electrical energy?"
"Imagine you are a human, this is the first time you are coming across this Chemistry Statement, you have no previous knowledge of it ""The expiration of food can be due to chemical changes."", what are the top 5 questions that would pop up in your head which would be most useful in learning about it as you are new to it. Give me a simple bullet point list, don't explain them or expand them","Sure! Here are five questions that might pop up in my mind if I were encountering the Chemistry Statement ""The expiration of food can be due to chemical changes"" for the first time:
 What are these chemical changes, and how do they affect the food? How do different types of food react differently to these chemical changes? Can these chemical changes be prevented or slowed down? How does the expiration date of food relate to these chemical changes? Are there any specific chemicals or processes involved in the expiration of food?","Sure, here are five questions that might pop up in my head as a human encountering the statement ""The expiration of food can be due to chemical changes"" for the first time:

* What kind of chemical changes are we talking about?
* How do these chemical changes affect the food's quality and safety?
* Are there any specific types of food that are more prone to expiration due to chemical changes?
* Can these chemical changes be slowed down or prevented through proper storage and handling?
* Are there any ways to detect or measure the chemical changes that occur during food expiration","Sure! Here are five questions that might come to mind when encountering the statement ""The expiration of food can be due to chemical changes"" for the first time:

1. What are some common chemical changes that occur in food during its expiration?
2. How do these chemical changes affect the quality and safety of the food?
3. Can these chemical changes be prevented or delayed through proper storage and handling practices?
4. Are there any specific types of food that are more prone to chemical changes than others?
5. How can I determine if food has gone bad or expired based on","* What are chemical changes?
* How do chemical changes affect food?
* What types of chemical changes cause food to expire?
* How do these chemical changes occur in food?
* Can all food expiration be attributed to chemical changes?","1. What causes food to expire? 
2. How does chemistry play a role in food expiration? 
3. Can expired food still be safe to eat? 
4. Are there any signs to look for when determining if food has gone bad? 
5. Is there anything I can do to extend the shelf life of my food?","- What are examples of chemical changes?
- How do chemical changes affect food composition?
- What factors influence the rate of food expiration?
- How can chemical analysis help determine food safety?
- Are there ways to prevent or slow down chemical changes in food?","- What specific chemical changes cause food to expire?
- How do these chemical changes affect the taste and smell of the food?
- Can these chemical changes be prevented or slowed down?
- Are all types of food prone to expiration due to chemical changes?
- How long does it typically take for food to expire due to chemical changes?","1. What types of chemical changes cause food to expire?
2. How does the process of these chemical changes take place in various foods?
3. Does the rate of these chemical changes vary among different types of food?
4. What specific signs indicate that these chemical changes have occurred?
5. Can these chemical changes, leading to food expiration, be slowed or prevented?"
"Imagine you are a human, this is the first time you are coming across this Chemistry Statement, you have no previous knowledge of it ""Sunscreen protects skin by absorbing or reflecting UV radiation."", what are the top 5 questions that would pop up in your head which would be most useful in learning about it as you are new to it. Give me a simple bullet point list, don't explain them or expand them","Sure! Here are five questions that might pop up in my mind if I were encountering the Chemistry Statement ""Sunscreen protects skin by absorbing or reflecting UV radiation"" for the first time:
 What is UV radiation and why is it harmful to skin? How does sunscreen absorb or reflect UV radiation? What types of sunscreen are available and how do they differ in their protection methods? Does all sunscreen provide the same level of protection against UV radiation? Can I use expired sunscreen and still expect it to be","Sure, here are five questions that might pop up in my head as a human encountering the statement ""Sunscreen protects skin by absorbing or reflecting UV radiation"" for the first time:

* What is UV radiation and why is it harmful to skin?
* How does sunscreen absorb or reflect UV radiation?
* What types of sunscreen are available and how do they differ?
* How do I choose the right sunscreen for my skin type and needs?
* Can sunscreen alone protect my skin from the sun's harmful effects, or do I need","Sure! Here are the top 5 questions that might come to mind when encountering the statement ""Sunscreen protects skin by absorbing or reflecting UV radiation"" for the first time:

1. What is UV radiation?
2. Why does sunscreen need to absorb or reflect UV radiation?
3. How does sunscreen work to protect my skin from UV radiation?
4. Are there different types of UV radiation that sunscreen needs to protect against?
5. How do I choose the right sunscreen to protect my skin from UV radiation?","1. What is UV radiation and how does it affect the skin?
2. How does sunscreen work to absorb or reflect UV radiation?
3. What are the different types of UV radiation (UVA, UVB) and how does sunscreen protect against each?
4. Is one type of sunscreen (chemical vs physical) better at absorbing or reflecting UV radiation?
5. Are there any potential risks or drawbacks to using sunscreen as a form of protection against UV radiation?","1. What is sunscreen?
2. How does sunscreen protect my skin from UV radiation?
3. What types of UV radiation can cause damage to my skin?
4. Which ingredients should I look for in a sunscreen product?
5. How often should I reapply sunscreen?","- What is UV radiation and how does it interact with skin?
- How do sunscreens absorb or reflect UV radiation?
- What types of sunscreens are available and how do they differ?
- How does sunscreen protect against sunburn and skin damage?
- What are the factors that affect the effectiveness of sunscreen?","- What is sunscreen made of?
- How does sunscreen work to protect skin?
- What is UV radiation and why is it harmful?
- Are there different types of sunscreen?
- How often should sunscreen be applied for effective protection?","1. What is UV radiation and why can it harm the skin?
2. How important is it to wear sunscreen?
3. What is the mechanism behind sunscreen absorbing or reflecting UV radiation?
4. What different types of sunscreens exist and how do they differ in protecting against UV radiation?
5. How often should sunscreen be applied and how much is necessary for effective protection?"
"Imagine you are a human, this is the first time you are coming across this Chemistry Statement, you have no previous knowledge of it ""A candle flame contains different zones of combustion."", what are the top 5 questions that would pop up in your head which would be most useful in learning about it as you are new to it. Give me a simple bullet point list, don't explain them or expand them","Sure! Here are five questions that might pop up in my mind if I were encountering the statement ""A candle flame contains different zones of combustion"" for the first time:
 What are these different zones of combustion? How do they form and why do they exist? What are the characteristics of each zone? How do the zones interact with one another? Why is understanding these zones important in chemistry or everyday life?","Sure, here are five questions that might be useful for learning about the chemistry statement ""A candle flame contains different zones of combustion"":

* What are the different zones of combustion in a candle flame?
* How do these zones differ from one another in terms of temperature, chemical composition, and other characteristics?
* What is the role of oxygen in the combustion process, and how does it affect the different zones of the flame?
* How do the different zones of combustion contribute to the overall burning of the candle, and what factors can influence","Sure! Here are five questions that might come to mind when encountering the statement ""A candle flame contains different zones of combustion"" for the first time:

1. What are these different zones of combustion, and how do they relate to each other?
2. Why does the combustion occur in different zones within the candle flame?
3. How does the shape and size of the candle affect the distribution of heat and combustion within the flame?
4. Are there any factors that can influence the formation of these different zones of combustion, such","* What is meant by ""zones of combustion"" in relation to a candle flame?
* How many zones of combustion are there in a candle flame?
* What are the characteristics of each zone (e.g., temperature, color, composition)?
* What causes the formation of these zones in a candle flame?
* How do the zones of combustion relate to the overall chemistry and physics of burning a candle?","1. What is a candle flame?
2. How does combustion occur in a candle flame?
3. What are the different zones of a candle flame and how do they form?
4. Why is understanding the zones of a candle flame important?
5. Are there any practical applications for knowing about the zones of a candle flame?","- What are the different zones of combustion?
- How do the zones differ from each other?
- What is the temperature range of each zone?
- What types of chemical reactions occur in each zone?
- What are the practical applications of understanding the different zones of combustion?","- What are the different zones of combustion in a candle flame?
- How do these different zones contribute to the combustion process?
- Are there specific conditions that cause the formation of these zones?
- What role do these different zones play in the overall function of a candle flame?
- How do scientists study and analyze the different zones of combustion in a candle flame?","1. What are the different zones of combustion in a candle flame?
2. How does each zone differ from the others?
3. What specific chemicals or substances are involved in each zone of combustion?
4. How does understanding these zones help in understanding combustion better?
5. Can differences in these zones affect the color or behavior of the flame?"
"Imagine you are a human, this is the first time you are coming across this Chemistry Statement, you have no previous knowledge of it ""Effervescence occurs when acids react with carbonates releasing carbon dioxide."", what are the top 5 questions that would pop up in your head which would be most useful in learning about it as you are new to it. Give me a simple bullet point list, don't explain them or expand them","Sure! Here are five questions that might pop up in my mind as a beginner learning about effervescence:
 What exactly is effervescence and how does it occur?
 What types of chemicals can cause effervescence?
 How does the reaction between acids and carbonates produce carbon dioxide?
 Can other substances besides carbonates also produce effervescence?
 Are there any real-world applications or examples of effervescence that I should know about?","Sure! Here are five questions that might be useful for a human encountering the chemistry statement about effervescence for the first time:

* What are acids and how do they react with carbonates?
* What is carbon dioxide and why does it get released during this reaction?
* What is the difference between an acid and a base?
* Are there any common examples of effervescence that I might have seen before?
* How does the reaction between acids and carbonates produce the fizzing or bubbling that we see in effer","Sure! Here are the top 5 questions that might come to mind for someone encountering the concept of effervescence for the first time:

1. What is an acid?
2. What is a carbonate?
3. How does effervescence occur during the reaction between an acid and a carbonate?
4. Why does the reaction release carbon dioxide gas?
5. Are there any real-world applications or examples of effervescence that I can relate to?","* What is effervescence and how does it appear?
* What are acids and carbonates?
* How do acids react with carbonates?
* What role does carbon dioxide play in this reaction?
* Are there any examples or demonstrations of this reaction available for better understanding?","1. What is effervescence? 
2. How does acid react with carbonate? 
3. What happens when carbon dioxide is released? 
4. Can you give an example of effervescence? 
5. Why is understanding effervescence important in chemistry?","- What is effervescence?
- What is an acid?
- What is a carbonate?
- What is carbon dioxide?
- Why does this reaction occur?","- What is effervescence?
- What are acids?
- What are carbonates?
- What is carbon dioxide?
- How does the reaction between acids and carbonates produce effervescence?","1. What is effervescence?
2. Can you give examples of acids and carbonates?
3. How exactly does an acid react with carbonate to release carbon dioxide?
4. Are there any practical everyday examples of this effervescence process?
5. What are the potential applications or implications of this chemical reaction?"
"Imagine you are a human, this is the first time you are coming across this Chemistry Statement, you have no previous knowledge of it ""Bubbles in soda are due to dissolved carbon dioxide gas."", what are the top 5 questions that would pop up in your head which would be most useful in learning about it as you are new to it. Give me a simple bullet point list, don't explain them or expand them","Sure! Here are five questions that might pop up in my head as a human new to the concept of bubbles in soda being due to dissolved carbon dioxide gas:

1. What is carbon dioxide and why is it present in soda?
2. How does the carbon dioxide get dissolved in the soda?
3. Why do the bubbles form when I open the soda?
4. Is the amount of carbon dioxide in soda the same as the amount of bubbles I see?
5. Can I control the amount of","Sure! Here are five questions that might be useful for learning about the chemistry statement ""Bubbles in soda are due to dissolved carbon dioxide gas"":

* What is carbon dioxide?
* How does carbon dioxide dissolve in water?
* Why do bubbles form in soda?
* Is carbonation the same as fermentation?
* Can other gases also cause bubbles in soda?","Sure! Here are the top 5 questions that might come to mind when encountering the statement ""Bubbles in soda are due to dissolved carbon dioxide gas"" for the first time:

1. What is carbon dioxide gas?
2. Why does it dissolve in soda?
3. How does it cause bubbles in soda?
4. Is there a limit to how much carbon dioxide can dissolve in soda?
5. How does the amount of carbon dioxide affect the taste and texture of soda?","* What is carbon dioxide and how does it dissolve in soda?
* Why do bubbles form when the soda is opened?
* What causes the bubbles to rise to the surface?
* How does the amount of carbon dioxide affect the number of bubbles?
* Are there any other factors that influence bubble formation in soda?","1. What causes bubbles in soda?
2. How does dissolved carbon dioxide gas form bubbles?
3. Can I make my own soda at home with this process?
4. Are there any health risks associated with consuming soda?
5. Is there a way to reduce the amount of carbonation in soda without losing its flavor?","- What is dissolved carbon dioxide gas?
- How does it form bubbles in soda?
- Why doesn't all the carbon dioxide gas form bubbles?
- How can the amount of bubbles in soda be controlled?
- What other factors affect the formation of bubbles in soda?","- What is carbon dioxide gas?
- How does carbon dioxide become dissolved in soda?
- How do bubbles form in soda?
- Why do bubbles make soda fizzy?
- Can carbon dioxide gas dissolve in other beverages?","1. What is carbon dioxide gas?
2. How does carbon dioxide gas get dissolved in soda?
3. Why does the dissolved carbon dioxide create bubbles?
4. Do other beverages also have dissolved carbon dioxide?
5. What happens to the carbon dioxide when I drink the soda?"
"Imagine you are a human, this is the first time you are coming across this Chemistry Statement, you have no previous knowledge of it ""The color change of leaves in autumn results from chemical changes."", what are the top 5 questions that would pop up in your head which would be most useful in learning about it as you are new to it. Give me a simple bullet point list, don't explain them or expand them","Sure! Here are five questions that might pop up in my mind if I were encountering the Chemistry Statement ""The color change of leaves in autumn results from chemical changes"" for the first time:
 What kind of chemical changes are happening to cause the color change?
 Which specific chemicals are involved in the process?
 How do these chemical changes affect the color of the leaves?
 Is there a specific reason why leaves change color in autumn versus other seasons?
 Can the same principles behind the color change of leaves in autumn be applied to other plants or","Sure, here are five questions that might pop up in my head as a human encountering the statement ""The color change of leaves in autumn results from chemical changes"" for the first time:

* What specific chemical changes occur in leaves during autumn?
* Why do these chemical changes cause the leaves to change color?
* Which compounds are responsible for the different colors we see in autumn leaves?
* How do environmental factors like temperature, light, and water affect the color change process?
* Can the color change process be influenced or manipulated by humans through agricultural or horticultural practices","Sure! Here are five questions that might come to mind when encountering the statement ""The color change of leaves in autumn results from chemical changes"" for the first time:

1. What specific chemical changes occur in leaves during autumn?
2. Why do these chemical changes cause the leaves to change color?
3. Are there any other factors that can influence the color change of leaves in autumn?
4. How do these chemical changes affect the overall appearance of the tree?
5. Can I observe these chemical changes happening in real-time, or are they too subtle to see with the n","* What chemicals are responsible for the color change in leaves during autumn?
* How do these chemicals cause the change in leaf color?
* What triggers the chemical changes leading to the color change in leaves?
* Are there any specific environmental conditions that affect the color change process?
* Is the color change process similar in all types of trees and plants?","1. What causes the color change in leaves during autumn?
2. How does chemistry play a role in this process?
3. Are there any specific chemicals involved in this phenomenon?
4. Can we replicate this process artificially?
5. Is this color change reversible?","- What specific chemical changes occur during autumn?
- How does the environment influence these chemical reactions?
- What pigments are responsible for the vibrant colors?
- Can the rate and intensity of color change be predicted?
- Are there any practical implications or applications of this knowledge?","- What exactly causes the color change in leaves in autumn?
- What are the specific chemical changes involved in this process?
- Are all leaves affected by these chemical changes, or only certain types?
- How do environmental factors play a role in the color change of leaves?
- Can the color change in leaves be reversed or prevented?","1. What specific chemical changes cause the leaves to change color in autumn?
2. How does the process of these chemical changes occur?
3. Are these chemical changes natural or influenced by external factors?
4. Does the change in color indicate any specific traits about the health or condition of the tree?
5. Can the chemical changes occur in all types of trees or only specific species?"
"Imagine you are a human, this is the first time you are coming across this Chemistry Statement, you have no previous knowledge of it ""Fermentation produces alcohol from sugars."", what are the top 5 questions that would pop up in your head which would be most useful in learning about it as you are new to it. Give me a simple bullet point list, don't explain them or expand them","Sure! Here are five questions that might pop up in my mind if I were encountering the statement ""Fermentation produces alcohol from sugars"" for the first time:
 What exactly is fermentation? How does fermentation produce alcohol from sugars? What types of sugars can be fermented to produce alcohol? Can other substances besides sugars be fermented to produce alcohol? Is there a specific type of fermentation that is used to produce alcohol from sugars?","Sure! Here are five questions that might pop up in my head as a human encountering the statement ""Fermentation produces alcohol from sugars"" for the first time:

* What is fermentation?
* How does fermentation produce alcohol from sugars?
* What types of sugars can be converted into alcohol through fermentation?
* Is fermentation a natural process, or does it require human intervention?
* Are there any common products that are made through fermentation, and if so, what are they?","Sure! Here are five questions that might come to mind when encountering the statement ""Fermentation produces alcohol from sugars"" for the first time:

1. What is fermentation?
2. How does fermentation produce alcohol?
3. What are the different types of fermentation?
4. What are some common examples of fermented products?
5. Why is fermentation important in food production and industry?","* What is fermentation and how does it occur?
* What types of sugars can be used in fermentation?
* What is alcohol and what is its relationship to fermentation?
* How is alcohol produced during the fermentation process?
* Are there different types of fermentation and do they produce different types of alcohol?","1. What is fermentation?
2. How does fermentation produce alcohol from sugars?
3. What types of sugars can be fermented?
4. What are some common products made through fermentation?
5. How is the process of fermentation used in various industries and applications?","* What is fermentation and how does it work?
* What different types of fermentation are there?
* What are the chemical reactions involved in fermentation?
* What are the products of fermentation?
* How is fermentation used in industry?","- What is fermentation?
- How does fermentation produce alcohol?
- What are sugars?
- What type of alcohol is produced through fermentation?
- What is the purpose of fermentation in chemistry?","1. What is fermentation?
2. What types of sugars are used in fermentation?
3. How does this process of fermentation happen?
4. What type of alcohol is produced through fermentation?
5. Are there any other byproducts of fermentation apart from alcohol?"
"Imagine you are a human, this is the first time you are coming across this Chemistry Statement, you have no previous knowledge of it ""Chalk (calcium carbonate) reacts with vinegar (acetic acid) to produce carbon dioxide."", what are the top 5 questions that would pop up in your head which would be most useful in learning about it as you are new to it. Give me a simple bullet point list, don't explain them or expand them","Sure! Here are five questions that might pop up in my mind if I were encountering the Chemistry Statement ""Chalk (calcium carbonate) reacts with vinegar (acetic acid) to produce carbon dioxide"" for the first time:
 What is chalk made of? What is vinegar made of? Why does chalk react with vinegar? What is produced during the reaction between chalk and vinegar? Can I use this reaction for anything practical?","Sure! Here are five questions that might pop up in my head as a human encountering the chemistry statement for the first time:

* What is calcium carbonate?
* What is acetic acid?
* What is carbon dioxide?
* How does the reaction work?
* What are some practical applications of this reaction?","Sure! Here are the top 5 questions that might come to mind when encountering the statement ""Chalk (calcium carbonate) reacts with vinegar (acetic acid) to produce carbon dioxide"" for the first time:

1. What is chalk made of?
2. What is vinegar made of?
3. How does the reaction between chalk and vinegar produce carbon dioxide?
4. Why does the reaction occur?
5. What are some possible applications or uses for the reaction?","* What is chalk made of and what is its chemical formula?
* What is vinegar and what is its chemical composition?
* What type of reaction occurs between chalk and vinegar?
* What is the role of acetic acid in the reaction?
* How is carbon dioxide produced during the reaction and what is its significance?","1. What are the reactants and products of the reaction?
2. How does the reaction occur?
3. What happens when chalk and vinegar are mixed together?
4. Is this reaction common or rare?
5. Are there any safety precautions I should take if I want to try this experiment at home?","- What is chalk made of?
- What is vinegar made of?
- What is the reaction that takes place between them?
- What does ""carbon dioxide"" mean?
- What do you observe when this reaction happens?","- What is chalk?
- What is vinegar?
- What is calcium carbonate?
- What is acetic acid?
- How does the reaction between chalk and vinegar occur?","1. What is the chemical reaction equation for chalk reacting with vinegar?
2. How can you safely observe the production of carbon dioxide?
3. Is the reaction between chalk and vinegar exothermic or endothermic?
4. How might change in quantities of chalk or vinegar alter the reaction?
5. What are the other products of the reaction, in addition to carbon dioxide?"
"Imagine you are a human, this is the first time you are coming across this Chemistry Statement, you have no previous knowledge of it ""Adding salt to ice lowers its melting point."", what are the top 5 questions that would pop up in your head which would be most useful in learning about it as you are new to it. Give me a simple bullet point list, don't explain them or expand them","Sure! Here are five questions that might pop up in my mind if I were encountering the statement ""Adding salt to ice lowers its melting point"" for the first time:
 What is the relationship between salt and ice? How does adding salt affect the melting point of ice? Why does adding salt lower the melting point of ice? Are there any other substances that can lower the melting point of ice like salt does? Under what conditions is it most beneficial to add salt to ice?","Sure! Here are five questions that might be useful for a human who is encountering the statement ""Adding salt to ice lowers its melting point"" for the first time:

* What is the scientific explanation behind this phenomenon?
* How much salt needs to be added to achieve this effect?
* Does the type of salt used matter?
* Are there any other substances that can lower the melting point of ice in a similar way?
* Are there any practical applications or uses for this knowledge in everyday life or industry?","Sure! Here are the top 5 questions that might come to mind when encountering the statement ""Adding salt to ice lowers its melting point"" for the first time:

1. Why does adding salt to ice lower its melting point? How does it work?
2. What is the scientific explanation behind this phenomenon? Is there a specific mechanism involved?
3. How can I use this information to my advantage? For example, could I use salt to slow down the melting of ice in a cooler or freezer?
4. Are there any other substances that have a similar","* What is a melting point and how is it determined?
* How does adding a substance like salt affect the melting point of ice?
* Is this effect specific to salt, or can other substances also lower the melting point of ice?
* How much salt would need to be added to ice in order to observe a decrease in the melting point?
* Are there any practical applications for this phenomenon, such as in the food industry or in scientific research?","1. What is the purpose of adding salt to ice?
2. How does salt affect the melting point of ice?
3. Can other substances also lower the melting point of ice?
4. Are there any practical applications for using salt on ice?
5. Is there an optimal amount of salt to use when trying to lower the melting point of ice?","* What is a melting point?
* What is the significance of the melting point of ice?
* How does salt interact with ice?
* Why does adding salt lower the melting point of ice?
* Are there any practical applications of this phenomenon?","- How does salt affect the temperature at which ice melts?
- Why does adding salt to ice lower its melting point?
- What type of salt is typically used for this effect?
- Is there a limit to how much salt can be added before the melting point stops decreasing?
- What other substances besides salt can lower the melting point of ice?","1. How does the addition of salt affect the melting point of ice?
2. Can other substances also lower the melting point of ice?
3. What is the science behind the process?
4. How much salt is needed to significantly lower the melting point of ice?
5. What practical applications does this principle have in real life?"
"Imagine you are a human, this is the first time you are coming across this Chemistry Statement, you have no previous knowledge of it ""The tarnishing of silver is caused by a reaction with sulfur in the air."", what are the top 5 questions that would pop up in your head which would be most useful in learning about it as you are new to it. Give me a simple bullet point list, don't explain them or expand them","Sure! Here are five questions that might pop up in my mind if I were encountering the Chemistry Statement ""The tarnishing of silver is caused by a reaction with sulfur in the air"" for the first time:
 What is tarnishing, and how does it differ from corrosion? What is sulfur, and why does it react with silver? How does the reaction between silver and sulfur occur in the air? Is there a way to prevent or slow down the tarnishing process? Can other metals also undergo similar reactions with","Sure, here are five questions that might pop up in my head as a human encountering the statement about tarnishing of silver for the first time:

* What is tarnishing?
* Why does silver react with sulfur in the air?
* How does the reaction occur?
* Is tarnishing a chemical change or a physical change?
* Can tarnishing be prevented or reversed?","Sure! Here are the top 5 questions that might come to mind when encountering the statement ""The tarnishing of silver is caused by a reaction with sulfur in the air"" for the first time:

1. What is sulfur?
2. Where does sulfur come from in the air?
3. How does sulfur react with silver?
4. Why does the reaction occur?
5. What are the consequences of this reaction (e.g. how does it affect the appearance or properties of the silver)?","* What is tarnish and how does it affect silver?
* What is sulfur and where is it found in the air?
* How does the reaction between silver and sulfur occur?
* Is the reaction between silver and sulfur avoidable or reversible?
* Are there any methods to prevent or remove tarnish from silver?","1. What is silver?
2. What is sulfur?
3. How does the air affect silver?
4. What happens when silver reacts with sulfur?
5. Why does tarnishing occur?","- What is tarnishing?
- What is the role of sulfur in the tarnishing process?
- How does silver react with sulfur?
- What are the visible signs of tarnishing?
- Can the tarnishing of silver be prevented or reversed?","- What is tarnishing?
- How does sulfur react with silver?
- Why is sulfur present in the air?
- Can tarnishing be prevented?
- Are there other materials that tarnish in a similar way?","- What is the chemical reaction between silver and sulfur that causes tarnishing?
- Is the process of tarnishing harmful to silver in any way?
- How can the tarnishing of silver be prevented or reversed?
- What are the sources of sulfur in the air?
- Are there other metals that react similarly with sulfur?"
"Imagine you are a human, this is the first time you are coming across this Chemistry Statement, you have no previous knowledge of it ""Water has a high specific heat capacity, affecting climate and weather."", what are the top 5 questions that would pop up in your head which would be most useful in learning about it as you are new to it. Give me a simple bullet point list, don't explain them or expand them","Sure! Here are five questions that might pop up in my mind if I were encountering the statement ""Water has a high specific heat capacity, affecting climate and weather"" for the first time:
 What exactly is specific heat capacity? How does water's specific heat capacity impact climate and weather? Why is water's specific heat capacity higher than other substances? How does water's specific heat capacity compare to other substances in terms of its effect on climate and weather? Can you provide examples of how water's specific heat capacity affects climate and weather?","Sure, here are five questions that might pop up in my head as a human encountering the statement about water's specific heat capacity for the first time:

* What is specific heat capacity, and how is it different from regular heat capacity?
* Why does water have a high specific heat capacity compared to other substances?
* How does water's high specific heat capacity affect climate and weather patterns?
* Are there any other factors that also play a role in shaping climate and weather patterns?
* Can changes in water's specific heat capacity have any noticeable effects on the environment or human soci","Sure! Here are five questions that might come to mind when encountering the statement ""Water has a high specific heat capacity, affecting climate and weather"" for the first time:

1. What is specific heat capacity?
2. Why does water have such a high specific heat capacity compared to other substances?
3. How does water's high specific heat capacity impact climate and weather patterns?
4. Can you give some examples of how water's high specific heat capacity plays out in real-world scenarios?
5. Are there any implications or applications of water's high specific heat capacity","* What is specific heat capacity?
* How does water's specific heat capacity compare to other substances?
* Why does water have a high specific heat capacity?
* How does water's high specific heat capacity affect climate and weather?
* Are there any real-world examples of water's high specific heat capacity impacting climate and weather?","1. What does ""specific heat capacity"" mean?
2. How does water's high specific heat capacity affect climate and weather?
3. Can you provide examples of how this affects our daily lives?
4. Are there any other substances with similar properties to water?
5. Is there any way we can use this information to improve our understanding of climate change?","- What is specific heat capacity and how does it measure?
- How does water's high specific heat capacity influence climate?
- In what ways does water's thermal properties affect weather patterns?
- How can we utilize water's specific heat capacity in practical applications?
- Are there other substances with similarly high specific heat capacities and how do they compare to water?","- What is specific heat capacity?
- How does water's high specific heat capacity affect climate?
- How does water's high specific heat capacity affect weather?
- Why is water's specific heat capacity important to understand?
- How does water's specific heat capacity compare to other substances?","1. What is specific heat capacity?
2. How does water’s high specific heat capacity affect climate and weather?
3. Are there other substances with high specific heat capacities and do they also impact climate?
4. How is specific heat capacity measured?
5. Can changes in water's specific heat capacity affect global warming or climate change?"
"Imagine you are a human, this is the first time you are coming across this Chemistry Statement, you have no previous knowledge of it ""Bread rises due to yeast producing carbon dioxide."", what are the top 5 questions that would pop up in your head which would be most useful in learning about it as you are new to it. Give me a simple bullet point list, don't explain them or expand them","Sure! Here are five questions that might pop up in my mind if I were encountering the statement ""Bread rises due to yeast producing carbon dioxide"" for the first time:
 What is yeast and how does it produce carbon dioxide? How does the production of carbon dioxide cause bread to rise? Why do some types of bread rise more than others? Is there a difference between yeast and baking powder/baking soda in terms of rising bread? Can other ingredients like sugar or salt affect the rising process?","Sure! Here are five questions that might be useful for a human who is encountering the statement ""Bread rises due to yeast producing carbon dioxide"" for the first time:

* What is yeast?
* How does yeast produce carbon dioxide?
* Why does carbon dioxide make bread rise?
* How do we know that yeast produces carbon dioxide and not some other gas?
* Can I see an example of this happening, like a video or a demonstration?","Sure! Here are the top 5 questions that might come to mind when encountering the statement ""Bread rises due to yeast producing carbon dioxide"" for the first time:

1. What is yeast?
2. How does yeast produce carbon dioxide?
3. Why does carbon dioxide cause bread to rise?
4. How does the process of fermentation fit into this?
5. What are some other examples of substances that produce carbon dioxide during chemical reactions?","* What is yeast and how does it produce carbon dioxide?
* How does the production of carbon dioxide cause bread to rise?
* What role does yeast play in the baking process?
* Is the carbon dioxide produced by yeast the only reason bread rises, or are there other factors involved?
* Are there different types of yeast used for making bread, and do they all produce carbon dioxide in the same way?","1. What causes bread to rise?
2. How does yeast produce carbon dioxide?
3. Can I use other ingredients instead of yeast for rising bread?
4. Is there any way to speed up the rising process?
5. Are there different types of bread that require different methods for rising?","* What is yeast, and where can it be found?
* How does yeast produce carbon dioxide?
* What is the role of carbon dioxide in bread rising?
* Are there other factors that affect the rising of bread?
* Can yeast produce carbon dioxide without sugar?","- What is yeast? 
- How does yeast produce carbon dioxide?
- Why does carbon dioxide cause bread to rise?
- What is the chemical reaction involved in this process?
- Are there any other ways to make bread rise without using yeast?","1. What is yeast?
2. How does yeast produce carbon dioxide?
3. What role does carbon dioxide play in making the bread rise?
4. Does the amount of yeast used affect how much the bread rises?
5. What would happen if no yeast is used in bread making?"
"Imagine you are a human, this is the first time you are coming across this Chemistry Statement, you have no previous knowledge of it ""The hardness of water is due to dissolved minerals, primarily calcium and magnesium."", what are the top 5 questions that would pop up in your head which would be most useful in learning about it as you are new to it. Give me a simple bullet point list, don't explain them or expand them","Sure! Here are five questions that might pop up in my mind if I were encountering the Chemistry Statement ""The hardness of water is due to dissolved minerals, primarily calcium and magnesium"" for the first time:
 What exactly do these minerals do to make water hard? How does the amount of dissolved minerals affect the hardness of water? Are there other factors that contribute to water hardness besides calcium and magnesium? How does water hardness impact everyday life and household appliances? Is there","Sure, here are five questions that might pop up in my head as a human encountering the statement about the hardness of water for the first time:

* What are dissolved minerals?
* Why do calcium and magnesium specifically contribute to water hardness?
* How do other minerals compare in their contribution to water hardness?
* Is water hardness affected by other factors beyond dissolved minerals?
* Can water hardness be altered through treatment or filtration processes?","Sure! Here are the top 5 questions that might come to mind when encountering the statement ""The hardness of water is due to dissolved minerals, primarily calcium and magnesium"" for the first time:

1. What are dissolved minerals?
2. Why do these minerals make water harder?
3. How do I measure the hardness of water?
4. What are some common sources of dissolved minerals in water?
5. How does the presence of these minerals affect the taste and quality of water?","* What is the definition of hardness in relation to water?
* How do minerals affect the hardness of water?
* Which specific minerals are responsible for water hardness?
* Why do calcium and magnesium cause water to become hard?
* How does the presence of these minerals impact the properties and usage of water?","1. What does 'hardness' mean in terms of water? 
2. How do dissolved minerals affect the properties of water? 
3. Why are calcium and magnesium the primary minerals causing hard water? 
4. Can hard water cause any problems for humans or appliances? 
5. Are there ways to soften hard water?","- What specific calcium and magnesium compounds cause water hardness?
- How do these minerals affect the properties of water?
- What are the practical consequences of water hardness in daily life?
- How can water hardness be measured and quantified?
- What methods are available to soften hard water for different applications?","- Why does the presence of calcium and magnesium make water hard?
- How do minerals dissolve in water?
- What are the effects of hard water on everyday use?
- Can hard water be harmful for health?
- How can the hardness of water be measured or tested?","1. What is meant by ""hardness"" in the context of water?
2. How do calcium and magnesium end up in water?
3. What are the effects of water hardness on health and environment?
4. How is the hardness of water measured?
5. Can the hardness of water be reduced, and if so, how?"
"Imagine you are a human, this is the first time you are coming across this Chemistry Statement, you have no previous knowledge of it ""Cooking changes the chemical properties of food, making it edible or more palatable"", what are the top 5 questions that would pop up in your head which would be most useful in learning about it as you are new to it. Give me a simple bullet point list, don't explain them or expand them","Sure! Here are five questions that might pop up in my head as a human new to the concept of cooking changing the chemical properties of food:
 What specific chemical properties of food are changed during cooking? How does cooking alter these properties, and why do these changes make food more edible or palatable? Which types of food are most affected by cooking, and how does the method of cooking impact the final product? Can cooking methods be tailored to preserve or enhance certain desirable chemical properties of food? Are there any potential drawbacks or","Sure, here are five questions that might be useful for learning about the chemistry statement ""Cooking changes the chemical properties of food, making it edible or more palatable"":

1. What specific chemical properties of food are changed during cooking?
2. How do these changes affect the taste, texture, and nutritional value of the food?
3. Are there any examples of foods that cannot be consumed raw and require cooking to make them safe to eat?
4. Can cooking also change the chemical properties of food in ways that make it less healthy or nutritious?","Sure! Here are five questions that might come to mind when encountering the statement ""Cooking changes the chemical properties of food, making it edible or more palatable"" for the first time:

1. What specific chemical changes occur during cooking?
2. How do these changes make food more edible or palatable?
3. Are there any instances where cooking can actually decrease the chemical properties of food?
4. Can I control these chemical changes through different cooking methods or techniques?
5. How does this statement relate to my own experiences with food and cooking?","* What are chemical properties and how do they differ before and after cooking?
* How does cooking make food edible?
* How does cooking enhance the palatability of food?
* What types of changes occur during cooking that affect the chemical properties?
* Are there any specific examples of chemical changes in common foods during cooking?","1. What is cooking? 
2. How does cooking change the chemical properties of food? 
3. Why do we need to cook our food? 
4. Are there any foods that should not be cooked? 
5. Can cooking make food healthier?","- What specific chemical reactions occur during cooking and how do they alter the properties of food?
- How do different cooking methods (e.g., boiling, frying, grilling) affect the chemical composition of food?
- What are the nutritional consequences of cooking on food, and how can it affect the bioavailability of nutrients?
- How can knowledge of cooking chemistry be applied to improve the taste and health benefits of meals?
- What are the potential risks associated with certain cooking methods and how can they be mitigated to ensure food safety?","- How does cooking change the chemical properties of food?
- What specific chemical reactions occur during cooking?
- Why does cooking make food edible or more palatable?
- Are there certain cooking methods that are more effective in changing the chemical properties of food?
- What are some examples of foods that significantly change in chemical properties when cooked?","1. What exactly are the chemical properties of food?
2. How does cooking alter these chemical properties? 
3. What does it mean for food to be ""edible"" or ""more palatable""?
4. Can all types of food experience these chemical changes through cooking?
5. Are there specific cooking methods that cause different chemical changes?"
"Imagine you are a human, this is the first time you are coming across this Chemistry Statement, you have no previous knowledge of it ""Dissolving sugar in tea makes it sweet without changing the amount of liquid noticeably."", what are the top 5 questions that would pop up in your head which would be most useful in learning about it as you are new to it. Give me a simple bullet point list, don't explain them or expand them","Sure! Here are five questions that might pop up in my mind if I were encountering the Chemistry Statement ""Dissolving sugar in tea makes it sweet without changing the amount of liquid noticeably"" for the first time:
 What exactly is sugar, and how does it make tea sweet? How does adding sugar to tea affect its volume or quantity? Does the amount of sugar added to tea affect its taste? Is there a specific type of sugar that works best in tea? Can other substances besides sugar be used to sweeten tea without changing its volume?","Sure! Here are five questions that might pop up in my head as a human encountering the statement ""Dissolving sugar in tea makes it sweet without changing the amount of liquid noticeably"" for the first time:

* How does dissolving sugar in tea make it sweet?
* What happens to the sugar when it's dissolved in the tea?
* Does the amount of sugar affect the sweetness of the tea?
* Can other substances be dissolved in tea to change its flavor?
* Is there a limit to how much sugar can be dissolved in a certain amount of","Sure! Here are the top 5 questions that might come to mind when encountering the Chemistry Statement for the first time:

1. What does it mean by ""dissolving sugar in tea""? Is it a chemical reaction?
2. How does dissolving sugar in tea make it sweet without changing the amount of liquid noticeably? Is there a specific process involved?
3. Why doesn't the amount of liquid change noticeably? Is it because of some property of the tea or the sugar?
4. What kind of tea are we talking about here? Does it matter?
5","1. How does sugar dissolve in tea?
2. What is the chemical process that occurs when sugar is added to tea?
3. How does adding sugar affect the taste of tea?
4. Why doesn't adding sugar change the amount of liquid noticeably?
5. Is there a limit to how much sugar can be dissolved in tea before it becomes noticeable?","1. What is dissolving?
2. How does sugar dissolve in tea?
3. Why does adding sugar make tea taste sweeter?
4. Does adding sugar change the volume of tea significantly?
5. Are there any other substances that can be dissolved in tea to create different flavors?",̇.,"- How does sugar dissolve in tea?
- Why does dissolving sugar in tea make it sweet?
- Does dissolving sugar change the amount of liquid?
- What other substances can be dissolved in tea to make it sweet?
- Is there a limit to how much sugar can be dissolved in tea?","1. What does ""dissolving"" mean in the context of chemistry?
2. How does sugar make the tea sweet? 
3. Why doesn't the amount of liquid change noticeably when sugar is added?
4. What other substances behave similarly to sugar when added to a liquid?
5. Can sugar be dissolved in other liquids as well or only in tea?"
"Imagine you are a human, this is the first time you are coming across this Chemistry Statement, you have no previous knowledge of it ""The process of digestion in humans involves chemical reactions that break down food."", what are the top 5 questions that would pop up in your head which would be most useful in learning about it as you are new to it. Give me a simple bullet point list, don't explain them or expand them","Sure! Here are five questions that might pop up in my mind if I were encountering the Chemistry Statement ""The process of digestion in humans involves chemical reactions that break down food"" for the first time:
 What exactly are these chemical reactions? How do they break down food? What types of food are broken down in this way? Is this process essential for our survival? Can you provide examples of these chemical reactions and how they work?","Sure, here are five questions that might be useful for learning about the chemistry of digestion in humans:

* What specific chemical reactions are involved in digestion?
* How do enzymes play a role in breaking down food molecules?
* What is the role of pH in digestion, and how does it affect the chemical reactions involved?
* How do the different parts of the digestive system (e.g. stomach, small intestine) contribute to the overall process of digestion?
* Are there any nutrients or substances that are particularly","Sure! Here are five questions that might come to mind when encountering the statement ""The process of digestion in humans involves chemical reactions that break down food"" for the first time:

1. What are the specific chemical reactions involved in digestion?
2. How do these chemical reactions occur within the body?
3. What are the different steps involved in the digestion process?
4. Which organs are responsible for each step of the digestion process?
5. How does the digestion process impact the nutrient content of food and how much energy can be extracted from it?","* What kinds of chemicals are involved in the digestion process?
* How do these chemical reactions break down food?
* What parts of the body are responsible for carrying out these chemical reactions?
* Are there different types of chemical reactions for breaking down different types of food (carbohydrates, proteins, fats)?
* What is the purpose or result of these chemical reactions (e.g., energy production, nutrient absorption)?","1. What is digestion?
2. How does the body break down food chemically?
3. What types of chemical reactions occur during digestion?
4. Which organs and enzymes are involved in the digestive process?
5. What happens to the nutrients after they are broken down by chemical reactions?","- What specific chemical reactions occur during digestion?
- How does the body regulate these reactions?
- What are the different enzymes involved in digestion?
- How does the body absorb nutrients from food?
- What factors can affect the efficiency of digestion?","- What are the specific chemical reactions involved in digestion?
- How do these chemical reactions break down food?
- Are there different types of chemical reactions involved in digestion?
- What role do enzymes play in the digestion process?
- How does the process of digestion benefit the human body?","1. What are the specific chemical reactions involved in human digestion?
2. How does the human body facilitate these chemical reactions?
3. What types of food are broken down in these reactions?
4. What is the end result of these chemical reactions in digestion?
5. How do these digestive reactions contribute to human health and well-being?"
"Imagine you are a human, this is the first time you are coming across this Chemistry Statement, you have no previous knowledge of it ""Non-stick cookware is coated with a material that prevents food from adhering to it due to its chemical properties."", what are the top 5 questions that would pop up in your head which would be most useful in learning about it as you are new to it. Give me a simple bullet point list, don't explain them or expand them","Sure! Here are five questions that might pop up in my mind if I were encountering the Chemistry Statement for the first time:
 What is the name of the material used to coat non-stick cookware?
 How does the material prevent food from adhering to the cookware?
 Is the material safe for use in cooking?
 Can the material be damaged or degraded by high heat or harsh cleaning agents?
 Are there any health risks associated with using non-stick cookware?","Sure, here are five questions that might pop up in a human's head when encountering the statement about non-stick cookware for the first time:

* What kind of material is used to coat non-stick cookware?
* How does the material prevent food from sticking to the cookware?
* Is the material safe for cooking at high temperatures?
* Does the non-stick coating wear off over time, and if so, how can it be maintained or replaced?
* Are there any potential health risks associated with using non-stick cookware?","Sure! Here are the top 5 questions that might come to mind when encountering the statement ""Non-stick cookware is coated with a material that prevents food from adhering to it due to its chemical properties"" for the first time:

1. What is the material used in non-stick cookware?
2. How does the material prevent food from sticking to it?
3. Is the material safe to use in cooking?
4. Does the material affect the taste of food cooked in non-stick pans?
5. How long does the non-","* What is the material used for non-stick coatings?
* How does the coating prevent food from adhering to it?
* What are the chemical properties of the coating material that contribute to its non-stick ability?
* Are there any potential downsides or risks associated with using non-stick cookware?
* Are there alternatives to non-stick coatings for cooking surfaces?","1. What is non-stick cookware?
2. How does the coating on non-stick cookware prevent food from sticking?
3. What are the materials used for the coating on non-stick cookware?
4. Are there any health concerns associated with using non-stick cookware?
5. Can I use non-stick cookware for high heat cooking?","- What is the specific chemical material used in non-stick cookware?
- How does its chemical structure contribute to its non-stick properties?
- Are there any potential risks or drawbacks associated with using this material?
- How durable is the non-stick coating and how long does it typically last?
- Are there alternative non-stick materials with different chemical properties that offer advantages or disadvantages?","- What is the material used to coat non-stick cookware?
- How does the material prevent food from sticking?
- Are there any potential risks or health concerns associated with using non-stick cookware?
- How long does the non-stick coating last?
- How should non-stick cookware be properly cared for and maintained?","1. What is the material used to coat non-stick cookware?
2. What are the chemical properties that make it non-stick?
3. How is the coating applied to the cookware?
4. Are there any environmental or health impacts of using such coatings?
5. How does the non-stick coating affect the cooking process?"
"Imagine you are a human, this is the first time you are coming across this Chemistry Statement, you have no previous knowledge of it ""The glow of fireflies is a result of a biochemical reaction."", what are the top 5 questions that would pop up in your head which would be most useful in learning about it as you are new to it. Give me a simple bullet point list, don't explain them or expand them","Sure! Here are five questions that might pop up in my mind if I were encountering the statement ""The glow of fireflies is a result of a biochemical reaction"" for the first time:
 What is the biochemical reaction behind the glow? What substances are involved in the reaction? How does the reaction produce light? Is the reaction unique to fireflies or do other organisms also undergo similar reactions? Can the reaction be modified or controlled to create different colors or intensities of light?","Sure! Here are five questions that might be useful for learning about the biochemical reaction that produces the glow of fireflies:

* What is the chemical equation for the reaction?
* Which chemicals are involved in the reaction?
* How do fireflies produce the chemicals needed for the reaction?
* What is the role of oxygen in the reaction?
* How does the reaction produce light?","Sure! Here are five questions that might come to mind when encountering the statement ""The glow of fireflies is a result of a biochemical reaction"" for the first time:

1. What is a biochemical reaction?
2. How does a firefly produce light through a biochemical reaction?
3. What are the specific chemicals involved in the reaction?
4. Why do fireflies glow, and how does this help them survive or reproduce?
5. Are there any other living things that produce light through a similar biochemical reaction?","* What is the biochemical reaction responsible for the glow of fireflies?
* Are there specific chemicals involved in this reaction?
* How does the biochemical reaction occur in fireflies?
* Is the glow produced by fireflies similar to any other natural or artificial light sources?
* What is the purpose or function of this biochemical reaction in fireflies?","1. What causes fireflies to produce light?
2. How does this process work on a chemical level?
3. Are there any other organisms that use similar methods for producing light?
4. Can we replicate this process for practical applications?
5. Is there any potential harm to the environment from this type of chemical reaction?","* What specific biochemical reaction is responsible for the glow?
* How does the reaction produce light?
* Are there any environmental factors that affect the glow?
* Can the reaction be replicated in a laboratory?
* Are there any other organisms that exhibit similar biochemical reactions?","- What is a biochemical reaction?
- How do fireflies produce light?
- What are the components involved in the reaction?
- Why do fireflies glow?
- Can this reaction be replicated in other organisms?","1. What is a biochemical reaction?
2. How does this biochemical reaction cause fireflies to glow?
3. Which chemicals are involved in this reaction in fireflies?
4. Are there other animals that use biochemical reactions to produce light?
5. How does this biochemical reaction influence the lifecycle or behavior of fireflies?"
"Imagine you are a human, this is the first time you are coming across this Chemistry Statement, you have no previous knowledge of it ""Salt lowers the freezing point of water, which is why it's used to melt ice on roads."", what are the top 5 questions that would pop up in your head which would be most useful in learning about it as you are new to it. Give me a simple bullet point list, don't explain them or expand them","Sure! Here are five questions that might pop up in my head if I were encountering the Chemistry Statement ""Salt lowers the freezing point of water, which is why it's used to melt ice on roads"" for the first time:
 What exactly does salt do to water? Why does salt lower the freezing point of water? How much salt is needed to melt ice on roads? Is there a specific type of salt that works best for melting ice? Are there any potential drawbacks or side effects to using salt to melt","Sure! Here are five questions that might be useful for a human who is encountering the statement about salt lowering the freezing point of water for the first time:

* What is the scientific explanation behind why salt lowers the freezing point of water?
* How much salt is needed to effectively melt ice on roads?
* Are there any environmental concerns associated with using salt to melt ice on roads?
* Are there any alternative methods for melting ice on roads that do not involve using salt?
* Can salt be used to melt other types of frozen materials besides ice?","Sure! Here are the top 5 questions that might come to mind when encountering the statement ""Salt lowers the freezing point of water, which is why it's used to melt ice on roads"" for the first time:

1. What is the relationship between salt and freezing point? How does one affect the other?
2. Why is it important to lower the freezing point of water in this context? Are there any safety concerns if the ice is not melted?
3. How does adding salt to water affect its ability to freeze? Is there a certain amount of","* What is a salt and how is it different from other types of compounds?
* How does the freezing point of a substance relate to its temperature?
* Why does adding salt lower the freezing point of water specifically?
* How much salt is needed to effectively lower the freezing point of water?
* What are some real-world applications for using salt to lower the freezing point of water?","1. What is salt?
2. How does salt lower the freezing point of water?
3. Why is salt used to melt ice on roads?
4. Are there any other uses for salt besides melting ice?
5. Can salt affect the taste of food?","- Why does salt lower the freezing point of water?
- How does the amount of salt affect the freezing point?
- What other substances can lower the freezing point of water?
- Does the phenomenon apply to all types of salts?
- How can this knowledge be used practically in different scenarios?","- How does salt lower the freezing point of water?
- Why is it necessary to lower the freezing point of water on roads?
- What other substances can lower the freezing point of water?
- Does salt have any other uses in chemistry or everyday life?
- Are there any potential environmental effects of using salt to melt ice on roads?","1. How does salt lower the freezing point of water?
2. What kind of salt is used to melt ice on roads?
3. Are there any other substances that can lower the freezing point of water?
4. To what temperature can the freezing point of water be lowered by using salt?
5. What are the environmental effects of using salt to melt ice on roads?"
"Imagine you are a human, this is the first time you are coming across this Chemistry Statement, you have no previous knowledge of it ""The process of photosynthesis in plants converts carbon dioxide and water into oxygen and glucose."", what are the top 5 questions that would pop up in your head which would be most useful in learning about it as you are new to it. Give me a simple bullet point list, don't explain them or expand them","Sure! Here are five questions that might pop up in my mind as a human new to the concept of photosynthesis:

1. What is the source of the energy used in photosynthesis?
2. How does the plant convert carbon dioxide and water into oxygen and glucose?
3. What role do chlorophyll and other pigments play in the process?
4. How does the plant regulate the amount of oxygen and glucose produced during photosynthesis?
5. What are some examples of plants that undergo photosynthesis, and how do","Sure, here are five questions that might pop up in a human's head when encountering the statement about photosynthesis for the first time:

* What is photosynthesis?
* How does photosynthesis convert carbon dioxide and water into oxygen and glucose?
* Why do plants need photosynthesis?
* What is the role of sunlight in photosynthesis?
* How does photosynthesis affect the environment?","Sure! Here are the top 5 questions that might come to mind when encountering the statement ""The process of photosynthesis in plants converts carbon dioxide and water into oxygen and glucose"" for the first time:

1. What is photosynthesis?
2. How does photosynthesis convert carbon dioxide and water into oxygen and glucose?
3. Why is photosynthesis important?
4. What role do plants play in photosynthesis?
5. How does photosynthesis relate to other biological processes?","* What is photosynthesis and what role do plants play in this process?
* What are the reactants involved in photosynthesis?
* What are the products of photosynthesis?
* How do plants convert carbon dioxide and water into oxygen and glucose?
* What is the significance of photosynthesis for the environment and living organisms?","1. What is photosynthesis?
2. How does it work?
3. Why is it important for plants?
4. What are the inputs and outputs of photosynthesis?
5. How do humans benefit from photosynthesis?","- What is photosynthesis?
- How does photosynthesis happen?
- What are the raw materials and products of photosynthesis?
- What is the role of sunlight and chlorophyll in photosynthesis?
- Where does photosynthesis take place in plants?","- What is photosynthesis?
- How does photosynthesis work in plants?
- What are the inputs and outputs of photosynthesis?
- Why is photosynthesis important for plants?
- Can photosynthesis occur in other organisms besides plants?","1. What is photosynthesis?
2. How does carbon dioxide and water convert into oxygen and glucose?
3. What role does sunlight play in the photosynthesis process?
4. Why do plants need to produce glucose?
5. What happens to the oxygen produced in photosynthesis?"
"Imagine you are a human, this is the first time you are coming across this Chemistry Statement, you have no previous knowledge of it ""Helium is used in balloons because it is lighter than air and non-reactive."", what are the top 5 questions that would pop up in your head which would be most useful in learning about it as you are new to it. Give me a simple bullet point list, don't explain them or expand them","Sure! Here are five questions that might pop up in my head as a human new to the Chemistry Statement ""Helium is used in balloons because it is lighter than air and non-reactive"":

1. What makes helium lighter than air?
2. Why is non-reactivity important for balloons?
3. How does helium differ from other gases that could also be used in balloons?
4. Is there any danger associated with using helium in balloons?
5. Can helium be used in other applications beyond balloons","Sure! Here are five questions that might pop up in my head as a human encountering the statement about helium in balloons for the first time:

* What is helium?
* Why does it being lighter than air matter?
* What does it mean for a gas to be non-reactive?
* How does using helium in balloons make them float?
* Are there any other uses for helium besides filling balloons?","Sure! Here are five questions that might come to mind when encountering the statement ""Helium is used in balloons because it is lighter than air and non-reactive"" for the first time:

1. What does it mean for something to be ""lighter than air""? How does that relate to helium being used in balloons?
2. Why is helium non-reactive? Is that important for its use in balloons?
3. How do balloons work? How does the helium inside them make them float?
4. Where does helium come","* What is helium and its properties?
* Why is helium lighter than air?
* How does helium's non-reactivity make it suitable for use in balloons?
* Are there any safety concerns associated with using helium in balloons?
* What are some alternative gases that could be used in balloons instead of helium?","1. What is Helium? 
2. Why is it lighter than air? 
3. How does its non-reactivity make it suitable for use in balloons? 
4. Is there any other application of Helium besides being used in balloons? 
5. Where can I find more information on Helium?","- What exactly makes helium lighter than air?
- Why is it non-reactive, and what implications does that have?
- Besides balloons, what other applications does helium have?
- Are there any safety concerns or precautions to keep in mind when using helium?
- How is helium obtained or produced?","- Why is helium lighter than air?
- How is helium obtained?
- What does it mean for helium to be non-reactive?
- How does the use of helium in balloons work?
- Are there any alternative uses for helium?","1. What makes helium lighter than air?
2. Why is it important that helium is non-reactive?
3. How is helium produced or sourced?
4. Are there other gases that can be used in balloons instead of helium?
5. What are the potential dangers or precautions associated with using helium?"
"Imagine you are a human, this is the first time you are coming across this Chemistry Statement, you have no previous knowledge of it ""The smell of rain is caused by chemical compounds released by dry earth and plants."", what are the top 5 questions that would pop up in your head which would be most useful in learning about it as you are new to it. Give me a simple bullet point list, don't explain them or expand them","Sure! Here are five questions that might pop up in my mind if I were encountering the Chemistry Statement ""The smell of rain is caused by chemical compounds released by dry earth and plants"" for the first time:
 What are these chemical compounds? How do they get released from dry earth and plants? Why does the smell of rain come from these compounds specifically? Is there any scientific evidence supporting this claim? Can you provide examples of these compounds and how they contribute to the distinct smell of rain?","Sure, here are five questions that might pop up in my head as a human encountering the statement about the smell of rain for the first time:

* What are the specific chemical compounds released by dry earth and plants that cause the smell of rain?
* How do these compounds produce the characteristic smell of rain?
* Are there any other factors that contribute to the smell of rain, such as temperature or humidity?
* Do different types of soil or plants produce different smells when they are wet?
* Is there a scientific name for the smell of rain, and","Sure! Here are five questions that might come to mind when encountering the statement ""The smell of rain is caused by chemical compounds released by dry earth and plants"" for the first time:

1. What are these chemical compounds?
2. How do plants release these compounds?
3. Why does the smell of rain come from these compounds specifically?
4. Are there any other factors that can affect the smell of rain?
5. How do these compounds interact with my sense of smell to create the sensation of the smell of rain?","* What are the specific chemical compounds responsible for the smell of rain?
* How do these chemical compounds get released into the air during rain?
* Why do only dry earth and plants release these chemical compounds?
* Is the smell of rain the same everywhere in the world, or does it vary based on location?
* Are there any factors that affect the intensity or strength of the smell of rain?","1. What causes the smell of rain?
2. How do dry earth and plants release chemical compounds?
3. Are there any specific chemicals responsible for the smell of rain?
4. Is the smell of rain different from region to region?
5. Can the smell of rain be harmful to humans?","* What chemical compounds are released by dry earth and plants?
* How do these compounds cause the smell of rain?
* Is the smell of rain unique to certain types of soil or plants?
* Are there any factors that influence the intensity or duration of the smell?
* Can the smell of rain be replicated artificially?","- What chemical compounds are released by dry earth and plants?
- How do these compounds create the smell of rain?
- Why do these compounds only release when it rains?
- Is the smell of rain the same everywhere in the world?
- Can the smell of rain be harmful to humans or animals?","1. What are the specific chemical compounds that cause the smell of rain?
2. How are these compounds released from dry earth and plants?
3. Is the smell of rain the same all over the world or does it vary based on geographical location and types of plants?
4. How are these chemical compounds produced within the earth and plants?
5. What role does the weather (like humidity) and other environmental factors play in the release of these compounds?"
"Imagine you are a human, this is the first time you are coming across this Chemistry Statement, you have no previous knowledge of it ""Limestone reacts with acid rain and erodes, affecting buildings and statues."", what are the top 5 questions that would pop up in your head which would be most useful in learning about it as you are new to it. Give me a simple bullet point list, don't explain them or expand them","Sure! Here are five questions that might pop up in my mind if I were encountering the Chemistry Statement ""Limestone reacts with acid rain and erodes, affecting buildings and statues"" for the first time:
 What is limestone, and why does it react with acid rain? What is acid rain, and how does it form? How does the reaction between limestone and acid rain cause erosion? What types of buildings and statues are affected by this erosion? Are there any ways to prevent or mitigate the effects of","Sure, here are five questions that might pop up in my head as a human encountering the statement about limestone and acid rain for the first time:

* What is limestone?
* What is acid rain?
* How does limestone react with acid rain?
* Why does this reaction matter for buildings and statues?
* Can anything be done to prevent or mitigate the effects of acid rain on limestone structures?","Sure! Here are the top 5 questions that might come to mind when encountering the statement ""Limestone reacts with acid rain and erodes, affecting buildings and statues"" for the first time:

1. What is limestone?
2. What is acid rain?
3. How does limestone react with acid rain?
4. Why does this reaction matter for buildings and statues?
5. What can be done to prevent or mitigate the effects of acid rain on limestone structures?","* What is limestone and its composition?
* What is acid rain and how is it formed?
* How does the reaction between limestone and acid rain occur?
* What are the effects of this reaction on buildings and statues?
* Are there any ways to prevent or mitigate the impact of acid rain on limestone structures?","1. What is limestone? 
2. What is acid rain? 
3. How does acid rain affect buildings and statues made of limestone? 
4. What happens when limestone reacts with acid rain? 
5. Is there any way to prevent or slow down the erosion caused by acid rain on limestone structures?","- What is limestone and what are its properties?
- What is acid rain and how does it form?
- How does acid rain react with limestone?
- What are the effects of limestone erosion on buildings and statues?
- How can we prevent or mitigate limestone erosion?","- What is limestone?
- How does limestone react with acid rain?
- Why does the erosion of limestone affect buildings and statues?
- What are the implications of this reaction on the environment?
- Can anything be done to prevent or mitigate this erosion?","1. What exactly is limestone composed of?
2. How exactly does acid rain cause erosion to limestone?
3. What is the chemical reaction between limestone and acid rain?
4. What are some examples of buildings or statues affected by this phenomenon?
5. Are there any potential solutions or preventative measures against this erosion?"
"Imagine you are a human, this is the first time you are coming across this Chemistry Statement, you have no previous knowledge of it ""The blue color of copper sulfate is due to its chemical composition."", what are the top 5 questions that would pop up in your head which would be most useful in learning about it as you are new to it. Give me a simple bullet point list, don't explain them or expand them","Sure! Here are five questions that might pop up in my mind as a beginner when encountering the statement ""The blue color of copper sulfate is due to its chemical composition"":

1. What is copper sulfate and why is it blue?
2. How does the chemical composition of copper sulfate affect its color?
3. Is the blue color unique to copper sulfate or do other compounds also exhibit similar colors?
4. Can the color of copper sulfate be affected by external factors such as temperature or pH?
5. How can","Sure, here are five questions that might pop up in my head as a human encountering the statement about copper sulfate's blue color for the first time:

* What is copper sulfate?
* Why does copper sulfate have a blue color?
* Is the blue color due to the presence of some other substance, or is it a property of the copper sulfate itself?
* How does the chemical composition of copper sulfate relate to its blue color?
* Are there any other compounds that exhibit similar color properties due to their chemical","Sure! Here are five questions that might come to mind when encountering the statement ""The blue color of copper sulfate is due to its chemical composition"" for the first time:

1. What is copper sulfate?
2. What is the chemical composition of copper sulfate that gives it its blue color?
3. How does the blue color of copper sulfate differ from other blues I've seen in chemistry (e.g. blue litmus solution)?
4. Why is the blue color of copper sulfate important or relevant?
5","* What is copper sulfate and what is its chemical composition?
* Why does the chemical composition of copper sulfate result in a blue color?
* Are there other factors, such as temperature or concentration, that affect the color of copper sulfate?
* How stable is the blue color of copper sulfate - can it be changed or removed through chemical reactions?
* Are there any real-world applications or examples where the blue color of copper sulfate is relevant or useful?","1. What is the chemical formula for copper sulfate?
2. How does the chemical composition of copper sulfate contribute to its blue color?
3. Can you provide an example of another compound with a similar color change based on its chemical composition?
4. Are there any other factors besides chemical composition that can affect the color of a substance?
5. Is there a way to reverse the color change in copper sulfate if needed?","- What elements or compounds make up copper sulfate?
- Why does this specific composition cause blue coloration?
- Are there any other substances with a similar chemical composition that exhibit different colors?
- What applications utilize the blue color of copper sulfate?
- Can the blue color be modified or influenced by external factors?","- What is copper sulfate?
- Why is copper sulfate blue?
- What are the chemicals that make up copper sulfate?
- How does the chemical composition of copper sulfate result in a blue color?
- What other properties does copper sulfate have?","1. What is the chemical composition of copper sulfate?
2. How does the chemical composition impact the color of a substance?
3. Are there other chemical compounds similar to copper sulfate that also create a blue color?
4. Can the color of copper sulfate change under different conditions?
5. What other properties does copper sulfate have due to its chemical composition?"
"Imagine you are a human, this is the first time you are coming across this Chemistry Statement, you have no previous knowledge of it ""Inflating a balloon with baking soda and vinegar demonstrates a gas-producing reaction."", what are the top 5 questions that would pop up in your head which would be most useful in learning about it as you are new to it. Give me a simple bullet point list, don't explain them or expand them","Sure! Here are five questions that might pop up in my mind if I were encountering the Chemistry Statement ""Inflating a balloon with baking soda and vinegar demonstrates a gas-producing reaction"" for the first time:
 What is the gas produced during the reaction? Why does the balloon inflate when the baking soda and vinegar react? Is the reaction exothermic or endothermic? How does the reaction produce gas? Can I use this reaction to inflate other objects besides balloons","Sure! Here are five questions that might be useful for learning about the chemistry statement ""Inflating a balloon with baking soda and vinegar demonstrates a gas-producing reaction"":

* What are baking soda and vinegar made of?
* How do baking soda and vinegar react with each other?
* What is the gas produced during the reaction?
* Why does the balloon inflate when baking soda and vinegar are mixed together?
* Can this reaction be used for any practical applications?","Sure! Here are the top 5 questions that might come to mind when encountering the Chemistry Statement for the first time:

1. What are baking soda and vinegar?
2. How do they react together to produce gas?
3. Why does this reaction produce gas?
4. Is this reaction safe to perform?
5. Can I use this reaction for any purpose?","* What is the exact chemical reaction between baking soda and vinegar?
* How does this reaction produce gas?
* What kind of gas is produced by this reaction?
* Is the gas produced harmful or safe?
* How does inflating a balloon demonstrate this gas-producing reaction?","1. What is a gas-producing reaction?
2. How does inflating a balloon work?
3. What is baking soda and vinegar?
4. Why do they react together?
5. Can I use other materials instead of baking soda and vinegar?","- What is a gas-producing reaction?
- How does baking soda and vinegar create a gas?
- What is the chemical equation for this reaction?
- What other materials could be used to create a gas in this way?
- What are the safety precautions to consider when performing this experiment?","- What is baking soda and vinegar?
- How does the reaction work?
- What gas is produced?
- How does the balloon inflate?
- Is this reaction safe to do at home?","1. What is the chemical reaction between baking soda and vinegar?
2. How does the reaction between baking soda and vinegar produce gas?
3. What gas is produced from the reaction of baking soda and vinegar?
4. Why does the balloon inflate when this gas is produced?
5. Are there any other common substances that react in a similar way to produce gas?"
"Imagine you are a human, this is the first time you are coming across this Chemistry Statement, you have no previous knowledge of it ""The process of making cheese from milk is an example of a chemical change."", what are the top 5 questions that would pop up in your head which would be most useful in learning about it as you are new to it. Give me a simple bullet point list, don't explain them or expand them","Sure! Here are five questions that might pop up in my head as a human with no prior knowledge of the statement ""The process of making cheese from milk is an example of a chemical change"":

1. What exactly is a chemical change?
2. How does the process of making cheese involve a chemical change?
3. What specific chemicals are involved in the cheese-making process?
4. Is the chemical change reversible or irreversible?
5. Can other food products also undergo similar chemical changes during processing?","Sure! Here are five questions that might pop up in my head as a human encountering the statement ""The process of making cheese from milk is an example of a chemical change"" for the first time:

* What is meant by ""chemical change""?
* How does the process of making cheese from milk involve a chemical change?
* What are the specific chemical reactions involved in turning milk into cheese?
* Is cheese made from all types of milk, or are certain types better suited for cheese production?
* Can other dairy products, like yogurt or butter","Sure! Here are five questions that might come to mind when encountering the statement ""The process of making cheese from milk is an example of a chemical change"" for the first time:

1. What is meant by ""chemical change""?
2. How does the process of making cheese involve a chemical change?
3. What are some other examples of chemical changes?
4. Why is the change from milk to cheese considered a chemical change?
5. How does understanding chemical changes help us understand the process of making cheese?","* What is the definition of a chemical change?
* How does the process of making cheese involve a chemical change?
* What specific chemical reactions occur during the cheese-making process?
* Are there any physical changes that take place during cheese production, or is it purely a chemical transformation?
* Is it possible to reverse the chemical changes that occur during cheese making, or are they permanent?","1. What is a chemical change? 
2. How does the process of making cheese involve a chemical change? 
3. Can you give more examples of chemical changes? 
4. How can I identify if a change is a chemical change or not? 
5. Why is understanding chemical changes important?","- What are the chemical reactions involved?
- How does milk transform into cheese?
- What ingredients contribute to the chemical change?
- How does the process affect the nutritional value of the milk?
- What other examples of chemical changes occur in food preparation?","- How is cheese made from milk?
- What is a chemical change?
- What are the chemical reactions involved in making cheese?
- Why is making cheese considered a chemical change?
- What are the differences between chemical and physical changes in terms of making cheese?","1. What exactly is a chemical change?
2. How is milk transformed into cheese?
3. What chemical reactions occur during this transformation?
4. Are there other examples of chemical changes in everyday life?
5. Can the process of making cheese be reversed?"
"Imagine you are a human, this is the first time you are coming across this Chemistry Statement, you have no previous knowledge of it ""Adding chlorine to swimming pools disinfects the water by killing bacteria."", what are the top 5 questions that would pop up in your head which would be most useful in learning about it as you are new to it. Give me a simple bullet point list, don't explain them or expand them","Sure! Here are five questions that might pop up in my head if I were new to the concept of adding chlorine to swimming pools to disinfect the water:
 What exactly is chlorine and where does it come from?
 How does chlorine kill bacteria in swimming pool water?
 Is there a specific amount of chlorine needed to effectively disinfect the water?
 Are there any potential risks or side effects associated with using chlorine in swimming pools?
 How often should chlorine be added","Sure, here are five questions that might pop up in a human's head when encountering the statement ""Adding chlorine to swimming pools disinfects the water by killing bacteria"" for the first time:

* What is chlorine and how does it work to disinfect water?
* How does chlorine kill bacteria in swimming pools?
* Is chlorine safe for humans to swim in?
* Are there any other ways to disinfect swimming pool water besides using chlorine?
* How much chlorine","Sure! Here are the top 5 questions that might come to mind when encountering the statement ""Adding chlorine to swimming pools disinfects the water by killing bacteria"" for the first time:

1. What is chlorine and how does it work to kill bacteria?
2. Why is it important to disinfect swimming pools?
3. How does adding chlorine to the pool compare to other methods of disinfection?
4. Are there any safety concerns associated with using chlorine in swimming pools?
5.","* How does chlorine kill bacteria?
* What types of bacteria does chlorine kill?
* Is chlorine safe for swimmers at certain levels?
* How much chlorine should be added to a swimming pool?
* Are there any alternatives to using chlorine to disinfect swimming pools?","1. What is chlorine?
2. How does chlorine kill bacteria?
3. Why do we need to disinfect swimming pool water?
4. Are there any side effects of using chlorine in swimming pools?
5. Is there an alternative to using chlorine for disinfection?","- How does chlorine kill bacteria?
- What other benefits does adding chlorine to swimming pools have?
- Are there any drawbacks to using chlorine in swimming pools?
- What are the safety precautions to consider when using chlorine?
- Are there any alternative methods to disinfecting water in swimming pools?","- What is chlorine?
- How does chlorine kill bacteria?
- Why is disinfecting swimming pools important?
- Are there any potential side effects of adding chlorine to swimming pools?
- How often should chlorine be added to swimming pools for effective disinfection?","1. How does chlorine kill bacteria in swimming pool water?
2. How much chlorine is safe to add to a swimming pool?
3. What are the potential health impacts of swimming in chlorinated water?
4. Are there any alternatives to using chlorine for disinfecting swimming pools?
5. How often should chlorine be added to a swimming pool to keep it disinfected?"
"Imagine you are a human, this is the first time you are coming across this Chemistry Statement, you have no previous knowledge of it ""The browning of cut apples is due to oxidation."", what are the top 5 questions that would pop up in your head which would be most useful in learning about it as you are new to it. Give me a simple bullet point list, don't explain them or expand them","Sure! Here are five questions that might pop up in my mind if I were encountering the statement ""The browning of cut apples is due to oxidation"" for the first time:
 What exactly is oxidation? Why do cut apples turn brown when exposed to air? How does the browning process occur? Is there any way to prevent or slow down the browning process? Can oxidation affect other fruits and vegetables as well?","Sure! Here are five questions that might be useful for learning about the browning of cut apples:

* What is oxidation?
* Why do cut apples turn brown?
* Is there a way to prevent or slow down the browning process?
* Does the browning affect the nutritional value or safety of the apple?
* Can other fruits and vegetables also undergo similar browning processes?","Sure! Here are five questions that might come to mind when encountering the statement ""The browning of cut apples is due to oxidation"" for the first time:

1. What is oxidation?
2. How does oxidation cause apples to brown?
3. Is browning of apples only caused by oxidation, or could there be other factors involved?
4. Can I prevent or slow down the browning of apples during storage or preparation?
5. Are there any other examples of oxidation-related processes in everyday life that I should","* What is oxidation and how does it affect apples?
* Why does oxidation cause the apple to brown?
* Is the browning of cut apples a chemical reaction?
* Can the browning of cut apples be prevented or slowed down?
* Are other fruits also affected by oxidation in a similar way?","1. What is oxidation?
2. How does oxidation cause browning in cut apples?
3. Are there any other examples of oxidation causing changes in food?
4. Can we prevent apple browning through some method?
5. Is there anything else I should know about oxidation and its effects on food?","- What is oxidation?
- How does oxidation cause apples to brown?
- What is the chemical that turns apples brown?
- How can I prevent apples from browning?
- Are there any benefits to the browning of apples?","- What is oxidation?
- Why does oxidation cause browning in cut apples?
- Are there ways to prevent or slow down the browning process?
- Does the browning of cut apples affect their taste or nutritional value?
- Can other fruits or foods also undergo oxidation and browning?","1. What is oxidation?
2. How does oxidation cause browning in apples?
3. Does oxidation occur in other fruits or foods?
4. Can oxidation of cut apples be prevented or slowed down? 
5. Why does oxidation only appear to happen when the apple is cut?"
"Imagine you are a human, this is the first time you are coming across this Chemistry Statement, you have no previous knowledge of it ""Water droplets forming on the outside of a cold glass are a result of condensation."", what are the top 5 questions that would pop up in your head which would be most useful in learning about it as you are new to it. Give me a simple bullet point list, don't explain them or expand them","Sure! Here are five questions that might pop up in my mind if I were encountering the statement ""Water droplets forming on the outside of a cold glass are a result of condensation"" for the first time:
 What exactly is condensation? Why does the glass need to be cold for water droplets to form? How do water droplets form on the outside of the glass? Is there a specific temperature at which this occurs? Can this happen with other liquids besides water?","Sure! Here are five questions that might be useful for a human who is encountering the concept of water droplets forming on the outside of a cold glass for the first time:

* What is condensation?
* Why does it happen on the outside of a cold glass?
* How does the temperature of the glass affect the formation of water droplets?
* Is there a difference between the formation of water droplets on a hot glass and a cold glass?
* Can this phenomenon be observed with other liquids besides water?","Sure! Here are five questions that might come to mind when encountering the statement ""Water droplets forming on the outside of a cold glass are a result of condensation"" for the first time:

1. What is condensation?
2. Why does water condense onto the outside of a cold glass?
3. How does temperature affect the process of condensation?
4. Is condensation the same as evaporation?
5. Can I observe condensation happening in other situations besides water droplets on a glass?","* What is condensation and how does it occur?
* Why do water droplets form on a cold glass specifically?
* What is the role of temperature in this process?
* Is there a specific type of material that is more prone to this phenomenon?
* How does the size of the water droplets formed relate to the temperature or humidity of the environment?","1. What is condensation? 
2. How does it occur? 
3. Why do water droplets form on the outside of a cold glass? 
4. Is there any other example of condensation? 
5. Can I prevent condensation from happening?","- What exactly is condensation?
- How does temperature affect condensation?
- What role does surface material play in condensation?
- Why does condensation occur on the outside rather than inside the glass?
- How can condensation be prevented or minimized?","- What causes water droplets to form on a cold glass?
- How does condensation differ from evaporation?
- Can condensation occur on any surface or only on cold ones?
- Is there a way to prevent condensation on glass surfaces?
- Why does condensation happen more often in humid conditions?","1. What is condensation?
2. How does temperature affect condensation?
3. Why does condensation form on the outside of a cold glass?
4. How does condensation relate to the water cycle?
5. What other everyday examples exhibit condensation?"
"Imagine you are a human, this is the first time you are coming across this Chemistry Statement, you have no previous knowledge of it ""Certain materials glow in the dark after absorbing light, a phenomenon known as phosphorescence."", what are the top 5 questions that would pop up in your head which would be most useful in learning about it as you are new to it. Give me a simple bullet point list, don't explain them or expand them","Sure! Here are five questions that might pop up in my mind if I were encountering the concept of phosphorescence for the first time:
 What exactly is phosphorescence, and how does it differ from other types of glowing?
 Which materials can exhibit phosphorescence, and how do they absorb light?
 How long does the glow last after the light source is removed?
 Is there any way to control or enhance the phosphorescence effect?
 Are there any practical applications or uses of ph","Sure! Here are five questions that might pop up in my head as a human encountering the concept of phosphorescence for the first time:

* What kinds of materials can exhibit phosphorescence?
* How does the process of phosphorescence work?
* What kind of light do these materials need to absorb in order to glow?
* How long does the glow last after the light source is removed?
* Are there any practical applications of phosphorescence in everyday life?","Sure! Here are the top 5 questions that might come to mind when encountering the concept of phosphorescence for the first time:

1. What is phosphorescence?
2. How does phosphorescence differ from fluorescence?
3. What materials exhibit phosphorescence?
4. How long does the glow last?
5. Is phosphorescence safe or harmful?","* What is phosphorescence and how does it differ from other forms of luminescence (e.g. fluorescence)?
* What types of materials exhibit phosphorescence?
* How do these materials absorb and store energy from light?
* How long can phosphorescent materials continue to glow in the dark after being exposed to light?
* Are there any practical applications for phosphorescent materials?","1. What is phosphorescence?
2. How does it differ from fluorescence?
3. Can all materials exhibit phosphorescence?
4. What causes some materials to glow in the dark?
5. Are there any practical applications for phosphorescent materials?","- What is the composition of these materials that makes them glow?
- What wavelengths of light are absorbed and emitted?
- How long does the glow persist after light absorption?
- What practical applications does this phenomenon have?
- Are there variations in the color of the glow emitted?","- What materials exhibit phosphorescence?
- How does light absorption lead to phosphorescence?
- What causes certain materials to have this property?
- Is phosphorescence permanent or temporary?
- How can phosphorescence be utilized in everyday life?","1. What is the scientific explanation for phosphorescence?
2. What types of materials exhibit phosphorescence?
3. Can all forms of light cause phosphorescence?
4. How long can a material glow after absorbing light?
5. What are some practical applications of phosphorescence?"
"Imagine you are a human, this is the first time you are coming across this Chemistry Statement, you have no previous knowledge of it ""The color change of hydrangea flowers is influenced by the pH of the soil."", what are the top 5 questions that would pop up in your head which would be most useful in learning about it as you are new to it. Give me a simple bullet point list, don't explain them or expand them","Sure! Here are five questions that might pop up in my mind if I were encountering the Chemistry Statement ""The color change of hydrangea flowers is influenced by the pH of the soil"" for the first time:
 What is the relationship between the pH of the soil and the color of hydrangea flowers?
 How does the pH of the soil affect the color of hydrangea flowers?
 Is the color change reversible or permanent?
 What is the optimal pH range for hydrangea flowers to display their best colors?
 Can","Sure, here are five questions that might pop up in my head as a human encountering the statement about hydrangea flowers for the first time:

* What is the pH of the soil, and how does it affect the color of the flowers?
* How do hydrangea flowers change color in response to pH changes?
* Are all hydrangea flowers affected equally by pH changes, or are some varieties more sensitive than others?
* Can other factors besides pH also influence the color of hydrangea flowers?
* Is there a way to manipulate the pH of the soil","Sure! Here are the top 5 questions that might come to mind when encountering the statement ""The color change of hydrangea flowers is influenced by the pH of the soil"" for the first time:

1. What is the relationship between the pH of the soil and the color of the hydrangea flowers?
2. How does the pH of the soil affect the color of the flowers?
3. Are there any other factors that can influence the color change of hydrangea flowers besides pH?
4. Can I observe the color change of hydrangea flowers in different soils","* What factors affect the pH of soil?
* How does the pH of soil impact hydrangea flower color?
* What are the specific color changes that occur in hydrangea flowers based on soil pH?
* Are there other factors besides soil pH that can influence hydrangea flower color?
* Can the color of hydrangea flowers be changed through soil amendments?","1. What is a hydrangea flower?
2. How does the pH of the soil affect the color of hydrangea flowers?
3. What are some examples of different colors that hydrangeas can turn based on soil pH?
4. Are there any other factors besides soil pH that can influence the color of hydrangea flowers?
5. Can I control the color of my hydrangea flowers by adjusting the pH of the soil?","- What is pH?
- How does pH affect the color change in hydrangeas?
- What are the different pH levels that cause color changes?
- Are there other factors besides pH that influence the color of hydrangeas?
- What is the chemical process behind the color change?","- What are hydrangea flowers?
- What is pH of the soil?
- How does pH of the soil affect color change in hydrangea flowers?
- Can the color change be reversed?
- Are there other factors that affect the color change of hydrangea flowers besides pH?","1. What is the pH?
2. How does soil pH affect the color of hydrangea flowers?
3. What are hydrangea flowers and what are their different possible colors?
4. How can I change or manipulate the pH of soil?
5. What other plants have their colors influenced by the pH of the soil?"
"Imagine you are a human, this is the first time you are coming across this Chemistry Statement, you have no previous knowledge of it ""The preservation of food by canning involves killing bacteria through heat."", what are the top 5 questions that would pop up in your head which would be most useful in learning about it as you are new to it. Give me a simple bullet point list, don't explain them or expand them","Sure! Here are five questions that might pop up in my mind if I were encountering the Chemistry Statement ""The preservation of food by canning involves killing bacteria through heat"" for the first time:
 What exactly is canning and how does it work?
 How does heat kill bacteria in food?
 What types of bacteria are commonly found in food and how do they affect our health?
 Are there any other methods for preserving food besides canning?
 How long does canned food last and what factors affect its shelf","Sure, here are five questions that might be useful for learning about the chemistry statement ""The preservation of food by canning involves killing bacteria through heat"":

* How does heat kill bacteria?
* What is the minimum temperature required to kill bacteria?
* How long does the food need to be heated to achieve sterilization?
* Are there any other methods used in canning to preserve food?
* Can all types of food be preserved through canning, or are some more suitable than others?","Sure! Here are five questions that might come to mind when encountering the statement ""The preservation of food by canning involves killing bacteria through heat"" for the first time:

1. What is canning?
2. How does heat kill bacteria?
3. Why is it important to kill bacteria in food preservation?
4. What types of foods are commonly canned?
5. How does the heat processing affect the taste and texture of the food?","* How is the heat used to kill bacteria in canning?
* What types of bacteria are killed during the canning process?
* Is the canning process effective at killing all bacteria, or just certain strains?
* Are there any risks associated with using canning to preserve food?
* How does the temperature and duration of heat treatment affect the effectiveness of bacterial killing in canning?","1. What is canning? 
2. How does heat kill bacteria? 
3. Why is it important to preserve food? 
4. What types of foods can be preserved using canning methods? 
5. Are there any risks associated with canning and how can they be minimized?","- How does heat kill bacteria?
- How much heat is required to kill bacteria?
- At what conditions do bacteria survive?
- How does canning prevent bacteria from re-entering food?
- What are the nutritional implications of canning food?","- How does canning preserve food?
- Why is killing bacteria important in food preservation?
- What role does heat play in canning food?
- What other methods are used to preserve food?
- Is canned food safe to consume?","1. How does heat kill bacteria in canned foods?
2. What temperature is required for the canning process?
3. Are all bacteria harmful for food?
4. What other methods are there for food preservation?
5. Does the heating process affect the nutritional value of food during canning?"
"Imagine you are a human, this is the first time you are coming across this Chemistry Statement, you have no previous knowledge of it ""The process of making soap, saponification, involves a reaction between fat and lye."", what are the top 5 questions that would pop up in your head which would be most useful in learning about it as you are new to it. Give me a simple bullet point list, don't explain them or expand them","Sure! Here are five questions that might pop up in my mind as a beginner learning about saponification for the first time:
 What exactly is lye and where does it come from?
 How do I safely handle lye when working with it?
 What types of fats can I use for soap-making, and how do they differ from one another?
 How does the saponification process work, step by step?
 What are some common soap-making mistakes to avoid, and how can I troubleshoot issues that arise during the process?","Sure, here are five questions that might pop up in my head as a human encountering the concept of saponification for the first time:

* What is lye, and why is it necessary for making soap?
* How does the reaction between fat and lye produce soap?
* Is there a specific type of fat that is best for making soap, or can any type of fat be used?
* Can the same lye be used for all types of soap-making, or do different types of soap require different concentrations of lye?
* Is the process of saponification safe,","Sure! Here are the top 5 questions that might come to mind when encountering the statement ""The process of making soap, saponification, involves a reaction between fat and lye"" for the first time:

1. What is lye?
2. What is fat?
3. How does the reaction work?
4. Why is it called saponification?
5. What is the purpose of this reaction?","* What is the definition of saponification?
* What is the role of fat in the saponification process?
* What is the function of lye in the saponification process?
* How do fat and lye react together in saponification?
* What is the end product of the saponification reaction?","1. What is saponification?
2. How does it work?
3. What is fat?
4. What is lye?
5. Why do we need both ingredients for soap-making?","**Top Questions:**

* What are fat and lye?
* What is the process of saponification?
* How do fat and lye interact during saponification?
* What are the chemical reactions involved?
* What are the products of saponification?
* What are the applications of soap?","- What is saponification?
- How does the reaction between fat and lye work?
- What role does fat play in soap making?
- What is lye and why is it used in soap making?
- What are the steps involved in the process of making soap?","1. What is saponification?
2. What is lye and what role does it play in soap making?
3. What types of fat are used in soap making?
4. How does the reaction between fat and lye create soap?
5. Are there different methods of saponification?"
"Imagine you are a human, this is the first time you are coming across this Chemistry Statement, you have no previous knowledge of it ""Natural indicators, like red cabbage juice, change color in the presence of acids or bases."", what are the top 5 questions that would pop up in your head which would be most useful in learning about it as you are new to it. Give me a simple bullet point list, don't explain them or expand them","Sure! Here are five questions that might pop up in my mind if I were encountering the Chemistry Statement ""Natural indicators, like red cabbage juice, change color in the presence of acids or bases"" for the first time:
 What exactly is a natural indicator? How does red cabbage juice change color in response to acids or bases? What types of acids and bases can cause this color change? Can other natural substances also serve as indicators in this way? How can I use this information to test for acids or bases","Sure! Here are five questions that might pop up in my head as a human encountering the statement about natural indicators for the first time:

* What are natural indicators?
* What is red cabbage juice?
* How do acids and bases affect the color of red cabbage juice?
* Are there other natural indicators besides red cabbage juice?
* How can I use natural indicators in real-life situations?","Sure! Here are five questions that might come to mind when encountering the statement ""Natural indicators, like red cabbage juice, change color in the presence of acids or bases"" for the first time:

1. What are acids and bases?
2. How do natural indicators work?
3. Why do they change color?
4. Can I use these indicators to test other substances?
5. How can I make my own natural indicator solution?","* What are natural indicators?
* What is red cabbage juice and how is it used as an indicator?
* How do acids and bases affect the color of red cabbage juice?
* Is there a pattern or trend to the color changes observed with different acids and bases?
* Are there other examples of natural indicators besides red cabbage juice?","1. What are natural indicators?
2. How do they work?
3. Can you give an example of a natural indicator?
4. What happens when a natural indicator changes color?
5. Why are natural indicators important in chemistry?","- What are natural indicators?
- What is red cabbage juice?
- How do natural indicators change color?
- What is an acid?
- What is a base?","- What is a natural indicator?
- How does red cabbage juice change color in the presence of acids or bases?
- What is the significance of using natural indicators in chemistry?
- Are there other natural indicators besides red cabbage juice?
- How can the color change of red cabbage juice be used to identify acids or bases?","1. What is a natural indicator?
2. What are examples of acids and bases that could alter the color of red cabbage juice?
3. How does the color of red cabbage juice change in the presence of acids or bases?
4. What process makes these color changes possible?
5. Are there other natural indicators similar to red cabbage juice?"
"Imagine you are a human, this is the first time you are coming across this Chemistry Statement, you have no previous knowledge of it ""The process of crystallization can purify substances."", what are the top 5 questions that would pop up in your head which would be most useful in learning about it as you are new to it. Give me a simple bullet point list, don't explain them or expand them","Sure! Here are five questions that might pop up in my mind if I were encountering the statement ""The process of crystallization can purify substances"" for the first time:
 What exactly is crystallization and how does it work?
 How does crystallization purify substances?
 Are there any specific types of substances that crystallization is particularly effective at purifying?
 What are some common applications of crystallization in industry or everyday life?
 Can crystallization be used to purify substances","Sure, here are five questions that might pop up in my head as a human encountering the statement ""The process of crystallization can purify substances"" for the first time:

* What is crystallization?
* How does crystallization purify substances?
* What kinds of substances can be purified through crystallization?
* Are there any limitations or challenges to using crystallization for purification?
* Can crystallization be used for purifying substances on a large scale, such as in industrial processes?","Sure! Here are five questions that might come to mind when encountering the statement ""The process of crystallization can purify substances"" for the first time:

1. What is crystallization?
2. How does crystallization purify substances?
3. What types of substances can be purified through crystallization?
4. Is crystallization a common method of purification?
5. Are there any limitations or challenges associated with using crystallization for purification?","* What is crystallization?
* How does crystallization work to purify substances?
* What types of substances can be purified through crystallization?
* Is crystallization an effective method for purifying all substances?
* Are there any potential drawbacks or limitations to using crystallization for purification?","1. What does ""purify"" mean?
2. How does crystallization work?
3. Can all substances be purified through crystallization?
4. Are there any specific conditions required for successful crystallization?
5. What are some common applications of crystallization in chemistry and industry?","- What is crystallization and how does it work?
- What substances can be purified using crystallization?
- What are the steps involved in the crystallization process?
- How can the purity of a substance be determined after crystallization?
- What are the applications of crystallization in everyday life and industry?","- What is crystallization?
- How does crystallization work?
- Why does crystallization purify substances?
- What substances can be purified through crystallization?
- Is crystallization a common method used in chemistry?","1. What is crystallization?
2. How does crystallization purify substances?
3. What types of substances can be purified by crystallization?
4. What is the process or steps involved in crystallization?
5. Are there any limitations or disadvantages to using crystallization for purification?"
"Imagine you are a human, this is the first time you are coming across this Chemistry Statement, you have no previous knowledge of it ""Citrus fruits contain citric acid, which gives them their sour taste."", what are the top 5 questions that would pop up in your head which would be most useful in learning about it as you are new to it. Give me a simple bullet point list, don't explain them or expand them","Sure! Here are five questions that might pop up in my mind if I were encountering the Chemistry Statement ""Citrus fruits contain citric acid, which gives them their sour taste"" for the first time:
 What exactly is citric acid? Why do citrus fruits contain citric acid? How does citric acid give citrus fruits their sour taste? Are there other types of fruits that contain citric acid? Can citric acid be found in other foods besides citrus fruits?","Sure, here are five questions that might pop up in my head as a human encountering the statement about citrus fruits and citric acid for the first time:

* What is citric acid?
* Why does citric acid make citrus fruits taste sour?
* Are all citrus fruits equally sour?
* Can citric acid be found in other foods besides citrus fruits?
* How does the amount of citric acid in citrus fruits compare to other acidic foods?","Sure! Here are five questions that might come to mind when encountering the statement ""Citrus fruits contain citric acid, which gives them their sour taste"" for the first time:

1. What is citric acid?
2. Why does citrus fruit taste sour?
3. How is citric acid different from other types of acids?
4. What are some examples of citrus fruits that contain citric acid?
5. Can I use citric acid for anything else besides giving food its sour taste?","* What is citric acid?
* How does citric acid contribute to the sour taste of citrus fruits?
* Are there other fruits or foods that contain citric acid?
* Is the amount of citric acid in citrus fruits consistent, or does it vary?
* Are there any health benefits or risks associated with consuming citric acid?","1. What is citric acid?
2. How does citric acid give citrus fruits their sour taste?
3. Are there any other foods or drinks that contain citric acid?
4. Is citric acid harmful to consume in large amounts?
5. Can citric acid be used for anything else besides flavoring food and drinks?","- What is citric acid?
- How does citric acid contribute to the sour taste of citrus fruits?
- Are there other fruits or substances that contain citric acid?
- What are the chemical properties and structure of citric acid?
- What other uses or applications does citric acid have beyond its presence in citrus fruits?","- What are citrus fruits?
- What is citric acid?
- How does citric acid give citrus fruits their sour taste?
- Are there other foods that contain citric acid?
- Is citric acid safe to consume?","1. What is citric acid?
2. How is citric acid produced in citrus fruits?
3. Besides sourness, what other effects does citric acid have on the fruit or on the person consuming it?
4. Are there any other fruits or foods that contain citric acid?
5. What chemical properties does citric acid have that give it a sour taste?"
"Imagine you are a human, this is the first time you are coming across this Chemistry Statement, you have no previous knowledge of it ""Evaporation of water from a solution can leave behind solid salts."", what are the top 5 questions that would pop up in your head which would be most useful in learning about it as you are new to it. Give me a simple bullet point list, don't explain them or expand them","Sure! Here are five questions that might pop up in my mind if I were encountering the Chemistry Statement ""Evaporation of water from a solution can leave behind solid salts"" for the first time:
 What exactly is meant by ""solid salts""? How does evaporation cause salts to be left behind? Is this only true for certain types of salts, or all of them? Under what conditions is this more likely to happen? Can this process be reversed - can the salts be re-dissolved in water?","Sure, here are five questions that might pop up in my head as a human encountering the chemistry statement ""Evaporation of water from a solution can leave behind solid salts"" for the first time:

* What are solid salts?
* Why does evaporation leave behind solid salts?
* Is this only true for water solutions, or can it happen with other solvents too?
* Are there any examples of this happening in real life?
* How does the concentration of the solution affect the formation of solid salts?","Sure! Here are the top 5 questions that might come to mind when encountering the statement ""Evaporation of water from a solution can leave behind solid salts"" for the first time:

1. What is evaporation?
2. What is a solution?
3. Why does evaporation happen?
4. How do solid salts form?
5. What are some examples of solutions where evaporation can leave behind solid salts?","* What is evaporation and how does it occur?
* What is a solution and how is it different from a salt?
* How can water evaporation result in the separation of salts?
* What are some examples of this process in real life?
* Is there any way to reverse this process and recover the original solution?","1. What is evaporation?
2. How does evaporation affect solutions?
3. What happens when water evaporates from a saltwater solution?
4. Can evaporation lead to the formation of solid salts?
5. Are there any practical applications for understanding the process of evaporation and its effects on solutions?","- What are solid salts?
- Why does water evaporate from a solution?
- What is the relationship between evaporation and the formation of solid salts?
- What conditions promote evaporation?
- How can I demonstrate this process?","- What is evaporation?
- Why does water evaporate from a solution?
- What are solid salts?
- How does evaporation leave behind solid salts?
- What are some examples of this process in real life?","1. What is evaporation in the context of a water solution?
2. What types of solutions can leave behind solid salts after evaporation?
3. Why are solid salts left behind after water evaporation?
4. Can all types of water solutions leave behind solid salts upon evaporation?
5. How does the process of evaporation of water from a solution occur?"
"Imagine you are a human, this is the first time you are coming across this Chemistry Statement, you have no previous knowledge of it ""A chemical change is irreversible and results in the formation of new substances."", what are the top 5 questions that would pop up in your head which would be most useful in learning about it as you are new to it. Give me a simple bullet point list, don't explain them or expand them","Sure! Here are five questions that might pop up in my mind as a beginner when encountering the statement ""A chemical change is irreversible and results in the formation of new substances"":

1. What exactly do we mean by ""chemical change""?
2. How can we tell if a change is reversible or irreversible?
3. What are some examples of irreversible chemical changes?
4. How does the formation of new substances occur during an irreversible chemical change?
5. Are there any ways to reverse or undo irreversible chemical changes?","Sure! Here are five questions that might pop up in my head as a human encountering the statement about chemical changes for the first time:

* What does ""irreversible"" mean in this context?
* Can you give an example of a chemical change that results in the formation of new substances?
* How do you know if a chemical change has occurred?
* Is there a difference between a chemical change and a physical change?
* Can you explain why chemical changes result in the formation of new substances, rather than just altering the existing substance?","Sure! Here are five questions that might come to mind when encountering the statement ""A chemical change is irreversible and results in the formation of new substances"" for the first time:

1. What does it mean for a change to be ""irreversible""? How do we know if a change is irreversible?
2. How do we determine if a change is a chemical change versus a physical change?
3. Can you give examples of chemical changes? How can I recognize them?
4. Why is it important to understand the concept of chemical changes? Are there any real-world","* What distinguishes a chemical change from a physical change?
* How can I determine if a reaction is irreversible or reversible?
* What is meant by the term ""formation of new substances""?
* Are there any exceptions to the rule that chemical changes are irreversible?
* How can I predict whether a given chemical reaction will result in the formation of new substances?","1. What is a chemical change?
2. How can I identify if a chemical change has occurred?
3. Can a chemical change be reversed?
4. What happens during a chemical change?
5. Are all changes considered chemical changes?","- What exactly is meant by ""irreversible""?
- How can I distinguish between chemical and physical changes?
- What are the key characteristics of new substances formed in chemical changes?
- Are there any exceptions to the irreversibility of chemical changes?
- How can I use this knowledge to understand and predict chemical reactions?","- What is a chemical change?
- How is a chemical change different from a physical change?
- Can you give an example of a chemical change?
- Why is a chemical change irreversible?
- How do you determine if new substances are formed in a chemical change?","1. What is a chemical change?
2. What does it mean for a chemical change to be irreversible?
3. How are new substances formed during a chemical change?
4. Can you provide examples of chemical changes?
5. What differentiates a chemical change from other types of changes?"
"Imagine you are a human, this is the first time you are coming across this Chemistry Statement, you have no previous knowledge of it ""Mixing an acid with a base neutralizes both, often producing water and a salt."", what are the top 5 questions that would pop up in your head which would be most useful in learning about it as you are new to it. Give me a simple bullet point list, don't explain them or expand them","Sure! Here are five questions that might pop up in my mind as a beginner when encountering the Chemistry Statement for the first time:
 What exactly is an acid and a base? How do acids and bases react with each other? What is the result of mixing an acid and a base? Is there a specific type of salt produced by mixing an acid and a base? Can I apply this concept to real-life situations or only in a laboratory setting?","Sure! Here are five questions that might be useful for a human encountering the chemistry statement ""Mixing an acid with a base neutralizes both, often producing water and a salt"" for the first time:

* What is an acid?
* What is a base?
* How do acids and bases neutralize each other?
* Why does mixing an acid and a base produce water?
* What is a salt, and how is it related to the mixture of an acid and a base?","Sure! Here are the top 5 questions that might come to mind when encountering the Chemistry Statement for the first time:

1. What is an acid?
2. What is a base?
3. How does mixing an acid and a base neutralize both?
4. What is produced when an acid and a base are mixed?
5. Why do they produce water and a salt?","* What is an acid and a base?
* How do they neutralize each other?
* What kind of reaction is this?
* What do you mean by ""producing water and a salt""?
* Are there any specific acids and bases that follow this rule?","1. What is an acid? 
2. What is a base? 
3. How do acids and bases react when mixed together? 
4. What happens when an acid and a base are combined? 
5. Can you give examples of common acids and bases?","- What exactly is an acid and a base?
- How do I identify acids and bases?
- What is the difference between neutralization and other chemical reactions?
- What are the products of neutralization and how can I predict them?
- How can I apply this knowledge in real-world situations?","- What is an acid and what is a base?
- How does mixing an acid and a base neutralize them?
- What is the specific chemical reaction that produces water and a salt?
- Why is the result of the reaction water and a salt?
- Are there any practical applications of this neutralization reaction?","1. What is an acid and what are its properties?
2. How is a base defined and characterized?
3. How does the neutralization process between an acid and a base occur?
4. What kind of salt is produced from this reaction?
5. In what situations or applications is this neutralization process used?"
"Imagine you are a human, this is the first time you are coming across this Chemistry Statement, you have no previous knowledge of it ""The presence of carbon dioxide in exhaled breath can be demonstrated by turning limewater milky."", what are the top 5 questions that would pop up in your head which would be most useful in learning about it as you are new to it. Give me a simple bullet point list, don't explain them or expand them","Sure! Here are five questions that might pop up in my mind if I were encountering the Chemistry Statement ""The presence of carbon dioxide in exhaled breath can be demonstrated by turning limewater milky"" for the first time:
 What is limewater and how does it relate to carbon dioxide? How does the presence of carbon dioxide in exhaled breath cause limewater to turn milky? Is there any other way to demonstrate the presence of carbon dioxide in exhaled breath? What is the significance of this demonstr","Sure! Here are five questions that might be useful for learning about the chemistry statement ""The presence of carbon dioxide in exhaled breath can be demonstrated by turning limewater milky"":

* What is limewater?
* Why does carbon dioxide turn limewater milky?
* How does carbon dioxide get into exhaled breath?
* What is the chemical reaction that occurs between carbon dioxide and limewater?
* Can this demonstration be used to measure the amount of carbon dioxide in exhaled breath?","Sure! Here are five questions that might come to mind when encountering the Chemistry Statement for the first time:

1. What is limewater?
2. Why does the presence of carbon dioxide in exhaled breath turn limewater milky?
3. How do I demonstrate this phenomenon myself?
4. What does this have to do with chemistry?
5. How is this relevant or important in any context?","* What is limewater and how is it made?
* Why does the presence of carbon dioxide make limewater turn milky?
* How much carbon dioxide is needed to cause the reaction with limewater?
* Is the reaction reversible or does the limewater remain milky once the carbon dioxide has been introduced?
* Are there any other gases that can cause a similar reaction with limewater?","1. What is limewater? 
2. How does carbon dioxide turn limewater milky? 
3. Why is it important to know if someone has COVID-19? 
4. How do we test for COVID-19? 
5. What other ways can we detect COVID-19 besides testing?","- What is limewater?
- What is the chemical reaction that occurs?
- How does the presence of carbon dioxide affect limewater?
- What does it mean for the ""limewater milky"" observation?
- How can this reaction be used to demonstrate the presence of carbon dioxide in exhalation?","- How is carbon dioxide related to exhaled breath?
- What is limewater and how does it react with carbon dioxide?
- Why does limewater turn milky when carbon dioxide is present?
- Is this test commonly used in scientific experiments?
- Can this demonstration be done easily at home?","1. What is carbon dioxide and its role in respiration?
2. How does exhaling release carbon dioxide?
3. What is limewater and how does it react with carbon dioxide?
4. Why does the reaction between carbon dioxide and limewater turn it milky?
5. Can this method be used to measure the amount of carbon dioxide in exhaled breath?"
"Imagine you are a human, this is the first time you are coming across this Chemistry Statement, you have no previous knowledge of it ""Water's surface tension allows insects to walk on its surface."", what are the top 5 questions that would pop up in your head which would be most useful in learning about it as you are new to it. Give me a simple bullet point list, don't explain them or expand them","Sure! Here are five questions that might pop up in my mind if I were encountering the statement ""Water's surface tension allows insects to walk on its surface"" for the first time:
 What exactly is surface tension? How does water's surface tension enable insects to walk on it? Are there any other materials that exhibit similar properties? What types of insects can walk on water due to surface tension? Can other objects, like boats or planes, also use surface tension to their advantage?","Sure! Here are five questions that might pop up in my head as a human encountering the statement about water's surface tension and insects for the first time:

* How does surface tension work?
* What is the mechanism that allows insects to walk on water?
* Are there any other liquids that have a similar effect?
* Can all insects walk on water, or are some better suited for it than others?
* Are there any other factors that affect an insect's ability to walk on water?","Sure! Here are five questions that might come to mind when encountering the statement ""Water's surface tension allows insects to walk on its surface"" for the first time:

1. What is surface tension?
2. How does surface tension help insects walk on water?
3. Are there any other animals or objects that can walk on water due to surface tension?
4. Is surface tension unique to water, or can it occur in other liquids?
5. Can I observe surface tension in action with my own eyes?","* What is surface tension and how does it occur in water?
* How much weight can water's surface tension support before an insect breaks through the surface?
* Are there specific types of insects that are able to walk on water due to surface tension, or can all insects do this?
* How do insects move on the water's surface without breaking the surface tension?
* Are there any other factors that contribute to insects being able to walk on water, besides water's surface tension?","1. What is water?
2. What is surface tension?
3. How does surface tension allow insects to walk on water?
4. Can all insects walk on water due to surface tension?
5. Are there any other examples of surface tension in nature?","- What is surface tension?
- How does it enable insects to walk on water?
- What specific forces are involved in this phenomenon?
- Are there other liquids that exhibit similar properties?
- How can this knowledge be applied to real-world situations?","- What is surface tension? 
- How does water's surface tension work? 
- Why do insects not sink in water? 
- Are all insects able to walk on water? 
- Can other liquids exhibit surface tension as well?","1. What is surface tension?
2. How does surface tension allow insects to walk on water?
3. What kind of insects can walk on water?
4. Can other objects or animals utilize surface tension in a similar way?
5. Are there any factors that can alter water's surface tension?"
"Imagine you are a human, this is the first time you are coming across this Chemistry Statement, you have no previous knowledge of it ""The depletion of ozone in the atmosphere is a chemical issue with environmental impacts."", what are the top 5 questions that would pop up in your head which would be most useful in learning about it as you are new to it. Give me a simple bullet point list, don't explain them or expand them","Sure! Here are five questions that might pop up in my head as a human new to the concept of the depletion of ozone in the atmosphere being a chemical issue with environmental impacts:
 What is ozone and why is it important?
 How is ozone depleted in the atmosphere?
 What are the environmental impacts of ozone depletion?
 Is there a relationship between ozone depletion and other environmental issues like climate change?
 What can be done to address ozone depletion and its impacts on the environment?","Sure, here are five questions that might pop up in my head as a human encountering the statement about ozone depletion for the first time:

* What is ozone and why is it important?
* What causes ozone depletion in the atmosphere?
* How does ozone depletion affect the environment?
* Is ozone depletion a global problem or is it limited to certain areas?
* Can anything be done to prevent or mitigate ozone depletion?","Sure! Here are five questions that might come to mind when encountering the statement ""The depletion of ozone in the atmosphere is a chemical issue with environmental impacts"" for the first time:

1. What is ozone and why is it important?
2. How does the depletion of ozone occur?
3. What are the environmental impacts of ozone depletion?
4. Who or what is responsible for the depletion of ozone?
5. What can be done to address the issue of ozone depletion?","1. What is the ozone layer and where is it located?
2. What causes the depletion of the ozone layer?
3. How does the depletion of the ozone layer affect the environment?
4. What are the consequences of ozone depletion for human health?
5. What measures are being taken to address the issue of ozone depletion?","1. What is ozone and why is it important?
2. How does the depletion of ozone occur?
3. What are the environmental impacts of ozone depletion?
4. Who is responsible for regulating and addressing ozone depletion?
5. What actions can individuals take to help reduce ozone depletion?","- What is ozone depletion?
- How does ozone depletion occur?
- What are the causes of ozone depletion?
- What are the environmental impacts of ozone depletion?
- What can be done to prevent ozone depletion?","- What is ozone?
- How is ozone depleted in the atmosphere?
- What are the environmental impacts of ozone depletion?
- Can ozone depletion be prevented or reversed?
- What role do chemicals play in ozone depletion?","1. What is ozone and where is it found in the atmosphere?
2. What are the causes of ozone depletion?
3. What are the environmental impacts of ozone depletion?
4. How does ozone depletion occur from a chemical perspective?
5. Are there any solutions or preventive measures to combat ozone depletion?"
"Imagine you are a human, this is the first time you are coming across this Chemistry Statement, you have no previous knowledge of it ""The process of mummification involved chemical preservatives in ancient times."", what are the top 5 questions that would pop up in your head which would be most useful in learning about it as you are new to it. Give me a simple bullet point list, don't explain them or expand them","Sure! Here are five questions that might pop up in my mind if I were encountering the statement ""The process of mummification involved chemical preservatives in ancient times"" for the first time:
 What exactly are chemical preservatives? How did these preservatives work to mummify bodies? Which specific chemicals were used in ancient times? Why did the ancient Egyptians choose to use these particular chemicals? Were there any risks or side effects associated with using these chemicals?","Sure, here are five questions that might pop up in my head as a human encountering the statement about mummification and chemical preservatives for the first time:

* What specific chemical preservatives were used in ancient times for mummification?
* How did these preservatives work to prevent decay and preserve the body?
* Were there any particular cultures or civilizations that were known for their use of chemical preservatives in mummification?
* How effective were these preservatives in preventing decay and preserving the body over time?
* Are there any modern-day","Sure! Here are five questions that might come to mind when encountering the statement ""The process of mummification involved chemical preservatives in ancient times"":

1. What types of chemical preservatives were used in mummification?
2. How did these chemicals help preserve the body?
3. Were there any specific ingredients or combinations of ingredients that were commonly used?
4. Did different cultures and regions have their own unique approaches to using chemical preservatives in mummification?
5. Are there any modern-day applications of mummification that involve chemical","* What were the chemical preservatives used in the mummification process?
* How were these chemical preservatives applied during mummification?
* What was the purpose of using chemical preservatives in mummification?
* Were there any specific chemicals used for different types of mummification?
* What effects do these chemical preservatives have on the preservation of the body?","1. What were the chemicals used for mummification? 
2. How did these chemicals preserve the body? 
3. Were there any side effects from using these chemicals? 
4. Did all cultures use the same chemicals for mummification? 
5. Is mummification still practiced today with modern technology and chemicals?","1. What specific chemical preservatives were used in mummification?
2. How were these preservatives applied to the body?
3. What was the purpose of using chemical preservatives in the mummification process?
4. Were there regional variations in the use of chemical preservatives for mummification?
5. How effective were these chemical preservatives in preserving bodies against decomposition?","- What is mummification?
- What were the chemical preservatives used in ancient times?
- How were the chemical preservatives applied during the mummification process?
- Why were chemical preservatives used in mummification?
- What was the purpose of mummification in ancient times?","1. What is the process of mummification?
2. What are chemical preservatives?
3. How were these chemical preservatives used in mummification in ancient times?
4. Which societies historically have used mummification as part of their burial practices?
5. What are some specific examples of the chemical preservatives that were used in ancient mummification?"
"Imagine you are a human, this is the first time you are coming across this Chemistry Statement, you have no previous knowledge of it ""Household bleach and ammonia should never be mixed due to the dangerous gases produced."", what are the top 5 questions that would pop up in your head which would be most useful in learning about it as you are new to it. Give me a simple bullet point list, don't explain them or expand them","Sure! Here are five questions that might pop up in my head if I were encountering the statement ""Household bleach and ammonia should never be mixed due to the dangerous gases produced"" for the first time:
 What are the specific gases produced when household bleach and ammonia are mixed? How can these gases be harmful to people and the environment? Why is it so dangerous to mix bleach and ammonia together, but not to use them separately? Are there any safe alternatives to mixing bleach and ammonia for cleaning and","Sure, here are five questions that might pop up in my head as a human encountering this statement for the first time:

* What are household bleach and ammonia?
* Why do they produce dangerous gases when mixed together?
* What kind of gases are produced?
* How dangerous are these gases? Can they cause harm to people or property?
* Is there a safe way to clean with bleach and ammonia without mixing them together?","Sure! Here are the top 5 questions that might come to mind when encountering the statement ""Household bleach and ammonia should never be mixed due to the dangerous gases produced"" for the first time:

1. What are these ""dangerous gases"" that are produced when mixing household bleach and ammonia?
2. Why are these gases dangerous? Are they harmful to my health or can they cause damage to my home?
3. How do I know if I accidentally mix household bleach and ammonia? What are the signs that something is wrong","* What is household bleach and what is its chemical composition?
* What is ammonia and what is its chemical composition?
* What dangerous gases are produced when bleach and ammonia are mixed?
* What are the potential hazards and risks associated with these gases?
* What precautions should be taken to avoid the mixing of bleach and ammonia?","1. What household items can I mix? 
2. Why shouldn't I mix bleach and ammonia? 
3. What happens when bleach and ammonia are mixed? 
4. How do I safely dispose of these chemicals? 
5. Are there any other common household chemical combinations that should not be mixed?","- What are the gases produced?
- How dangerous are these gases?
- What happens when bleach and ammonia are mixed?
- How can I safely use bleach and ammonia separately?
- What should I do if I accidentally mix bleach and ammonia?","- What is household bleach?
- What is ammonia?
- Why are they dangerous when mixed?
- What gases are produced when they are mixed?
- What are the potential health risks of inhaling these gases?","1. What are the dangerous gases produced when household bleach and ammonia are mixed?
2. Why are these gases considered dangerous?
3. What would happen if someone inhales these gases?
4. Are there other common household chemicals that should not be mixed?
5. How should I safely handle and store household bleach and ammonia?"
"Imagine you are a human, this is the first time you are coming across this Chemistry Statement, you have no previous knowledge of it ""Salt can cause ice to melt faster by lowering its melting point."", what are the top 5 questions that would pop up in your head which would be most useful in learning about it as you are new to it. Give me a simple bullet point list, don't explain them or expand them","Sure! Here are five questions that might pop up in my head if I were encountering the Chemistry Statement ""Salt can cause ice to melt faster by lowering its melting point"" for the first time:
 What is the relationship between salt and ice melting? How does salt lower the melting point of ice? Is there a specific type of salt that is more effective at melting ice? Under what conditions is this effect most pronounced? Can this effect be applied to other types of materials besides ice?","Sure! Here are five questions that might pop up in my head as a human encountering the statement ""Salt can cause ice to melt faster by lowering its melting point"" for the first time:

* What is the mechanism by which salt lowers the melting point of ice?
* Is this effect specific to salt, or do other substances have a similar effect on ice?
* How much salt is needed to significantly accelerate the melting of ice?
* Does the temperature at which the ice is exposed to salt affect the rate of melting?
* Are there any potential draw","Sure! Here are the top 5 questions that might come to mind when encountering the statement ""Salt can cause ice to melt faster by lowering its melting point"" for the first time:

1. What is the melting point of ice?
2. How does salt lower the melting point of ice?
3. Is this effect only observed with pure water or does it apply to other types of ice as well?
4. What is the mechanism by which salt lowers the melting point of ice?
5. Can this effect be used to my advantage in any situation?","* What is a salt and how is it different from other types of compounds?
* How does salt affect the melting point of ice specifically?
* Is the effect of salt on the melting point of ice unique or does it also impact other substances?
* How much salt is needed to effectively lower the melting point of ice?
* Are there any negative consequences to using salt to melt ice?","1. What is salt? 
2. How does salt affect the melting point of ice? 
3. Why is it important to understand how salt affects ice? 
4. Can salt be used for other purposes besides melting ice? 
5. Are there any negative effects of using salt on ice?","- Why does salt lower the melting point of ice?
- How much faster does ice melt with salt?
- What is the mechanism behind this effect?
- Are there any other substances that have a similar effect?
- Is this effect reversible?","- What is salt made of?
- How does salt lower the melting point of ice?
- What is the scientific explanation behind this phenomenon?
- How much salt is needed to have an effect on the melting of ice?
- Are there any other substances that can have a similar effect on ice?","1. How exactly does salt lower the melting point of ice?
2. What is the specific melting point of ice and how much does it lower with salt?
3. Does the type of salt used make a difference in the rate of ice melting?
4. Are there any other substances that can also lower the melting point of ice?
5. What are the real-life applications or implications of salt causing ice to melt faster?"
"Imagine you are a human, this is the first time you are coming across this Chemistry Statement, you have no previous knowledge of it ""The color of a flame can indicate the type of metal salt present."", what are the top 5 questions that would pop up in your head which would be most useful in learning about it as you are new to it. Give me a simple bullet point list, don't explain them or expand them","Sure! Here are five questions that might pop up in my mind if I were encountering the Chemistry Statement ""The color of a flame can indicate the type of metal salt present"" for the first time:
 What metals produce different colored flames? How do the colors of the flames relate to the types of metal salts present? Is there a specific method for observing and interpreting the colors of flames? Are there any limitations or caveats to using flame color as an indicator of metal salts? Can flame color be used to identify","Sure! Here are five questions that might be useful for learning about the relationship between the color of a flame and the type of metal salt present:

* What specific colors are associated with different metal salts?
* How does the presence of a metal salt affect the color of a flame?
* Are there any other factors that can affect the color of a flame, and how do they interact with metal salts?
* Can this phenomenon be used to identify specific metals or metal compounds in a sample?
* Are there any safety considerations or precautions that need to be taken","Sure! Here are five questions that might come to mind when encountering the statement ""The color of a flame can indicate the type of metal salt present"" for the first time:

1. What does the term ""metal salt"" mean?
2. How does the color of a flame relate to the type of metal salt present?
3. Are there any specific colors that indicate certain types of metal salts?
4. Can I use this information to identify metal salts without using any other tools or methods?
5. How does this statement apply to different situations or contexts (e.","* What metals and metal salts can be identified by their flame color?
* How does the process of identifying metals through flame color work?
* Are there any specific conditions required for observing the flame colors?
* Are there any limitations or exceptions to this method of identification?
* What equipment is needed to perform this experiment safely and accurately?","1. What does the color of a flame indicate?
2. How can we determine the type of metal salt based on its flame color?
3. Are there any specific colors associated with certain metal salts?
4. Can we use this information for practical applications?
5. Is there a way to identify unknown metal salts using their flame color?","- Why does the color of a flame change when a metal salt is present?
- What causes the flame to emit light of a specific color?
- What different colors of flame are associated with different metal salts?
- How can I identify a metal salt based on the color of its flame?
- Are there other factors that can affect the color of a flame besides metal salts?","- How does the color of a flame change with different metal salts?
- What is the relationship between the color of the flame and the type of metal salt present?
- Why does each metal salt produce a unique color in the flame?
- How can we use flame color in identifying unknown metal salts?
- Can the color of a flame be used to determine the concentration of a metal salt present?","1. What is a metal salt? 
2. How does the color of a flame indicate the type of metal salt present?
3. What are some examples of metal salts and their corresponding flame colors?
4. Are there any exceptions where the flame color doesn't indicate the metal salt present?
5. How can I test or observe this phenomenon safely?"
"Imagine you are a human, this is the first time you are coming across this Chemistry Statement, you have no previous knowledge of it ""Plastics are made from polymers, long chains of repeating molecular units."", what are the top 5 questions that would pop up in your head which would be most useful in learning about it as you are new to it. Give me a simple bullet point list, don't explain them or expand them","Sure! Here are five questions that might pop up in my mind as a beginner when encountering the statement ""Plastics are made from polymers, long chains of repeating molecular units"":

1. What exactly is a polymer?
2. How do these long chains of repeating molecular units come together to form plastic materials?
3. What different types of polymers can be used to make plastics?
4. How does the structure and composition of polymers affect the properties of the resulting plastic material?
5. Can these polymers be recycled or degrad","Sure, here are five questions that might pop up in my head as a human encountering the statement ""Plastics are made from polymers, long chains of repeating molecular units"" for the first time:

1. What are polymers?
2. What are molecular units?
3. How do polymers form long chains?
4. What kinds of plastics are made from polymers?
5. Are all plastics made from polymers, or are there other ways to make plastic materials?","Sure! Here are five questions that might come to mind when encountering the statement ""Plastics are made from polymers"" for the first time:

1. What is a polymer?
2. How are polymers different from other types of molecules?
3. Why do plastics have such a wide range of properties and uses?
4. How are polymers used to make different types of plastics?
5. What are some common applications of plastics in everyday life?","* What are polymers and how are they formed?
* What are the molecular units that make up these long chains?
* How do these long chains come together to form plastics?
* Are all plastics made from the same type of polymer or are there different kinds?
* What are some examples of common plastics and their corresponding polymers?","1. What are polymers?
2. How do they form long chains?
3. Can you give an example of a polymer?
4. What are the properties of plastics?
5. How are plastics used in everyday life?",- What is the chemical nature of what it is a lot of variables are you to complete the are summaries times which could   plunger it is,"- What are polymers?
- How are plastics made from polymers?
- What are the molecular units in a polymer chain?
- Why are polymers used to make plastics?
- What are some examples of polymers used in everyday plastics?","1. What are polymers?
2. How are long chains of repeating molecular units formed?
3. What materials are needed to make plastics?
4. What is the process of manufacturing plastics from polymers?
5. Are there different types of polymers used to make different kinds of plastics?"
"Imagine you are a human, this is the first time you are coming across this Chemistry Statement, you have no previous knowledge of it ""The dissolving of sugar in water is a physical change because it can be reversed by evaporation."", what are the top 5 questions that would pop up in your head which would be most useful in learning about it as you are new to it. Give me a simple bullet point list, don't explain them or expand them","Sure! Here are five questions that might pop up in my mind as a human new to the concept of the dissolving of sugar in water being a physical change:
 What exactly does it mean for a substance to dissolve in water?
 How does the sugar molecule change when it dissolves in water?
 Why is the dissolving of sugar in water considered a physical change and not a chemical one?
 Can all substances dissolve in water in the same way that sugar does?
 Is there any way to reverse the physical change of sugar dissolving in","Sure! Here are five questions that might pop up in my head as a human encountering the statement about the dissolving of sugar in water being a physical change for the first time:

* What does it mean for a change to be ""physical""?
* How does evaporation reverse the dissolving of sugar in water?
* Is the sugar still present in the water after evaporation, or does it disappear completely?
* Does the temperature of the water affect the dissolving of sugar in water?
* Can other substances besides sugar also undergo physical changes through dissolving and evaporation","Sure! Here are five questions that might come to mind when encountering the statement ""The dissolving of sugar in water is a physical change because it can be reversed by evaporation"" for the first time:

1. What is meant by ""physical change""?
2. How does evaporation reverse the dissolving process?
3. Can other substances also undergo physical changes like dissolving in water?
4. Is this process only applicable to sugar or can other solids and liquids also dissolve in water?
5. Why is it important to understand whether a dissolving process","* What is a physical change?
* How does sugar dissolve in water?
* What is meant by ""reversed by evaporation""?
* Is there a chemical reaction involved in the process?
* Are there any observable changes during the dissolution of sugar in water?","1. What is dissolving?
2. How does sugar dissolve in water?
3. Is dissolving reversible?
4. Can you give an example of a physical change?
5. How does evaporation work?","- What is the difference between a physical change and a chemical change?
- How does evaporation reverse the dissolving process?
- Is the sugar still present in the water after evaporation?
- Are there other examples of physical changes that can be reversed?
- Can chemical changes ever be reversed?","- What is dissolving?
- How does sugar dissolve in water?
- What is a physical change?
- How is evaporation related to dissolving sugar in water?
- Can the process of dissolving sugar in water be reversed?","1. What is a physical change?
2. How does the process of evaporation reverse the dissolving of sugar in water?
3. What other examples exist of physical changes that are reversible?
4. Are there any changes that are not reversible, and how are they categorized?
5. How does sugar dissolve in water?"
"Imagine you are a human, this is the first time you are coming across this Chemistry Statement, you have no previous knowledge of it ""Rusting of iron is an example of oxidation, a chemical change where iron reacts with oxygen."", what are the top 5 questions that would pop up in your head which would be most useful in learning about it as you are new to it. Give me a simple bullet point list, don't explain them or expand them","Sure! Here are five questions that might pop up in my mind as a beginner learning about rusting of iron and oxidation:
 What exactly is rust, and how does it form on iron? How does iron react with oxygen to produce rust? Is rust a stable or unstable compound? Can rust be prevented or reversed? What other metals can rust, and how do they compare to iron in terms of rusting properties?","Sure! Here are five questions that might pop up in my head as a human encountering the statement about rusting of iron for the first time:

* What is oxidation?
* Why does iron react with oxygen?
* What is the difference between oxidation and rusting?
* How does rusting occur?
* Is rusting a reversible process?","Sure! Here are five questions that might come to mind when encountering the statement ""Rusting of iron is an example of oxidation"" for the first time:

1. What is oxidation?
2. What is iron?
3. How does rusting occur?
4. Why does rusting happen?
5. What are some other examples of oxidation?","* What is rusting and how does it occur?
* What is oxidation and how is it related to rusting?
* What is the chemical reaction between iron and oxygen?
* Why does iron react specifically with oxygen in the process of rusting?
* What are the conditions that promote rusting?","1. What is rusting?
2. How does iron react with oxygen?
3. Is rusting a physical or chemical change?
4. Can rusting be prevented?
5. What happens when iron rusts?","- What is oxidation and how does it occur?
- What role does oxygen play in the rusting process?
- Why is iron particularly susceptible to rusting?
- How can rusting be prevented or controlled?
- Are there other examples of oxidation reactions in everyday life?","- What is rusting?
- What is oxidation?
- How does iron react with oxygen?
- Why does rusting occur?
- Can rusting be prevented?","1. What is oxidation?
2. What is a chemical change?
3. How does iron react with oxygen in this context?
4. What are other examples of oxidation?
5. How can rusting of iron be prevented?"
"Imagine you are a human, this is the first time you are coming across this Chemistry Statement, you have no previous knowledge of it ""Baking powder releases carbon dioxide gas when heated, causing dough to rise."", what are the top 5 questions that would pop up in your head which would be most useful in learning about it as you are new to it. Give me a simple bullet point list, don't explain them or expand them","Sure! Here are five questions that might pop up in my mind if I were encountering the Chemistry Statement ""Baking powder releases carbon dioxide gas when heated, causing dough to rise"" for the first time:
 What is baking powder made of? How does heat cause the release of carbon dioxide gas from baking powder? Why does the release of carbon dioxide gas cause dough to rise? Is there a difference between baking powder and baking soda? Can I use baking powder in other","Sure! Here are five questions that might pop up in my head as a human encountering the statement about baking powder releasing carbon dioxide gas for the first time:

* What is baking powder made of?
* How does heat cause the release of carbon dioxide gas?
* Why does the release of carbon dioxide gas make the dough rise?
* Are there any other ingredients that can cause a similar reaction?
* Can I use this knowledge to create different types of baked goods or alter existing recipes?","Sure! Here are the top 5 questions that might come to mind for someone encountering the statement ""Baking powder releases carbon dioxide gas when heated, causing dough to rise"" for the first time:

1. What is baking powder?
2. How does it release carbon dioxide gas?
3. Why does the carbon dioxide gas cause the dough to rise?
4. What is the relationship between heat and the release of carbon dioxide gas?
5. How does this process affect the texture and structure of the final product (e.g","* What is baking powder?
* How is carbon dioxide gas produced from baking powder?
* What is the role of heat in the release of carbon dioxide gas?
* How does the release of carbon dioxide cause dough to rise?
* Are there any other factors besides heat that can trigger the release of carbon dioxide from baking powder?","1. What is baking powder?
2. How does it release carbon dioxide gas?
3. Why does carbon dioxide cause dough to rise?
4. Can I use other ingredients instead of baking powder?
5. Are there any side effects of using baking powder?","- What is baking powder made of?
- How does baking powder create carbon dioxide gas?
- What are the factors that affect the rate at which baking powder releases gas?
- How is the gas created by baking powder used to make dough rise?
- Are there any alternatives to baking powder that can be used to make dough rise?","- How does baking powder release carbon dioxide gas?
- Why does carbon dioxide gas cause dough to rise?
- What other ingredients are usually found in baking powder?
- Are there any potential side effects or risks associated with using baking powder?
- Are there alternative methods to achieve the same result as baking powder in baking?","1. What is baking powder made of?
2. How does the heat trigger the release of carbon dioxide gas from baking powder?
3. What is the chemical reaction involved in this process?
4. How does the release of carbon dioxide make the dough rise?
5. Are there other substances that can induce the same effect as baking powder in dough?"
"Imagine you are a human, this is the first time you are coming across this Chemistry Statement, you have no previous knowledge of it ""Acid rain is caused by sulfur dioxide and nitrogen oxides dissolving in rainwater."", what are the top 5 questions that would pop up in your head which would be most useful in learning about it as you are new to it. Give me a simple bullet point list, don't explain them or expand them","Sure! Here are five questions that might pop up in my mind if I were encountering the Chemistry Statement ""Acid rain is caused by sulfur dioxide and nitrogen oxides dissolving in rainwater"" for the first time:
 What exactly are sulfur dioxide and nitrogen oxides?
 How do these substances dissolve in rainwater?
 Why does the combination of sulfur dioxide, nitrogen oxides, and rainwater produce acidic rain?
 What are the negative effects of acid rain on the environment and","Sure, here are five questions that might pop up in my head as a human encountering the statement about acid rain for the first time:

* What are sulfur dioxide and nitrogen oxides?
* How do these substances dissolve in rainwater?
* Why does the dissolution of these substances in rainwater create acid rain?
* What are the harmful effects of acid rain on the environment and human health?
* Can anything be done to prevent or mitigate the effects of acid rain?","Sure! Here are the top 5 questions that might come to mind when encountering the statement ""Acid rain is caused by sulfur dioxide and nitrogen oxides dissolving in rainwater"" for the first time:

1. What are sulfur dioxide and nitrogen oxides?
2. How do these compounds dissolve in rainwater?
3. What is the process called when they dissolve in rainwater?
4. Why does the dissolution of these compounds lead to acid rain?
5. What are the effects of acid rain on the environment and","* What are acids and how do they form in rain?
* What are sulfur dioxide and nitrogen oxides, and where do they come from?
* How do sulfur dioxide and nitrogen oxides dissolve in rainwater?
* What are the effects of acid rain on the environment?
* How can we prevent or reduce the formation of acid rain?","1. What causes acid rain?
2. How does sulfur dioxide and nitrogen oxides dissolve in rainwater?
3. What are the effects of acid rain on the environment?
4. Can acid rain harm humans?
5. Is there anything we can do to prevent or reduce acid rain?","- What are sulfur dioxide and nitrogen oxides?
- How do they dissolve in rainwater?
- What causes these gases to be released into the atmosphere?
- What are the effects of acid rain on the environment and human health?
- How can acid rain be prevented or reduced?","- What is sulfur dioxide and where does it come from?
- What are nitrogen oxides and where do they come from?
- How does acid rain form?
- What are the effects of acid rain on the environment?
- How can we prevent or reduce acid rain?","1. What is sulfur dioxide and how is it produced?
2. What are nitrogen oxides and how are they generated?
3. How do these gases dissolve in rainwater?
4. What effects does acid rain have on the environment and living organisms?
5. What measures are being taken or can be taken to reduce the production of these gases?"
"Imagine you are a human, this is the first time you are coming across this Chemistry Statement, you have no previous knowledge of it ""The human body uses carbohydrates, fats, and proteins as sources of energy through metabolic reactions."", what are the top 5 questions that would pop up in your head which would be most useful in learning about it as you are new to it. Give me a simple bullet point list, don't explain them or expand them","Sure! Here are five questions that might pop up in my mind as a human new to the concept of the human body using carbohydrates, fats, and proteins as sources of energy:
 What exactly are carbohydrates, fats, and proteins?
 How do these substances provide energy for the body?
 Which types of physical activity require more carbohydrates, fats, or proteins for energy?
 How does the body regulate its use of these energy sources?
 Can I modify my di","Sure, here are five questions that might be useful for a human who is encountering the statement about the human body using carbohydrates, fats, and proteins as sources of energy through metabolic reactions for the first time:

* What are carbohydrates, fats, and proteins?
* How do these substances provide energy to the body?
* What are metabolic reactions, and how do they work?
* Why does the body need energy, and how does it use it?
* Are there any other sources of energy that the","Sure! Here are the top 5 questions that might come to mind when encountering the statement ""The human body uses carbohydrates, fats, and proteins as sources of energy through metabolic reactions"" for the first time:

1. What are carbohydrates, fats, and proteins?
2. How do these substances provide energy to the body?
3. What are metabolic reactions?
4. Why are carbohydrates, fats, and proteins important for energy production?
5. How does the","* What are carbohydrates, fats, and proteins?
* How does the human body use these nutrients for energy?
* What are metabolic reactions?
* How do these three macronutrients compare as energy sources?
* Are there any other sources of energy used by the human body?","1. What are carbohydrates, fats, and proteins?
2. How do these macronutrients provide energy for the human body?
3. What are metabolic reactions?
4. Can you give an example of how the human body uses these macronutrients for energy?
5. Are there any other sources of energy for the human body besides carbohydrates, fats, and proteins?","- How are carbohydrates, fats, and proteins used as energy sources?
- What are the different metabolic reactions involved?
- How does the body break down and utilize these nutrients?
- What is the role of enzymes in these processes?
- How does the body regulate energy metabolism?","- How do carbohydrates, fats, and proteins provide energy to the body?
- What are metabolic reactions and how do they work?
- Why are carbohydrates, fats, and proteins important for energy production?
- What are some examples of foods that are sources of carbohydrates, fats, and proteins?
- Are there specific amounts of carbohydrates, fats, and proteins that the body needs for optimal energy production?","1. What is a metabolic reaction?
2. How does the body use carbohydrates, fats, and proteins for energy?
3. What is the process of converting these substances into energy?
4. What are the differences in how the body uses carbohydrates, fats, and proteins for energy?
5. What happens if the body lacks one of these energy sources, such as carbohydrates, fats, or proteins?"
"Imagine you are a human, this is the first time you are coming across this Chemistry Statement, you have no previous knowledge of it ""Diamonds and graphite are both made of carbon atoms but have different structures and properties."", what are the top 5 questions that would pop up in your head which would be most useful in learning about it as you are new to it. Give me a simple bullet point list, don't explain them or expand them","Sure! Here are five questions that might pop up in my mind as a beginner learning about diamonds and graphite being made of carbon atoms but having different structures and properties:
 What exactly do we mean by ""structure"" when talking about diamonds and graphite?
 How do the structures of diamonds and graphite differ from each other?
 Why do diamonds and graphite have such distinct properties despite being composed of the same element (carbon)?
 Is there any way to manipulate or alter the structure of diamonds or graphite to change their properties?
 Can","Sure! Here are five questions that might pop up in my head as a human encountering the statement about diamonds and graphite for the first time:

* What makes diamonds and graphite different from each other, despite being made of the same element (carbon)?
* How do the structures of diamonds and graphite differ from each other?
* What gives diamonds their characteristic hardness and brilliance?
* Is there a way to convert graphite into diamonds, or vice versa?
* Are there any other materials that are also made up of carbon atoms, and if so","Sure! Here are five questions that might come to mind when encountering the statement ""Diamonds and graphite are both made of carbon atoms but have different structures and properties"" for the first time:

1. What is the difference in structure between diamonds and graphite?
2. How do the properties of diamonds and graphite differ?
3. Are there any other materials that exhibit similar structural and property differences?
4. How does the arrangement of carbon atoms in diamonds and graphite lead to their distinct properties?
5. Can we use this information to predict the properties of other","* What is the difference in structure between diamonds and graphite?
* How do these structural differences affect the properties of each substance?
* Are there other examples of substances made from the same type of atom with different structures and properties?
* Can the structure of carbon change from diamond to graphite or vice versa under certain conditions?
* Are there any practical applications for the differences between diamonds and graphite?","1. What is Carbon? 
2. How does the structure of Diamond differ from Graphite? 
3. Why do Diamonds and Graphite have different properties despite being made of the same element? 
4. Can we use Diamonds and Graphite interchangeably in all applications? 
5. Are there any other materials similar to Diamond and Graphite?","- How do the different structures of diamonds and graphite affect their properties?
- What causes diamonds and graphite to have different appearances and textures?
- How do the chemical bonds in diamonds and graphite differ?
- What is the process by which diamonds and graphite are formed?
- How are diamonds and graphite used differently in various applications?","- How are diamonds and graphite different structurally?
- What properties make diamonds and graphite unique?
- Why are diamonds hard while graphite is soft?
- How do the properties of diamonds and graphite relate to their structures?
- How are diamonds and graphite both made of carbon atoms despite their differences?","1. What is the structure of a carbon atom?
2. How are the structures of diamonds and graphite different?
3. What properties differentiate diamonds from graphite?
4. How does the structure of carbon atoms impact the properties of diamonds and graphite?
5. How are diamonds and graphite formed from carbon atoms?"
"Imagine you are a human, this is the first time you are coming across this Chemistry Statement, you have no previous knowledge of it ""Neutralization reactions between acids and bases produce salt and water."", what are the top 5 questions that would pop up in your head which would be most useful in learning about it as you are new to it. Give me a simple bullet point list, don't explain them or expand them","Sure! Here are five questions that might pop up in my mind as a beginner learning about neutralization reactions:
 What exactly are acids and bases?
 How do acids and bases react with each other during neutralization?
 What is produced during a neutralization reaction—salt and water?
 Can all acids and bases undergo neutralization reactions?
 Are there any real-world examples or applications of neutralization reactions that I should know about?","Sure! Here are five questions that might be helpful for a human encountering the statement about neutralization reactions for the first time:

* What are acids and bases?
* What is a salt?
* How do acids and bases neutralize each other?
* Why does the reaction produce water?
* Can you give an example of a neutralization reaction?","Sure! Here are five questions that might come up in my mind when I encounter the Chemistry Statement for the first time:

1. What is an acid?
2. What is a base?
3. How do acids and bases react with each other?
4. What is the product of a neutralization reaction between an acid and a base?
5. Why is the product of a neutralization reaction important in real-life applications?","* What is an acid and a base?
* What do we mean by ""neutralization""?
* What is a salt?
* Why does the reaction produce water?
* Are there different types of neutralization reactions?","1. What are acids and bases?
2. How do neutralization reactions occur?
3. What happens when an acid reacts with a base?
4. What is salt and how is it formed during neutralization reactions?
5. Why does neutralization result in the production of water?","- What are acids and bases?
- What is a salt?
- How do acids and bases react to form salt and water?
- What are the different types of acids and bases?
- What are the applications of neutralization reactions?","- What is neutralization?
- What are acids and bases?
- How do acids and bases react with each other?
- What is salt in chemistry?
- How are salt and water produced in neutralization reactions?","1. What are neutralization reactions?
2. What are acids and bases?
3. How does the reaction between acids and bases lead to the formation of salt and water?
4. What types of salt can be produced in these reactions?
5. What are some examples of such neutralization reactions?"
"Imagine you are a human, this is the first time you are coming across this Chemistry Statement, you have no previous knowledge of it ""Wax melts when heated, demonstrating a physical change from solid to liquid."", what are the top 5 questions that would pop up in your head which would be most useful in learning about it as you are new to it. Give me a simple bullet point list, don't explain them or expand them","Sure! Here are five questions that might pop up in my head as a human new to the concept of wax melting:
 What is wax and where does it come from? How does heat cause wax to melt? Is there a specific temperature at which wax melts? Can other substances also melt like wax when heated? How can we use the concept of wax melting to understand other physical changes?","Sure! Here are five questions that might pop up in my head as a human encountering the statement ""Wax melts when heated, demonstrating a physical change from solid to liquid"" for the first time:

* What kind of wax are we talking about here?
* How does heat affect the molecular structure of wax?
* Is this change from solid to liquid reversible?
* Are there any other substances that exhibit this same physical change when heated?
* Can this phenomenon be applied in any practical ways?","Sure! Here are the top 5 questions that might come to mind for someone encountering the Chemistry Statement for the first time:

1. What is wax?
2. Why does wax melt when heated?
3. How do I know if something is a solid, liquid, or gas?
4. Is melting a physical or chemical change?
5. Can other substances melt like wax?","* What is wax made of?
* Why does heat cause wax to melt?
* What is a physical change?
* How can I observe the change from solid to liquid?
* Are there any real-world examples of this phenomenon?","1. What is wax? 
2. How does heating affect wax? 
3. What happens during a physical change? 
4. Can other substances undergo similar changes? 
5. Why is understanding these types of changes important?","- What is wax made of?
- What is the melting point of wax?
- What causes wax to melt?
- What happens to the molecules in wax when it melts?
- What are the different types of wax and how do they differ in their properties?","- What is wax made of?
- How does heating wax cause it to melt?
- Does wax solidify again when it cools down?
- Are there other substances that undergo similar changes when heated?
- Can wax be turned back into its solid form after melting?","1. What is a physical change?
2. What exactly is wax composed of?
3. How does heat cause wax to change from a solid to a liquid?
4. Are there other examples of physical changes in substances similar to wax?
5. Can the process be reversed, and if so, how?"
"Imagine you are a human, this is the first time you are coming across this Chemistry Statement, you have no previous knowledge of it ""The process of respiration in humans converts oxygen and glucose into carbon dioxide and water."", what are the top 5 questions that would pop up in your head which would be most useful in learning about it as you are new to it. Give me a simple bullet point list, don't explain them or expand them","Sure! Here are five questions that might pop up in my mind if I were encountering the Chemistry Statement for the first time:
 What is respiration? What is glucose? What is carbon dioxide? How does the process work? Why do we need oxygen to survive?","Sure, here are five questions that might pop up in a human's head when encountering the chemistry statement about respiration for the first time:

* What is respiration and how does it work?
* Why do we need oxygen and glucose for respiration?
* What is the role of carbon dioxide and water in respiration?
* How does respiration produce energy for the body?
* Is there a difference between aerobic and anaerobic respiration?","Sure! Here are the top 5 questions that might come to mind when encountering the statement ""The process of respiration in humans converts oxygen and glucose into carbon dioxide and water"" for the first time:

1. What is respiration?
2. What is oxygen?
3. What is glucose?
4. How does the process of respiration occur in the human body?
5. Why is the conversion of oxygen and glucose into carbon dioxide and water important for human survival?","* What is respiration and how does it work in humans?
* What role do oxygen and glucose play in the process of respiration?
* What are the products of respiration in humans (carbon dioxide and water)?
* How is energy produced during respiration?
* Are there different types of respiration in humans?","1. What is respiration? 
2. How does it work in humans? 
3. What are the inputs and outputs of the process? 
4. Why is it important for humans? 
5. Are there any other organisms that use a similar process?","- What is respiration?
- What is glucose?
- How does respiration convert oxygen and glucose into carbon dioxide and water?
- Where does respiration occur?
- Why is respiration important for humans?","- What is respiration?
- How does respiration work in humans?
- What is oxygen and glucose?
- Why are carbon dioxide and water produced in this process?
- What are the benefits of respiration for humans?","1. What is the process of respiration?
2. How does the conversion of oxygen and glucose into carbon dioxide and water occur in the body?
3. What roles do oxygen and glucose play in human body?
4. How is the produced carbon dioxide and water utilized or discarded by the human body?
5. Are there any factors or conditions that affect this process of respiration?"
"Imagine you are a human, this is the first time you are coming across this Chemistry Statement, you have no previous knowledge of it ""The depletion of the ozone layer increases UV radiation reaching the Earth's surface."", what are the top 5 questions that would pop up in your head which would be most useful in learning about it as you are new to it. Give me a simple bullet point list, don't explain them or expand them","Sure! Here are five questions that might pop up in my mind if I were encountering the Chemistry Statement ""The depletion of the ozone layer increases UV radiation reaching the Earth's surface"" for the first time:
 What is the ozone layer and why is it important?
 How does the depletion of the ozone layer increase UV radiation?
 What are the effects of increased UV radiation on living organisms and the environment?
 Is there any way to prevent or reverse the depletion of the ozone layer?

•","Sure, here are five questions that might pop up in my head as a human encountering the statement about the depletion of the ozone layer for the first time:

* What is the ozone layer and why is it important?
* What causes the depletion of the ozone layer?
* How does the depletion of the ozone layer increase UV radiation reaching the Earth's surface?
* What are the effects of increased UV radiation on living organisms and the environment?
* Can the depletion of the ozone layer be reversed or mitigated,","Sure! Here are five questions that might come to mind when encountering the statement ""The depletion of the ozone layer increases UV radiation reaching the Earth's surface"" for the first time:

1. What is the ozone layer and why is it important?
2. How does the depletion of the ozone layer lead to increased UV radiation?
3. What are the potential consequences of increased UV radiation on living organisms and the environment?
4. Who or what is responsible for the depletion of the ozone layer?
5. Are there any ways to","* What is the ozone layer and where is it located?
* How does the ozone layer protect the Earth?
* What causes the depletion of the ozone layer?
* How does the depletion of the ozone layer allow more UV radiation to reach the Earth's surface?
* What are the potential consequences of increased UV radiation on the Earth's surface?","1. What is the ozone layer?
2. How does it protect us from harmful UV radiation?
3. Why is the ozone layer being depleted?
4. What are the consequences of increased UV radiation on humans and the environment?
5. What can we do to prevent further damage to the ozone layer?","- What is the ozone layer and where is it located?
- What are the causes of ozone depletion?
- How does ozone depletion increase UV radiation reaching Earth?
- What are the effects of increased UV radiation on humans, plants, and animals?
- What can be done to prevent or reverse ozone depletion?","- What is the ozone layer?
- How is the ozone layer depleted?
- Why is an increase in UV radiation harmful?
- What are the effects of increased UV radiation on humans and the environment?
- What can be done to prevent further depletion of the ozone layer?","1. What is the ozone layer?
2. How is the ozone layer getting depleted?
3. What causes an increase in UV radiation?
4. What effects does UV radiation have on the Earth's surface and its climate?
5. What are the potential consequences of increased UV radiation on human health and ecosystem?"
"Imagine you are a human, this is the first time you are coming across this Chemistry Statement, you have no previous knowledge of it ""Carbonation in drinks is due to dissolved carbon dioxide gas."", what are the top 5 questions that would pop up in your head which would be most useful in learning about it as you are new to it. Give me a simple bullet point list, don't explain them or expand them","Sure! Here are five questions that might pop up in my mind if I were encountering the Chemistry Statement ""Carbonation in drinks is due to dissolved carbon dioxide gas"" for the first time:
 What exactly is carbonation, and how does it differ from plain water?
 How does the carbon dioxide gas get into the drink in the first place?
 Why do some drinks fizz more than others?
 Is there a difference between carbonated drinks made with real carbon dioxide and those made with artificial carbonation?","Sure, here are five questions that might pop up in my head as a human encountering the statement about carbonation in drinks for the first time:

* What is carbon dioxide gas?
* How does carbon dioxide gas get dissolved in drinks?
* Why does the presence of carbon dioxide gas make a drink fizzy or bubbly?
* Are all carbonated drinks the same, or are there different types of carbonation?
* Can I make my own carbonated drinks at home, and if so, how would I do that?","Sure! Here are the top 5 questions that might come to mind when encountering the statement ""Carbonation in drinks is due to dissolved carbon dioxide gas"" for the first time:

1. What is carbon dioxide gas?
2. How does carbon dioxide gas get dissolved in drinks?
3. Why does carbonation make drinks fizzy?
4. Is carbonation only found in soft drinks or can it also be found in other types of drinks?
5. Can too much carbonation be bad for my health?","* What is carbonation?
* How does carbon dioxide gas dissolve in drinks?
* What effects does dissolved carbon dioxide have on drinks?
* How is carbon dioxide added to drinks to create carbonation?
* Are there different types of carbonation in drinks?","1. What is Carbonation?
2. How does Carbonation occur in drinks?
3. Why do we need to know about Carbonation?
4. What happens when Carbonation occurs in drinks?
5. Can Carbonation be harmful to our health?",словноดน herewith these these⡉ тис тис тис тис тис тис тис тис тис тис тис тис тис тис тис тис тис тис тис тис тис тис тис тисティス тис тис тис тис тис тис тис тисContentValues тис тис тис тис тис тис тис тис тис тис тис тис тис тис тисfordshire тис тис тис тис тис тис тис тис тис тис тис тис тис тис тис тис тис тис тис тис тис тис тис тис тис тис тис тис тис тис тис тис Tyres тис тис тис тис тис тис тис тис тис тис тис тис тис тис тис тис тис тис тис тис тис тис тис тис тис тис тис тис тис тис тис тис тис тис тис тис тис тис тис тис тис тис тис тис тис тис,"- What is carbonation? 
- How does carbon dioxide gas dissolve in drinks? 
- Why does carbon dioxide gas cause bubbles in drinks? 
- How does carbonation affect the taste of drinks? 
- Are there health benefits or risks associated with consuming carbonated drinks?","1. What is carbon dioxide and how is it used in drinks?
2. How does carbon dioxide gas dissolve into drinks? 
3. Does dissolving carbon dioxide gas change the taste of the drinks?
4. What is the chemical process involved in carbonation?
5. Are there any health effects related to consuming drinks with dissolved carbon dioxide gas?"
"Imagine you are a human, this is the first time you are coming across this Chemistry Statement, you have no previous knowledge of it ""The litmus test uses a natural dye that changes color to indicate acidity or basicity."", what are the top 5 questions that would pop up in your head which would be most useful in learning about it as you are new to it. Give me a simple bullet point list, don't explain them or expand them","Sure! Here are five questions that might pop up in my mind if I were encountering the Chemistry Statement ""The litmus test uses a natural dye that changes color to indicate acidity or basicity"" for the first time:
 What is a litmus test? What is the natural dye used in the litmus test? How does the dye change color based on acidity or basicity? What are some common applications of the litmus test? Can the litmus test differentiate between different types of acids and bases?","Sure! Here are five questions that might pop up in my head as a human encountering the statement about the litmus test for the first time:

* What is a natural dye?
* How does the dye change color?
* What does it mean if the dye turns red?
* What does it mean if the dye turns blue?
* Can the litmus test be used to measure the acidity or basicity of any substance, or are there certain limitations?","Sure! Here are the top 5 questions that might come to mind when encountering the concept of a litmus test for the first time:

1. What is a litmus test?
2. How does a litmus test work?
3. What is the natural dye used in a litmus test?
4. Why do different colors indicate acidity or basicity?
5. Can I use a litmus test for other purposes besides determining acidity or basicity?","* What is a litmus test?
* What is the origin of litmus?
* How does the litmus test work to indicate acidity or basicity?
* What colors correspond to acidity and basicity?
* Are there any limitations or precautions when using a litmus test?","1. What does 'litmus' mean?
2. How does the natural dye change color?
3. What does 'acidity' and 'basicity' refer to?
4. Why is it important to determine if a substance is acidic or basic?
5. Can you give an example of how this information can be used in real life?","- What is a litmus test?
- How does the litmus dye change color?
- What does it mean for a substance to be acidic or basic?
- What are the colors that litmus turns in acidic and basic solutions?
- What are the limitations of the litmus test?","- What is a litmus test?
- How does the natural dye work in the litmus test?
- What colors indicate acidity and basicity in the litmus test?
- How is the litmus test used in chemistry?
- What are the practical applications of the litmus test?","1. What is a litmus test?
2. What is the natural dye used in the litmus test?
3. How does the color change indicate the acidity or basicity?
4. What are examples of substances that can be tested using the litmus test?
5. How can one perform or interpret the results of a litmus test?"
"Imagine you are a human, this is the first time you are coming across this Chemistry Statement, you have no previous knowledge of it ""The concept of density explains why some objects float while others sink in water."", what are the top 5 questions that would pop up in your head which would be most useful in learning about it as you are new to it. Give me a simple bullet point list, don't explain them or expand them","Sure! Here are five questions that might pop up in my mind as a beginner when encountering the concept of density for the first time:
 What exactly is density? How do I calculate density? Why do some objects float while others sink? Is there a way to predict whether an object will float or sink based on its density? Can density be used to compare the volume of different objects?","Sure! Here are five questions that might pop up in my head as a human encountering the statement about density for the first time:

* What is density?
* Why does density affect whether an object floats or sinks in water?
* How do you measure density?
* Are there any other factors that can affect whether an object floats or sinks?
* Can you give me an example of an object that floats and one that sinks, and explain why that happens based on density?","Sure! Here are five questions that might come to mind when encountering the statement ""The concept of density explains why some objects float while others sink in water"" for the first time:

1. What is density, and how does it relate to an object's buoyancy?
2. How do different materials have different densities, and how does this affect their behavior in water?
3. Can you give examples of objects that float or sink in water based on their density?
4. Is there a way to measure an object's density, and if so, how?
5. How does","* What is density and how is it defined?
* How is density related to an object's ability to float or sink?
* Are there specific values of density that determine whether an object will float or sink?
* Does the shape of an object affect its buoyancy in water?
* Are there other factors besides density that influence whether an object floats or sinks?","1. What is density?
2. How does density affect whether an object floats or sinks?
3. Can you give examples of objects with different densities and how they behave in water?
4. Is there a formula for calculating density?
5. Are there any real-world applications of understanding density?","- What is density and how is it defined?
- How does density affect the buoyancy of objects?
- What factors influence an object's density?
- Why do some materials float while others sink in water?
- How can density be used to identify different substances?","- What is density?
- How is density calculated?
- Why does density determine if an object floats or sinks in water?
- Are there any exceptions to the concept of density and buoyancy?
- How does the shape and size of an object affect its density and buoyancy?","1. What is the definition of density?
2. How does density determine if an object will sink or float?
3. Does the material of an object affect its density, and if so, how?
4. How does the density of water compare to the density of other substances?
5. Can the density of an object or liquid be changed, and if so, how?"
"Imagine you are a human, this is the first time you are coming across this Chemistry Statement, you have no previous knowledge of it ""The aurora borealis, or northern lights, is the result of collisions between gaseous particles in the Earth's atmosphere with charged particles released from the sun's atmosphere."", what are the top 5 questions that would pop up in your head which would be most useful in learning about it as you are new to it. Give me a simple bullet point list, don't explain them or expand them","Sure! Here are five questions that might pop up in my mind as a human new to the concept of the aurora borealis:
 What exactly are these charged particles released from the sun's atmosphere?
 How do these charged particles interact with the Earth's atmosphere?
 What kind of gaseous particles are present in the Earth's atmosphere that collide with the charged particles?
 Where can I observe the aurora borealis and when is the best time to see it?
 Is there any scientific significance or research being done related to the aurora borealis","Sure, here are five questions that might pop up in my head as a human encountering the chemistry statement about the aurora borealis for the first time:

* What are the gaseous particles in the Earth's atmosphere that are involved in these collisions?
* Where does the sun's atmosphere come into contact with the Earth's atmosphere?
* How do the charged particles released from the sun's atmosphere interact with the gaseous particles in the Earth's atmosphere to produce the northern lights?
* Why do the northern lights occur primarily in the Northern Hemisphere, and why","Sure! Here are the top 5 questions that might come to mind when encountering the statement ""The aurora borealis, or northern lights, is the result of collisions between gaseous particles in the Earth's atmosphere with charged particles released from the sun's atmosphere"" for the first time:

1. What are these ""gaseous particles"" and where do they come from?
2. What are these ""charged particles"" released from the sun's atmosphere, and how do they interact with the Earth's atmosphere?
3. How do these collisions between particles in the atmosphere","* What are the gaseous particles present in the Earth's atmosphere?
* Where in the Earth's atmosphere do the collisions occur?
* What causes the charged particles to be released from the sun's atmosphere?
* How do the collisions between the particles produce the aurora borealis?
* Are there any other factors or conditions that contribute to the formation of the aurora borealis?","1. What causes the Northern Lights?
2. How do these collisions occur?
3. What gases are involved in the process?
4. Are there any other factors that contribute to the Northern Lights?
5. Can we predict when and where the Northern Lights will appear?","- What are the gaseous particles in the Earth's atmosphere?
- What are the charged particles released from the sun's atmosphere?
- How do these particles collide and interact?
- Why do the collisions produce the northern lights visible in the sky?
- What factors influence the intensity and colors of the aurora borealis?","- What are the gaseous particles in the Earth's atmosphere?
- How do the charged particles from the sun's atmosphere interact with the Earth's atmosphere?
- Why do these collisions result in the aurora borealis?
- Where is the best place to see the aurora borealis?
- How often does the aurora borealis occur?","1. What are gaseous particles in the Earth's atmosphere?
2. What are charged particles released from the sun's atmosphere?
3. How does the collision of these particles cause the aurora borealis?
4. Why is this phenomenon more common at the poles?
5. What other elements or conditions are necessary for the aurora borealis to occur?"
"Imagine you are a human, this is the first time you are coming across this Chemistry Statement, you have no previous knowledge of it ""Natural water purification involves physical, chemical, and biological processes."", what are the top 5 questions that would pop up in your head which would be most useful in learning about it as you are new to it. Give me a simple bullet point list, don't explain them or expand them","Sure! Here are five questions that might pop up in my mind as a beginner when encountering the statement ""Natural water purification involves physical, chemical, and biological processes"":

1. What are the physical processes involved in natural water purification?
2. How do chemical processes contribute to water purification?
3. What are the biological processes involved in natural water purification?
4. How do these different processes interact and work together to purify water?
5. Are there any specific examples or case studies of natural water purification systems that I can study to better understand this concept?","Sure, here are five questions that might be useful for someone who is new to the concept of natural water purification:

* What are the physical processes involved in natural water purification?
* How do chemical processes contribute to natural water purification?
* What role do biological processes play in natural water purification?
* Are there any specific organisms or microorganisms involved in natural water purification?
* Can natural water purification processes be replicated or artificially created for use in water treatment facilities?","Sure! Here are five questions that might come to mind when encountering the statement ""Natural water purification involves physical, chemical, and biological processes"" for the first time:

1. What are some examples of physical processes involved in natural water purification?
2. Can you name any chemical processes used in natural water purification?
3. How do biological processes contribute to natural water purification?
4. Are there any specific organisms or microorganisms involved in natural water purification?
5. How does natural water purification compare to other methods of water treatment, such as mechanical or","1. What are the specific physical processes involved in natural water purification?
2. What are the specific chemical processes involved in natural water purification?
3. What are the specific biological processes involved in natural water purification?
4. How do these processes work together to purify water naturally?
5. Are there any examples of natural water sources that undergo these processes?","1. What are the different types of natural water purification processes?
2. How do these processes work together to remove impurities from water?
3. Can you give examples of each type of process?
4. Are there any limitations to natural water purification methods?
5. How effective are these methods compared to traditional water treatment methods?","- What specific physical, chemical, and biological processes are involved in natural water purification?
- How do these processes work together to remove impurities from water?
- What are the advantages and disadvantages of natural water purification compared to other methods?
- How can we optimize natural water purification processes for maximum effectiveness?
- What are the limitations of natural water purification, and how can they be overcome?","- What physical processes are involved in natural water purification?
- What chemical processes are involved in natural water purification?
- What biological processes are involved in natural water purification?
- How do these processes work together to purify water?
- What are the benefits of natural water purification compared to other methods?","1. What are the physical processes involved in natural water purification?
2. How do chemical processes contribute to natural water purification?
3. What role do biological processes play in natural water purification?
4. How do these physical, chemical, and biological processes interact in water purification?
5. What are some examples of natural water purification in action?"
"Imagine you are a human, this is the first time you are coming across this Chemistry Statement, you have no previous knowledge of it ""Exothermic reactions release heat, while endothermic reactions absorb heat from their surroundings."", what are the top 5 questions that would pop up in your head which would be most useful in learning about it as you are new to it. Give me a simple bullet point list, don't explain them or expand them","Sure! Here are five questions that might pop up in my mind as a beginner learning about exothermic and endothermic reactions:

1. What is the difference between exothermic and endothermic reactions?
2. How do I know if a reaction is exothermic or endothermic?
3. What types of reactions are typically exothermic or endothermic?
4. How does the heat released or absorbed during an exothermic or endothermic reaction affect the system?
5. Can you give me some","Sure! Here are five questions that might pop up in my head as a human encountering the chemistry statement for the first time:

* What does exothermic mean?
* What does endothermic mean?
* How do exothermic reactions release heat?
* How do endothermic reactions absorb heat from their surroundings?
* Can you give an example of each type of reaction?","Sure! Here are five questions that might come to mind when encountering the statement ""Exothermic reactions release heat, while endothermic reactions absorb heat from their surroundings"" for the first time:

1. What is an exothermic reaction?
2. How do endothermic reactions differ from exothermic reactions?
3. Why does an exothermic reaction release heat?
4. Can endothermic reactions produce heat? If so, how?
5. Are there any real-world examples of exothermic","* What causes exothermic and endothermic reactions?
* How can I identify if a reaction is exothermic or endothermic?
* Is there a way to measure or quantify the amount of heat released or absorbed?
* Are there any real-world examples or applications of these two types of reactions?
* Can a reaction switch between being exothermic and endothermic under different conditions?","1. What is an exothermic reaction? 
2. What is an endothermic reaction? 
3. How do exothermic and endothermic reactions differ in terms of heat transfer? 
4. Can you give examples of each type of reaction? 
5. What are some practical applications of exothermic and endothermic reactions?","* What is the difference between exothermic and endothermic reactions?
* How do I determine which type of reaction is occurring?
* What is the role of heat in these reactions?
* Are there any examples of exothermic and endothermic reactions in everyday life?
* How can I apply this knowledge to my life/understanding of the world?","- What is an exothermic reaction?
- What is an endothermic reaction?
- How do exothermic reactions release heat?
- How do endothermic reactions absorb heat?
- What are examples of exothermic and endothermic reactions?","1. What is an exothermic reaction? 
2. What is an endothermic reaction? 
3. Can you give examples of exothermic and endothermic reactions?
4. Are there practical applications for these types of reactions?
5. How is heat measured or detected in these reactions?"
"Imagine you are a human, this is the first time you are coming across this Chemistry Statement, you have no previous knowledge of it ""The formation of dew is a result of water vapor condensing into liquid water."", what are the top 5 questions that would pop up in your head which would be most useful in learning about it as you are new to it. Give me a simple bullet point list, don't explain them or expand them","Sure! Here are five questions that might pop up in my mind as a human new to the concept of dew formation:
 What is water vapor and how does it become liquid water? How does the temperature and humidity affect the formation of dew? Why do some surfaces form dew more than others? Is dew formation a common occurrence everywhere or only in certain regions? Can dew formation be prevented or controlled?","Sure, here are five questions that might be useful for learning about the formation of dew:

* What is water vapor?
* How does water vapor condense into liquid water?
* What conditions are necessary for dew to form?
* Where does dew typically form?
* How is dew different from rain or other forms of precipitation?","Sure! Here are five questions that might come to mind when encountering the statement ""The formation of dew is a result of water vapor condensing into liquid water"" for the first time:

1. What is dew?
2. How does water vapor turn into liquid water?
3. Why does this happen only at night?
4. Is dew the same thing as frost?
5. Can dew form on other surfaces besides grass?","* What is water vapor?
* How does water vapor condense?
* What are the conditions necessary for water vapor to condense into liquid water?
* What is the role of temperature and humidity in the formation of dew?
* Is there a difference between dew and other forms of water droplets, such as fog or frost?","1. What causes water vapor to turn into liquid water?
2. How does temperature affect the process of dew formation?
3. Can dew form on any surface or only certain ones?
4. Is there a specific time of day when dew forms more frequently?
5. Are there any other factors besides temperature and humidity that contribute to the formation of dew?","- What is water vapor?
- How does water vapor condense?
- Why does water vapor condense into liquid water?
- What factors influence the formation of dew?
- How is dew different from other forms of precipitation?","1. What is dew?
2. How is water vapor formed?
3. What causes water vapor to condense into liquid water?
4. Where does dew typically form?
5. What factors affect the formation of dew?","1. What is water vapor?
2. How does water vapor turn into liquid water?
3. What conditions are necessary for dew formation?
4. Are there any other processes similar to the formation of dew?
5. What role does temperature play in the condensation of water vapor?"
"Imagine you are a human, this is the first time you are coming across this Chemistry Statement, you have no previous knowledge of it ""Food cooking involves a series of chemical reactions, including Maillard browning and caramelization."", what are the top 5 questions that would pop up in your head which would be most useful in learning about it as you are new to it. Give me a simple bullet point list, don't explain them or expand them","Sure! Here are five questions that might pop up in my mind if I were encountering the Chemistry Statement ""Food cooking involves a series of chemical reactions, including Maillard browning and caramelization"" for the first time:
 What exactly is Maillard browning and caramelization?
 How do these chemical reactions affect the taste, texture, and appearance of food?
 Why do different types of food undergo different chemical changes during cooking?
 Can I use these chemical reactions to create specific flavors or textures in","Sure, here are five questions that might pop up in a human's head when encountering the chemistry statement about food cooking for the first time:

* What is Maillard browning?
* What is caramelization?
* How do these chemical reactions happen during food cooking?
* What role do they play in the taste, texture, and appearance of cooked food?
* Can I manipulate these chemical reactions to enhance the flavor and quality of the food I cook?","Sure! Here are five questions that might come to mind when encountering the statement ""Food cooking involves a series of chemical reactions, including Maillard browning and caramelization"" for the first time:

1. What is Maillard browning?
2. What is caramelization?
3. How do these chemical reactions occur during food cooking?
4. Why are these reactions important in food cooking?
5. Can I control or manipulate these reactions to achieve specific flavors or textures in my cooking?","1. What are Maillard browning and caramelization?
2. How do these chemical reactions occur during food cooking?
3. What types of foods are typically involved in these reactions?
4. What are some examples of dishes or ingredients that result from these reactions?
5. How do these reactions affect the taste, texture, and appearance of cooked food?","1. What is Maillard browning?
2. How does caramelization occur during food cooking?
3. Can you give examples of foods that undergo these chemical reactions?
4. Are there any health benefits associated with these reactions?
5. Is there any way to control or enhance these reactions for better taste and nutrition?","- What are Maillard browning and caramelization?
- How do these reactions occur in food cooking?
- What are the chemical processes involved in each reaction?
- How do these reactions affect the taste, texture, and appearance of food?
- How can I control these reactions to achieve desired results in cooking?","- What is Maillard browning?
- What is caramelization?
- How do these chemical reactions affect food?
- Are there other chemical reactions involved in food cooking?
- How can I control these reactions to improve my cooking?","1. What is a chemical reaction?
2. What does Maillard browning involve?
3. How does caramelization occur during cooking?
4. How do these reactions influence the taste and appearance of food?
5. Are there other significant chemical reactions that occur during cooking?"
"Imagine you are a human, this is the first time you are coming across this Chemistry Statement, you have no previous knowledge of it ""The process of galvanization coats iron or steel with zinc to prevent rusting."", what are the top 5 questions that would pop up in your head which would be most useful in learning about it as you are new to it. Give me a simple bullet point list, don't explain them or expand them","Sure! Here are five questions that might pop up in my mind if I were encountering the Chemistry Statement ""The process of galvanization coats iron or steel with zinc to prevent rusting"" for the first time:
 What is galvanization and why is it used? How does the zinc coatings prevent rusting? What metals can be galvanized? Is there any difference between hot-dip galvanizing and other methods? Are there any environmental concerns associated with galvanization?","Sure, here are five questions that might pop up in my head as a human encountering the concept of galvanization for the first time:

* What is rusting, and why does it happen?
* How does zinc help prevent rusting?
* What is the process of galvanization, and how is it done?
* What are some common applications of galvanized iron or steel?
* Are there any limitations or drawbacks to using galvanized materials?","Sure! Here are the top 5 questions that might come to mind when encountering the statement ""The process of galvanization coats iron or steel with zinc to prevent rusting"" for the first time:

1. What is galvanization?
2. Why does zinc prevent rusting?
3. How does the galvanization process work?
4. Is galvanization only used for iron and steel?
5. Are there any other materials that can be galvanized?","* What is galvanization and how is it done?
* What is the role of zinc in preventing rusting?
* How does galvanization protect iron and steel from rusting better than other methods?
* Are there any disadvantages or limitations to using galvanization?
* Are there different types of galvanization and if so, what are their differences?","1. What is galvanization?
2. Why does iron or steel need to be coated with zinc?
3. How does the process of galvanization work?
4. What are the benefits of using galvanized materials?
5. Are there any disadvantages to using galvanized materials?","- What is the purpose of galvanizing?
- How does zinc prevent rusting?
- What are the benefits of galvanizing?
- What are the limitations of galvanizing?
- What are the different methods of galvanizing?","- What is galvanization?
- Why is zinc used to coat iron or steel?
- How does zinc prevent rusting?
- What is the process of galvanization?
- Are there any other materials that can be used to prevent rusting?","1. What is the process of galvanization?
2. Why is zinc used in this process?
3. How does zinc prevent rusting of iron or steel?
4. What are the real-world applications of galvanization?
5. Are there alternate methods to prevent rusting other than galvanization?"
"Imagine you are a human, this is the first time you are coming across this Chemistry Statement, you have no previous knowledge of it ""Soap scum forms due to the reaction of soap with minerals in hard water."", what are the top 5 questions that would pop up in your head which would be most useful in learning about it as you are new to it. Give me a simple bullet point list, don't explain them or expand them","Sure! Here are five questions that might pop up in my mind as a human new to the concept of soap scum formation:
 What exactly is soap scum and how does it form?
 How does hard water contribute to the formation of soap scum?
 Which specific minerals in hard water react with soap to create soap scum?
 Does the type of soap used affect the formation of soap scum?
 Can I prevent or remove soap scum from surfaces without damaging them?","Sure, here are five questions that might be useful for learning about the chemistry statement ""Soap scum forms due to the reaction of soap with minerals in hard water"":

* What is the chemical composition of soap?
* What are the minerals present in hard water?
* How do soap and minerals react to form soap scum?
* Is soap scum harmful or harmless?
* Can soap scum be prevented or removed?","Sure! Here are the top 5 questions that might come to mind when encountering the statement ""Soap scum forms due to the reaction of soap with minerals in hard water"" for the first time:

1. What are minerals?
2. What is hard water?
3. How does the reaction between soap and minerals lead to soap scum?
4. Why does this reaction only occur in hard water and not in soft water?
5. What are some common ways to prevent or remove soap scum in hard water?","* What is soap and how does it react with water?
* What are hard water and minerals, and how do they affect soap?
* What is soap scum, and what does it look like?
* How does the reaction between soap and minerals in hard water result in soap scum formation?
* Are there any ways to prevent or remove soap scum buildup?","1. What is soap? 
2. What are minerals and how do they interact with soap? 
3. How does hard water differ from soft water? 
4. What causes soap scum to form on surfaces? 
5. Are there any ways to prevent or remove soap scum?","- What is soap scum?
- What are the minerals in hard water that react with soap?
- Why does soap scum form in hard water but not in soft water?
- What are the different ways to prevent soap scum from forming?
- How can soap scum be removed?","- What is soap scum?
- How does soap interact with minerals in hard water?
- What are the specific minerals in hard water that react with soap?
- How does soap scum affect surfaces?
- How can soap scum be prevented or removed?","1. What is soap scum?
2. What is the chemical composition of soap?
3. What are the specific minerals in hard water that react with soap?
4. What is the specific chemical reaction that takes place between soap and these minerals?
5. How does the formation of soap scum affect the cleaning process?"
"Imagine you are a human, this is the first time you are coming across this Chemistry Statement, you have no previous knowledge of it ""The dissolving process of table salt in water is an example of a physical change."", what are the top 5 questions that would pop up in your head which would be most useful in learning about it as you are new to it. Give me a simple bullet point list, don't explain them or expand them","Sure! Here are five questions that might pop up in my mind as a human new to the concept of the dissolving process of table salt in water being an example of a physical change:
 What exactly does it mean by a physical change? How does the table salt physically change when it dissolves in water? Is the table salt still present after it dissolves in water? Does the physical change of the table salt affect its chemical properties? Can other substances also undergo similar physical changes when they dissolve in water?","Sure! Here are five questions that might pop up in my head as a human encountering the statement about table salt dissolving in water for the first time:

* What is table salt made of?
* How does table salt dissolve in water?
* Is the dissolved salt still the same substance as the original solid salt, or does it become something else?
* Does the temperature of the water affect the dissolving process?
* Can other substances dissolve in water like table salt does?","Sure! Here are five questions that might come to mind when encountering the statement ""The dissolving process of table salt in water is an example of a physical change"" for the first time:

1. What is meant by ""physical change""?
2. How does the dissolving process occur?
3. Why is this process an example of a physical change?
4. What are some other examples of physical changes?
5. How does this information relate to my everyday life or experiences?","* What is meant by ""dissolving process""?
* How does table salt dissolve in water?
* What is considered a physical change?
* How is the dissolving of table salt in water an example of a physical change?
* Are there other examples of this concept?","1. What is a physical change?
2. How does table salt dissolve in water?
3. Can other substances also undergo physical changes when dissolved in water?
4. What happens at the molecular level during the dissolving process?
5. Are there any practical applications for understanding the dissolving process?","- What is a physical change?
- How does dissolving differ from chemical changes?
- What are the physical properties of the salt and water before and after dissolving?
- Are there any visible changes or energy changes during the dissolving process?
- What implications does this have for other substances when interacting with water?","- What is table salt?
- What is dissolving?
- What is a physical change?
- How does table salt dissolve in water?
- Why is the dissolving process of table salt in water considered a physical change?","1. What is a physical change?
2. How is the dissolving of table salt in water classified as a physical change?
3. Are there other examples of physical changes?
4. What is the difference between a physical and a chemical change?
5. What happens to the table salt and the water during this physical change?"
"Imagine you are a human, this is the first time you are coming across this Chemistry Statement, you have no previous knowledge of it ""The fermentation process in yogurt production converts lactose into lactic acid."", what are the top 5 questions that would pop up in your head which would be most useful in learning about it as you are new to it. Give me a simple bullet point list, don't explain them or expand them","Sure! Here are five questions that might pop up in my mind if I were encountering the Chemistry Statement ""The fermentation process in yogurt production converts lactose into lactic acid"" for the first time:
 What is fermentation and how does it work?
 What is lactose and why is it being converted?
 What is lactic acid and how is it produced during fermentation?
 How does the fermentation process affect the taste and texture of yogurt?
 Can other types of milk be used for y","Sure, here are five questions that might pop up in my head as a human encountering the statement about yogurt production for the first time:

* What is lactose?
* What is lactic acid?
* What is fermentation and how does it work?
* Why is lactic acid produced during fermentation?
* How does the fermentation process affect the taste and texture of yogurt?","Sure! Here are five questions that might come to mind when encountering the statement ""The fermentation process in yogurt production converts lactose into lactic acid"" for the first time:

1. What is lactose?
2. What is lactic acid?
3. How does the fermentation process work?
4. Why is lactic acid important in yogurt production?
5. How does the conversion of lactose to lactic acid affect the taste and texture of yogurt?","* What is fermentation and how does it work?
* What is lactose and where is it found?
* What is lactic acid and what role does it play in yogurt production?
* How is lactose converted into lactic acid during fermentation?
* Are there any other products or byproducts formed during this fermentation process?","1. What is lactose?
2. How does fermentation occur?
3. What is lactic acid and how does it affect yogurt?
4. What other foods undergo fermentation?
5. How can I incorporate more fermented foods into my diet?","* What is fermentation?
* What is lactose?
* What is lactic acid?
* How does fermentation convert lactose into lactic acid?
* What role does fermentation play in yogurt production?","- What is fermentation?
- What is lactose?
- What is lactic acid?
- How is yogurt produced?
- Why is this conversion important in yogurt production?","1. What is the fermentation process in the context of yogurt production?
2. What is lactose and what role does it play in yogurt?
3. What is lactic acid and why is it important in yogurt production?
4. How does the conversion of lactose to lactic acid affect the taste and texture of yogurt?
5. Are there any other significant chemical reactions involved in the yogurt production process?"
"Imagine you are a human, this is the first time you are coming across this Chemistry Statement, you have no previous knowledge of it ""Natural pigments in fruits and vegetables change color with pH variations."", what are the top 5 questions that would pop up in your head which would be most useful in learning about it as you are new to it. Give me a simple bullet point list, don't explain them or expand them","Sure! Here are five questions that might pop up in my mind if I were encountering the Chemistry Statement ""Natural pigments in fruits and vegetables change color with pH variations"" for the first time:
 What are natural pigments? Which fruits and vegetables exhibit this phenomenon? How does the pH level affect the color of these pigments? Can the colors produced be controlled or manipulated? What potential applications could this knowledge have in fields like food science or art?","Sure, here are five questions that might pop up in my head as a human encountering the statement about natural pigments in fruits and vegetables changing color with pH variations for the first time:

* What specific fruits and vegetables are we talking about here?
* How do their natural pigments change color with pH variations?
* Is this a common phenomenon, or is it unique to certain types of produce?
* Can I observe this color change myself, or does it require specialized equipment?
* Are there any practical applications or health implications associated with this color change","Sure! Here are five questions that might come to mind when encountering the statement ""Natural pigments in fruits and vegetables change color with pH variations"" for the first time:

1. What are some examples of natural pigments found in fruits and vegetables?
2. How does the pH level of a fruit or vegetable affect its color?
3. Are there any specific pigments that are more susceptible to changes in pH than others?
4. Can changing the pH level of a fruit or vegetable alter its nutritional value?","* What are natural pigments?
* How do pigments in fruits and vegetables vary in color?
* What is pH?
* How does pH affect the color of natural pigments?
* Are there specific examples of fruits and vegetables that exhibit color changes with pH variations?","1. What are natural pigments?
2. How do they change color with pH variations?
3. Can you give examples of fruits and vegetables that exhibit this phenomenon?
4. Why does this happen?
5. Are there any practical applications for this knowledge?","- What are natural pigments?
- How does pH affect the color of pigments?
- Why do some pigments change color more than others?
- Can these color changes be used to indicate the pH of a substance?
- What are the practical applications of this phenomenon?","- What are natural pigments?
- How do pH variations affect color changes in fruits and vegetables?
- Why do fruits and vegetables contain natural pigments?
- Are there specific fruits and vegetables that are most affected by pH variations?
- How can pH variations in natural pigments be controlled or manipulated?","1. What is pH variation?
2. How does pH variation affect the color of natural pigments?
3. Which fruits and vegetables typically experience these color changes?
4. Why do these color changes occur because of pH variations?
5. What are some common examples of pH variations causing a change in color of fruits and vegetables?"
"Imagine you are a human, this is the first time you are coming across this Chemistry Statement, you have no previous knowledge of it ""Water's anomalous expansion upon freezing causes ice to float."", what are the top 5 questions that would pop up in your head which would be most useful in learning about it as you are new to it. Give me a simple bullet point list, don't explain them or expand them","Sure! Here are five questions that might pop up in my mind if I were encountering the Chemistry Statement ""Water's anomalous expansion upon freezing causes ice to float"" for the first time:
 What is meant by ""anomalous expansion""? Why does water expand when it freezes? How does this expansion cause ice to float? Is this phenomenon unique to water, or do other substances also exhibit this behavior? What are some real-world applications or implications of this phenomenon?","Sure! Here are five questions that might be useful for learning about water's anomalous expansion upon freezing:

* What does ""anomalous expansion"" mean?
* Why does water expand when it freezes?
* How does this expansion affect the density of ice compared to liquid water?
* Are there any other substances that exhibit similar behavior?
* What are some practical applications of this phenomenon?","Sure! Here are five questions that might come to mind when encountering the statement ""Water's anomalous expansion upon freezing causes ice to float"" for the first time:

1. What does ""anomalous expansion"" mean?
2. Why does water expand when it freezes?
3. How does this expansion cause ice to float?
4. Is this phenomenon unique to water, or does it occur in other substances as well?
5. What are some practical applications or implications of water floating instead of sinking?","* What is anomalous expansion?
* How does water differ from other substances in its behavior when freezing?
* Why does water expand upon freezing, causing it to become less dense than liquid water?
* How does the expansion of water upon freezing affect its physical properties, such as buoyancy and melting point?
* Are there any real-world implications or applications of water's anomalous expansion upon freezing?","1. What is water?
2. Why does water expand when it freezes?
3. How does this property affect life on Earth?
4. Are there any other substances with similar properties?
5. Can we use this property for practical purposes?","- Why does water expand upon freezing?
- How does this expansion affect the density of ice?
- What are the implications of ice floating on liquid water?
- What other substances exhibit anomalous expansion upon freezing?
- How does this phenomenon relate to the behavior of water in different environments?","- Why does water expand when it freezes? 
- How does water's anomalous expansion affect its density?
- Why does ice float on water?
- What are the implications of ice floating on water in terms of life on Earth?
- How does water's anomalous expansion play a role in the water cycle?","1. What does ""anomalous expansion"" mean in the context of water and freezing?
2. Why does ice float on water?
3. Does this anomalous expansion occur in other substances or is it unique to water?
4. How does the structure of water change upon freezing that causes it to expand?
5. What is the scientific process behind the expansion and floating of ice?"
"Imagine you are a human, this is the first time you are coming across this Chemistry Statement, you have no previous knowledge of it ""The human body's use of vitamins involves complex biochemical reactions."", what are the top 5 questions that would pop up in your head which would be most useful in learning about it as you are new to it. Give me a simple bullet point list, don't explain them or expand them","Sure! Here are five questions that might pop up in my mind if I were encountering the statement ""The human body's use of vitamins involves complex biochemical reactions"" for the first time:
 What exactly are vitamins and why do we need them? How do vitamins interact with each other and with other nutrients in the body? What specific biochemical reactions does the human body use vitamins for? Can the body produce all the necessary vitamins on its own, or do we need to consume them through our diet","Sure, here are five questions that might be useful for learning about the statement ""The human body's use of vitamins involves complex biochemical reactions"":

* What are vitamins and how do they differ from other nutrients?
* Which specific biochemical reactions are involved in the human body's use of vitamins?
* How do vitamins get into the body, and how are they transported to the cells that need them?
* What are some examples of complex biochemical reactions that involve vitamins, and how do they impact the body","Sure! Here are five questions that might come to mind when encountering the statement ""The human body's use of vitamins involves complex biochemical reactions"" for the first time:

1. What are vitamins?
2. How do vitamins get into my body?
3. Why do I need vitamins?
4. What are some examples of vitamins and their functions in the body?
5. How do vitamins interact with other molecules in the body to produce specific effects?","* What are vitamins and why are they important for the human body?
* What are biochemical reactions and how do they relate to vitamins?
* How does the human body obtain vitamins?
* What happens if the body doesn't get enough vitamins (i.e., deficiency)?
* Are there any negative effects of having too much of certain vitamins (i.e., toxicity)?","1. What are vitamins?
2. How do they work in the body?
3. Why are they important for our health?
4. Which foods contain vitamins?
5. Can we get enough vitamins from food alone?","1. What are vitamins and how do they benefit the body?
2. What are the different types of vitamins?
3. How does the body obtain and process vitamins?
4. What are the potential consequences of vitamin deficiencies or excesses?
5. How can I ensure I am getting the recommended daily intake of vitamins?","- What are vitamins?
- How are vitamins used in the human body?
- What are biochemical reactions?
- How do these reactions relate to vitamin use?
- Why are these reactions complex?","1. What are vitamins and their importance in the human body?
2. What are biochemical reactions? 
3. How does the human body use vitamins? 
4. What are some examples of complex biochemical reactions involving vitamins?
5. How do vitamins contribute to these reactions?"
"Imagine you are a human, this is the first time you are coming across this Chemistry Statement, you have no previous knowledge of it ""The streak test can help identify minerals by the color of their powder."", what are the top 5 questions that would pop up in your head which would be most useful in learning about it as you are new to it. Give me a simple bullet point list, don't explain them or expand them","Sure! Here are five questions that might pop up in my mind if I were encountering the Chemistry Statement ""The streak test can help identify minerals by the color of their powder"" for the first time:
 What is a streak test? How do I perform a streak test? What types of minerals can be identified using a streak test? How does the color of the powder relate to the identity of the mineral? Are there any limitations or caveats to using the streak test for mineral identification?","Sure! Here are five questions that might pop up in my head as a human encountering the statement about the streak test for the first time:

* What is a streak test?
* How does the streak test work?
* What kind of minerals can the streak test identify?
* How do the colors of the powder relate to the identification of minerals?
* Can the streak test be used to identify other substances besides minerals?","Sure! Here are the top 5 questions that might come to mind when encountering the Chemistry Statement for the first time:

1. What is a streak test?
2. How does the color of a mineral's powder help identify it?
3. Are there any other ways to identify minerals besides the streak test?
4. What kind of minerals can be identified using the streak test?
5. How do I perform a streak test on a mineral?","* What is the streak test?
* How is the streak test performed?
* What equipment is needed for the streak test?
* How does the color of the powder produced in the streak test help identify minerals?
* Are there any limitations or drawbacks to using the streak test for mineral identification?","1. What is a mineral?
2. How does the streak test work?
3. Why is identifying minerals important?
4. Can all minerals be identified using the streak test?
5. Are there any other methods for identifying minerals besides the streak test?","- What is the purpose of a streak test?
- How is the streak test performed?
- What does the color of the powder reveal?
- What types of minerals can be identified using this test?
- Are there any limitations or exceptions to the streak test?","- What is a streak test in chemistry?
- How is the color of powder related to identifying minerals?
- Why is the streak test useful in identifying minerals?
- How is the streak test performed?
- Are there any limitations or drawbacks to the streak test method?","1. What is the streak test in chemistry?
2. How is the color of the mineral's powder related to its identification?
3. What tools or methods are used to perform a streak test?
4. Can all types of minerals be identified by this streak test?
5. Are there any limitations or inaccuracies to the streak test?"
"Imagine you are a human, this is the first time you are coming across this Chemistry Statement, you have no previous knowledge of it ""The brittleness of ceramics is due to ionic and covalent bonding in their crystalline structures."", what are the top 5 questions that would pop up in your head which would be most useful in learning about it as you are new to it. Give me a simple bullet point list, don't explain them or expand them","Sure! Here are five questions that might pop up in my mind as a beginner when reading the statement ""The brittleness of ceramics is due to ionic and covalent bonding in their crystalline structures"":

1. What exactly are ionic and covalent bonds?
2. How do these types of bonds contribute to the brittleness of ceramics?
3. What is the difference between ionic and covalent bonding in crystalline structures?
4. Why do ceramics have crystalline structures?
5","Sure! Here are five questions that might be useful for a human encountering the statement about ceramics' brittleness for the first time:

* What are ionic and covalent bonds?
* How do ionic and covalent bonds differ from each other?
* How do these bonds contribute to the brittleness of ceramics?
* Are all ceramics brittle, or are there some that are more flexible?
* Can anything be done to reduce the brittleness of ceramics?","Sure! Here are five questions that might come to mind when encountering the statement ""The brittleness of ceramics is due to ionic and covalent bonding in their crystalline structures"" for the first time:

1. What is meant by ""ionic bonding""? How does it contribute to the brittleness of ceramics?
2. What is a ""crystalline structure""? How does it differ from other types of structures found in materials?
3. What is the relationship between the type of bonding in a material and its mechanical properties (e","* What are ceramics and how are they different from other materials?
* What is ionic bonding and how does it contribute to the properties of ceramics?
* What is covalent bonding and how does it affect the behavior of ceramics?
* How do the crystalline structures of ceramics influence their brittleness?
* Are there any ways to reduce the brittleness of ceramics while maintaining their desirable properties?","1. What is the definition of ceramics? 
2. How do ionic and covalent bonds affect the structure of crystals? 
3. Can you provide an example of a ceramic material? 
4. How does the brittleness of ceramics relate to its chemical composition? 
5. Are there any applications for ceramics in everyday life?","- What is ionic and covalent bonding?
- How do these bonds contribute to the structure of ceramics?
- How does this structure affect the brittleness of ceramics?
- Are there any exceptions to this rule?
- How can the brittleness of ceramics be overcome or modified?","- What are ceramics?
- What is brittleness?
- What is ionic bonding?
- What is covalent bonding?
- How do crystalline structures affect brittleness?","1. What is the meaning of brittleness in ceramics?
2. What is ionic bonding and how does it contribute to brittleness?
3. What is covalent bonding and how does it contribute to brittleness?
4. What is meant by the crystalline structure in ceramics?
5. How does the combination of these bonds in crystalline structures lead to the brittleness of ceramics?"
"Imagine you are a human, this is the first time you are coming across this Chemistry Statement, you have no previous knowledge of it ""Freezing point depression is a phenomenon where the freezing point of a liquid is lowered by adding another compound."", what are the top 5 questions that would pop up in your head which would be most useful in learning about it as you are new to it. Give me a simple bullet point list, don't explain them or expand them","Sure! Here are five questions that might pop up in my mind as a beginner learning about freezing point depression:
 What types of compounds can lower the freezing point of a liquid? How does the amount of added compound affect the freezing point of the liquid? Is there a threshold amount of compound needed to observe significant freezing point depression? Does the type of liquid being used affect the degree of freezing point depression? Are there any safety considerations or potential risks associated with using compounds to depress the freezing point of liquids","Sure! Here are five questions that might be useful for learning about freezing point depression:

* What causes the freezing point to be lowered?
* Which compounds are capable of causing freezing point depression?
* How much does the freezing point decrease when a compound is added?
* Are there any limitations or restrictions on using freezing point depression in practical applications?
* Can freezing point depression be used to create new materials or technologies?","Sure! Here are five questions that might come to mind when encountering the concept of freezing point depression for the first time:

1. What causes freezing point depression?
2. How does the amount of added compound affect the freezing point depression?
3. Is freezing point depression only observed in liquids, or can it also occur in other states of matter (e.g., gases)?
4. Can freezing point depression be used to determine the identity of an unknown substance?
5. Are there any real-world applications or examples of freezing","* What is the definition of freezing point depression?
* How does adding another compound lower the freezing point of a liquid?
* What factors affect the amount of freezing point depression?
* Are there any real-world examples or applications of freezing point depression?
* Is there a limit to how much the freezing point can be depressed by adding more of the other compound?","1. What is a liquid? 
2. How does adding another compound affect its freezing point? 
3. Can you give an example of a common substance used for freezing point depression? 
4. What are some practical applications of freezing point depression? 
5. Are there any safety precautions to keep in mind when working with substances that exhibit freezing point depression?","- Why does adding a compound lower the freezing point?
- What is the relationship between the amount of compound added and the extent of freezing point depression?
- How does this phenomenon apply to real-life situations?
- Are there any exceptions or limitations to freezing point depression?
- Can freezing point depression be used to identify or characterize compounds?","- What is freezing point depression?
- How does adding another compound lower the freezing point?
- What kind of compounds can cause freezing point depression?
- Can freezing point depression occur in all liquids?
- What are the real-world applications of freezing point depression?","1. What causes freezing point depression?
2. What are some examples of substances that can lower the freezing point of a liquid?
3. How does the amount of compound added impact the degree of freezing point depression?
4. Are there any practical applications of freezing point depression?
5. Is freezing point depression related to the chemical or physical properties of the liquid?"
"Imagine you are a human, this is the first time you are coming across this Chemistry Statement, you have no previous knowledge of it ""The process of distillation separates mixtures based on differences in their boiling points."", what are the top 5 questions that would pop up in your head which would be most useful in learning about it as you are new to it. Give me a simple bullet point list, don't explain them or expand them","Sure! Here are five questions that might pop up in my mind as a beginner learning about the process of distillation:
 What is distillation and how does it work?
 How do boiling points differ between components of a mixture?
 What types of mixtures can be separated using distillation?
 How does temperature affect the distillation process?
 Can all mixtures be separated using distillation, or are there any limitations?","Sure! Here are five questions that might be useful for a human who is encountering the concept of distillation for the first time:

* What is a mixture?
* What is a boiling point?
* How does distillation work?
* What kinds of mixtures can be separated by distillation?
* Why is distillation useful?","Sure! Here are five questions that might come to mind when encountering the statement ""The process of distillation separates mixtures based on differences in their boiling points"" for the first time:

1. What is distillation and how does it work?
2. Why do different substances have different boiling points?
3. How does the difference in boiling points help separate mixtures during distillation?
4. Are there any other methods for separating mixtures besides distillation?
5. Can distillation be used to separate mixtures other than","* What is distillation and how does it work?
* What is a mixture in the context of chemistry?
* How do boiling points differ between different substances?
* How does the distillation process separate substances based on their boiling points?
* Are there any limitations or exceptions to this statement?","1. What is a mixture? 
2. How does boiling point differ from other properties of substances? 
3. What is the purpose of distillation and how does it work? 
4. Can any type of mixture be separated using distillation? 
5. Are there any limitations or disadvantages to using distillation for separation?","**Top Questions for Beginners on Distillation:**

* What is the purpose of distillation?
* What are boiling points and how do they differ?
* How does the process of distillation work?
* What types of mixtures can be separated using distillation?
* What are the limitations or drawbacks of distillation?
* What are practical applications of distillation in everyday life?
* How can I identify different fractions in a distilled mixture?
* What are common mistakes to avoid during distillation?
* What safety precautions are necessary when performing distillation?
* How can I optimize the distillation process for specific mixtures?","- What is distillation?
- How does distillation separate mixtures?
- What are boiling points?
- Why are differences in boiling points important in distillation?
- What are some examples of distillation in everyday life?","1. What is distillation?
2. How exactly does boiling point affect the separation of mixtures?
3. Can all mixtures be separated by distillation?
4. What are some examples of mixtures that can be separated this way?
5. What are the practical applications of distillation?"
"Imagine you are a human, this is the first time you are coming across this Chemistry Statement, you have no previous knowledge of it ""Indicator solutions change color to show the end point of a titration."", what are the top 5 questions that would pop up in your head which would be most useful in learning about it as you are new to it. Give me a simple bullet point list, don't explain them or expand them","Sure! Here are five questions that might pop up in my mind if I were encountering the concept of indicator solutions for the first time:
 What exactly is an indicator solution? How do indicator solutions work? What types of indicator solutions exist? How do I choose the right indicator solution for my titration? Can I make my own indicator solutions?","Sure! Here are five questions that might be useful for a human who is encountering the concept of indicator solutions changing color to show the end point of a titration for the first time:

* What is a titration?
* What is an indicator solution?
* How does the color change occur?
* Why is the color change important?
* Can you give an example of a specific titration that uses an indicator solution?","Sure! Here are five questions that might come to mind when encountering the concept of indicator solutions for the first time:

1. What is a titration?
2. How do indicator solutions change color?
3. Why do indicator solutions change color at specific points during a titration?
4. How can I use an indicator solution to determine the end point of a titration?
5. What are some common examples of indicator solutions used in chemistry?","* What is a titration and how does it work?
* What is an indicator solution and how is it used in a titration?
* How do different types of indicators change color based on pH levels?
* What factors can affect the accuracy of the color change in an indicator solution?
* Are there any specific safety precautions to consider when working with indicator solutions during a titration?","1. What is an indicator solution?
2. How does an indicator solution work?
3. What is a titration and why do we need an indicator solution for it?
4. Can you give some examples of commonly used indicator solutions?
5. How can I use an indicator solution to determine the endpoint of a titration experiment?","- What is an indicator solution?
- What determines the color of an indicator solution?
- What does the end point of a titration indicate?
- How do indicator solutions help determine the end point?
- Are there different types of indicator solutions?","- What are indicator solutions?
- What is titration?
- Why do indicator solutions change color?
- How is the end point of a titration determined?
- What is the significance of using indicator solutions in titrations?","1. What is a titration?
2. What are indicator solutions?
3. How does an indicator solution change color?
4. Why is the end point of a titration important?
5. What factors determine the color change in an indicator solution?"
"Imagine you are a human, this is the first time you are coming across this Chemistry Statement, you have no previous knowledge of it ""The periodic table classifies elements into metals, nonmetals, and metalloids based on their properties."", what are the top 5 questions that would pop up in your head which would be most useful in learning about it as you are new to it. Give me a simple bullet point list, don't explain them or expand them","Sure! Here are five questions that might pop up in my mind as a beginner when encountering the statement ""The periodic table classifies elements into metals, nonmetals, and metalloids based on their properties"":
 What exactly are metals, nonmetals, and metalloids? How do these categories differ from one another? Which properties does the periodic table use to classify elements? Why is understanding these categories important in chemistry? Can you provide examples of each type of element and their properties?","Sure! Here are five questions that might pop up in my head as a human encountering the statement about the periodic table for the first time:

* What are the differences between metals, nonmetals, and metalloids?
* How does the periodic table organize these different types of elements?
* What are some examples of each type of element?
* How do the properties of metals, nonmetals, and metalloids compare to one another?
* Why is it important to classify elements in this way?","Sure! Here are five questions that might come to mind when encountering the statement ""The periodic table classifies elements into metals, nonmetals, and metalloids based on their properties"" for the first time:

1. What are metals, nonmetals, and metalloids?
2. How do these categories differ from each other in terms of elemental properties?
3. Why is it important to classify elements in this way?
4. Can you give examples of elements that belong to each category?
5. How does this classification system help us understand the relationships between different elements","* What defines an element as a metal, nonmetal, or metalloid?
* How many categories of elements are there in the periodic table?
* What are some common properties of metals, nonmetals, and metalloids?
* Are there any exceptions to the classification of elements as metals, nonmetals, or metalloids?
* How does the classification of elements as metals, nonmetals, or metalloids affect their chemical behavior and reactivity?","1. What are metals? 
2. What are nonmetals? 
3. What are metalloids? 
4. How do these categories differ from each other? 
5. Can you give examples of each category?","- What are the defining properties that distinguish metals, nonmetals, and metalloids?
- How are elements arranged in the periodic table based on these categories?
- What are some common examples of each type of element?
- How do the properties of metals, nonmetals, and metalloids influence their chemical behavior?
- What are some practical applications of these different types of elements?","- What are metals, nonmetals, and metalloids?
- How are elements classified into these categories?
- What are the properties used to determine the classification of elements?
- Why is it important to classify elements into these categories?
- How does the periodic table help in understanding the properties of elements?","1. What is the periodic table?
2. What are the different properties of metals, nonmetals, and metalloids?
3. How does the periodic table classify these elements based on their properties?
4. Are there any examples of metals, nonmetals, and metalloids?
5. How many elements are there in the periodic table?"
"Imagine you are a human, this is the first time you are coming across this Chemistry Statement, you have no previous knowledge of it ""Photosynthesis in plants converts carbon dioxide and water into glucose and oxygen, using sunlight."", what are the top 5 questions that would pop up in your head which would be most useful in learning about it as you are new to it. Give me a simple bullet point list, don't explain them or expand them","Sure! Here are five questions that might pop up in my mind as a human new to the concept of photosynthesis:
 What exactly is photosynthesis? How does it convert carbon dioxide and water into glucose and oxygen? What role does sunlight play in this process? Is this process only specific to plants, or can other organisms also undergo photosynthesis? Can humans benefit from photosynthesis in any way?","Sure, here are five questions that might pop up in a human's head when encountering the statement about photosynthesis for the first time:

* What is photosynthesis?
* How does it convert carbon dioxide and water into glucose and oxygen?
* What is the role of sunlight in photosynthesis?
* Why do plants need photosynthesis?
* How does photosynthesis affect the environment?","Sure! Here are the top 5 questions that might come to mind when encountering the statement ""Photosynthesis in plants converts carbon dioxide and water into glucose and oxygen, using sunlight"" for the first time:

1. What is photosynthesis?
2. How does photosynthesis convert carbon dioxide and water into glucose and oxygen?
3. What is the role of sunlight in photosynthesis?
4. Why is photosynthesis important for living organisms?
5. How does photosynthesis differ from other chemical reactions involving","* What is photosynthesis and what role do plants play in this process?
* What are the reactants involved in photosynthesis and where do plants obtain them?
* What are the products of photosynthesis and what happens to these products in the plant?
* How does sunlight facilitate photosynthesis and what is its role in the process?
* Is there any byproduct produced during photosynthesis and if so, what is it used for?","1. What is photosynthesis?
2. How does photosynthesis work?
3. Why is photosynthesis important for plants and other organisms?
4. What are the main inputs and outputs of photosynthesis?
5. What factors affect the rate of photosynthesis?","1. What is the role of sunlight in photosynthesis?
2. How does carbon dioxide and water get converted into glucose and oxygen?
3. What is the purpose of glucose in plants?
4. What is the significance of oxygen produced during photosynthesis?
5. Where does the carbon dioxide and water used in photosynthesis come from?","- What is photosynthesis?
- How do plants convert carbon dioxide and water into glucose and oxygen?
- What role does sunlight play in photosynthesis?
- Why is photosynthesis important for plants?
- Are there any other products produced during photosynthesis besides glucose and oxygen?","1. What is photosynthesis?
2. How does sunlight play a role in photosynthesis?
3. What is glucose and why is it important for plants?
4. Why does the process produce oxygen?
5. How does the plant intake carbon dioxide and water?"
"Imagine you are a human, this is the first time you are coming across this Chemistry Statement, you have no previous knowledge of it ""Bioluminescence in some organisms is due to chemical reactions that produce light."", what are the top 5 questions that would pop up in your head which would be most useful in learning about it as you are new to it. Give me a simple bullet point list, don't explain them or expand them","Sure! Here are five questions that might pop up in my mind as a human new to the concept of bioluminescence:
 What exactly is bioluminescence?
 Which organisms exhibit bioluminescence?
 How do these organisms produce light through chemical reactions?
 What are the specific chemical reactions involved in bioluminescence?
 Can humans replicate or harness this process for any practical applications?","Sure, here are five questions that might pop up in my head as a human encountering the statement about bioluminescence for the first time:

* What are the specific chemical reactions involved in producing light in these organisms?
* Which organisms are capable of bioluminescence, and how do they use it?
* How does the production of light through chemical reactions benefit these organisms?
* Are there any other ways in which organisms can produce light, or is bioluminescence the only method?
* Can humans harness biolumines","Sure! Here are five questions that might come to mind when encountering the statement ""Bioluminescence in some organisms is due to chemical reactions that produce light"" for the first time:

1. What are some examples of organisms that exhibit bioluminescence?
2. How do these chemical reactions produce light?
3. Is bioluminescence limited to certain species or can it occur in any living thing?
4. What are the benefits of bioluminescence for the organisms that exhibit it?
5. Can biol","* What is bioluminescence and how does it occur in organisms?
* What chemical reactions are responsible for producing light in these organisms?
* Which specific organisms exhibit bioluminescence and under what conditions does it occur?
* How do the chemical reactions that produce light benefit the organism?
* Are there any similarities in the chemical reactions that produce bioluminescence across different species?","1. What is bioluminescence? 
2. How does it work? 
3. Which organisms exhibit bioluminescence? 
4. Why do they produce light through chemical reactions? 
5. Are there any practical applications for studying bioluminescence?","- What is bioluminescence?
- How do chemical reactions produce light?
- Which organisms exhibit bioluminescence?
- What are the applications of bioluminescence in research and biotechnology?
- What are the evolutionary and ecological significance of bioluminescence in organisms?","- What is bioluminescence?
- How do chemical reactions produce light in organisms?
- Which organisms exhibit bioluminescence?
- What are the specific chemicals involved in bioluminescent reactions?
- How is bioluminescence beneficial to organisms?","1. What is bioluminescence?
2. Which organisms have the ability to produce bioluminescence?
3. What kind of chemical reactions result in bioluminescence?
4. How is the released light related to the chemical reaction?
5. Why do these organisms need bioluminescence?"
"Imagine you are a human, this is the first time you are coming across this Chemistry Statement, you have no previous knowledge of it ""The principle of flotation is based on differences in density, allowing some substances to float on or sink in water."", what are the top 5 questions that would pop up in your head which would be most useful in learning about it as you are new to it. Give me a simple bullet point list, don't explain them or expand them","Sure! Here are five questions that might pop up in my mind when encountering the Chemistry Statement for the first time:
 What exactly is density and how is it related to flotation?
 Which substances can float on water and why?
 How does the density of a substance affect its ability to float or sink?
 Can all substances float or sink in water, or are there exceptions?
 What real-world applications rely on the principle of flotation?","Sure, here are five questions that might be useful for learning about the principle of flotation:

* What does density have to do with flotation?
* Why do some substances float on water while others sink?
* How does the shape and size of an object affect its ability to float or sink?
* Can all substances be made to float or sink in water, or are there certain limitations?
* Are there any real-world applications of the principle of flotation that I should know about?","Sure! Here are the top 5 questions that might come to mind when encountering the statement ""The principle of flotation is based on differences in density, allowing some substances to float on or sink in water"" for the first time:

1. What does it mean by ""differences in density""?
2. How do different densities affect whether something floats or sinks in water?
3. Are there any other factors that can influence flotation besides density?
4. Can you give examples of substances that float and sink in water?
5. How does the principle of","* What is density and how is it different for different substances?
* How does the principle of flotation apply to objects in water?
* What determines whether an object will float or sink in water?
* Are there any exceptions to the principle of flotation based on differences in density?
* Can the principle of flotation be applied to other liquids besides water?","1. What does 'density' mean?
2. How can we determine if a substance will float or sink in water?
3. Can you provide an example of a substance that floats and one that sinks?
4. Are there any other factors besides density that affect whether a substance will float or sink?
5. How can understanding the principle of flotation be applied in real-world situations?","- What is density and how does it affect flotation?
- Why do some substances float while others sink?
- How can the principle of flotation be used in practice?
- What factors can influence the flotation of a substance?
- Are there any exceptions to the principle of flotation?","- What is the principle of flotation?
- How are differences in density related to flotation?
- How do substances float or sink in water?
- Why do some substances float while others sink?
- What are some examples of substances that demonstrate the principle of flotation?","1. What is density and how does it relate to the principle of flotation?
2. How does water's density influence whether a substance will float or sink?
3. What are some common examples of substances that will float or sink in water?
4. How does the shape or size of an object affect flotation?
5. Can the principle of flotation be applied to liquids other than water?"
"Imagine you are a human, this is the first time you are coming across this Chemistry Statement, you have no previous knowledge of it ""Hardness in water is primarily caused by the presence of calcium and magnesium ions."", what are the top 5 questions that would pop up in your head which would be most useful in learning about it as you are new to it. Give me a simple bullet point list, don't explain them or expand them","Sure! Here are five questions that might pop up in my mind if I were encountering the Chemistry Statement ""Hardness in water is primarily caused by the presence of calcium and magnesium ions"" for the first time:
 What exactly do these ions do in water? How does the presence of these ions cause hardness in water? Are there other factors that can contribute to water hardness? How does the amount of calcium and magnesium ions in water affect its hardness? Is there a way to measure the level of hard","Sure, here are five questions that might pop up in my head as a human encountering the statement about hardness in water for the first time:

* What are calcium and magnesium ions?
* Why do calcium and magnesium ions make water hard?
* How do calcium and magnesium ions get into water in the first place?
* Is hard water safe to drink?
* Can hard water be treated or filtered to make it softer?","Sure! Here are five questions that might come to mind when encountering the statement ""Hardness in water is primarily caused by the presence of calcium and magnesium ions"" for the first time:

1. What are calcium and magnesium ions?
2. Why do these ions cause hardness in water?
3. How do these ions affect the properties of water?
4. Is there a difference between hardness caused by calcium and magnesium ions versus other minerals?
5. How does the presence of these ions impact the taste,","* What are ions and how do they form?
* How do calcium and magnesium ions end up in water?
* What effects do these ions have on water to make it ""hard""?
* How can the hardness of water be measured or tested?
* Are there any methods to remove or reduce the hardness of water?","1. What causes hardness in water?
2. How does the presence of calcium and magnesium ions contribute to hard water?
3. Can hard water cause damage to plumbing systems?
4. Are there any health concerns associated with consuming hard water?
5. Is there a way to remove or reduce the amount of calcium and magnesium ions in water?","- What is hardness in water?
- How do calcium and magnesium ions contribute to water hardness?
- What are the different types of water hardness?
- What are the effects of hard water on daily life?
- How can water hardness be reduced?","- What is hardness in water?
- What are calcium and magnesium ions?
- How do calcium and magnesium ions cause hardness in water?
- Why is hardness in water a concern?
- How can hardness in water be measured or detected?","1. What is meant by ""hardness"" in water?
2. How do calcium and magnesium ions contribute to water hardness?
3. What other elements or ions can affect hardness in water?
4. What are the implications or effects of having hard water?
5. How can hardness in water be measured or detected?"
"Imagine you are a human, this is the first time you are coming across this Chemistry Statement, you have no previous knowledge of it ""The combustion of fossil fuels releases carbon dioxide, a greenhouse gas."", what are the top 5 questions that would pop up in your head which would be most useful in learning about it as you are new to it. Give me a simple bullet point list, don't explain them or expand them","Sure! Here are five questions that might pop up in my mind if I were encountering the Chemistry Statement ""The combustion of fossil fuels releases carbon dioxide, a greenhouse gas."" for the first time:
 What exactly are fossil fuels? Why is carbon dioxide considered a greenhouse gas? How does burning fossil fuels release carbon dioxide? What are some examples of fossil fuels that are commonly burned? Is there any way to prevent or reduce the amount of carbon dioxide released during combust","Sure, here are five questions that might pop up in my head as a human encountering the statement about fossil fuel combustion and carbon dioxide for the first time:

* What are fossil fuels?
* What is carbon dioxide?
* How does the combustion of fossil fuels release carbon dioxide?
* Why is carbon dioxide considered a greenhouse gas?
* What are the potential consequences of releasing large amounts of carbon dioxide into the atmosphere?","Sure! Here are five questions that might come to mind when encountering the statement ""The combustion of fossil fuels releases carbon dioxide, a greenhouse gas"" for the first time:

1. What is a greenhouse gas?
2. Why does the combustion of fossil fuels release carbon dioxide?
3. What is the significance of carbon dioxide as a greenhouse gas?
4. How does the release of carbon dioxide contribute to climate change?
5. Are there any ways to reduce the amount of carbon dioxide released through foss","* What are fossil fuels?
* What is combustion?
* Why does combustion of fossil fuels result in the release of carbon dioxide?
* What is a greenhouse gas?
* How does the release of carbon dioxide contribute to global warming?","1. What are fossil fuels?
2. How does combustion occur?
3. What is a greenhouse gas and why is it important?
4. How does carbon dioxide contribute to climate change?
5. Are there any alternatives to using fossil fuels?","- What are fossil fuels?
- What is combustion?
- How does combustion release carbon dioxide?
- What is a greenhouse gas?
- Why is carbon dioxide a problem?","- What are fossil fuels?
- What is combustion?
- What is carbon dioxide?
- What is a greenhouse gas?
- Why is carbon dioxide released during the combustion of fossil fuels?","1. What is the process of combustion of fossil fuels?
2. What are fossil fuels and how are they formed?
3. How exactly does carbon dioxide get released during this process?
4. What is a greenhouse gas and its effects on the environment?
5. What are other greenhouse gases besides carbon dioxide?"
"Imagine you are a human, this is the first time you are coming across this Chemistry Statement, you have no previous knowledge of it ""Evaporative cooling is the process by which a liquid's vaporization absorbs heat, cooling down the surroundings."", what are the top 5 questions that would pop up in your head which would be most useful in learning about it as you are new to it. Give me a simple bullet point list, don't explain them or expand them","Sure! Here are five questions that might pop up in my mind as a beginner learning about evaporative cooling:
 What is the definition of evaporative cooling?
 How does evaporative cooling work?
 What types of liquids can be used for evaporative cooling?
 Can evaporative cooling be used for both hot and cold climates?
 Are there any safety concerns associated with using evaporative cooling systems?","Sure, here are five questions that might be useful for learning about evaporative cooling:

* How does the vaporization of a liquid absorb heat?
* What kind of liquids can be used for evaporative cooling?
* How does the surrounding environment affect the cooling process?
* Can evaporative cooling be used for both small-scale and large-scale applications?
* Are there any potential drawbacks or limitations to using evaporative cooling?","Sure! Here are the top 5 questions that might come to mind when encountering the Chemistry Statement for the first time:

1. What is vaporization?
2. How does vaporization absorb heat?
3. What is the difference between evaporative cooling and other methods of cooling (e.g. refrigeration)?
4. Can evaporative cooling be used for more than just cooling down surroundings?
5. Are there any examples of evaporative cooling in real-life situations?","* What is evaporative cooling and how does it work?
* What is meant by a liquid's vaporization?
* How can the vaporization of a liquid absorb heat?
* How does the absorption of heat by the vaporization of a liquid cause cooling in the surroundings?
* Are there any practical applications of evaporative cooling?","1. What is evaporative cooling? 
2. How does it work? 
3. What are some examples of evaporative cooling? 
4. What are the benefits and drawbacks of using evaporative cooling? 
5. How can I apply this concept in my daily life?","- How does vaporization absorb heat?
- What specific conditions are necessary for evaporative cooling to occur?
- What are the practical applications of evaporative cooling?
- How efficient is evaporative cooling compared to other cooling methods?
- What are the limitations or drawbacks of evaporative cooling?","- What is evaporative cooling?
- How does vaporization absorb heat?
- How does evaporative cooling cool down surroundings?
- Why does liquid vaporization result in heat absorption?
- What are some examples of evaporative cooling in everyday life?","1. What is vaporization?
2. How does the process of vaporization absorb heat?
3. Why does the heat absorption lead to the surrounding area getting cooler?
4. Are there specific liquids that this phenomenon is more prevalent or effective with?
5. Can you provide examples of practical applications of evaporative cooling?"
"Imagine you are a human, this is the first time you are coming across this Chemistry Statement, you have no previous knowledge of it ""The process of sublimation allows a substance to transition from solid to gas without passing through a liquid state."", what are the top 5 questions that would pop up in your head which would be most useful in learning about it as you are new to it. Give me a simple bullet point list, don't explain them or expand them","Sure! Here are five questions that might pop up in my mind when encountering the Chemistry Statement ""The process of sublimation allows a substance to transition from solid to gas without passing through a liquid state"":

1. What is sublimation, and how does it differ from melting and boiling?
2. Can all substances undergo sublimation, or are there certain conditions required?
3. How does the temperature and pressure affect the sublimation process?
4. Are there any real-world examples of sublimation that I can relate to?
5. How","Sure! Here are five questions that might be useful for learning about the process of sublimation:

* What is sublimation?
* How does sublimation differ from other phase transitions, such as melting or vaporization?
* Which substances can undergo sublimation?
* What are some examples of sublimation in everyday life?
* How does temperature and pressure affect sublimation?","Sure! Here are five questions that might come to mind when encountering the concept of sublimation for the first time:

1. What are some examples of substances that undergo sublimation?
2. How does sublimation differ from other phase changes, such as melting or boiling?
3. Can sublimation occur at room temperature, or does it always require heat or pressure?
4. Is sublimation a reversible process, meaning can the substance return to its original solid state after going through the gas phase?
5. How does sublimation play a role","* What is sublimation and how does it differ from other phase transitions (melting, boiling)?
* Which substances can undergo sublimation?
* What are some examples of sublimation in everyday life?
* How does the temperature and pressure affect the rate of sublimation?
* Is sublimation always spontaneous or are there conditions where it doesn't occur?","1. What is sublimation? 
2. How does sublimation occur? 
3. Can all substances undergo sublimation? 
4. What are some examples of substances that can sublimate? 
5. What are the practical applications of sublimation?","- Under what conditions does sublimation occur?
- Which substances exhibit sublimation?
- How does sublimation differ from evaporation?
- What are the applications of sublimation?
- How is sublimation affected by various factors (e.g., temperature, pressure)?","- What is sublimation?
- What substances can undergo sublimation?
- How does sublimation happen at a molecular level?
- What are some examples of substances that undergo sublimation?
- What are the practical applications of sublimation in daily life or industries?","1. What is the process of sublimation in detail?
2. Can all solids undergo sublimation or only specific ones?
3. How does temperature or pressure affect sublimation?
4. Are there any real-world examples or applications of sublimation?
5. Why does a substance skip the liquid state during sublimation?"
"Imagine you are a human, this is the first time you are coming across this Chemistry Statement, you have no previous knowledge of it ""Neutral water has a pH of 7, indicating a balance between hydrogen ions (H+) and hydroxide ions (OH-)."", what are the top 5 questions that would pop up in your head which would be most useful in learning about it as you are new to it. Give me a simple bullet point list, don't explain them or expand them","Sure! Here are five questions that might pop up in my mind as a beginner when encountering the Chemistry Statement for the first time:
 What exactly are hydrogen ions and hydroxide ions? How do hydrogen ions and hydroxide ions contribute to the pH level of neutral water? Why is a pH level of 7 considered balanced? Is there any significance to the fact that neutral water has a pH of 7? Can other types of water have different pH levels, and if so, how do they differ from","Sure! Here are five questions that might pop up in my head as a human encountering the statement about neutral water having a pH of 7 for the first time:

* What is pH and why is it important?
* What are hydrogen ions (H+) and hydroxide ions (OH-)?
* Why does the balance between H+ and OH- ions indicate a neutral solution?
* How is pH measured and how do we know when a solution is neutral?
* Are there any other factors that can affect the pH of a solution, and if so","Sure! Here are the top 5 questions that might come to mind when encountering the statement ""Neutral water has a pH of 7"" for the first time:

1. What is pH?
2. What is the difference between H+ and OH- ions?
3. Why does the presence of both H+ and OH- ions indicate a balance?
4. How does the pH of water relate to its acidity or basicity?
5. Can you give examples of other substances with similar pH values?","1. What is pH and how is it measured?
2. What is meant by ""neutral water""?
3. What are hydrogen ions (H+) and hydroxide ions (OH-)?
4. How do H+ and OH- ions contribute to the pH of a solution?
5. What happens when the balance between H+ and OH- ions is disrupted?","1. What does pH mean?
2. How do hydrogen ions and hydroxide ions affect the acidity/basicity of a substance?
3. Why is neutral water important for living organisms?
4. Can substances with a pH below 7 be harmful to humans?
5. How can we measure the pH of a solution accurately?","- What do pH, hydrogen ions, and hydroxide ions represent?
- Why is a pH of 7 considered neutral?
- What substances affect the pH of water?
- How does pH impact chemical reactions?
- What are the applications of pH measurement in everyday life?","- What is pH?
- What are hydrogen ions?
- What are hydroxide ions?
- Why is balance important in water?
- How does the pH scale work?","1. What is pH and how is it measured? 
2. What are hydrogen ions (H+) and hydroxide ions (OH-)?
3. Why is the pH of 7 considered neutral?
4. How does the balance of H+ and OH- ions affect the pH of a substance?
5. What happens when water is not neutral, having more of H+ or OH- ions?"
"Imagine you are a human, this is the first time you are coming across this Chemistry Statement, you have no previous knowledge of it ""Carbonation in beverages results from pressurized carbon dioxide forming soluble carbonates."", what are the top 5 questions that would pop up in your head which would be most useful in learning about it as you are new to it. Give me a simple bullet point list, don't explain them or expand them","Sure! Here are five questions that might pop up in my mind as a human new to the concept of ""Carbonation in beverages results from pressurized carbon dioxide forming soluble carbonates"":

1. What is carbonation, and how does it differ from plain water?
2. How does pressurized carbon dioxide form soluble carbonates in beverages?
3. Which types of beverages are typically carbonated, and why?
4. How does the amount of carbonation affect the taste and texture of a beverage?
5. Is","Sure, here are five questions that might be useful for learning about carbonation in beverages:

* What is carbonation, and how does it differ from carbon dioxide?
* How does pressure affect the solubility of carbon dioxide in water?
* What are some common examples of beverages that are carbonated?
* How does the pH of a beverage affect its carbonation?
* Can carbonation be dangerous to consume, and if so, under what circumstances?","Sure! Here are the top 5 questions that might come to mind when encountering the statement ""Carbonation in beverages results from pressurized carbon dioxide forming soluble carbonates"" for the first time:

1. What is carbonation?
2. What is carbon dioxide?
3. How does pressure affect the solubility of carbon dioxide in water?
4. Why do soluble carbonates form in beverages?
5. What are some common examples of beverages that undergo carbonation?","1. What is carbonation and how does it occur in beverages?
2. How does carbon dioxide become pressurized in beverages?
3. What are soluble carbonates and how do they form?
4. What role do soluble carbonates play in the taste and properties of carbonated beverages?
5. Are there any potential drawbacks or risks associated with carbonation in beverages?","1. What is Carbonation? 
2. How does Carbonation occur in Beverages? 
3. What are Carbonates and how do they form? 
4. Why is Carbonation important for Beverages? 
5. Can Carbonation be harmful to Health?","- What is pressurization and how does it affect carbonation?
- How does carbon dioxide transform into soluble carbonates?
- What role do solubility and temperature play in carbonation?
- How does carbonation impact the taste and texture of beverages?
- What are the applications of carbonation in the food and beverage industry?","- What is carbonation? 
- How does pressurized carbon dioxide form soluble carbonates in beverages? 
- Why does carbonation occur in beverages? 
- What are the effects of carbonation on beverages? 
- How does the presence of soluble carbonates affect the taste and texture of beverages?","1. What is carbonation and how does it occur in beverages?
2. What role does carbon dioxide play in this process?
3. What are soluble carbonates and how are they formed?
4. How does the pressurization of carbon dioxide affect this process?
5. What impact does this carbonation process have on the final beverage?"
"Imagine you are a human, this is the first time you are coming across this Chemistry Statement, you have no previous knowledge of it ""The principle of conservation of energy applies to chemical reactions, as energy is neither created nor destroyed."", what are the top 5 questions that would pop up in your head which would be most useful in learning about it as you are new to it. Give me a simple bullet point list, don't explain them or expand them","Sure! Here are five questions that might pop up in my mind as a beginner when encountering the statement ""The principle of conservation of energy applies to chemical reactions, as energy is neither created nor destroyed"":

1. What is the principle of conservation of energy?
2. How does it apply to chemical reactions?
3. What does it mean that energy is neither created nor destroyed?
4. Are there any exceptions to this principle in chemistry?
5. How can I use this principle to better understand chemical reactions and energy changes in them?","Sure! Here are five questions that might be helpful for someone new to the concept of conservation of energy in chemistry:

* What does it mean for energy to be conserved in a chemical reaction?
* How does the principle of conservation of energy apply to different types of chemical reactions (e.g. synthesis, decomposition, replacement)?
* Can you give an example of a chemical reaction where energy is not conserved?
* How does the law of conservation of energy relate to other scientific laws and principles, such as the laws of thermodynamics?
* Are there any real-world applications","Sure! Here are five questions that might come to mind when encountering the statement ""The principle of conservation of energy applies to chemical reactions, as energy is neither created nor destroyed"" for the first time:

1. What does it mean by ""energy is neither created nor destroyed""?
2. How does this principle apply to chemical reactions?
3. Are there any examples of chemical reactions where energy is created or destroyed?
4. Is this principle only true for chemical reactions, or can it be applied to other areas of science as well?
5. How does the principle of conservation of energy","* What is the principle of conservation of energy?
* How does it apply to chemical reactions?
* Is energy created or destroyed in chemical reactions?
* If energy is not created or destroyed, where does it go in a chemical reaction?
* How can I measure the energy change in a chemical reaction?","1. What does the principle of conservation of energy mean? 
2. How does it apply to chemical reactions? 
3. Can you give an example of how energy is conserved during a chemical reaction? 
4. Are there any exceptions to this rule? 
5. How can I use this information to better understand chemistry and its applications?","* What is energy conservation?
* How does this principle apply to chemical reactions?
* What types of energy changes occur during these reactions?
* How can this principle be used to predict the outcome of reactions?
* What are the limitations of this principle in chemistry?","1. What is the principle of conservation of energy?
2. How does the principle apply to chemical reactions?
3. How is energy involved in chemical reactions?
4. Can energy be created or destroyed in chemical reactions?
5. Why is the principle important in understanding chemistry?","1. What exactly is the principle of conservation of energy?
2. How does it apply to chemical reactions?
3. Can you give examples of chemical reactions where energy is conserved?
4. Are there any exceptions to the conservation of energy principle in chemistry?
5. How does energy transformation take place in a chemical reaction?"
"Imagine you are a human, this is the first time you are coming across this Chemistry Statement, you have no previous knowledge of it ""Volcanic eruptions release sulfur dioxide (SO2), contributing to acid rain formation."", what are the top 5 questions that would pop up in your head which would be most useful in learning about it as you are new to it. Give me a simple bullet point list, don't explain them or expand them","Sure! Here are five questions that might pop up in my mind if I were encountering the Chemistry Statement ""Volcanic eruptions release sulfur dioxide (SO2), contributing to acid rain formation"" for the first time:
 What is sulfur dioxide (SO2)? How do volcanic eruptions release SO2? What is acid rain, and how is it formed? How does SO2 contribute to acid rain formation? Are there any other factors that contribute to acid rain formation?","Sure, here are five questions that might pop up in a human's head when encountering the statement about volcanic eruptions releasing sulfur dioxide and contributing to acid rain formation:

* What is sulfur dioxide?
* How does sulfur dioxide contribute to acid rain formation?
* What is acid rain, and how does it affect the environment?
* Are all volcanic eruptions the same in terms of their impact on acid rain formation?
* Can anything be done to mitigate the effects of volcanic eruptions on","Sure! Here are the top 5 questions that might come to mind when encountering the statement ""Volcanic eruptions release sulfur dioxide (SO2), contributing to acid rain formation"" for the first time:

1. What is sulfur dioxide?
2. How does sulfur dioxide contribute to acid rain formation?
3. What is acid rain and why is it a concern?
4. Which volcanoes are known to release large amounts of sulfur dioxide?
5. Are there any ways to prevent or reduce the amount of sulfur dio","* What is sulfur dioxide and how does it contribute to acid rain formation?
* How do volcanic eruptions release sulfur dioxide into the atmosphere?
* What is the chemical reaction that occurs between sulfur dioxide and other substances to form acid rain?
* What are the effects of acid rain on the environment and living organisms?
* Is there any way to mitigate or prevent the release of sulfur dioxide from volcanic eruptions?","1. What is sulfur dioxide? 
2. How does volcanic eruption contribute to acid rain formation? 
3. What is acid rain and how does it affect the environment? 
4. Are there any other gases released during volcanic eruptions besides sulfur dioxide? 
5. Can we predict when a volcano will erupt and prevent acid rain from forming?","- What is sulfur dioxide (SO2)?
- What is acid rain?
- How do volcanic eruptions release SO2?
- What are the effects of SO2 on the environment?
- How can we mitigate the effects of SO2 from volcanic eruptions?","- What is sulfur dioxide (SO2)?
- How do volcanic eruptions release sulfur dioxide?
- What is acid rain?
- How does sulfur dioxide contribute to acid rain formation?
- What are the effects of acid rain on the environment and health?","1. What is sulfur dioxide (SO2) and why is it released during volcanic eruptions?
2. How does sulfur dioxide contribute to the formation of acid rain?
3. What happens during a volcanic eruption that enables the release of sulfur dioxide?
4. What are the environmental impacts of acid rain?
5. How do different types of volcanic eruptions affect the quantity of sulfur dioxide released?"
"Imagine you are a human, this is the first time you are coming across this Chemistry Statement, you have no previous knowledge of it ""The color changes in autumn leaves are due to the breakdown of chlorophyll and the visibility of carotenoids and anthocyanins."", what are the top 5 questions that would pop up in your head which would be most useful in learning about it as you are new to it. Give me a simple bullet point list, don't explain them or expand them","Sure! Here are five questions that might pop up in my mind as a beginner learning about the chemistry of autumn leaves:
 What exactly are chlorophyll, carotenoids, and anthocyanins?
 How does the breakdown of chlorophyll cause color changes in leaves?
 Why do some leaves turn red or purple while others remain yellow?
 Is there a specific type of tree that exhibits more vibrant colors during fall?
 Can I observe these color changes in other plants or organisms besides trees?","Sure, here are five questions that might pop up in a human's head when encountering the chemistry statement about autumn leaves for the first time:

* What is chlorophyll and why does its breakdown affect the color of leaves?
* What are carotenoids and anthocyanins, and how do they contribute to the color change in leaves?
* Why do leaves turn different colors in autumn, but not at other times of the year?
* How do environmental factors like temperature, light, and water affect the color change in leaves?
* Are there any other factors","Sure! Here are five questions that might come to mind when encountering the statement ""The color changes in autumn leaves are due to the breakdown of chlorophyll and the visibility of carotenoids and anthocyanins"" for the first time:

1. What is chlorophyll?
2. What are carotenoids?
3. What are anthocyanins?
4. Why do these pigments change color in autumn leaves?
5. How does the breakdown of chlorophyll and the visibility of these other pigments cause the color changes","* What is chlorophyll and what role does it play in leaves?
* Why do autumn leaves change color when chlorophyll breaks down?
* What are carotenoids and anthocyanins?
* Are carotenoids and anthocyanins only present in autumn leaves, or are they present at other times as well?
* Is the process of chlorophyll breakdown and the resulting color change different for different types of trees?","1. What causes the change in leaf color during autumn?
2. How does the breakdown of chlorophyll affect the appearance of leaves?
3. What role do carotenoids and anthocyanins play in the color change process?
4. Are there any other factors besides these pigments that contribute to the changing colors of leaves?
5. Can we predict when and how much the colors will change based on environmental conditions?","- What is chlorophyll and why does it break down?
- What are carotenoids and anthocyanins?
- How do carotenoids and anthocyanins contribute to the color changes in autumn leaves?
- What factors influence the timing and intensity of the color changes?
- Are there any other chemical processes involved in the color changes?","- What is chlorophyll?
- What are carotenoids?
- What are anthocyanins?
- How does the breakdown of chlorophyll cause the color changes in autumn leaves?
- Why are carotenoids and anthocyanins visible in autumn leaves?","1. What is chlorophyll and what role does it play in leaves?
2. What causes the breakdown of chlorophyll in autumn?
3. What are carotenoids and anthocyanins?
4. How do carotenoids and anthocyanins influence the color of leaves?
5. Are there any other factors that affect the color changes in autumn leaves?"
"Imagine you are a human, this is the first time you are coming across this Chemistry Statement, you have no previous knowledge of it ""Dissolved oxygen is crucial for aquatic life, with levels influenced by temperature and salinity."", what are the top 5 questions that would pop up in your head which would be most useful in learning about it as you are new to it. Give me a simple bullet point list, don't explain them or expand them","Sure! Here are five questions that might pop up in my mind as a human new to the concept of dissolved oxygen in aquatic systems:
 What exactly is dissolved oxygen, and why is it important for aquatic life?
 How does temperature affect the amount of dissolved oxygen in water?
 Does salinity also impact the level of dissolved oxygen in water?
 How do different aquatic organisms rely on dissolved oxygen for survival?
 Can changes in dissolved oxygen levels have negative effects on aquatic ecosystems","Sure, here are five questions that might pop up in my head as a human encountering the chemistry statement about dissolved oxygen for the first time:

* What is dissolved oxygen, and how does it differ from regular oxygen?
* Why is dissolved oxygen crucial for aquatic life?
* How does temperature affect dissolved oxygen levels?
* How does salinity affect dissolved oxygen levels?
* Are there any other factors that can influence dissolved oxygen levels in water?","Sure! Here are the top 5 questions that might come to mind when encountering the statement ""Dissolved oxygen is crucial for aquatic life, with levels influenced by temperature and salinity"" for the first time:

1. What is dissolved oxygen, and why is it important for aquatic life?
2. How does temperature affect the level of dissolved oxygen in water?
3. How does salinity (the concentration of salt in water) impact the level of dissolved oxygen?
4. Are there any other factors that can influence the level of dissolved o","* What is dissolved oxygen and how does it get into water?
* Why is dissolved oxygen important for aquatic life?
* How does temperature affect dissolved oxygen levels?
* How does salinity affect dissolved oxygen levels?
* Are there any ways to measure dissolved oxygen in water?","1. What is dissolved oxygen?
2. Why is it important for aquatic life?
3. How does temperature affect dissolved oxygen levels?
4. How does salinity influence dissolved oxygen levels?
5. Are there any other factors besides temperature and salinity that can impact dissolved oxygen levels?","- How does dissolved oxygen affect life?
- What is the impact of temperature on dissolved oxygen levels?
- How does salinity influence dissolved oxygen levels?
- In what ways can dissolved oxygen levels be measured?
- What are the potential consequences of low dissolved oxygen levels?","- What is dissolved oxygen?
- Why is dissolved oxygen important for aquatic life?
- How does temperature affect dissolved oxygen levels in water?
- How does salinity affect dissolved oxygen levels in water?
- What are the consequences of low dissolved oxygen levels for aquatic life?","1. What is dissolved oxygen? 
2. Why is dissolved oxygen crucial for aquatic life? 
3. How does temperature influence dissolved oxygen levels? 
4. How does salinity affect dissolved oxygen levels? 
5. How can changes in these factors impact aquatic ecosystems?"
"Imagine you are a human, this is the first time you are coming across this Chemistry Statement, you have no previous knowledge of it ""The alloying of metals can alter their properties, such as strength, ductility, and resistance to corrosion."", what are the top 5 questions that would pop up in your head which would be most useful in learning about it as you are new to it. Give me a simple bullet point list, don't explain them or expand them","Sure! Here are five questions that might pop up in my mind if I were encountering the Chemistry Statement for the first time:
 What exactly do we mean by ""alloying"" when referring to metals?
 How does combining metals change their characteristics like durability, flexibility, and corrosion resistance?
 Which metals are frequently mixed together to produce alloys with desirable qualities?
 Can alloys be created using other materials besides metals, such as polymers or ceramics?
 In what industries or applications are allo","Sure, here are five questions that might pop up in my head as a human encountering the chemistry statement about alloying metals for the first time:

* What are some examples of metals that can be alloyed together?
* How does the process of alloying change the properties of the metals?
* Can alloying metals also affect their appearance or color?
* Are there any specific industries or applications where alloying metals is particularly useful?
* Are there any limitations or potential drawbacks to alloying metals, such as increased cost or","Sure! Here are five questions that might come to mind when encountering the statement ""The alloying of metals can alter their properties"" for the first time:

1. What are some examples of metals that are commonly alloyed together?
2. How does alloying affect the strength of a metal?
3. Can alloying make a metal more or less ductile?
4. How does alloying impact a metal's resistance to corrosion?
5. Are there any specific rules or guidelines for creating successful alloys?","* What is an alloy?
* How does the alloying process work?
* Which properties of metals are typically altered through alloying?
* How does alloying increase strength in metals?
* How does alloying affect a metal's resistance to corrosion?","1. What does 'alloying' mean?
2. How do metals become stronger when they're alloyed together?
3. Can you give some examples of alloys and how they've been used?
4. Why might someone want to use an alloy instead of just using one metal?
5. Are there any downsides to using alloys?","- What does alloying metals involve?
- How does alloying affect the strength of metals?
- What is ductility and how is it altered by alloying?
- How does alloying influence a metal's resistance to corrosion?
- What are some examples of how alloying is used to enhance metal properties?","- What is alloying?
- What metals can be alloyed?
- How does alloying affect strength?
- How does alloying affect ductility?
- How does alloying affect resistance to corrosion?","1. What is the process of alloying metals?
2. How does alloying alter the properties of metals?
3. What types of metals are commonly alloyed together? 
4. How does alloying affect a metal's strength, ductility and resistance to corrosion specifically?
5. What are some examples or applications of alloyed metals?"
"Imagine you are a human, this is the first time you are coming across this Chemistry Statement, you have no previous knowledge of it ""Chemical sunscreens absorb ultraviolet light, preventing it from reaching the skin."", what are the top 5 questions that would pop up in your head which would be most useful in learning about it as you are new to it. Give me a simple bullet point list, don't explain them or expand them","Sure! Here are five questions that might pop up in my mind if I were encountering the Chemistry Statement ""Chemical sunscreens absorb ultraviolet light, preventing it from reaching the skin."" for the first time:
 What exactly are chemical sunscreens made of? How do these chemicals absorb ultraviolet light? Do all chemical sunscreens work the same way? Is there any difference between chemical and physical sunscreens? Are there any potential drawbacks or risks associated with using chemical sunscreens?","Sure, here are five questions that might pop up in my head as a human encountering the statement about chemical sunscreens for the first time:

* What is ultraviolet light and why is it harmful to the skin?
* How do chemical sunscreens absorb ultraviolet light?
* Are chemical sunscreens effective at preventing sunburn and skin cancer?
* Are there any potential health risks associated with using chemical sunscreens?
* How do chemical sunscreens compare to physical sunscreens (e.g. zinc oxide, titanium","Sure! Here are the top 5 questions that might come to mind when encountering the statement ""Chemical sunscreens absorb ultraviolet light, preventing it from reaching the skin"" for the first time:

1. What is ultraviolet (UV) light?
2. How does absorbing UV light help protect the skin?
3. Are chemical sunscreens more effective than physical sunscreens?
4. What are some common chemical ingredients used in sunscreen products?
5. Can I use chemical sunscreens if I have sensitive skin or","* What are chemical sunscreens made of?
* How do chemical sunscreens absorb ultraviolet light?
* What types of ultraviolet light do chemical sunscreens protect against?
* How does preventing ultraviolet light from reaching the skin benefit the skin?
* Are there any potential downsides to using chemical sunscreens?","1. What does ""chemical"" mean? 
2. How do chemical sunscreens work? 
3. Why is UV light harmful to our skin? 
4. What are some common ingredients found in sunscreen? 
5. Are there any side effects of using chemical sunscreens?","- What is ultraviolet light?
- What is the difference between chemical and physical sunscreens?
- How does chemical sunscreen work at a molecular level?
- How effective is chemical sunscreen in preventing skin damage?
- What are the potential risks and benefits of using chemical sunscreen?","- What is a chemical sunscreen? 
- How does a chemical sunscreen work? 
- What is ultraviolet light and why is it harmful to the skin? 
- How are chemical sunscreens different from physical sunscreens? 
- Are there any potential risks or side effects of using chemical sunscreens?","1. What are chemical sunscreens made of?
2. How exactly do chemical sunscreens absorb ultraviolet light?
3. What happens after the sunscreen absorbs the ultraviolet light?
4. Are there any potential side effects to using chemical sunscreens?
5. Are there other types of sunscreens that work differently?"
"Imagine you are a human, this is the first time you are coming across this Chemistry Statement, you have no previous knowledge of it ""The concept of atomic mass provides a way to compare the masses of different atoms."", what are the top 5 questions that would pop up in your head which would be most useful in learning about it as you are new to it. Give me a simple bullet point list, don't explain them or expand them","Sure! Here are five questions that might pop up in my mind as a beginner when encountering the concept of atomic mass for the first time:
 What exactly is atomic mass? How does atomic mass differ from atomic number? Why is comparing the atomic masses of various atoms important? How do we determine an atom's atomic mass? Can atomic mass be used to compare the masses of molecules made up of various elements?","Sure! Here are five questions that might be helpful for someone new to the concept of atomic mass:

* What is atomic mass?
* How is atomic mass different from regular mass?
* Why is it important to compare the masses of different atoms?
* How do scientists determine the atomic mass of an element?
* Can you give an example of how atomic mass is used in real-life applications?","Sure! Here are five questions that might come to mind when encountering the statement ""The concept of atomic mass provides a way to compare the masses of different atoms"" for the first time:

1. What is atomic mass, and how does it differ from the mass of an entire object?
2. How do scientists determine the atomic mass of an atom?
3. Why is it important to be able to compare the masses of different atoms?
4. Are there any limitations or challenges associated with measuring atomic mass?
5. How does the concept of atomic mass relate to other scientific concepts, such","1. What is an atom and how is it defined?
2. How is atomic mass calculated or determined?
3. What is the unit used to measure atomic mass and what does it represent?
4. Is atomic mass related to the number of protons, neutrons, or electrons in an atom?
5. Can atomic mass be used to compare the masses of molecules or compounds, not just individual atoms?","1. What is atomic mass?
2. How is atomic mass calculated?
3. Why is atomic mass important in chemistry?
4. Can atomic mass change for an element?
5. How does atomic mass relate to isotopes?","- How does atomic mass differ from the mass of individual atoms?
- What determines the atomic mass of an element?
- How is atomic mass used to calculate the mass of compounds?
- How does atomic mass relate to the number of protons and neutrons in an atom?
- What are the limitations of the concept of atomic mass?","- What is atomic mass?
- How is atomic mass measured?
- Why is it important to compare the masses of different atoms?
- How does atomic mass help in understanding the composition of matter?
- Are there any real-world applications of understanding atomic mass?","1. What is atomic mass?
2. How is atomic mass measured?
3. Why is it important to compare the masses of different atoms?
4. Can the atomic mass of an atom change?
5. What role does atomic mass play in chemical reactions?"
"Imagine you are a human, this is the first time you are coming across this Chemistry Statement, you have no previous knowledge of it ""Saltwater conducts electricity due to the presence of ions in solution."", what are the top 5 questions that would pop up in your head which would be most useful in learning about it as you are new to it. Give me a simple bullet point list, don't explain them or expand them","Sure! Here are five questions that might pop up in my mind if I were encountering the statement ""Saltwater conducts electricity due to the presence of ions in solution"" for the first time:
 What exactly are ions and how do they contribute to saltwater conducting electricity?
 How does the presence of salt affect the movement of ions in water?
 Can all types of saltwater conduct electricity, or only certain types?
 Under what conditions is saltwater more likely to conduct electricity?
 How does the concentration of salt in the","Sure, here are five questions that might pop up in a human's head when encountering the statement ""Saltwater conducts electricity due to the presence of ions in solution"" for the first time:

* What are ions and how do they relate to electricity?
* How does saltwater become conductive in the first place?
* Are all types of saltwater equally conductive?
* Can other substances besides saltwater also conduct electricity in a similar way?
* What are some practical applications of this phenomenon, such as in batteries or other devices?","Sure! Here are five questions that might come to mind when encountering the statement ""Saltwater conducts electricity due to the presence of ions in solution"" for the first time:

1. What are ions?
2. Why do ions exist in saltwater and not in freshwater?
3. How does the presence of ions in saltwater affect its ability to conduct electricity?
4. Can other types of water, like distilled water or tap water, also conduct electricity?
5. How does the conductivity of saltwater compare to other materials that can conduct electric","* What is an ion and how does it form in saltwater?
* How do ions in saltwater contribute to electrical conductivity?
* What is the role of electrolytes in the conduction of electricity?
* Are there different types of ions in saltwater and do they all contribute equally to electrical conductivity?
* Is the electrical conductivity of saltwater affected by temperature, pressure, or other factors?","1. What is salt? 
2. How does salt dissolve in water? 
3. What are ions and how do they form in saltwater? 
4. Why can saltwater conduct electricity? 
5. Can other solutions also conduct electricity?","- What are ions and how do they form?
- How do ions affect the electrical conductivity of a solution?
- What types of substances form ions when dissolved in water?
- How can the concentration of ions in a solution be measured?
- What are the practical applications of the electrical conductivity of saltwater?","- What is saltwater?
- How does saltwater conduct electricity?
- What are ions?
- What is a solution?
- Why are ions important for conducting electricity in saltwater?","1. What are ions and how are they formed?
2. How do ions allow saltwater to conduct electricity?
3. Why doesn't pure water conduct electricity like saltwater?
4. What other substances can conduct electricity and why?
5. Can the ability of saltwater to conduct electricity be utilized for practical applications or experiments?"
"Imagine you are a human, this is the first time you are coming across this Chemistry Statement, you have no previous knowledge of it ""The process of dilution decreases the concentration of a solution by adding more solvent."", what are the top 5 questions that would pop up in your head which would be most useful in learning about it as you are new to it. Give me a simple bullet point list, don't explain them or expand them","Sure! Here are five questions that might pop up in my mind when encountering the Chemistry Statement ""The process of dilution decreases the concentration of a solution by adding more solvent"" for the first time:
 What is meant by ""concentration"" in this context?
 How does adding more solvent affect the concentration of the solution?
 Is there a difference between diluting a solution and simply adding more solvent?
 Does the amount of solvent added affect the concentration of the solution, and if so, how?
 Can I dilute","Sure! Here are five questions that might be helpful for a human who is encountering the concept of dilution for the first time:

* What is a solution?
* What does it mean to decrease the concentration of a solution?
* What is a solvent?
* How does adding more solvent decrease the concentration of a solution?
* Are there any examples of dilution that I can relate to in my everyday life?","Sure! Here are five questions that might come up in my mind when I encounter the statement ""The process of dilution decreases the concentration of a solution by adding more solvent"" for the first time:

1. What is meant by ""concentration"" in this context?
2. How does adding more solvent actually decrease the concentration of a solution?
3. Is dilution always used to decrease the concentration of a solution, or can it also increase concentration in some cases?
4. Can you give an example of a situation where dilution might be used to increase concentration instead of decrease it","* What is a solution and what does concentration mean?
* What is dilution?
* How does adding solvent affect the concentration of a solution?
* Is there a mathematical relationship between the amount of solvent added and the change in concentration?
* Are there any limitations or exceptions to the statement?","1. What does 'dilute' mean?
2. How do I calculate the concentration of a solution after dilution?
3. Can you give an example of how to dilute a solution?
4. Why might someone want to dilute a solution?
5. Are there any safety precautions I should take when working with solutions and solvents?","* What is the definition of concentration?
* How is concentration measured?
* What is the difference between a solute and a solvent?
* What happens to the concentration of a solution when more solvent is added?
* How can dilution be used to create solutions with different concentrations?","- What is dilution?
- How does adding more solvent decrease concentration?
- What is a solution?
- Why is concentration important in chemistry?
- How does concentration affect the properties of a solution?","1. What is a solvent?
2. What does concentration mean in the context of a solution?
3. What is the process of dilution?
4. How do you determine the concentration of a solution?
5. Are there any practical examples of dilution in real life?"
"Imagine you are a human, this is the first time you are coming across this Chemistry Statement, you have no previous knowledge of it ""The smell of rain on dry ground is caused by petrichor, a mixture of volatile organic compounds."", what are the top 5 questions that would pop up in your head which would be most useful in learning about it as you are new to it. Give me a simple bullet point list, don't explain them or expand them","Sure! Here are five questions that might pop up in my mind if I were encountering the Chemistry Statement ""The smell of rain on dry ground is caused by petrichor, a mixture of volatile organic compounds"" for the first time:
 What exactly are volatile organic compounds (VOCs)? How does the smell of rain on dry ground relate to petrichor? What specific VOCs make up petrichor? Why do these VOCs produce the distinctive smell of rain on dry ground? Is there any","Sure, here are five questions that might pop up in my head as a human encountering the concept of petrichor for the first time:

* What are volatile organic compounds?
* How do these compounds produce the smell of rain on dry ground?
* Where does the term ""petrichor"" come from?
* Are there any other examples of petrichor in nature?
* Can petrichor be used in any practical applications, such as in perfumes or air fresheners?","Sure! Here are five questions that might come to mind when encountering the statement ""The smell of rain on dry ground is caused by petrichor, a mixture of volatile organic compounds"" for the first time:

1. What is petrichor?
2. What are volatile organic compounds (VOCs)?
3. Why does the smell of rain on dry ground matter?
4. How do VOCs contribute to the smell of rain on dry ground?
5. Can I experience petrichor anywhere else besides after it rains on dry ground?","* What is petrichor and how is it produced?
* What are volatile organic compounds (VOCs)?
* How do VOCs and petrichor produce the smell associated with rain on dry ground?
* Are there specific VOCs that contribute to the smell of petrichor?
* Is the smell of petrichor always the same or does it vary depending on factors such as location or type of soil?","1. What is petrichor?
2. How does it form?
3. What are volatile organic compounds (VOCs)?
4. Why do VOCs produce a pleasant smell when they evaporate?
5. Is petrichor harmful to humans?","- What is petrichor?
- What are volatile organic compounds?
- How do these compounds interact to produce the smell of rain?
- What causes the release of these compounds from the ground?
- Are there any other environmental factors that influence the presence or intensity of the smell?","- What is petrichor?
- How is petrichor created?
- Which volatile organic compounds are present in petrichor?
- Why does rain on dry ground produce a smell?
- Is petrichor harmful to humans?","1. What are volatile organic compounds?
2. How does petrichor form?
3. What other effects or reactions does petrichor cause?
4. Are all smells caused by similar mixtures of compounds?
5. Can man-made substances mimic the smell of petrichor?"
"Imagine you are a human, this is the first time you are coming across this Chemistry Statement, you have no previous knowledge of it ""Alloys, such as bronze and brass, are made by melting and mixing two or more metals."", what are the top 5 questions that would pop up in your head which would be most useful in learning about it as you are new to it. Give me a simple bullet point list, don't explain them or expand them","Sure! Here are five questions that might pop up in my mind as a beginner learning about alloys for the first time:
 What are alloys, and how do they differ from pure metals?
 How do different metals combine to form alloys, and what factors influence their properties?
 What are some common examples of alloys, like bronze and brass, and what are their applications?
 How does the composition of an alloy affect its physical and chemical properties?
 Can alloys be customized or tailored for specific uses by adjusting their composition or","Sure, here are five questions that might pop up in my head as a human encountering the chemistry statement about alloys for the first time:

* What are the specific metals that are typically mixed together to form alloys?
* How do the properties of the resulting alloy compare to those of the individual metals?
* Are there any specific industries or applications where alloys are commonly used?
* Can you give an example of how bronze and brass are made?
* Is there a limit to the number of metals that can be mixed together to form an alloy, or are","Sure! Here are five questions that might come to mind when encountering the statement ""Alloys, such as bronze and brass, are made by melting and mixing two or more metals"" for the first time:

1. What are some common alloys and why are they created?
2. How do you mix two or more metals together to create an alloy?
3. What are the benefits of creating alloys compared to using pure metals?
4. Can you give examples of different types of alloys and their uses?
5. How does the process of creating alloys","* What is an alloy?
* How are alloys created (specifically, how do you melt and mix metals)?
* What two or more metals are used to make common alloys like bronze and brass?
* What properties make alloys desirable for certain uses over pure metals?
* Are there any potential downsides to using alloys instead of pure metals?","1. What are alloys?
2. How are alloys made?
3. Can you give examples of common alloys?
4. What are the properties of alloys compared to pure metals?
5. Why do we use alloys instead of using pure metals for certain applications?","- What are alloys and how do they differ from pure metals?
- What is the purpose of mixing two or more metals to form an alloy?
- How does the melting and mixing process affect the properties of the resulting alloy?
- What are some common alloys and how are they used in everyday applications?
- Are there any limitations or drawbacks to using alloys compared to pure metals?","- What are alloys?
- How are alloys made?
- What metals are commonly used in making alloys like bronze and brass?
- What are the properties of alloys compared to pure metals?
- What are some common uses of alloys in everyday life?","1. What is an alloy?
2. How is the melting and mixing process of metals performed?
3. What metals are usually mixed to make bronze and brass?
4. Are there other notable alloys aside from bronze and brass?
5. What properties do these alloys have that make them more useful than the individual metals?"
"Imagine you are a human, this is the first time you are coming across this Chemistry Statement, you have no previous knowledge of it ""Candle wax burns in a chemical reaction with oxygen to produce water and carbon dioxide."", what are the top 5 questions that would pop up in your head which would be most useful in learning about it as you are new to it. Give me a simple bullet point list, don't explain them or expand them","Sure! Here are five questions that might pop up in my mind if I were encountering the Chemistry Statement ""Candle wax burns in a chemical reaction with oxygen to produce water and carbon dioxide"" for the first time:
 What is candle wax made of? What is the chemical reaction that occurs when candle wax burns? What is the role of oxygen in the burning process? What are the byproducts of the burning process (water and carbon dioxide)? How does the burning of candle wax differ from","Sure! Here are five questions that might be useful for learning about the chemical reaction of candle wax burning:

* What is the chemical formula for candle wax?
* How does the reaction with oxygen occur?
* What is the balanced equation for the reaction?
* What is the role of heat in the reaction?
* Are there any other products formed during the reaction besides water and carbon dioxide?","Sure! Here are the top 5 questions that might come to mind when encountering the statement ""Candle wax burns in a chemical reaction with oxygen to produce water and carbon dioxide"" for the first time:

1. What is candle wax made of?
2. What is oxygen, and how does it play a role in the reaction?
3. How do we know that water and carbon dioxide are produced during the reaction?
4. What is the purpose of burning candle wax?
5. Are there any other substances that can react with","* What is the balanced chemical equation for the reaction?
* How is the heat necessary for the reaction produced?
* Is water vapor and carbon dioxide the only products of the reaction?
* Are there any byproducts or impurities produced during the reaction?
* What conditions are required for the reaction to occur (e.g. temperature, pressure)?","1. What is candle wax? 
2. What happens when candle wax burns? 
3. How does oxygen play a role in the burning process? 
4. What are the products formed during the combustion of candle wax? 
5. Can I use this information for any other purposes?",szt szt szt szt szt sztszt szt szt szt sztszt szt szt szt gwiazd szt ssteeeee szt szt szt szt szt szt szt szt szt szt szt szt,"- How does candle wax burn?
- What is oxygen's role in the reaction?
- What is water's role in the reaction?
- What is carbon dioxide's role in the reaction?
- What happens during a chemical reaction?","1. What is the chemical composition of candle wax?
2. How does the combustion process occur to make candle wax burn?
3. How is oxygen involved in the burning of the candle wax?
4. In what form is water produced from a burning candle?
5. What happens to the carbon dioxide that is produced?"
"Imagine you are a human, this is the first time you are coming across this Chemistry Statement, you have no previous knowledge of it ""The tarnishing of silverware is due to a chemical reaction with sulfur-containing substances in the air."", what are the top 5 questions that would pop up in your head which would be most useful in learning about it as you are new to it. Give me a simple bullet point list, don't explain them or expand them","Sure! Here are five questions that might pop up in my mind if I were encountering the Chemistry Statement for the first time:
 What are sulfur-containing substances in the air? How do these substances react with silverware? Why does this reaction cause tarnishing? Is there a way to prevent or remove tarnish from silverware? Are there any other materials that can be affected by sulfur-containing substances in the same way?","Sure, here are five questions that might pop up in my head as a human encountering the chemistry statement about tarnishing of silverware for the first time:

* What are sulfur-containing substances?
* How do these substances cause tarnishing?
* Is tarnishing only limited to silverware, or can it happen to other metals too?
* Can I prevent tarnishing from happening to my silverware?
* Are there any harmful effects of using silverware that has been exposed to sulfur-containing substances?","Sure! Here are the top 5 questions that might come to mind when encountering the statement ""The tarnishing of silverware is due to a chemical reaction with sulfur-containing substances in the air"" for the first time:

1. What are sulfur-containing substances?
2. How do these substances react with silverware?
3. Why does this reaction cause tarnishing?
4. Is this reaction specific to silverware, or can it occur with other metals as well?
5. Are there any ways to prevent or slow down this reaction?","* What are sulfur-containing substances and how do they exist in the air?
* How does the chemical reaction between silverware and sulfur-containing substances occur?
* What exactly happens during the chemical reaction that causes tarnishing?
* Is tarnishing harmful to silverware or just a cosmetic change?
* Are there ways to prevent or slow down the tarnishing process?","1. What is silverware?
2. What are sulfur-containing substances?
3. How does the air affect silverware?
4. What happens during the chemical reaction between sulfur and silver?
5. Is there any way to prevent tarnishing of silverware?","- What are the sulfur-containing substances in the air that cause tarnishing?
- How does the chemical reaction between these substances and silverware occur?
- Are there any factors that affect the rate of tarnishing?
- What can be done to prevent or slow down tarnishing?
- What is the mechanism by which the tarnish is removed when silverware is cleaned?","- What is tarnishing?
- How does sulfur react with silver?
- What are sulfur-containing substances in the air?
- Can tarnishing of silverware be prevented?
- How does the chemical reaction cause tarnishing?","1. What exactly is the chemical reaction that causes silver to tarnish?
2. What are sulfur-containing substances in the air?
3. Are there other substances or factors that can cause tarnishing of silverware?
4. How can tarnishing of silverware be prevented or reduced?
5. Is tarnishing harmful or just a cosmetic issue for silverware?"
"Imagine you are a human, this is the first time you are coming across this Chemistry Statement, you have no previous knowledge of it ""The increase in global CO2 levels is measured by monitoring atmospheric concentrations and ice core samples."", what are the top 5 questions that would pop up in your head which would be most useful in learning about it as you are new to it. Give me a simple bullet point list, don't explain them or expand them","Sure! Here are five questions that might pop up in my mind if I were encountering the Chemistry Statement for the first time:
 What exactly are ice core samples, and how do they help measure CO2 levels?
 How do scientists monitor atmospheric concentrations of CO2, and what methods do they use?
 What does it mean for global CO2 levels to increase, and how does this impact the environment?
 How reliable are these measurements, and what factors could affect their accuracy?
 Can you provide examples of how this increase in CO2 levels","Sure, here are five questions that might be useful for a human who is encountering the statement about CO2 levels for the first time:

* What is CO2 and why is it important?
* How are atmospheric concentrations of CO2 monitored?
* What are ice core samples and how do they relate to CO2 levels?
* Why is the increase in global CO2 levels a concern?
* What can be done to reduce the increase in global CO2 levels?","Sure! Here are five questions that might come to mind when encountering the statement ""The increase in global CO2 levels is measured by monitoring atmospheric concentrations and ice core samples"" for the first time:

1. What is CO2, and why is it important?
2. How do scientists measure the concentration of CO2 in the atmosphere?
3. What are ice cores, and how do they help us understand past changes in CO2 levels?
4. Why is it important to monitor changes in CO2 levels over time?
5. How does the information gathered from measuring CO2","* How is CO2 concentration in the atmosphere measured?
* What equipment or technology is used for these measurements?
* How do ice core samples provide information about past CO2 levels?
* How accurate are ice core sample measurements compared to direct atmospheric measurements?
* Are there any other methods used to measure historical CO2 trends besides ice cores?","1. What does 'CO2' stand for?
2. How do scientists measure atmospheric concentrations?
3. What are ice core samples and how do they help monitor CO2 levels?
4. Why is an increase in CO2 levels concerning?
5. What can we do to reduce CO2 emissions and slow down climate change?","- What are atmospheric concentrations and how are they measured?
- How are ice core samples used to measure global CO2 levels?
- What timescales do atmospheric concentrations and ice core samples represent?
- How accurate and precise are these measurement techniques?
- What factors can influence the interpretation of global CO2 level data from these sources?","- What is CO2 and why is it important?
- How are atmospheric concentrations of CO2 measured?
- What are ice core samples and how are they used to determine CO2 levels?
- Why is monitoring global CO2 levels important?
- What are the potential impacts of increasing CO2 levels on the environment?","1. What are atmospheric concentrations and how are they measured?
2. How are ice core samples obtained and analyzed to measure CO2 levels?
3. Why is there a need to monitor global CO2 levels?
4. How does an increase in CO2 levels impact the environment and the planet?
5. What is the current global CO2 level and how has it changed over time?"
"Imagine you are a human, this is the first time you are coming across this Chemistry Statement, you have no previous knowledge of it ""Sunlight causes bleach to decompose, which is why bleach bottles are opaque."", what are the top 5 questions that would pop up in your head which would be most useful in learning about it as you are new to it. Give me a simple bullet point list, don't explain them or expand them","Sure! Here are five questions that might pop up in my mind if I were encountering the Chemistry Statement ""Sunlight causes bleach to decompose, which is why bleach bottles are opaque"" for the first time:
 What exactly is decomposing when sunlight is shone on bleach? Why does the decomposition occur only when exposed to sunlight and not other forms of light? Is the decomposition process reversible or irreversible? How does the decomposition affect the effectiveness of the bleach? Are there any safety concerns associated with using","Sure, here are five questions that might be useful for a human encountering the statement about sunlight and bleach decomposition for the first time:

* What is the mechanism by which sunlight decomposes bleach?
* Is this effect specific to bleach, or does it apply to other chemicals as well?
* How long does it take for bleach to decompose in sunlight?
* Does the type of plastic used in bleach bottles affect the rate of decomposition?
* Are there any safety concerns associated with using bleach that has been exposed to sunlight?","Sure! Here are five questions that might come to mind when encountering the statement ""Sunlight causes bleach to decompose, which is why bleach bottles are opaque"" for the first time:

1. What is bleach and why is it used?
2. How does sunlight cause bleach to decompose?
3. Why do bleach bottles need to be opaque if sunlight causes decomposition?
4. What are the implications of this process for the environment or human health?
5. How can I learn more about this topic and understand it better?","* What is the chemical reaction that occurs when bleach decomposes?
* How does sunlight initiate the decomposition process?
* What specific components of sunlight cause the decomposition (e.g. UV light)?
* How is the rate of decomposition affected by different levels of sunlight exposure?
* Why do opaque containers prevent the decomposition of bleach by sunlight?","1. What does sunlight cause?
2. How does sunlight affect bleach?
3. Why do bleach bottles need to be opaque?
4. What happens when bleach decomposes?
5. Is there any other way to make bleach decompose without using sunlight?","- What is bleach and what is it composed of?
- What is decomposition and how does it work?
- Why is bleach stored in opaque bottles?
- How does light affect bleach?
- What other factors can influence bleach decomposition?","- How does sunlight cause bleach to decompose?
- What is the chemical reaction that occurs when bleach decomposes in sunlight?
- Why are bleach bottles opaque?
- What happens to bleach when it decomposes?
- Is it harmful to use bleach that has decomposed in sunlight?","1. What is the chemical composition of bleach?
2. How does sunlight cause bleach to decompose? 
3. What are the products of bleach decomposition? 
4. Why are bleach bottles opaque and how does it help?
5. Are there other factors that can cause bleach to decompose?"
"Imagine you are a human, this is the first time you are coming across this Chemistry Statement, you have no previous knowledge of it ""Limescale, found in kettles and water heaters, is formed from calcium carbonate precipitating out of hard water."", what are the top 5 questions that would pop up in your head which would be most useful in learning about it as you are new to it. Give me a simple bullet point list, don't explain them or expand them","Sure! Here are five questions that might pop up in my mind if I were encountering the Chemistry Statement ""Limescale, found in kettles and water heaters, is formed from calcium carbonate precipitating out of hard water."" for the first time:
 What exactly is limescale? Why does it form in kettles and water heaters? How does it relate to hard water? Is limescale harmful or just a nuisance? Can it be removed or prevented?","Sure, here are five questions that might be useful for a human who is encountering the concept of limescale formation for the first time:

* What is hard water?
* What is calcium carbonate?
* How does calcium carbonate precipitate out of hard water?
* Why does limescale form in kettles and water heaters specifically?
* Is limescale harmful or can it be removed easily?","Sure! Here are the top 5 questions that might come to mind when encountering the statement ""Limescale is formed from calcium carbonate precipitating out of hard water"" for the first time:

1. What is limescale, exactly?
2. Why does it form in kettles and water heaters?
3. What is hard water, and how does it relate to limescale formation?
4. How does the process of calcium carbonate precipitation lead to the formation of limescale?
5. What are some common ways to prevent","* What is limescale and how does it appear in kettles and water heaters?
* What is hard water and how does it contribute to the formation of limescale?
* What is calcium carbonate and why does it precipitate out of hard water?
* What conditions cause calcium carbonate to precipitate and form limescale?
* How does the presence of limescale affect the performance and maintenance of kettles and water heaters?","1. What is limescale? 
2. How does it form? 
3. Where can I find limescale? 
4. Is limescale harmful? 
5. How do I remove limescale?","- What is the chemical composition of ""limescale""?
- Why does ""limescale"" form in certain environments?
- How does the hardness of water affect ""limescale"" formation?
- What are the implications of ""limescale"" accumulation?
- How can ""limescale"" be prevented or removed?","- What is limescale?
- What causes limescale to form in kettles and water heaters?
- What is hard water?
- How does calcium carbonate precipitate out of hard water?
- How can limescale be prevented or removed?","1. What is limescale and what does it look like?
2. What is hard water and how does it differ from normal water?
3. How does calcium carbonate form limescale in hard water?
4. Is limescale harmful to health or the functioning of kettles and water heaters?
5. How can limescale be prevented or removed from kettles and water heaters?"
"Imagine you are a human, this is the first time you are coming across this Chemistry Statement, you have no previous knowledge of it ""The blue color of the sky is due to Rayleigh scattering of sunlight by the atmosphere."", what are the top 5 questions that would pop up in your head which would be most useful in learning about it as you are new to it. Give me a simple bullet point list, don't explain them or expand them","Sure! Here are five questions that might pop up in my mind if I were encountering the Chemistry Statement ""The blue color of the sky is due to Rayleigh scattering of sunlight by the atmosphere"" for the first time:
 What is Rayleigh scattering? What is the atmosphere, and how does it affect the color of the sky? Why is the sky blue and not some other color? How does the intensity of the blue color vary throughout the day? Is there any way to observe or measure the Rayleigh scattering effect in the sky","Sure, here are five questions that might pop up in my head as a human encountering the statement about the blue color of the sky for the first time:

* What is Rayleigh scattering?
* Why does the atmosphere scatter sunlight in this way?
* How does the scattering of sunlight make the sky appear blue?
* Is this phenomenon unique to Earth's atmosphere, or does it occur on other planets as well?
* Are there any other factors that contribute to the blue color of the sky?","Sure! Here are five questions that might come to mind when encountering the statement ""The blue color of the sky is due to Rayleigh scattering of sunlight by the atmosphere"" for the first time:

1. What is Rayleigh scattering?
2. How does the atmosphere affect the color of the sky?
3. Why is the sky blue and not another color?
4. What is the significance of the blue color of the sky?
5. How does this phenomenon relate to other scientific concepts or theories?","* What is Rayleigh scattering and how does it cause the blue color of the sky?
* What is sunlight and how is it involved in the process?
* How does the atmosphere play a role in the scattering of sunlight?
* Why does Rayleigh scattering result in the sky appearing blue instead of another color?
* Are there any conditions or factors that affect the intensity or appearance of the blue sky?","1. What causes the blue color of the sky?
2. How does sunlight interact with the atmosphere?
3. What is Rayleigh scattering and how does it affect the colors we see?
4. Can other factors besides Rayleigh scattering cause the sky to appear blue?
5. Are there any other examples of Rayleigh scattering in nature?","- What is Rayleigh scattering?
- What is sunlight?
- How does the atmosphere interact with sunlight?
- Why does the scattering result in a blue color?
- What other factors may contribute to the sky's color?","- Why is the sky blue?
- What is Rayleigh scattering?
- How does sunlight interact with the atmosphere?
- Are there other factors that affect the color of the sky?
- How does this process differ from other color phenomena in the sky?","1. What is Rayleigh scattering?
2. How does sunlight interact with the atmosphere to create the blue color?
3. Does Rayleigh scattering affect other colors in addition to blue?
4. Why is the sky not blue at night or during sunset and sunrise?
5. What other factors can influence the color of the sky?"
"Imagine you are a human, this is the first time you are coming across this Chemistry Statement, you have no previous knowledge of it ""The process of making ice cream involves freezing and the incorporation of air to create a soft texture."", what are the top 5 questions that would pop up in your head which would be most useful in learning about it as you are new to it. Give me a simple bullet point list, don't explain them or expand them","Sure! Here are five questions that might pop up in my mind if I were encountering the Chemistry Statement ""The process of making ice cream involves freezing and the incorporation of air to create a soft texture"" for the first time:
 What does ""freezing"" mean in this context? How does incorporating air affect the texture of ice cream? Why do we need to freeze ice cream to create a soft texture? Is there a specific type of freezing method used in making ice cream? How does the amount of air incorporated into","Sure, here are five questions that might pop up in my head as a human encountering the chemistry statement about making ice cream for the first time:

* How does freezing create a soft texture?
* What role does the incorporation of air play in creating the soft texture?
* Is there a specific temperature at which the ice cream should be frozen to achieve the desired texture?
* Are there any specific ingredients or additives that can help enhance the softness of the ice cream?
* Can the same process be used to make other frozen desserts","Sure! Here are the top 5 questions that might come to mind when encountering the statement ""The process of making ice cream involves freezing and the incorporation of air to create a soft texture"" for the first time:

1. What does it mean by ""freezing""? Is it just melting and then re-freezing, or is there something else going on?
2. How do they incorporate air into the ice cream? Is it done through a specific process or machine?
3. Why is air important in creating a soft texture? Isn't it supposed to make it harder","* What is the role of freezing in the ice cream making process?
* How does incorporating air affect the texture of ice cream?
* Is there a specific temperature at which ice cream is frozen?
* How much air is typically incorporated into ice cream?
* Is the process of making ice cream always the same or are there different methods?","1. What is ice cream?
2. How does freezing affect the texture of ice cream?
3. Why is air incorporated into ice cream?
4. What ingredients are typically used to make ice cream?
5. Are there any variations in the process of making ice cream depending on the region or culture?","- How does freezing affect the formation of ice cream?
- What role does air incorporation play in creating the soft texture?
- What are the chemical and physical changes involved in making ice cream?
- What factors influence the final texture and consistency of ice cream?
- Are there any additional ingredients or techniques that contribute to the unique properties of ice cream?","- How is ice cream made?
- Why is freezing necessary in the process?
- How is air incorporated into ice cream?
- What role does air play in creating a soft texture?
- What ingredients are used in making ice cream?","1. What is the exact process of making ice cream?
2. How does freezing contribute to the creation of ice cream?
3. How does the incorporation of air create a soft texture in ice cream?
4. What other ingredients or factors are important in the ice cream production process?
5. Can the process be tweaked for different types of ice cream and its textures?"
"Imagine you are a human, this is the first time you are coming across this Chemistry Statement, you have no previous knowledge of it ""Inkjet printer ink is a mixture of dyes or pigments, solvents, and other chemicals to ensure proper flow and adhesion."", what are the top 5 questions that would pop up in your head which would be most useful in learning about it as you are new to it. Give me a simple bullet point list, don't explain them or expand them","Sure! Here are five questions that might pop up in my mind as a beginner when reading the statement for the first time:
 What exactly are dyes and pigments? What purpose do solvents serve in inkjet printer ink? What kind of chemicals are added to ensure proper flow and adhesion? How does the combination of these components affect the quality of the printed output? Can I use different ratios of dyes, pigments, and solvents to create customized ink formulations for specific printing needs?","Sure, here are five questions that might pop up in my head as a human encountering the chemistry statement about inkjet printer ink for the first time:

* What are dyes and pigments, and how do they differ?
* What role do solvents play in the mixture, and how do they help ensure proper flow?
* What other chemicals are included in the mixture, and what functions do they serve?
* How does the mixture of dyes or pigments, solvents, and other chemicals work together to produce the desired printing effect?
* Are","Sure! Here are the top 5 questions that might come to mind when encountering the statement ""Inkjet printer ink is a mixture of dyes or pigments, solvents, and other chemicals to ensure proper flow and adhesion"" for the first time:

1. What are dyes and pigments?
2. What are solvents, and why are they important in inkjet printer ink?
3. How do these chemicals work together to ensure proper flow and adhesion?
4. Why does the type of ink used in an in","* What are dyes and pigments, and how do they differ?
* What is the role of solvents in inkjet printer ink?
* What other chemicals are included in inkjet printer ink?
* Why is it necessary to ensure proper flow and adhesion?
* How do these components interact and affect the printing process?","1. What are dyes and pigments?
2. How do solvents help with ink flow and adhesion?
3. Can you give an example of another chemical used in inkjet printer ink?
4. Why is it important for inkjet printer ink to adhere properly?
5. Are there any environmental concerns related to the chemicals used in inkjet printer ink?","* What is the difference between dyes and pigments?
* What solvents are used in inkjet printer ink?
* What other chemicals are involved in inkjet printer ink?
* How does ink flow through an inkjet printer?
* How does ink adhere to paper?","- What are dyes and pigments?
- What are solvents and how do they relate to ink?
- What chemicals are typically used in inkjet printer ink?
- How does proper flow and adhesion impact printing quality?
- Are there any potential health or environmental concerns with inkjet printer ink?","1. What dyes or pigments are typically used in inkjet printer ink?
2. What role do solvents play in the ink mixture?
3. Which other chemicals are included in inkjet printer ink and why?
4. How does the ink ensure proper flow in the printer?
5. How does the ink adhere to the paper and why is this adhesion important?"
"Imagine you are a human, this is the first time you are coming across this Chemistry Statement, you have no previous knowledge of it ""The presence of iron in water can lead to reddish staining on fixtures and laundry."", what are the top 5 questions that would pop up in your head which would be most useful in learning about it as you are new to it. Give me a simple bullet point list, don't explain them or expand them","Sure! Here are five questions that might pop up in my mind if I were encountering the Chemistry Statement ""The presence of iron in water can lead to reddish staining on fixtures and laundry"" for the first time:
 What is iron, and why does it cause staining? How does iron get into water in the first place? What kind of fixtures and laundry are most likely to be affected by iron stains? Is there a way to prevent or remove iron stains from these items? Can iron-contamin","Sure, here are five questions that might pop up in my head as a human encountering the chemistry statement about iron in water for the first time:

* What is the chemical reaction that occurs between iron and water?
* How does the presence of iron in water cause reddish staining?
* Are certain types of fixtures or laundry more susceptible to iron staining than others?
* Can iron staining be removed or prevented, and if so, how?
* Is iron in water a common problem, and if so, how do people typically address it?","Sure! Here are the top 5 questions that might come to mind when encountering the statement ""The presence of iron in water can lead to reddish staining on fixtures and laundry"" for the first time:

1. What is meant by ""reddish staining""? How does it occur?
2. What are ""fixtures""? Are they related to the staining?
3. Why does the presence of iron in water cause staining? Is it a chemical reaction?
4. Can the staining be prevented or removed? If so, how?
5","* What is the process by which iron in water causes staining?
* What are the common sources of iron in water?
* How does the amount of iron in water affect the severity of staining?
* Are there any methods for preventing or removing iron stains?
* Are there any health concerns associated with iron in drinking water?","1. What is iron?
2. How does iron get into water?
3. Why does iron cause reddish stains?
4. Can iron in water harm humans?
5. How can I remove iron from my water?","- How does iron get into water?
- What types of fixtures and laundry can be stained?
- How severe can the staining be?
- Are there any other consequences of iron in water besides staining?
- How can iron be removed from water?","- How does iron in water cause staining?
- Can the staining be removed?
- Is the staining harmful to health?
- What can be done to prevent iron staining?
- Are there any benefits of iron in water?","- What causes iron to be present in water?
- How does iron cause reddish stains?
- How can I detect the presence of iron in water?
- What can be done to prevent or remove the stains caused by iron?
- Can the presence of iron in water affect health and if so, how?"
"Imagine you are a human, this is the first time you are coming across this Chemistry Statement, you have no previous knowledge of it ""Bubbles formed by boiling water are due to the conversion of water from liquid to gas."", what are the top 5 questions that would pop up in your head which would be most useful in learning about it as you are new to it. Give me a simple bullet point list, don't explain them or expand them","Sure! Here are five questions that might pop up in my mind as a beginner when encountering the Chemistry Statement ""Bubbles formed by boiling water are due to the conversion of water from liquid to gas"":

1. What is the process of boiling water, and how does it relate to the formation of bubbles?
2. How does the conversion of water from liquid to gas occur during boiling?
3. What is the difference between the liquid and gaseous states of water, and how do they interact during boiling?
4. Why do bubbles form specifically during","Sure, here are five questions that might be useful for learning about the chemistry statement ""Bubbles formed by boiling water are due to the conversion of water from liquid to gas"":

* What is the process of boiling water?
* What is the difference between a liquid and a gas?
* How does water change from a liquid to a gas?
* What role do bubbles play in the process of boiling water?
* Can this process be applied to other substances besides water?","Sure! Here are five questions that might come to mind when encountering the statement ""Bubbles formed by boiling water are due to the conversion of water from liquid to gas"" for the first time:

1. What is meant by ""conversion of water from liquid to gas""?
2. How does this process occur?
3. Why do bubbles form during boiling?
4. Is this process only observed in water, or can it happen with other liquids too?
5. What are some real-world applications or examples where this phenomenon is important?","* What is the process of boiling water?
* What is meant by ""conversion"" in this context?
* How does water exist as a gas?
* What role do bubbles play in the boiling process?
* Are there different types of bubbles formed during boiling and if so, what causes them?","1. What causes bubbles when boiling water?
2. How does water change from liquid to gas?
3. Can you explain the process of boiling water?
4. Are there any other factors that affect the formation of bubbles?
5. Is there anything else I should know about the chemistry behind boiling water?","- What causes the water to convert from liquid to gas?
- Why do bubbles only form when water is boiling?
- What is the composition of the gas inside the bubbles?
- What is the relationship between bubble size and boiling point?
- How can I use this knowledge in everyday situations?","- How does water convert from liquid to gas?
- What causes the bubbles to form when water is boiled?
- Why does water boil in the first place?
- Are there other substances that can also form bubbles when heated?
- Is there a specific temperature at which water starts to boil and form bubbles?","1. What causes water to convert from liquid to gas? 
2. How do bubbles form during this conversion?
3. Are all bubbles formed this way, or only those from boiling water?
4. What conditions are required for this conversion to occur?
5. What is the scientific term for this conversion process?"
"Imagine you are a human, this is the first time you are coming across this Chemistry Statement, you have no previous knowledge of it ""Fruits ripen due to the production of ethylene, a simple hydrocarbon gas."", what are the top 5 questions that would pop up in your head which would be most useful in learning about it as you are new to it. Give me a simple bullet point list, don't explain them or expand them","Sure! Here are five questions that might pop up in my mind if I were encountering the statement ""Fruits ripen due to the production of ethylene, a simple hydrocarbon gas"" for the first time:
 What is ethylene and why is it important in fruit ripening? How does the production of ethylene cause fruits to ripen? What other factors contribute to fruit ripening besides ethylene? Is there a way to control or manipulate the production of ethylene to speed up or slow down the fruit ripening process? Are","Sure, here are five questions that might pop up in my head as a human encountering the statement ""Fruits ripen due to the production of ethylene, a simple hydrocarbon gas"" for the first time:

* What is ethylene and how does it relate to fruit ripening?
* How does the production of ethylene affect the ripening process?
* Are all fruits affected by ethylene in the same way?
* Can ethylene be used to artificially ripen fruits, and if so, how?
* Are there any potential negative effects of","Sure! Here are the top 5 questions that might come to mind when encountering the statement ""Fruits ripen due to the production of ethylene, a simple hydrocarbon gas"" for the first time:

1. What is ethylene?
2. How does ethylene cause fruits to ripen?
3. Is ethylene the only factor that affects fruit ripening?
4. How do different types of fruits respond to ethylene?
5. Can I manipulate ethylene production to control fruit ripening?","* What is ethylene and how is it produced by fruits?
* How does ethylene cause fruits to ripen?
* What types of fruits produce and respond to ethylene?
* Is ethylene production and fruit ripening affected by external factors such as temperature and storage conditions?
* Are there any ways to control or manipulate ethylene production for practical applications?","1. What is ethylene?
2. How does ethylene cause fruits to ripen?
3. Are there any other gases involved in fruit ripening?
4. Can we control the ripening process using ethylene?
5. Is ethylene harmful to humans?","* What is ethylene gas and how is it produced in fruits?
* How does ethylene gas affect the ripening process?
* Are there different types of fruits that produce different levels of ethylene?
* Can the production of ethylene be controlled or altered to influence the ripening rate?
* Are there any potential health implications associated with ethylene gas exposure?","- What is ethylene?
- How does ethylene cause fruits to ripen?
- Are all fruits affected by ethylene in the same way?
- Is ethylene harmful to humans when consumed?
- Can ethylene be used intentionally to ripen fruits faster?","1. What is ethylene?
2. How does ethylene make fruits ripen?
3. What is a hydrocarbon gas?
4. Do all fruits produce ethylene when they ripen?
5. How is ethylene produced in fruits?"
"Imagine you are a human, this is the first time you are coming across this Chemistry Statement, you have no previous knowledge of it ""The color of fireworks is determined by the metal salts they contain."", what are the top 5 questions that would pop up in your head which would be most useful in learning about it as you are new to it. Give me a simple bullet point list, don't explain them or expand them","Sure! Here are five questions that might pop up in my mind if I were encountering the Chemistry Statement ""The color of fireworks is determined by the metal salts they contain"" for the first time:
 What are metal salts? Which metals produce different colors in fireworks? How do metal salts affect the color of fireworks? Is there a specific ratio of metal salts to other ingredients that determines the color of fireworks? Can different types of metal salts be combined to create unique colors in fireworks?","Sure, here are five questions that might pop up in my head as a human encountering the statement ""The color of fireworks is determined by the metal salts they contain"" for the first time:

* What specific metal salts are responsible for the different colors in fireworks?
* How do these metal salts produce their respective colors when burned?
* Are all fireworks made with metal salts, or are there other factors that can affect their color?
* Can the same metal salt produce different colors under different conditions?
* How do the concentrations and combinations of these metal salts impact","Sure! Here are five questions that might come to mind when encountering the statement ""The color of fireworks is determined by the metal salts they contain"" for the first time:

1. What are metal salts?
2. How do metal salts affect the color of fireworks?
3. Which metals are commonly used in fireworks to create different colors?
4. Why do different metal salts produce different colors in fireworks?
5. Can I try making my own fireworks at home using different metal salts to see how they change the color?","* What are metal salts?
* How do metal salts affect the color of fireworks?
* Are there different types of metal salts used in fireworks?
* Do different metal salts produce different colors?
* How do metal salts create the colors observed in fireworks?","1. What causes the different colors in fireworks?
2. How do metal salts affect the color of fireworks?
3. Are there any specific metals that produce certain colors?
4. Can I create my own fireworks using metal salts?
5. Is there a way to predict the colors produced by different combinations of metal salts?","* What is a metal salt?
* What is the relationship between metal salts and color?
* How do metal salts determine the specific colors of fireworks?
* Are there different types of metal salts used in fireworks?
* Can the amount of metal salt in a firework affect its color?","- What are metal salts?
- How do metal salts affect the color of fireworks?
- Which metals are commonly used in fireworks?
- Are there any safety concerns associated with metal salts in fireworks?
- Can different combinations of metal salts create different colors in fireworks?","1. What are metal salts and how do they affect the color of fireworks?
2. What kinds of metal salts are typically used in the production of fireworks?
3. How is the color produced when the metal salts react during the firework explosion?
4. Can you give some examples of metal salts and the colors they produce in fireworks?
5. Are specific colors tied to specific elements found in these metal salts?"
"Imagine you are a human, this is the first time you are coming across this Chemistry Statement, you have no previous knowledge of it ""The pH of soil affects the availability of nutrients to plants and the color of hydrangea flowers."", what are the top 5 questions that would pop up in your head which would be most useful in learning about it as you are new to it. Give me a simple bullet point list, don't explain them or expand them","Sure! Here are five questions that might pop up in my mind if I were encountering the Chemistry Statement for the first time:
 What exactly does ""pH"" refer to in this context?
 How does the pH of soil impact the availability of nutrients to plants?
 What specific nutrients are affected by soil pH, and how?
 How does soil pH influence the color of hydrangea flowers?
 Are there any practical applications or implications of this information for gardeners or farmers?","Sure, here are five questions that might pop up in my head as a human encountering the chemistry statement about pH and its effects on soil nutrient availability and hydrangea flower color for the first time:

* What is pH and how is it measured?
* How does pH affect the availability of nutrients to plants?
* What specific nutrients are affected by pH in soil?
* How does pH affect the color of hydrangea flowers?
* Are there any other factors that can affect the color of hydrangea flowers besides pH?","Sure! Here are the top 5 questions that might come to mind when encountering the statement ""The pH of soil affects the availability of nutrients to plants and the color of hydrangea flowers"" for the first time:

1. What is pH?
2. How does pH affect the availability of nutrients to plants?
3. How does pH affect the color of hydrangea flowers?
4. Why is pH important for plant growth and flower color?
5. How can I measure the pH of soil?","* What does pH measure in the context of soil?
* How does pH affect the availability of nutrients in soil?
* Which specific nutrients are affected by pH levels?
* How does pH impact the color of hydrangea flowers?
* Are there any other factors that influence the color of hydrangea flowers besides pH?","1. What is pH?
2. How does pH affect nutrient availability for plants?
3. Why do hydrangeas change color based on soil pH?
4. What is the ideal pH range for growing healthy plants?
5. Can I adjust soil pH to grow different types of plants?","- What is pH and how does it relate to soil?
- How does pH affect the availability of nutrients to plants?
- How does pH influence the color of hydrangea flowers?
- What are the mechanisms responsible for these effects?
- How can I measure and adjust soil pH in practical applications?","- What is pH?
- How does pH affect nutrient availability to plants?
- How does pH affect the color of hydrangea flowers?
- Why are nutrients important for plant growth?
- How can the pH of soil be measured and adjusted?","1. What is pH and how is it measured in soil?
2. How does soil pH influence the availability of nutrients to plants?
3. What are the ideal pH conditions required for different types of plants?
4. Can changes in soil pH harm plants, and if so, how?
5. How does pH affect the color of hydrangea flowers specifically?"
"Imagine you are a human, this is the first time you are coming across this Chemistry Statement, you have no previous knowledge of it ""The process of pickling preserves food through acidity or fermentation."", what are the top 5 questions that would pop up in your head which would be most useful in learning about it as you are new to it. Give me a simple bullet point list, don't explain them or expand them","Sure! Here are five questions that might pop up in my head as a human new to the concept of pickling:
 What exactly is pickling, and how does it work?
 What types of food can be pickled, and what are the benefits of doing so?
 How does acidity or fermentation preserve food, and why is it effective?
 Are there any safety concerns or risks associated with pickling at home?
 Can I customize the pickling process to suit my tastes and preferences?","Sure, here are five questions that might be useful for learning about the process of pickling and its preservation mechanisms:

* How does acidity preserve food?
* What is fermentation and how does it contribute to food preservation?
* Which types of food can be preserved through pickling?
* How long does pickled food last, and what factors affect its shelf life?
* Are there any safety concerns or potential health risks associated with consuming pickled food?","Sure! Here are five questions that might come to mind when encountering the statement ""The process of pickling preserves food through acidity or fermentation"" for the first time:

1. What is pickling?
2. How does acidity help preserve food?
3. What is fermentation and how does it relate to pickling?
4. What types of food can be pickled?
5. How long does pickling take?","* What is pickling and how does it work?
* What types of food can be pickled?
* How does pickling preserve food through acidity?
* How does pickling preserve food through fermentation?
* Are there any health benefits or risks associated with eating pickled foods?","1. What is pickling?
2. How does acidity preserve food?
3. What is fermentation and how does it work?
4. Can any type of food be pickled?
5. Are there different methods for pickling?","- What is acidity and how does it preserve food?
- What is the role of salt in pickling?
- What are the different methods of pickling?
- What are the safety precautions to follow when pickling?
- What are some examples of foods that can be preserved by pickling?","- What is pickling?
- How does pickling preserve food?
- What is acidity in relation to pickling?
- How does fermentation play a role in pickling?
- What kinds of food can be preserved through pickling?","1. What is the process of pickling?
2. How does acidity preserve food?
3. How does fermentation preserve food?
4. What types of food can be preserved through pickling?
5. What are the benefits of preserving food through pickling?"
"Imagine you are a human, this is the first time you are coming across this Chemistry Statement, you have no previous knowledge of it ""The glow of glow sticks comes from a chemiluminescent reaction."", what are the top 5 questions that would pop up in your head which would be most useful in learning about it as you are new to it. Give me a simple bullet point list, don't explain them or expand them","Sure! Here are five questions that might pop up in my mind if I were encountering the statement ""The glow of glow sticks comes from a chemiluminescent reaction"" for the first time:
 What exactly is a chemiluminescent reaction? How does the glow stick produce light without heat or electricity? Is this reaction safe and non-toxic? Can other objects or materials undergo this same chemiluminescent reaction? How long does the glow last, and what factors affect its duration?","Sure, here are five questions that might pop up in my head as a human encountering the concept of chemiluminescence for the first time:

* What is chemiluminescence?
* How does it differ from bioluminescence?
* What is the chemical reaction involved in glow sticks?
* Is it dangerous or toxic?
* Can I use it for any other purposes besides glow sticks?","Sure! Here are five questions that might come to mind when encountering the statement ""The glow of glow sticks comes from a chemiluminescent reaction"" for the first time:

1. What is a chemiluminescent reaction?
2. How does a glow stick produce light?
3. What are the chemicals involved in the reaction?
4. Why does the reaction produce light instead of heat?
5. How long does the light last in a glow stick?","* What is chemiluminescence and how does it differ from other types of luminescence?
* What are the components of a glow stick and how do they interact to produce light?
* How long does the glow stick continue to emit light and why does it eventually stop?
* Are there different types of chemiluminescent reactions used in glow sticks, and if so, what are their differences?
* Are there any safety concerns associated with using glow sticks, and how should they be properly disposed of?","1. What is a chemiluminescent reaction?
2. How does a glow stick produce light?
3. What chemicals are involved in the reaction?
4. Can I make my own glow stick at home?
5. Are there any safety precautions when handling glow sticks?","- What is chemiluminescence?
- What causes the glow in glow sticks?
- How does the reaction work?
- Are there other examples of chemiluminescent reactions?
- Is the reaction harmful?","- What is a chemiluminescent reaction?
- How do glow sticks work?
- What chemicals are involved in the reaction?
- How long does the glow last?
- Are glow sticks safe to use?","1. What is a chemiluminescent reaction?
2. How does a glow stick work?
3. What chemicals are used in a glow stick?
4. What other examples of chemiluminescent reactions exist in our daily life?
5. Are there different types of chemiluminescent reactions?"
"Imagine you are a human, this is the first time you are coming across this Chemistry Statement, you have no previous knowledge of it ""Airbags in cars deploy through a rapid chemical reaction generating nitrogen gas."", what are the top 5 questions that would pop up in your head which would be most useful in learning about it as you are new to it. Give me a simple bullet point list, don't explain them or expand them","Sure! Here are five questions that might pop up in my mind if I were encountering the Chemistry Statement ""Airbags in cars deploy through a rapid chemical reaction generating nitrogen gas"" for the first time:
 What is the rapid chemical reaction that deploys airbags? How does the reaction generate nitrogen gas? Why do airbags need nitrogen gas to deploy? Is the chemical reaction dangerous or hazardous? Can the reaction be controlled or stopped once it starts?","Sure, here are five questions that might pop up in my head as a human encountering the statement about airbags in cars deploying through a rapid chemical reaction generating nitrogen gas for the first time:

* How does the chemical reaction work?
* What is the role of nitrogen gas in the deployment of airbags?
* How fast does the reaction happen?
* Is the reaction dangerous or harmful in any way?
* How do car manufacturers ensure the safety and reliability of this system?","Sure! Here are five questions that might come to mind when encountering the statement ""Airbags in cars deploy through a rapid chemical reaction generating nitrogen gas"" for the first time:

1. What is a chemical reaction?
2. What is nitrogen gas?
3. How does the reaction work to deploy the airbag?
4. Why do we need nitrogen gas to deploy an airbag?
5. How does the reaction happen so quickly in an emergency situation?","* What is the specific chemical reaction that produces the nitrogen gas?
* How does the airbag system trigger this chemical reaction?
* How quickly does the chemical reaction occur to allow for rapid deployment of the airbag?
* What are the safety measures in place to control and contain the chemical reaction?
* How does the generated nitrogen gas provide protection during a car accident?","1. What is an airbag? 
2. How does an airbag work? 
3. Why do airbags deploy in cars? 
4. What is the purpose of the rapid chemical reaction in airbags? 
5. What is the role of nitrogen gas in airbags?",-*- Types chemicals react?*generate nitrogen?* deployed?*generate nitrogen?*Safety considerations?* innovative chemistry?* Deployment Benefits?* Additional Applications?* Chemical Equation?* Chemical Equations?* Limitations?* Durability?* Legal implications?* Ethical implications?* Recycling?* Production?* Handling?* Transportation?* Storage?* Disposal?* Costs?* Benefits?* Risks?* Limitations?* Sustainability?* Fact verification?* Understanding?* Clarity?* Accuracy?* Reliability?* Practical exercises?* Educational exercises?* Gamifiable exercises?* Explorabl concepts?* Experiment demonstrations?* Visual aids?* Diagrams?* Graphs?* Tables?* Simulations?* Hands Challenges?* Competitions?* Puzzles?* Quizzes?* Assessments?* Participation?* Collaboration?* Quizzes?* Feedback?* Awards?* Recognition?* Certification?* Honors?* Partnerships?* Endorsements?* Affiliatio ns?* Funding?* Grants?* Scholarships?* Fellowships?* Investments?* Incubatio ns?* Joint ventures?* Licensing?* Patents?* Spinoffs?* Startups?* Acquisitions?* Awards?* Recognition?* Honors?* Certifications?* Affiliations?* Funding?* Grants?* Scholarships?* Fellowships?* Investments?* Incubatio ns?* Joint ventures?* Licensing?* Patents?* Spinoffs?* Startups?* Acquisions?* Awards?* Recognition?* Honors?* Certifications?* Affiliations?* Funding?* Grants?* Scholarships?* Fellowships?* Investments?* Incubatio ns?* Joint ventures?* Licensing?* Patents?* Spinoffs?* Startups?* Acquisions?* Awards?* Recognition?* Honors?* Certifications?* Affiliations?* Funding?* Grants?* Scholarships?* Fellowships?* Investments?* Incubatio ns?* Joint ventures?* Licensing?* Patents?* Spinoffs?* Startups?* Acquisions?* Awards?* Recognition?* Honors?* Certifications?* Affiliations?* Funding?* Grants?* Scholarships?* Fellowships?* Investments?* Incubatio ns?* Joint ventures?* Licensing?* Patents?* Spinoffs?* Startups?* Acquisions?* Awards?* Recognition?* Honors?* Certifications?* Affiliations?* Funding?* Grants?* Scholarships?* Fellowships?* Investments?* Incubatio ns?* Joint ventures?* Licensing?* Patents?* Spinoffs?* Startups?* Acquisions?* Awards?* Recognition?* Honors?* Certifications?* Affiliations?* Funding?* Grants?* Scholarships?* Fellowships?* Investments?* Incubatio ns?* Joint ventures?* Licensing?* Patents?* Spinoffs?* Startups?* Acquisions?* Awards?* Recognition?* Honors?* Certifications?* Affiliations?* Funding?* Grants?* Scholarships?* Fellowships?* Investments?* Incubatio ns?* Joint ventures?* Licensing?* Patents?* Spinoffs?* Startups?* Acquisions?* Awards?* Recognition?* Honors?* Certifications?* Affiliations?* Funding?* Grants?* Scholarships?* Fellowships?* Investments?* Incubatio ns?* Joint ventures?* Licensing?* Patents?* Spinoffs?* Startups?* Acquisions?* Awards?* Recognition?* Honors?* Certifications?* Affiliations?* Funding?* Grants?* Scholarships?* Fellowships?* Investments?* Incubatio ns?* Joint ventures?* Licensing?* Patents?* Spinoffs?* Startups?* Acquisions?* Awards?* Recognition?* Honors?* Certifications?* Affiliations?* Funding?* Grants?* Scholarships?* Fellowships?* Investments?* Incubatio ns?* Joint ventures?* Licensing?* Patents?* Spinoffs?* Startups?* Acquisions?* Awards?* Recognition?* Honors?* Certifications?* Affiliations?* Funding?* Grants?* Scholarships?* Fellowships?* Investments?* Incubatio ns?* Joint ventures?* Licensing?* Patents?* Spinoffs?* Startups?* Acquisions?* Awards?* Recognition?* Honors?* Certifications?* Affiliations?* Funding?* Grants?* Scholarships?* Fellowships?* Investments?* Incubatio ns?* Joint ventures?* Licensing?* Patents?* Spinoffs?* Startups?* Acquisions?* Awards?* Recognition?* Honors?* Certifications?* Affiliations?* Funding?* Grants?* Scholarships?* Fellowships?* Investments?* Incubatio ns?* Joint ventures?* Licensing?* Patents?* Spinoffs?* Startups?* Acquisions?* Awards?* Recognition?* Honors?* Certifications?* Affiliations?* Funding?* Grants?* Scholarships?* Fellowships?* Investments?* Incubatio ns?* Joint ventures?* Licensing?* Patents?* Spinoffs?* Startups?* Acquisitions?* Awards?* Recognition?* Honors?* Certifications?* Affiliations?* Funding?* Grants?* Scholarships?* Fellowships?* Investments?* Incubatio ns?* Joint ventures?* Licensing?* Patents?* Spinoffs?* Startups?* Acquisitions?* Awards?* Recognition?* Honors?* Certifications?* Affiliations?* Funding?* Grants?* Scholarships?* Fellowships?* Investments?* Incubatio ns?* Joint ventures?* Licensing?* Patents?* Spinoffs?* Startups?* Acquisitions?* Awards?* Recognition?* Honors?* Certifications?* Affiliations?* Funding?* Grants?* Scholarships?* Fellowships?* Investments?* Incubatio ns?* Joint ventures?* Licensing?* Patents?* Spinoffs?* Startups?* Acquisitions?* Awards?* Recognition?* Honors?* Certifications?* Affiliations?* Funding?* Grants?* Scholarships?* Fellowships?* Investments?* Incubatio ns?* Joint ventures?* Licensing?* Patents?* Spinoffs?* Startups?* Acquisitions?* Awards?* Recognition?* Honors?* Certifications?* Affiliations?* Funding?* Grants?* Scholarships?* Fellowships?* Investments?* Incubatio ns?* Joint ventures?* Licensing?* Patents?* Spinoffs?* Startups?* Acquisitions?* Awards?* Recognition?* Honors?* Certifications?* Affiliations?* Funding?* Grants?* Scholarships?* Fellowships?* Investments?* Incubatio ns?* Joint ventures?* Licensing?* Patents?* Spinoffs?* Startups?* Acquisitions?* Awards?* Recognition?* Honors?* Certifications?* Affiliations?* Funding?* Grants?* Scholarships?* Fellowships?* Investments?* Incubatio ns?* Joint ventures?* Licensing?* Patents?* Spinoffs?* Startups?* Acquisitions?* Awards?* Recognition?* Honors?* Certifications?* Affiliations?* Funding?* Grants?* Scholarships?* Fellowships?* Investments?* Incubatio ns?* Joint ventures?* Licensing?* Patents?* Spinoffs?* Startups?* Acquisions?* Awards?* Recognition?* Honors?* Certifications?* Affiliations?* Funding?* Grants?* Scholarships?* Fellowships?* Investments?* Incubatio ns?* Joint ventures?* Licensing?* Patents?* Spinoffs?* Startups?* Acquisitions?* Awards?* Recognition?* Honors?* Certifications?* Affiliations?* Funding?* Grants?* Scholarships?* Fellowships?* Investments?* Incubatio ns?* Joint ventures?* Licensing?* Patents?* Spinoffs?* Startups?* Acquisitions?* Awards?* Recognition?* Honors?* Certifications?* Affiliations?* Funding?* Grants?* Scholarships?* Fellowships?* Investments?* Incubatio ns?* Joint ventures?* Licensing?* Patents?* Spinoffs?* Startups?* Acquisitions?* Awards?* Recognition?* Honors?* Certifications?* Affiliations?* Funding?* Grants?* Scholarships?* Fellowships?* Investments?* Incubatio ns?* Joint ventures?* Licensing?* Patents?* Spinoffs?* Startups?* Acquisitions?* Awards?* Recognition?* Honors?* Certifications?* Affiliations?* Funding?* Grants?* Scholarships?* Fellowships?* Investments?* Incubatio ns?* Joint ventures?* Licensing?* Patents?* Spinoffs?* Startups?* Acquisitions?* Awards?* Recognition?* Honors?* Certifications?* Affiliations?* Funding?* Grants?* Scholarships?* Fellowships?* Investments?* Incubatio ns?* Joint ventures?* Licensing?* Patents?* Spinoffs?* Startups?* Acquisitions?* Awards?* Recognition?* Honors?* Certifications?* Affiliations?* Funding?* Grants?* Scholarships?* Fellowships?* Investments?* Incubatio ns?* Joint ventures?* Licensing?* Patents?* Spinoffs?* Startups?* Acquisitions?* Awards?* Recognition?* Honors?* Certifications?* Affiliations?* Funding?* Grants?* Scholarships?* Fellowships?* Investments?* Incubatio ns?* Joint ventures?* Licensing?* Patents?* Spinoffs?* Startups?* Acquisitions?* Awards?* Recognition?* Honors?* Certifications?* Affiliations?* Funding?* Grants?* Scholarships?* Fellowships?* Investments?* Incubatio ns?* Joint ventures?* Licensing?* Patents?* Spinoffs?* Startups?* Acquisitions?* Awards?* Recognition?* Honors?* Certifications?* Affiliations?* Funding?* Grants?* Scholarships?* Fellowships?* Investments?* Incubatio ns?* Joint ventures?* Licensing?* Patents?* Spinoffs?* Startups?* Acquisitions?* Awards?* Recognition?* Honors?* Certifications?* Affiliations?* Funding?* Grants?* Scholarships?* Fellowships?* Investments?* Incubatio ns?* Joint ventures?* Licensing?* Patents?* Spinoffs?* Startups?* Acquisitions?* Awards?* Recognition?* Honors?* Certifications?* Affiliations?* Funding?* Grants?* Scholarships?* Fellowships?* Investments?* Incubatio ns?* Joint ventures?* Licensing?* Patents?* Spinoffs?* Startups?* Acquisitions?* Awards?* Recognition?* Honors?* Certifications?* Affiliations?* Funding?* Grants?* Scholarships?* Fellowships?* Investments?* Incubatio ns?* Joint ventures?* Licensing?* Patents?* Spinoffs?* Startups?* Acquisitions?* Awards?* Recognition?* Honors?* Certifications?* Affiliations?* Funding?* Grants?* Scholarships?* Fellowships?* Investments?* Incubatio ns?* Joint ventures?* Licensing?* Patents?* Spinoffs?* Startups?* Acquisitions?* Awards?* Recognition?* Honors?* Certifications?* Affiliations?* Funding?* Grants?* Scholarships?* Fellowships?* Investments?* Incubatio ns?* Joint ventures?* Licensing?* Patents?* Spinoffs?* Startups?* Acquisitions?* Awards?* Recognition?* Honors?* Certifications?* Affiliations?* Funding?* Grants?* Scholarships?* Fellowships?* Investments?* Incubatio ns?* Joint ventures?* Licensing?* Patents?* Spinoffs?* Startups?* Acquisitions?* Awards?* Recognition?* Honors?* Certifications?* Affiliations?* Funding?* Grants?* Scholarships?* Fellowships?* Investments?* Incubatio ns?* Joint ventures?* Licensing?* Patents?* Spinoffs?* Startups?* Acquisitions?* Awards?* Recognition?* Honors?* Certifications?* Affiliations?* Funding?* Grants?* Scholarships?* Fellowships?* Investments?* Incubatio ns?* Joint ventures?* Licensing?* Patents?* Spinoffs?* Startups?* Acquisitions?* Awards?* Recognition?* Honors?* Certifications?* Affiliations?* Funding?* Grants?* Scholarships?* Fellowships?* Investments?* Incubatio ns?* Joint ventures?* Licensing?* Patents?* Spinoffs?* Startups?* Acquisitions?* Awards?* Recognition?* Honors?* Certifications?* Affiliations?* Funding?* Grants?* Scholarships?* Fellowships?* Investments?* Incubatio ns?* Joint ventures?* Licensing?* Patents?* Spinoffs?* Startups?* Acquisitions?* Awards?* Recognition?* Honors?* Certifications?* Affiliations?* Funding?* Grants?* Scholarships?* Fellowships?* Investments?* Incubatio ns?* Joint ventures?* Licensing?* Patents?* Spinoffs?* Startups?*Acquisitions?* Awards?* Recognition?* Honors?* Certifications?* Affiliations?* Funding?* Grants?* Scholarships?* Fellowships?* Investments?* Incubatio ns?* Joint ventures?* Licensing?* Patents?* Spinoffs?* Startups?* Acquisitions?* Awards?* Recognition?* Honors?* Certifications?* Affiliations?* Funding?* Grants?* Scholarships?* Fellowships?* Investments?* Incubatio ns?* Joint ventures?* Licensing?* Patents?* Spinoffs?* Startups?* Acquisitions?* Awards?* Recognition?* Honors?* Certifications?* Affiliations?* Funding?* Grants?* Scholarships?* Fellowships?* Investments?* Incubatio ns?* Joint ventures?* Licensing?* Patents?* Spinoffs?* Startups?* Acquisitions?* Awards?* Recognition?* Honors?* Certifications?* Affiliations?* Funding?* Grants?* Scholarships?* Fellowships?* Investments?* Incubatio ns?* Joint ventures?* Licensing?* Patents?* Spinoffs?* Startups?* Acquisitions?* Awards?* Recognition?* Honors?* Certifications?* Affiliations?* Funding?* Grants?* Scholarships?* Fellowships?* Investments?* Incubatio ns?* Joint ventures?* Licensing?* Patents?* Spinoffs?* Startups?* Acquisitions?* Awards?* Recognition?* Honors?* Certifications?* Affiliations?* Funding?* Grants?*,"- How does the rapid chemical reaction occur?
- What chemicals are involved in the reaction?
- Why is nitrogen gas specifically generated?
- What is the purpose of deploying airbags in cars?
- Is the deployment of airbags a safe process for passengers in the car?","1. What is the exact chemical reaction that occurs in airbags?
2. How quickly does this chemical reaction occur?
3. Why is nitrogen gas used in airbags instead of another type of gas?
4. What are the safety mechanisms in place to control this chemical reaction in airbags?
5. What materials are used to contain the nitrogen gas once it's generated?"
"Imagine you are a human, this is the first time you are coming across this Chemistry Statement, you have no previous knowledge of it ""The browning of an apple after it's cut is due to enzymatic oxidation."", what are the top 5 questions that would pop up in your head which would be most useful in learning about it as you are new to it. Give me a simple bullet point list, don't explain them or expand them","Sure! Here are five questions that might pop up in my mind if I were encountering the Chemistry Statement ""The browning of an apple after it's cut is due to enzymatic oxidation"" for the first time:
 What is enzymatic oxidation? What is the role of enzymes in the browning process? What is the source of the oxygen used in the browning reaction? How does the cutting of the apple trigger the browning process? Is there any way to prevent or slow down the browning process?","Sure! Here are five questions that might be useful for learning about the browning of an apple after it's cut:

* What are the enzymes involved in the browning process?
* How do these enzymes catalyze the oxidation reaction?
* What is the role of oxygen in the browning process?
* Can anything be done to prevent or slow down the browning process?
* Are there any other fruits or vegetables that undergo similar enzymatic oxidation reactions?","Sure! Here are the top 5 questions that might come to mind when encountering the statement ""The browning of an apple after it's cut is due to enzymatic oxidation"" for the first time:

1. What is enzymatic oxidation?
2. What is the role of enzymes in browning?
3. Which enzymes are involved in apple browning?
4. How does the cutting of the apple affect the browning process?
5. Is browning of apples a common phenomenon, and if so, why does it happen?","* What is enzymatic oxidation?
* What role does it play in the browning of an apple?
* What enzymes are involved in this process?
* How does enzymatic oxidation cause the apple to change color?
* Is enzymatic oxidation affected by external factors (temperature, exposure to air, etc.)?","1. What causes the browning of an apple?
2. How does enzymatic oxidation occur?
3. Is there any way to prevent or slow down the browning process?
4. Are there other fruits or vegetables that undergo similar browning reactions?
5. Can I use this information to improve my cooking techniques and food preservation methods?","- What is enzymatic oxidation?
- How does enzymatic oxidation cause apples to brown?
- What is the enzyme responsible for the browning?
- Can the browning process be prevented?
- Are there any health implications associated with eating browned apples?","- What is enzymatic oxidation?
- How is enzymatic oxidation related to browning?
- What enzymes are involved in the browning of an apple?
- Can enzymatic oxidation be prevented?
- What other fruits or vegetables undergo enzymatic oxidation?","1. What is enzymatic oxidation?
2. Which enzymes are involved in the browning of an apple?
3. How does the process of oxidation occur in an apple?
4. Is the browning reaction harmful or beneficial?
5. Are there ways to prevent the browning of cut apples?"
"Imagine you are a human, this is the first time you are coming across this Chemistry Statement, you have no previous knowledge of it ""Salt and sugar can preserve food by reducing the water activity, inhibiting microbial growth."", what are the top 5 questions that would pop up in your head which would be most useful in learning about it as you are new to it. Give me a simple bullet point list, don't explain them or expand them","Sure! Here are five questions that might pop up in my mind if I were encountering the Chemistry Statement for the first time:
 What exactly is water activity, and why is it important for microbial growth?
 How does salt and sugar reduce water activity, and how does that inhibit microbial growth?
 Are there any other substances that can also preserve food by reducing water activity?
 Does the amount of salt and sugar used affect the preservation process, and if so, how?
 Can this method of preserving food using salt and","Sure! Here are five questions that might be useful for a human who is encountering the chemistry statement about salt and sugar preserving food for the first time:

* What is water activity, and why does it matter for preserving food?
* How do salt and sugar reduce water activity?
* What kind of microbial growth are we talking about here?
* Are there any other ways to preserve food besides using salt and sugar?
* Can I use this method to preserve all types of food, or are there any limitations?","Sure! Here are the top 5 questions that might come to mind when encountering the statement ""Salt and sugar can preserve food by reducing the water activity, inhibiting microbial growth"" for the first time:

1. What does it mean by ""reducing the water activity""? How does this relate to preserving food?
2. Why do salt and sugar have this preservative effect? Is it because they are toxic to microorganisms, or is there another reason?
3. How does the water activity impact the growth of microorganisms in food? Is it related to the","1. What is water activity and how does it relate to food preservation?
2. How do salt and sugar reduce water activity in food?
3. Which types of microorganisms are affected by reduced water activity?
4. How much salt or sugar is needed to effectively preserve food?
5. Are there any potential downsides to using salt and sugar for food preservation?","1. What is salt? 
2. What is sugar? 
3. How do they reduce water activity? 
4. What is microbial growth? 
5. Why does reducing water activity inhibit microbial growth?","1. What is water activity and how does it affect microbial growth?
2. How does sugar inhibit microbial growth in food?
3. What types of foods are most affected by water activity and sugar?
4. Are there any exceptions to the rule that water activity and sugar inhibit microbial growth?
5. What are the practical applications of this knowledge in food preservation?","- What is salt and sugar made of?
- How do salt and sugar reduce water activity?
- What is microbial growth and why does it need to be inhibited?
- How do salt and sugar inhibit microbial growth?
- What are some examples of foods that can be preserved with salt and sugar?","1. What does it mean to reduce water activity in food?
2. How does salt and sugar inhibit microbial growth?
3. Are there any other substances that can preserve food in the same way as salt and sugar?
4. Does the quantity of salt and sugar used play a role in food preservation?
5. What are the potential health implications of using salt and sugar for food preservation?"
"Imagine you are a human, this is the first time you are coming across this Chemistry Statement, you have no previous knowledge of it ""The process of rusting in metals, such as iron, involves an electrochemical reaction with oxygen and moisture."", what are the top 5 questions that would pop up in your head which would be most useful in learning about it as you are new to it. Give me a simple bullet point list, don't explain them or expand them","Sure! Here are five questions that might pop up in my mind as a beginner learning about the electrochemical reaction of rusting in metals:
 What exactly is rust, and why does it form on metal? How does the presence of oxygen and moisture contribute to the rusting process? Is rusting a reversible or irreversible process? Can all metals rust, or only certain ones? What are some common methods for preventing or slowing down rusting in metals?","Sure, here are five questions that might be useful for a human who is encountering the concept of rusting in metals for the first time:

* What is electrochemical reaction?
* Why does rusting only happen to certain metals, like iron?
* How does moisture affect the rusting process?
* Is rusting a reversible process?
* Can rusting be prevented or slowed down?","Sure! Here are five questions that might come to mind when encountering the statement ""The process of rusting in metals, such as iron, involves an electrochemical reaction with oxygen and moisture"" for the first time:

1. What is an electrochemical reaction?
2. How does oxygen and moisture play a role in this reaction?
3. Why does rusting happen only in certain metals like iron?
4. What are the consequences of rusting on the metal's structure and properties?
5. Can rusting be prevented or controlled? If","* What is rusting and why does it occur?
* What role do oxygen and moisture play in the rusting process?
* How is rusting an electrochemical reaction?
* What are the steps or stages involved in the rusting of iron?
* Are there ways to prevent or slow down the rusting process?","1. What is rust?
2. How does rust form on metal surfaces?
3. What causes rust to occur?
4. Can rust be prevented?
5. What are some common types of metal that can rust?","* What is an electrochemical reaction?
* How does oxygen and moisture contribute to rusting?
* Why do metals rust differently?
* How can rusting be prevented or slowed down?
* What are the practical implications of rusting?","- What is rusting and why does it happen?
- How does oxygen play a role in the rusting process?
- How does moisture contribute to rusting?
- What is an electrochemical reaction and how does it relate to rusting?
- Are there ways to prevent or slow down the process of rusting in metals?","1. What is an electrochemical reaction?
2. How does oxygen contribute to the rusting process in metals?
3. How does moisture contribute to the rusting process in metals?
4. Why does rusting primarily occur on metals like iron?
5. What can be done to prevent the process of rusting?"
"Imagine you are a human, this is the first time you are coming across this Chemistry Statement, you have no previous knowledge of it ""Water is a universal solvent because it can dissolve a wide range of substances."", what are the top 5 questions that would pop up in your head which would be most useful in learning about it as you are new to it. Give me a simple bullet point list, don't explain them or expand them","Sure! Here are five questions that might pop up in my mind as a beginner when encountering the statement ""Water is a universal solvent"":

1. What exactly does it mean for water to be a solvent?
2. How does water differ from other liquids that can also dissolve substances?
3. What types of substances can water dissolve, and why?
4. Are there any limitations to what water can dissolve?
5. How does the ability of water to dissolve a wide range of substances impact our daily lives and the world around us?","Sure! Here are five questions that might pop up in my head as a human encountering the statement ""Water is a universal solvent"" for the first time:

* What makes water a universal solvent?
* What kind of substances can water dissolve?
* Why is it important for water to be a universal solvent?
* How does water compare to other solvents?
* What are some real-world applications of water's ability to dissolve a wide range of substances?","Sure! Here are five questions that might come to mind when encountering the statement ""Water is a universal solvent"" for the first time:

1. What does it mean for water to be a universal solvent?
2. Why is water able to dissolve such a wide range of substances?
3. Are there any other substances that can also act as universal solvents?
4. How does the ability of water to dissolve so many substances impact its use in various industries and applications?
5. Can the properties of water as a universal solvent be manipulated or","* What makes water a suitable solvent?
* What types of substances can water dissolve?
* How does water dissolve substances?
* Are there any limitations to water's solvency?
* What is the significance of water being a universal solvent?","1. What does it mean for water to be a universal solvent? 
2. How does water's ability to dissolve different substances make it unique compared to other liquids? 
3. Can you provide examples of substances that water can dissolve and those that it cannot? 
4. Are there any limitations to water's solubility? 
5. How does understanding water's properties as a universal solvent apply to real-world situations?","- Why is water a better solvent than other liquids?
- What types of substances can water dissolve?
- How does water dissolve these substances?
- Are there any limitations to water's ability to dissolve substances?
- What are some examples of the practical applications of water's dissolving power?","- What is a universal solvent?
- Why is water considered a universal solvent?
- What substances can water dissolve?
- How does water dissolve substances?
- Are there any limitations to water's ability to dissolve substances?","1. What is a solvent?
2. Why is water considered a universal solvent?
3. What are some examples of substances that water can dissolve?
4. Are there substances that water cannot dissolve?
5. How does the process of water dissolving substances work?"
"Imagine you are a human, this is the first time you are coming across this Chemistry Statement, you have no previous knowledge of it ""The density of ice is less than that of liquid water, allowing ice to float."", what are the top 5 questions that would pop up in your head which would be most useful in learning about it as you are new to it. Give me a simple bullet point list, don't explain them or expand them","Sure! Here are five questions that might pop up in my mind if I were encountering the Chemistry Statement ""The density of ice is less than that of liquid water, allowing ice to float"" for the first time:
 What is the definition of density? Why does the density of ice differ from that of liquid water? How does the difference in density affect the way ice and water interact with each other? Is there any other substance that exhibits this same property of floating when submerged in a different state of matter? Can I apply this concept to other situations","Sure! Here are five questions that might pop up in my head as a human encountering this chemistry statement for the first time:

* How can something solid (ice) have a lower density than a liquid (water)?
* Is this unique to water, or do other substances exhibit this property too?
* What are the implications of this phenomenon in terms of buoyancy and floating objects?
* Does this have any practical applications in engineering or technology?
* Can this property be exploited in some way to create new materials or technologies?","Sure! Here are five questions that might come to mind when encountering the statement ""The density of ice is less than that of liquid water, allowing ice to float"" for the first time:

1. Why does ice float?
2. How does the density of ice compare to other substances I know?
3. What are some real-world applications of ice floating?
4. How does the fact that ice floats affect its behavior under different conditions (e.g. temperature, pressure)?
5. Can I observe or experience ice floating in any everyday situations?","* What is density and how is it measured?
* How does the density of a substance change with temperature?
* Why does the density of water decrease when it freezes into ice?
* How can something with a lower density float on top of something with a higher density?
* Are there any other substances that behave like water in this way (i.e., having a lower density in solid form than in liquid form)?","1. What is the definition of density? 
2. How does the density of ice compare to that of liquid water? 
3. Why is ice able to float on top of liquid water? 
4. Are there any other substances that can float on top of liquids due to their lower density? 
5. Can you provide an example of how this property of ice affects our daily lives?",- Why is it important? - How many times you can perceive this to by how are you to it This suggestions it is the first time on all about this that by of as that is the,"- How is density measured in chemistry?
- Why does ice have a lower density than liquid water?
- What is the significance of ice floating?
- How does the density of a substance affect its properties?
- Are there other substances with similar density behavior as ice and water?","1. What is the exact density of ice compared to liquid water?
2. Why is the density of ice less than that of liquid water?
3. What principles of physics dictate ice's ability to float on water?
4. Does this concept apply to all solids and liquids or is it exclusive to ice and water?
5. How does temperature affect the density of water?"
"Imagine you are a human, this is the first time you are coming across this Chemistry Statement, you have no previous knowledge of it ""The energy in food is measured in calories, indicating the amount of energy provided by the food when consumed."", what are the top 5 questions that would pop up in your head which would be most useful in learning about it as you are new to it. Give me a simple bullet point list, don't explain them or expand them","Sure! Here are five questions that might pop up in my mind if I were encountering the Chemistry Statement for the first time:
 What exactly is a calorie and how do we measure it?
 How does the energy content of different types of food vary?
 Does the energy content of food affect how our bodies use it?
 Can consuming more calories than we need lead to weight gain?
 Are there any other factors that can impact the energy content of food besides calories?","Sure, here are five questions that might pop up in a human's head when encountering the statement ""The energy in food is measured in calories"" for the first time:

* What is a calorie?
* How do calories relate to the energy in food?
* Is there a standard unit of measurement for calories?
* How many calories does a person need to consume each day to maintain their weight?
* Can all foods provide the same number of calories, or are some foods more calorie-dense than others?","Sure! Here are five questions that might come to mind for someone encountering the statement ""The energy in food is measured in calories"" for the first time:

1. What is a calorie?
2. How do calories measure the energy content of food?
3. Why is measuring the energy content of food important?
4. Can I use calories to compare the energy content of different foods?
5. How many calories should I consume each day to maintain my weight or lose weight?","* What is a calorie and how is it defined in the context of food?
* How is the energy in food released and used by the body?
* Is the energy content of all foods measured in calories?
* Are there different types of calories, such as ""good"" and ""bad"" calories?
* How does the body determine how much energy to use from the food that is consumed?","1. What does ""energy"" mean in relation to food? 
2. How do we measure the energy in food? 
3. Why is it important to know how much energy is in our food? 
4. Are there any foods that provide more energy than others? 
5. Can consuming too many high-calorie foods lead to health problems?","- What exactly is a calorie?
- How does the body use calories for energy?
- What is the difference between calories and joules?
- Are all calories created equal?
- How many calories do I need to eat each day?","- What is a calorie?
- How is the energy in food measured?
- How is energy provided by food when consumed?
- Why is it important to know the energy content in food?
- How does energy in food benefit the human body?","1. What is a calorie in terms of chemistry?
2. How is energy created from food in the human body?
3. How is the amount of calories in a food item determined?
4. Does the energy provided by different types of food (protein, carbohydrates, fats) vary?
5. How do calories contribute to body weight and daily energy needs?"
"Imagine you are a human, this is the first time you are coming across this Chemistry Statement, you have no previous knowledge of it ""The reaction between vinegar and baking soda produces carbon dioxide gas, demonstrating an acid-base reaction."", what are the top 5 questions that would pop up in your head which would be most useful in learning about it as you are new to it. Give me a simple bullet point list, don't explain them or expand them","Sure! Here are five questions that might pop up in my mind as a beginner when encountering the statement ""The reaction between vinegar and baking soda produces carbon dioxide gas, demonstrating an acid-base reaction"":
 What is an acid-base reaction? What is vinegar and how does it react with baking soda? What is carbon dioxide gas and why is it produced in this reaction? How do the acid and base components of the reaction work together to produce carbon dioxide? Can I perform this experiment at home and if","Sure! Here are five questions that might pop up in my head as a human encountering the chemistry statement about vinegar and baking soda for the first time:

* What is an acid-base reaction?
* How do vinegar and baking soda react with each other to produce carbon dioxide?
* What is the role of each substance in the reaction?
* Is the reaction exothermic or endothermic?
* Can I observe the reaction in a practical way, like a demonstration or experiment?","Sure! Here are the top 5 questions that might come to mind when encountering the statement ""The reaction between vinegar and baking soda produces carbon dioxide gas, demonstrating an acid-base reaction"" for the first time:

1. What is an acid-base reaction?
2. What are vinegar and baking soda, and how do they react with each other?
3. Why does the reaction produce carbon dioxide gas?
4. How can I observe and measure the reaction between vinegar and baking soda?
5. What are some","* What is vinegar and what makes it an acid?
* What is baking soda and what makes it a base?
* What is carbon dioxide gas and what are its properties?
* How does the reaction between vinegar and baking soda produce carbon dioxide?
* What is the significance of an acid-base reaction in this context?","1. What is an acid-base reaction?
2. How does vinegar react with baking soda?
3. What happens when carbon dioxide gas is produced?
4. Can I use other acids instead of vinegar for this experiment?
5. Are there any safety precautions I should take while conducting this experiment?","- What is vinegar?
- What is baking soda?
- What is carbon dioxide gas?
- What is an acid-base reaction?
- How does the reaction demonstrate an acid-base reaction?","- What is vinegar?
- What is baking soda?
- What is carbon dioxide gas?
- What is an acid-base reaction?
- How does the reaction between vinegar and baking soda occur?","1. What is an acid-base reaction?
2. What are the properties of vinegar and baking soda that cause this reaction?
3. How is carbon dioxide gas formed in this reaction?
4. Are there other common examples of acid-base reactions?
5. Can this reaction be dangerous and what precautions should be taken?"
"Imagine you are a human, this is the first time you are coming across this Chemistry Statement, you have no previous knowledge of it ""The formation of a precipitate in a solution indicates a chemical change, often during a double displacement reaction."", what are the top 5 questions that would pop up in your head which would be most useful in learning about it as you are new to it. Give me a simple bullet point list, don't explain them or expand them","Sure! Here are five questions that might pop up in my mind as a beginner learning about the Chemistry Statement ""The formation of a precipitate in a solution indicates a chemical change, often during a double displacement reaction"":

1. What is a precipitate and how does it form?
2. What is a double displacement reaction and how does it relate to the formation of a precipitate?
3. How do I identify a chemical change has occurred when a precipitate forms?
4. Can all chemical reactions produce a precipitate?
5. What are some common examples of double displacement","Sure! Here are five questions that might be useful for a human encountering the chemistry statement about precipitates and double displacement reactions for the first time:

* What is a precipitate?
* What is a double displacement reaction?
* How do I know if a precipitate has formed in a solution?
* Can all chemical changes be detected by the formation of a precipitate?
* Are there any examples of double displacement reactions that do not result in the formation of a precipitate?","Sure! Here are five questions that might come to mind when encountering the statement ""The formation of a precipitate in a solution indicates a chemical change, often during a double displacement reaction"" for the first time:

1. What is a precipitate?
2. How does the formation of a precipitate indicate a chemical change?
3. What is a double displacement reaction?
4. Why do double displacement reactions often result in the formation of a precipitate?
5. How can I identify if a reaction involves a double displacement or another type of chemical change?","* What is a precipitate and how is it formed?
* What is a solution in the context of chemistry?
* What is a chemical change and how does it differ from other changes?
* What is a double displacement reaction?
* How can I identify a double displacement reaction and the resulting precipitate?","1. What is a precipitate?
2. How does a double displacement reaction occur?
3. Can you give an example of a double displacement reaction and its resulting precipitate?
4. Why does the formation of a precipitate indicate a chemical change?
5. Are there any other indicators of a chemical change besides the formation of a precipitate?","- What is a precipitate and how does it form?
- What is a double displacement reaction and how does it differ from other reactions?
- How can I identify a chemical change based on the formation of a precipitate?
- Are there any exceptions or limitations to this statement?
- What practical applications can I draw from this information?","- What is a precipitate? 
- How does a double displacement reaction work? 
- What are the characteristics of a chemical change? 
- Why does the formation of a precipitate indicate a chemical change?
- What are some examples of double displacement reactions in everyday life?","1. What is a precipitate in chemistry?
2. What is a solution in the context of chemistry?
3. What is a chemical change?
4. What is a double displacement reaction?
5. How can I visually identify a chemical change from the formation of a precipitate?"
"Imagine you are a human, this is the first time you are coming across this Chemistry Statement, you have no previous knowledge of it ""Natural indicators, like red cabbage juice, can determine the acidity or alkalinity of a solution based on color change."", what are the top 5 questions that would pop up in your head which would be most useful in learning about it as you are new to it. Give me a simple bullet point list, don't explain them or expand them","Sure! Here are five questions that might pop up in my mind if I were encountering the concept of using natural indicators like red cabbage juice to determine the acidity or alkalinity of a solution for the first time:
 What exactly is red cabbage juice, and how does it work as an indicator?
 How do different colors indicate different levels of acidity or alkalinity?
 Can other natural substances also serve as indicators of acidity or alkalinity?
 How accurate and reliable is this method compared to more conventional laboratory tests?","Sure! Here are five questions that might pop up in my head as a human encountering the statement about natural indicators and color change for the first time:

* What are natural indicators?
* How do they work?
* What kind of color changes can I expect to see?
* How can I use red cabbage juice as an indicator?
* Are there any other examples of natural indicators that can be used in this way?","Sure! Here are the top 5 questions that might come to mind when encountering the statement ""Natural indicators, like red cabbage juice, can determine the acidity or alkalinity of a solution based on color change"" for the first time:

1. What is an indicator?
2. How does the color change occur in red cabbage juice?
3. Why is this important in chemistry?
4. Can other natural indicators be used instead of red cabbage juice?
5. How do I use red cabbage juice to determine the acidity or al","* What are natural indicators?
* What is red cabbage juice?
* How does red cabbage juice determine acidity or alkalinity?
* What are the specific color changes associated with different levels of acidity or alkalinity?
* How accurate and reliable are natural indicators, such as red cabbage juice, for measuring pH levels?","1. What is an indicator? 
2. How does natural indicator work? 
3. What is the difference between acidic and basic solutions? 
4. Can other natural substances also act as indicators? 
5. Why is it important to know whether a solution is acidic or basic?","- What is a natural indicator?
- What is red cabbage juice specifically used to indicate?
- How does the color change of red cabbage juice indicate acidity or alkalinity?
- Are there any other substances that can act as natural indicators?
- What are the applications of using natural indicators in everyday life or in scientific research?","- What is red cabbage juice?
- How does red cabbage juice work as a natural indicator?
- What causes the color change in red cabbage juice?
- How can red cabbage juice determine acidity or alkalinity?
- Can other natural indicators be used in the same way?","1. What are natural indicators? 
2. How does red cabbage juice determine the acidity or alkalinity of a solution?
3. What color changes are associated with different levels of acidity or alkalinity?
4. Are there other types of natural indicators apart from red cabbage juice?
5. How accurate are natural indicators like red cabbage juice compared to the laboratory indicators?"
"Imagine you are a human, this is the first time you are coming across this Chemistry Statement, you have no previous knowledge of it ""Helium is used in balloons because it is lighter than air and non-flammable."", what are the top 5 questions that would pop up in your head which would be most useful in learning about it as you are new to it. Give me a simple bullet point list, don't explain them or expand them","Sure! Here are five questions that might pop up in my head as a human new to the Chemistry Statement ""Helium is used in balloons because it is lighter than air and non-flammable"":

1. What makes helium lighter than air?
2. Why is helium non-flammable?
3. How do balloons work if they're filled with helium?
4. Is there anything else that can be used instead of helium in balloons?
5. Are there any other uses for helium besides filling balloons?","Sure, here are five questions that might pop up in my head as a human encountering the statement about helium in balloons for the first time:

* What is helium and why is it lighter than air?
* Why does being non-flammable matter when using helium in balloons?
* How does helium compare to other gases in terms of lift and safety?
* Can helium be used in other applications beyond balloons?
* Is there a difference between using helium and hydrogen in balloons, and if so, what are the advantages","Sure! Here are the top 5 questions that might come to mind when encountering the statement ""Helium is used in balloons because it is lighter than air and non-flammable"" for the first time:

1. What does it mean for something to be ""lighter than air""? How does that affect its behavior?
2. Why is helium non-flammable? Is that a good thing for using in balloons?
3. How do balloons work in general? How do they stay inflated?
4. Why do balloons need to be","* What is helium and its properties that make it lighter than air?
* How does helium's weight compare to other gases used in balloons?
* Why is being non-flammable an important property for use in balloons?
* Are there any safety concerns associated with using helium in balloons?
* What are some other common uses for helium, aside from filling balloons?","1. What is Helium? 
2. Why is it lighter than air? 
3. How does its non-flammability make it suitable for use in balloons? 
4. Is there any other application of helium besides being used in balloons? 
5. Where can I find more information on the properties and uses of helium?","- What is helium?
- Why is helium lighter than air?
- How is helium obtained?
- What are the applications of helium beyond balloons?
- Are there any safety considerations when using helium?","- What is helium?
- How is helium lighter than air?
- Why is it important that helium is non-flammable?
- What are the properties of helium that make it suitable for use in balloons?
- Are there any other applications of helium besides being used in balloons?","1. What makes helium lighter than air?
2. How does the weight of helium effect a balloon's ability to float?
3. Why is it important that helium is non-flammable?
4. Are there any other gases that could be used in balloons? 
5. How is helium obtained or produced for this use?"
"Imagine you are a human, this is the first time you are coming across this Chemistry Statement, you have no previous knowledge of it """", what are the top 5 questions that would pop up in your head which would be most useful in learning about it as you are new to it. Give me a simple bullet point list, don't explain them or expand them","Sure! Here are five questions that might pop up in my mind as a human new to the concept of a ""Chemistry Statement"":
 What exactly is a Chemistry Statement? How does it differ from other scientific statements? Why is it important in chemistry? How do I read and understand one? Are there any real-world applications of Chemistry Statements?","Sure! Here are five questions that might be helpful for a human encountering the Chemistry Statement for the first time:

* What does the statement mean by ""chemical reactions""?
* How do the different elements and compounds interact with each other?
* What is the role of energy in chemical reactions?
* How do chemical reactions occur in different environments, such as in water or in the air?
* What are some examples of chemical reactions that I encounter in my everyday life?","Sure! Here are five questions that might come to mind when encountering the Chemistry Statement for the first time:

1. What is the purpose of this statement? Why is it important?
2. How does it relate to my everyday life or experiences?
3. Are there any key terms or concepts I should understand before diving deeper into this topic?
4. Can you give me some examples of how this statement has been applied in different contexts or industries?
5. How can I learn more about this topic and deepen my understanding?","* What is the definition of this chemistry concept?
* What are the key principles or theories associated with it?
* How does it relate to other areas of chemistry?
* Are there any specific examples or applications that can help illustrate this concept?
* Are there any common misconceptions or challenges when learning about this topic?","1. What is the definition and purpose of the Chemistry Statement?
2. How does the statement relate to the field of chemistry?
3. Who created the Chemistry Statement and why was it developed?
4. What are some key concepts or ideas presented in the statement?
5. How can I use the Chemistry Statement to improve my understanding of chemistry?","- What is the definition of chemistry and what does it encompass?
- What are the fundamental principles and concepts that govern chemical reactions?
- How do chemical elements and compounds interact to form different substances?
- What are the various branches of chemistry and their applications?
- How can chemistry be used to solve real-world problems and advance technological advancements?",,
