Instruction,Answer - 70b,Gemini Output,GPT Output,Mistral Output
"Imagine you are a human, this is the first time you are coming across this Maths Statement or Equation, you have no previous knowledge of it ""nan"", what are the top 5 questions that would pop up in your head which would be most useful in learning about it as you are new to it. Give me a simple bullet point list, don't explain them or expand them","Sure! Here are five questions that might be useful for learning about the math statement ""nan"":

* What does ""nan"" stand for?
* Is ""nan"" a number or a mathematical operation?
* How is ""nan"" used in a mathematical equation?
* What is the purpose of using ""nan"" in a mathematical equation?
* Are there any specific rules or conventions for using ""nan"" in mathematics?","| Metric | Score | Justification |
|---|---|---|
| Relevance | 5 | The questions are all directly relevant to the statement ""nan"". They all seek to clarify the meaning, usage, and purpose of ""nan"" in a mathematical context. |
| Coherence | 4 | The questions are logically connected and form a coherent line of inquiry. Each question builds upon the previous one, leading to a deeper understanding of ""nan"". |
| Diversity | 4 | The questions cover a range of aspects related to ""nan"", including its definition, nature, usage, and conventions. They provide a well-rounded exploration of the topic. |","Metric | Score | Justification
Relevance | 4 | The questions directly pertain to understanding the concept of ""nan"" in mathematics.
Coherence | 5 | The questions form a logical progression in exploring the definition and usage of ""nan"".
Diversity | 4 | The questions cover different aspects such as definition, usage, purpose, and rules of ""nan"". 

Metric | Score | Justification
Relevance | 3 | While most questions are directly related to ""nan"", some peripheral topics are introduced.
Coherence | 4 | The questions connect logically but could have a clearer progression.
Diversity | 3 | The questions cover a few aspects but could explore more dimensions of ""nan"".

Metric | Score | Justification
Relevance | 5 | All questions are highly relevant to understanding the concept of ""nan"" in mathematics.
Coherence | 5 | The questions form a coherent line of inquiry leading to a comprehensive understanding of ""nan"".
Diversity | 5 | The questions cover various aspects of ""nan"" from definition to application and rules.","

| Metric | Score | Justification                                                                                                                                                                                                                                                                                                                                                                                                                                                                                                                                                                                                                                                                                                                                                                                                                                                                                                                                                                                                                                                                                                                                                                                                                                                                                                                                                                                                                                                                                                                                                                                                                                                                                                                                                                                                                                                                                                                                                                "
"Imagine you are a human, this is the first time you are coming across this Maths Statement or Equation, you have no previous knowledge of it ""2 apples + 3 oranges = 7"", what are the top 5 questions that would pop up in your head which would be most useful in learning about it as you are new to it. Give me a simple bullet point list, don't explain them or expand them","Sure! Here are five questions that might pop up in my head as a human encountering the equation ""2 apples + 3 oranges = 7"" for the first time:

* What do the words ""apples"" and ""oranges"" represent in this equation?
* Are the numbers 2 and 3 significant, or are they just random values?
* What does the equal sign (=) mean in this context?
* Is there a specific mathematical operation being performed here, such as addition or multiplication?
* How can I use this equation to solve problems or answer questions in real life","| Metric | Score | Justification |
|---|---|---|
| Relevance | 4 | The questions are all directly relevant to the equation ""2 apples + 3 oranges = 7"", and they aim to clarify the meaning of the words, numbers, and symbols used in the equation. |
| Coherence | 5 | The questions form a coherent line of inquiry, starting with the most basic questions (e.g., ""What do the words 'apples' and 'oranges' represent?"") and progressing to more advanced questions (e.g., ""How can I use this equation to solve problems or answer questions in real life?""). |
| Diversity | 3 | The questions cover a range of aspects related to the equation, including the meaning of the words and numbers used, the mathematical operation being performed, and the real-world applications of the equation. However, the questions could be more diverse by exploring other concepts related to the equation, such as the distributive property or the order of operations. |","| Metric   | Score | Justification                                                                                                    |
|----------|-------|------------------------------------------------------------------------------------------------------------------|
| Relevance | 5     | All questions directly pertain to the details and concepts presented in the statement.                            |
| Coherence | 4     | Questions flow logically from defining terms to understanding operations and practical applications.               |
| Diversity | 5     | Each question offers a distinct aspect of the equation, covering representation, operations, and application.     |","

| Metric | Score | Justification |
| --- | --- | --- |
| Coherence | 4 | The questions follow a logical progression, starting with defining terms and moving towards understanding the significance of the numbers and operations used. However, the final question seems less connected to the initial exploration of the equation and more focused on practical applications. |
| Relevance | 5 | All questions are highly relevant to the given equation, aiming to clarify its components and meaning. They focus on the immediate context of the equation without delving into peripheral or advanced topics. |
| D"
"Imagine you are a human, this is the first time you are coming across this Maths Statement or Equation, you have no previous knowledge of it ""7 x 4 = 14"", what are the top 5 questions that would pop up in your head which would be most useful in learning about it as you are new to it. Give me a simple bullet point list, don't explain them or expand them","Sure! Here are five questions that might pop up in my head as a human encountering the equation ""7 x 4 = 14"" for the first time:

* What does the ""x"" mean in the equation?
* Why does 7 multiplied by 4 equal 14?
* Is this a basic multiplication equation, or is there something more complex going on?
* How can I use this equation in real-life situations?
* Can I apply this equation to other numbers or variables to get different results?","| Metric | Score | Justification |
|---|---|---|
| Relevance | 4 | The questions directly address the elements and concepts presented in the statement, focusing on the meaning of the symbols, the operation of multiplication, and the real-world applications. |
| Coherence | 4 | The questions logically connect to each other, starting with the basic understanding of the symbols and operation, then exploring the broader implications and applications. |
| Diversity | 3 | The questions cover a range of aspects related to the statement, including the definition, mathematical operation, real-world application, and potential generalization. While they offer a broad exploration, they could have included more theoretical underpinnings or advanced concepts. |","Metric         | Score | Justification
Relevance      | 5       | All questions directly address the elements and concepts in the statement ""7 x 4 = 14"" and aim to understand its meaning and application.
Coherence    | 4       | The questions progress logically from defining the symbols to exploring real-life applications, though a clearer sequence could enhance coherence.
Diversity      | 4       | The questions cover a range of aspects, from understanding symbols to practical uses, but could benefit from broader exploration of mathematical concepts.","

| Metric | Score | Justification |
|---|---|---|
| Coherence | 5 | The questions follow a logical order, starting with seeking understanding of the symbols used, then moving towards application and extension of the concept. |
| Relevance | 5 | All questions relate directly to the equation provided, exploring its meaning, usage, and potential extensions. |
| Diversity | 4 | The questions cover various dimensions of the equation, such as definition, implication, and application, but could benefit from further exploration of the underlying mathematical principles. |"
"Imagine you are a human, this is the first time you are coming across this Maths Statement or Equation, you have no previous knowledge of it ""5 / 0 = any number"", what are the top 5 questions that would pop up in your head which would be most useful in learning about it as you are new to it. Give me a simple bullet point list, don't explain them or expand them","Sure, here are five questions that might pop up in my head as a human encountering the equation ""5 / 0 = any number"" for the first time:

* What does the equation mean?
* Is it a typo or a mistake?
* How can a division problem equal any number?
* What is the context of this equation?
* Can someone explain this to me in simpler terms?","| Metric | Score | Justification |
|---|---|---|
| Relevance | 5 | All questions are directly related to the statement and explore different aspects of the equation. |
| Coherence | 4 | The questions are connected and follow a logical progression from basic understanding to exploring implications and context. |
| Diversity | 3 | While the questions cover different aspects, they mainly focus on the conceptual understanding of the equation. More diversity could include questions about the history, applications, or mathematical implications of the equation. |","| Metric    | Score | Justification                                                                                   |
|-----------|-------|-------------------------------------------------------------------------------------------------|
| Relevance | 5     | All questions directly pertain to the nature, meaning, context, and clarification of the equation. |
| Coherence | 4     | The questions form a coherent progression, but the logical order could be slightly improved.      |
| Diversity | 4     | The questions cover a range of aspects like meaning, correctness, context, and simplification.    |","

| Metric | Score | Justification |
|---|---|---|
| Relevance | 4 | The questions are mostly relevant, except for the second question, which may not always apply. |
| Coherence | 3 | The questions lack a clear order or progression, making them less coherent. |
| Diversity | 4 | The questions cover various aspects, though some could be more focused on the equation itself. |"
"Imagine you are a human, this is the first time you are coming across this Maths Statement or Equation, you have no previous knowledge of it ""x - y = watermelon"", what are the top 5 questions that would pop up in your head which would be most useful in learning about it as you are new to it. Give me a simple bullet point list, don't explain them or expand them","Sure! Here are five questions that might be useful for learning about the equation ""x - y = watermelon"" as a human who has never seen it before:

* What do the letters x and y represent?
* What does the equal sign (=) mean in this context?
* What is the meaning of the word ""watermelon"" in this equation?
* Are there any specific rules or formulas involved in solving this equation?
* How can I use this equation to solve problems or answer questions?","| Metric | Score | Justification |
|---|---|---|
| Relevance | 5 | All questions directly relate to understanding the elements and concepts of the given statement. |
| Coherence | 4 | The questions logically progress from defining variables to understanding the relation and potential applications. |
| Diversity | 4 | The questions cover various aspects, including variable representation, operator meaning, term interpretation, problem-solving techniques, and potential applications. |","| Metric   | Score | Justification                                                                                   |
|----------|-------|-----------------------------------------------------------------------------------------------|
| Relevance| 4     | All questions directly relate to the elements in the statement, focusing on clarifying the context given.|
| Coherence| 4     | The questions follow a logical progression of understanding the equation, forming a coherent line of inquiry.   |
| Diversity| 3     | While the questions cover different aspects of the equation, they could be more diverse in exploring various dimensions. |","

| Metric | Score | Justification |
|---|---|---|
| Coherence | 4 | The questions follow a logical order, starting with basic definitions and gradually moving towards application and problem-solving. |
| Relevance | 5 | All questions are directly relevant to the statement, focusing on understanding the components and usage of the equation. |
| Diversity | 4 | The questions cover various dimensions, such as symbols' meaning, equation structure, and practical application, though some may overlap. |"
"Imagine you are a human, this is the first time you are coming across this Maths Statement or Equation, you have no previous knowledge of it ""3 > 10 - 2"", what are the top 5 questions that would pop up in your head which would be most useful in learning about it as you are new to it. Give me a simple bullet point list, don't explain them or expand them","Sure! Here are five questions that might be useful for a human encountering the equation ""3 > 10 - 2"" for the first time:

* What does the greater than symbol (>) mean in this context?
* How do I evaluate the expression on the left side of the equation (10 - 2)?
* What is the value of the expression on the right side of the equation (3)?
* Is it true that 3 is greater than 10 minus 2? Why or why not?
* Can I simplify the equation or break it down into smaller parts to","| Metric | Score | Justification |
|---|---|---|
| Relevance | 5 | Each question directly addresses key concepts within the given statement: the meaning of the greater than symbol, evaluating expressions, determining values, comparing expressions, and simplifying equations. |
| Coherence | 4 | The questions follow a logical sequence, starting with the most fundamental concept (meaning of the symbol) and progressing to more complex ideas (simplifying the equation). |
| Diversity | 3 | The questions cover a range of aspects, including interpreting the symbol, evaluating expressions, determining values, and simplifying equations. However, they do not explore more advanced or theoretical topics related to greater than symbol or inequality. |","| Metric    | Score | Justification                                                                                           |
|-----------|-------|----------------------------------------------------------------------------------------------------------|
| Relevance | 5     | All questions directly pertain to understanding the given equation.                                      |
| Coherence | 4     | The questions progress logically in exploring the equation, but there could be a clearer sequence.         |
| Diversity | 4     | The questions cover various aspects of the equation, offering a range of perspectives for understanding. |","

| Metric | Score | Justification |
| --- | --- | --- |
| Coherence | 4 | The questions follow a logical order, starting with basic concepts like symbols and evaluating expressions before moving onto more complex ideas such as comparing values and simplifying equations. |
| Relevance | 5 | All questions directly relate to the equation provided, exploring its meaning, components, and implications. They focus on essential aspects of understanding the equation without deviating into tangential topics. |
| Diversity | 4 | The questions cover various dimensions of the equation, including definition,"
"Imagine you are a human, this is the first time you are coming across this Maths Statement or Equation, you have no previous knowledge of it ""The area of a square is calculated by A = s x s x s"", what are the top 5 questions that would pop up in your head which would be most useful in learning about it as you are new to it. Give me a simple bullet point list, don't explain them or expand them","Sure! Here are five questions that might be useful for learning about the equation ""A = s x s x s"" as a human with no previous knowledge:

* What does the letter ""A"" represent in the equation?
* What does the symbol ""x"" mean in the equation?
* What is the purpose of the equation, and what problem does it solve?
* How do I determine the value of ""s"" in order to calculate the area of a square?
* Can you provide an example of how to use the equation to calculate the area of a square?","| Metric | Score | Justification |
|---|---|---|
| Relevance | 5 | All questions directly relate to the specific details and concepts presented in the given statement. They aim to clarify the meaning of the symbols, the purpose of the equation, and the steps involved in using it. |
| Coherence | 5 | The questions form a logical sequence that builds upon each other. They start with basic definitions and progress to more complex concepts, providing a structured exploration of the statement. |
| Diversity | 4 | The questions cover a range of aspects related to the statement, including the meaning of symbols, the purpose of the equation, the method for determining the value of ""s"", and an example of its application. While they primarily focus on the formula itself, they also explore its practical usage. |","| Metric   | Score | Justification                                                                                         |
|----------|-------|-------------------------------------------------------------------------------------------------------|
| Relevance | 5     | All questions directly pertain to the statement and focus on understanding key elements and concepts |
| Coherence | 4     | The questions progress logically in exploring the equation, but could have a clearer thematic connection |
| Diversity | 5     | Each question brings a new perspective to understanding the equation, covering various aspects         |","

| Metric | Score | Justification                                                                                                                                                                                                                                                                                                                                                                                                                                                                                                                                                                                                                                                                                                                                                                                                                                                                                                                                                                                                                                                                                                                                                                                                                                                                                                                                                                                                                                                                                                                                                                                                                                                                                                                                                                                                                                                                                                                                                                "
"Imagine you are a human, this is the first time you are coming across this Maths Statement or Equation, you have no previous knowledge of it ""In the Pythagorean Theorem, a^2 + b^2 = c, where a and b are always the shorter sides."", what are the top 5 questions that would pop up in your head which would be most useful in learning about it as you are new to it. Give me a simple bullet point list, don't explain them or expand them","Sure! Here are five questions that might pop up in my head as a human encountering the Pythagorean Theorem for the first time:

* What does the equation mean?
* How do the variables a, b, and c relate to each other?
* Is there a specific context or scenario where this equation is used?
* Are there any real-world applications of the Pythagorean Theorem?
* Can I use this equation to solve problems or calculate values in different situations?","| Metric     | Score | Justification                                                                         |
|------------|-------|-------------------------------------------------------------------------------------------|
| Relevance  | 4     | The questions directly explore concepts presented in the statement, focusing on the relationship between variables and potential applications. |
| Coherence  | 3     | The questions are somewhat connected, with each one building slightly upon the previous one. However, they could flow more logically. |
| Diversity   | 3     | The questions cover various aspects, including meaning, relationships, context, applications, and problem-solving potential. However, they could include more theoretical underpinnings. |","| Metric    | Score | Justification                                                                                                            |
|-----------|-------|--------------------------------------------------------------------------------------------------------------------------|
| Relevance | 5     | All questions directly pertain to understanding the Pythagorean Theorem and its application.                            |
| Coherence | 4     | The questions form a logical progression in exploring the meaning, relationship of variables, applications, and usage. |
| Diversity | 4     | The questions cover various aspects such as interpretation, relation of variables, real-world applications, and utility. |","

| Metric | Score | Justification |
| --- | --- | --- |
| Coherence | 4 | The questions follow a logical progression, starting with understanding the basics and gradually moving towards practical applications. |
| Relevance | 5 | All questions are highly relevant to the Pythagorean Theorem, addressing its meaning, relationships, context, and applications. |
| Diversity | 4 | The questions cover various aspects of the theorem, though they could benefit from exploring more abstract or theoretical dimensions. |"
"Imagine you are a human, this is the first time you are coming across this Maths Statement or Equation, you have no previous knowledge of it ""y = mx + b describes a straight line only when m = 0."", what are the top 5 questions that would pop up in your head which would be most useful in learning about it as you are new to it. Give me a simple bullet point list, don't explain them or expand them","Sure! Here are five questions that might be useful for a human encountering the equation y = mx + b for the first time:

* What does the letter ""m"" represent in the equation?
* What does the letter ""b"" represent in the equation?
* What does the ""="" sign mean in the equation?
* How do I know what values to use for ""m"" and ""b""?
* Can you show me an example of how to use this equation to describe a real-world scenario?","| Metric | Score | Justification |
|---|---|---|
| Relevance | 4 | The questions directly address the elements and concepts of the equation, focusing on comprehending its components and interpretation. |
| Coherence | 5 | The questions logically progress, forming a coherent line of inquiry. Each question builds upon the previous one, guiding the learner towards a comprehensive understanding of the equation. |
| Diversity | 4 | The questions cover a range of aspects related to the equation, including the meaning of variables, interpretation of the equation, and its practical applications. |","Metric | Score | Justification
Relevance | 5 | All questions directly pertain to the elements within the statement, focusing on clarifying the variables ""m"" and ""b"" and how they relate to the equation.
Coherence | 4 | The questions form a coherent progression from understanding the role of ""m"" and ""b"" to practical application of the equation.
Diversity | 4 | The questions cover the key components of the statement, exploring definitions, usage, and examples for a comprehensive understanding.","

| Metric | Score | Justification |
| --- | --- | --- |
| Relevance | 4 | The questions are mostly relevant to the statement, except for the last question which seems too general and not directly related to the concept of a straight line. |
| Coherence | 3 | The questions seem somewhat disconnected from each other, without a clear progression or structure. They could benefit from being organized in a more logical order, such as starting with basic definitions before moving on to examples. |
| Diversity | 4 | The questions cover a range of aspects related"
"Imagine you are a human, this is the first time you are coming across this Maths Statement or Equation, you have no previous knowledge of it ""The slope of a line tells you how many times you move up for every step you move to the right."", what are the top 5 questions that would pop up in your head which would be most useful in learning about it as you are new to it. Give me a simple bullet point list, don't explain them or expand them","Sure! Here are five questions that might be useful for learning about the concept of the slope of a line:

* What does it mean to ""move up"" and ""move to the right"" when talking about a line?
* How do you measure the slope of a line?
* What is the relationship between the slope of a line and its steepness?
* Can the slope of a line be negative? If so, what does that mean?
* How does the slope of a line change when you move from one point on the line to another point?","| Metric | Score | Justification |
|---|---|---|
| Relevance | 5 | All questions directly relate to the concept of slope and its properties mentioned in the input statement. |
| Coherence | 4 | Questions form a logical sequence, starting with basic understanding and gradually delving into more specific aspects. However, the last question could be more directly connected to previous ones. |
| Diversity | 4 | Questions cover a wide range of aspects, addressing both fundamental concepts (e.g., defining ""move up"" and ""move to the right"") and more advanced topics (e.g., negative slope). |","| Metric    | Score | Justification                                                                                             |
|-----------|-------|-----------------------------------------------------------------------------------------------------------|
| Relevance | 5     | All questions directly pertain to understanding the concept of the slope of a line as introduced in the statement. |
| Coherence | 4     | The questions progress logically from understanding basic movements on a line to the measurement and implications of its slope. The progression could be clearer. |
| Diversity | 4     | The questions cover different aspects like measurement, relationship to steepness, negativity, and changes in slope, offering a varied exploration of the concept. |","

| Metric | Score | Justification                                                                                                                                                                                                                                                                                                                                                                                                                                                                                                                                                                                                                                                                                                                                                                                                                                                                                                                                                                                                                                                                                                                                                                                                                                                                                                                                                                                                                                                                                                                                                                                                                                                                                                                                                                                                                                                                                                                                                                "
"Imagine you are a human, this is the first time you are coming across this Maths Statement or Equation, you have no previous knowledge of it ""∫ e^x dx = x^e"", what are the top 5 questions that would pop up in your head which would be most useful in learning about it as you are new to it. Give me a simple bullet point list, don't explain them or expand them","Sure! Here are five questions that might be useful for learning about the equation ∫ e^x dx = x^e:

* What does the integral sign (∫) represent?
* What is the meaning of e^x and how is it related to the exponential function?
* What is the purpose of the differential dx in the integral?
* How does the equation relate the derivative of e^x to the variable x?
* Can this equation be applied to real-world problems, and if so, how?","| Metric | Score | Justification |
|---|---|---|
| Relevance | 5 | All questions are directly relevant to the statement, exploring the meaning of key elements (integral sign, e^x, dx) and the relationship between the derivative of e^x and x. |
| Coherence | 4 | The questions form a coherent line of inquiry, logically progressing from the basics (integral sign) to more complex concepts (applications). |
| Diversity | 4 | The questions cover a broad range of aspects, including the concept of integration, exponential functions, the relationship between derivatives and integrals, and potential applications. |","Metric | Score | Justification
--- | --- | ---
Relevance | 5 | All questions directly pertain to the specific details and concepts in the given statement.
Coherence | 4 | The questions form a logical progression of understanding the integral equation, but could be more tightly connected.
Diversity | 4 | The questions cover various aspects of the integral equation, including definitions, relationships, and applications. 

Overall, this set of questions effectively addresses the statement while maintaining relevance, coherence, and diversity in exploration.","

| Metric | Score | Justification                                                                                                                                                                                                                                                                                                                                                                                                                                                                                                                                                                                                                                                                                                                                                                                                                                                                                                                                                                                                                                                                                                                                                                                                                                                                                                                                                                                                                                                                                                                                                                                                                                                                                                                                                                                                                                                                                                                                                                "
"Imagine you are a human, this is the first time you are coming across this Maths Statement or Equation, you have no previous knowledge of it ""Sin(60°) + Cos(30°) ≠ 1"", what are the top 5 questions that would pop up in your head which would be most useful in learning about it as you are new to it. Give me a simple bullet point list, don't explain them or expand them","Sure! Here are five questions that might be useful for a human encountering the equation ""Sin(60°) + Cos(30°) ≠ 1"" for the first time:

* What do the symbols Sin and Cos represent?
* What are the degrees in parentheses referring to?
* Why are there two different angles in the equation?
* What does the inequality sign (≠) mean in this context?
* How can I prove or disprove this equation?","| Metric | Score | Justification |
|---|---|---|
| Relevance | 5 | All questions are directly related to the statement and address key concepts. |
| Coherence | 4 | The questions have a logical flow, starting with basic definitions and progressing to more specific inquiries. |
| Diversity | 4 | The questions cover various aspects of the statement, including the meaning of the trigonometric functions, the angles involved, the inequality, and the process of proving or disproving the equation. |","Relevance | 4 | The questions directly address the components of the given statement, seeking clarification on terms and symbols involved.
Coherence | 3 | The questions follow a logical progression in understanding the equation but could be more tightly connected to form a cohesive inquiry.
Diversity | 4 | The questions cover different aspects of the equation, from definitions to applications, providing a varied exploration of the topic.","

| Metric | Score | Justification |
|---|---|---|
| Relevance | 5 | All questions are directly relevant to the equation provided, aiming to clarify its components and meaning. |
| Coherence | 4 | The questions follow a logical order, moving from basic definitions to more complex concepts like proof and disproof. However, some connections could be stronger between questions. |
| Diversity | 5 | The questions cover various aspects of the equation, providing a comprehensive exploration of the topic, including foundational concepts and methods for verification. |"
"Imagine you are a human, this is the first time you are coming across this Maths Statement or Equation, you have no previous knowledge of it ""Eigenvalues of a matrix are always positive."", what are the top 5 questions that would pop up in your head which would be most useful in learning about it as you are new to it. Give me a simple bullet point list, don't explain them or expand them","Sure! Here are five questions that might be useful for someone who is new to the concept of eigenvalues and matrices:

* What is an eigenvalue and how is it related to a matrix?
* Why must eigenvalues be positive? Is this a fundamental property of matrices?
* How do I calculate the eigenvalues of a matrix? Are there different methods for doing so?
* Can a matrix have multiple eigenvalues? If so, how do they relate to each other?
* What are some real-world applications of eigenvalues and matrices? How are they used in science, engineering, finance, etc.?","| Metric | Score | Justification |
|---|---|---|
| **Relevance** | 5 | The questions are all directly related to the statement ""Eigenvalues of a matrix are always positive."", addressing different aspects of eigenvalues, matrices, and their properties. |
| **Coherence** | 4 | The questions flow logically, starting with a basic definition, then exploring the rationale behind the statement, methods for calculating eigenvalues, the possibility of multiple eigenvalues, and their applications. |
| **Diversity** | 4 | The questions cover a range of topics, including definitions, theoretical properties, computational methods, and real-world applications, providing a well-rounded exploration of the subject. |","| Metric   | Score | Justification                                                                                                    |
|----------|-------|------------------------------------------------------------------------------------------------------------------|
| Relevance | 5     | All questions directly pertain to eigenvalues, matrices, and their properties                                          |
| Coherence | 4     | The questions flow logically from defining eigenvalues to practical applications, though a bit more structure could be added |
| Diversity | 5     | The questions cover definitions, properties, calculations, multiplicity, and applications, offering a well-rounded exploration of the topic |","

| Metric | Score | Justification |
|---|---|---|
| Coherence | 4 | The questions follow a logical order, starting with basic concepts and gradually moving towards more complex ones like calculation methods and applications. However, the last question seems slightly disconnected from the rest, as it introduces a new topic (real-world applications). |
| Relevance | 5 | All questions are highly relevant to the original statement, focusing on understanding eigenvalues, their properties, and their significance in various fields. They directly address the core concept of the statement while avoiding unnecessary tangents. |
"
"Imagine you are a human, this is the first time you are coming across this Maths Statement or Equation, you have no previous knowledge of it ""lim (x -> infinity) (1/x) = 0"", what are the top 5 questions that would pop up in your head which would be most useful in learning about it as you are new to it. Give me a simple bullet point list, don't explain them or expand them","Sure! Here are five questions that might be useful for a human encountering the equation ""lim (x -> infinity) (1/x) = 0"" for the first time:

* What does the lim symbol mean?
* What is the meaning of the expression ""1/x""?
* Why is the limit being taken as x approaches infinity?
* How can the limit be equal to 0 if the expression is undefined for x = 0?
* Can this equation be applied to real-world scenarios or is it purely theoretical?","| Metric | Score | Justification |
|---|---|---|
| Relevance | 5 | All questions directly relate to the elements of the statement ""lim (x -> infinity) (1/x) = 0"", addressing its key concepts such as limit, infinity, undefined values, and real-world applications. |
| Coherence | 4 | The questions logically progress, building on each other to develop a comprehensive understanding of the statement. They start with basic definitions, then explore the concept of limits, and finally consider the broader implications and applications. |
| Diversity | 4 | The questions cover a diverse range of aspects, including theoretical definitions (lim symbol, 1/x expression), mathematical reasoning (limit as x approaches infinity), conceptual challenges (undefined values), and practical relevance (real-world applications). |","Metric | Score | Justification
Relevance | 5 | All questions directly relate to understanding the given statement about the limit as x approaches infinity.
Coherence | 4 | The questions flow logically from defining the symbols used to exploring the implications and applicability of the equation, but the progression could be slightly smoother.
Diversity | 4 | The questions cover definitions, reasoning behind the mathematical operation, practical applications, and the theoretical foundation of the equation. An additional question on the properties of limits could increase diversity.","

| Metric | Score | Justification |
|---|---|---|
| Relevance | 4 | The questions are mostly relevant to the equation, except for the last one which slightly deviates from the equation itself. |
| Coherence | 5 | The questions follow a logical order, starting with basic concepts and gradually moving towards more complex ideas. |
| Diversity | 4 | The questions cover various aspects of the equation, but there could be more focus on practical applications or underlying principles. |"
"Imagine you are a human, this is the first time you are coming across this Maths Statement or Equation, you have no previous knowledge of it ""Standard deviation guarantees that a certain percentage of data points will fall within a specific range from the mean."", what are the top 5 questions that would pop up in your head which would be most useful in learning about it as you are new to it. Give me a simple bullet point list, don't explain them or expand them","Sure, here are five questions that might be useful for learning about the concept of standard deviation and its relationship to the mean:

* What is the definition of standard deviation?
* How is standard deviation calculated?
* What is the difference between standard deviation and average deviation?
* How does standard deviation relate to the normal distribution?
* Can you give an example of how standard deviation is used in real-world applications?","| Metric | Score | Justification |
|---|---|---|
| Relevance | 4 | The questions are directly related to the concept of standard deviation, its calculation, and its relation to the mean, as mentioned in the given statement. |
| Coherence | 3 | The questions follow a logical progression, starting with a definition, then moving to calculation, comparison, and real-world applications. However, the questions on average deviation and normal distribution could be better connected to the main topic. |
| Diversity | 4 | The questions cover various aspects of standard deviation, including definition, calculation, comparison, theoretical underpinnings (normal distribution), and practical applications. |","| Metric    | Score | Justification                                                                                                    |
|-----------|-------|------------------------------------------------------------------------------------------------------------------|
| Relevance | 5     | All questions directly pertain to the concept of standard deviation and its relationship to the mean.           |
| Coherence | 4     | The questions form a logical progression in understanding standard deviation, with some overlap in concepts.    |
| Diversity | 4     | The questions cover various aspects of standard deviation, including definition, calculation, and applications. |","

| Metric | Score | Justification |
|---|---|---|
| Relevance | 5 | All questions are directly related to the concept of standard deviation and its relationship to the mean, providing a comprehensive overview of the topic. |
| Coherence | 4 | The questions follow a logical progression, moving from defining standard deviation to exploring its calculation, comparison with other statistical measures, application in the normal distribution, and real-world examples. However, there may be some overlap between questions, such as the distinction between standard deviation and average deviation being part of the definition. |"
"Imagine you are a human, this is the first time you are coming across this Maths Statement or Equation, you have no previous knowledge of it ""A negative times a negative equals a positive. (Negative times a negative equals a positive)"", what are the top 5 questions that would pop up in your head which would be most useful in learning about it as you are new to it. Give me a simple bullet point list, don't explain them or expand them","Sure, here are five questions that might be useful for learning about the equation ""A negative times a negative equals a positive"":

* What does it mean for two numbers to be negative?
* How can two negative numbers multiply to give a positive result?
* Are there any real-world examples where this equation holds true?
* Can this equation be applied to other mathematical operations, such as addition or division?
* Are there any exceptions or special cases where this equation does not hold true?","| Metric | Score | Justification |
|---|---|---|
| Relevance | 4 | The questions directly target the equation and its implications, exploring various aspects of its meaning and applicability. |
| Coherence | 3 | The questions are logically connected, building on each other to guide the learner from understanding negatives to applying the equation. However, the transition from question 3 to 4 could be smoother. |
| Diversity | 4 | The questions cover different dimensions, from defining negatives to real-world applications and potential exceptions. They offer a well-rounded exploration. |","```
| Metric     | Score | Justification                                                                                       |
|------------|-------|-----------------------------------------------------------------------------------------------------|
| Relevance  | 5     | All questions directly relate to the statement ""A negative times a negative equals a positive"".   |
| Coherence  | 4     | The questions progress logically from defining negative numbers to exploring real-world examples. |
| Diversity  | 4     | The questions cover understanding, application, exceptions, and real-world examples of the statement.  |
```","

| Metric | Score | Justification |
|---|---|---|
| Relevance | 4 | The questions are mostly relevant to the statement, except for the fourth question which slightly deviates from the main concept. |
| Coherence | 5 | The questions follow a logical order, starting with basic concepts and gradually moving towards more complex ideas. |
| Diversity | 4 | The questions cover various aspects of the statement, but could benefit from exploring additional dimensions such as limitations or historical context. |"
"Imagine you are a human, this is the first time you are coming across this Maths Statement or Equation, you have no previous knowledge of it ""10 divided by a fraction is always smaller than 10."", what are the top 5 questions that would pop up in your head which would be most useful in learning about it as you are new to it. Give me a simple bullet point list, don't explain them or expand them","Sure! Here are five questions that might be useful for learning about the statement ""10 divided by a fraction is always smaller than 10"":

* What does it mean to divide a number by a fraction?
* Why is 10 divided by a fraction always smaller than 10?
* Are there any exceptions to this rule?
* How can I prove this statement is true?
* Can you give me an example of how this works in real life?","| Metric | Score | Justification |
|---|---|---|
| Relevance | 4 | The questions directly address various aspects of the statement, seeking to refine understanding about the concept of dividing by a fraction, the reasoning behind the statement, and its scope. |
| Coherence | 3 | The questions follow a somewhat coherent line of inquiry, starting with the definition, then moving to the rationale, and finally exploring the broader implications of the statement. However, the connection between some questions could be strengthened for smoother progression. |
| Diversity | 4 | The questions collectively cover multiple dimensions of the statement, addressing the mathematical operation, its properties, and practical applications, providing a diverse range of perspectives for understanding. |","Relevance         4       The questions directly address the statement and aim to clarify its meaning.
Coherence        5        The questions form a logical progression of inquiry, building upon each other.
Diversity          4       The questions explore different aspects of the statement, providing a well-rounded understanding.","

| Metric | Score | Justification |
|---|---|---|
| Relevance | 4 | The questions are mostly relevant to the statement, except for the last one which seems to stray slightly from the main topic. |
| Coherence | 5 | The questions follow a logical progression, moving from basic understanding to more complex ideas like proof and application. |
| Diversity | 3 | While the questions cover several aspects of the statement, they all revolve around the same core concept of division by fractions. |"
"Imagine you are a human, this is the first time you are coming across this Maths Statement or Equation, you have no previous knowledge of it ""Rounding 3.14159 to the nearest whole number gives 4."", what are the top 5 questions that would pop up in your head which would be most useful in learning about it as you are new to it. Give me a simple bullet point list, don't explain them or expand them","Sure! Here are five questions that might pop up in my head as a human encountering the equation ""Rounding 3.14159 to the nearest whole number gives 4"" for the first time:

* What is the significance of the number 3.14159?
* Why is it being rounded to the nearest whole number?
* What does it mean to round a number to the nearest whole number?
* How do I know if the answer is correct?
* Can I apply this equation to other numbers or is it specific to 3.1415","| Metric | Score | Justification |
|---|---|---|
| Relevance | 4 | The questions are directly related to the statement and explore different aspects of rounding 3.14159 to the nearest whole number. |
| Coherence | 4 | The questions logically connect to one another, building upon each other to progress the understanding of the statement. |
| Diversity | 3 | The questions cover a range of topics, including the significance of the number, the process of rounding, and the application of the equation. However, they could explore more theoretical underpinnings of rounding or provide examples of other numbers. |","| Metric    | Score | Justification                                                                                                       |
|-----------|-------|---------------------------------------------------------------------------------------------------------------------|
| Relevance | 4     | The questions directly relate to the statement about rounding 3.14159 to the nearest whole number, seeking clarification and understanding of the concepts presented.                     |
| Coherence | 4     | The questions follow a logical progression, starting with the significance of the number, moving to the rounding process, understanding correctness, and exploring applicability.      |
| Diversity | 3     | While the questions cover various aspects like significance, rounding, validation, and generalizability, there could be more exploration into practical applications or real-world examples. |","

| Metric | Score | Justification |
| --- | --- | --- |
| Relevance | 5 | All questions are directly related to the statement, exploring its components and implications. |
| Coherence | 4 | The questions follow a logical sequence, moving from basic concepts to more complex ones, although some may be interchangeable. |
| Diversity | 4 | The questions cover various aspects of the statement, such as definitions, methods, and applicability, but could benefit from additional perspectives. |"
"Imagine you are a human, this is the first time you are coming across this Maths Statement or Equation, you have no previous knowledge of it ""7 is a perfect square because it has two factors."", what are the top 5 questions that would pop up in your head which would be most useful in learning about it as you are new to it. Give me a simple bullet point list, don't explain them or expand them","Sure! Here are five questions that might pop up in my head as a human encountering the equation ""7 is a perfect square because it has two factors"" for the first time:

* What is a perfect square?
* Why does having two factors make 7 a perfect square?
* How do I know if a number is a perfect square?
* Are there other numbers that are also perfect squares?
* Can I use this information to solve any real-world problems or puzzles?","| Metric | Score | Justification |
|---|---|---|
| Relevance | 4 | The questions are directly related to the statement and aim to clarify the concept of perfect squares and their properties. |
| Coherence | 3 | The questions form a logical sequence, starting with the basic definition and then exploring the implications and applications of the concept. |
| Diversity | 4 | The questions cover a range of aspects, including the definition of a perfect square, the role of factors, and potential applications. |","| Metric    | Score | Justification                                                                                                      |
|-----------|-------|--------------------------------------------------------------------------------------------------------------------|
| Relevance | 4     | Questions directly address the details and concepts of the statement.                                             |
| Coherence | 4     | Questions progress logically from understanding perfect squares to practical applications.                        |
| Diversity | 5     | Each question offers a different perspective on the concept, from definitions to real-world implications.         |","

| Metric | Score | Justification |
| --- | --- | --- |
| Relevance | 5 | All questions are directly related to the concept of perfect squares and the factors of numbers, demonstrating high relevance to the given statement. |
| Coherence | 4 | The questions follow a logical progression, moving from defining terms to exploring the relationship between factors and perfect squares. However, the final question may seem disconnected from the rest of the set, causing a slight dip in coherence. |
| Diversity | 5 | The questions cover various"
"Imagine you are a human, this is the first time you are coming across this Maths Statement or Equation, you have no previous knowledge of it ""The fraction with the larger numerator is always the bigger fraction."", what are the top 5 questions that would pop up in your head which would be most useful in learning about it as you are new to it. Give me a simple bullet point list, don't explain them or expand them","Sure! Here are five questions that might be useful for learning about the statement ""The fraction with the larger numerator is always the bigger fraction"":

* What is a fraction?
* What does it mean for a fraction to have a larger numerator?
* How can we compare fractions with different numerators and denominators?
* Are there any exceptions to this rule?
* Can you give an example of a situation where this statement would not hold true?","| Metric | Score | Justification |
|---|---|---|
| Relevance | 5 | All questions directly address the elements and concepts presented in the statement, focusing on understanding the meaning of fractions, comparing fractions, and identifying potential exceptions. |
| Coherence | 3 | The questions follow a logical progression, starting with basic concepts and gradually exploring more specific aspects of the statement. However, the transition between questions 4 and 5 could be smoother to maintain coherence. |
| Diversity | 4 | The questions cover a range of dimensions, including the definition of a fraction, comparing fractions, and considering potential exceptions or counterexamples. They provide a well-rounded exploration of the statement. |","Relevance       5    The questions directly address the key concepts and details of the statement regarding fractions and their comparison based on numerator size.
Coherence       4    The questions logically progress from defining fractions to exploring comparisons and exceptions, forming a coherent line of inquiry.
Diversity       4    The questions cover a range of aspects related to fractions, including definitions, comparisons, exceptions, and practical examples.","

| Metric | Score | Justification |
|---|---|---|
| Relevance | 4 | The questions are mostly relevant to the statement, except for the first question, which asks for a definition of a fraction. However, since the statement assumes familiarity with fractions, this question may not be necessary for someone already familiar with the concept. |
| Coherence | 5 | The questions follow a logical progression, starting with basic concepts and gradually building towards more complex ideas such as comparing fractions and identifying exceptions. This creates a clear path for learning about the statement. |
| D"
"Imagine you are a human, this is the first time you are coming across this Maths Statement or Equation, you have no previous knowledge of it ""The volume of a cone is calculated by V = (1/3)πr²h, where r is the radius of the base and h is the height of the cone."", what are the top 5 questions that would pop up in your head which would be most useful in learning about it as you are new to it. Give me a simple bullet point list, don't explain them or expand them","Sure! Here are five questions that might be useful for learning about the equation for the volume of a cone:

* What does the symbol π represent?
* What is the meaning of the variable r in the equation?
* How does the height of the cone (h) affect the volume?
* Can the equation be applied to cones with different shapes and sizes?
* How can I use this equation to solve real-world problems involving cones?","| | Metric | Score | Justification |
| --- | --- | --- | --- |
| Set 1 | Relevance | 5 | Questions are directly related to specific elements of the mathematical equation for the volume of a cone. |
| | Coherence | 5 | Questions follow a logical sequence, beginning with basic concepts and progressing to more advanced applications. |
| | Diversity | 4 | Questions cover a range of aspects, including the definition of terms, relationship between variables, and practical applications. |","Relevance | 4
- The questions directly pertain to the details of the statement about the volume of a cone.

Coherence | 3
- The questions follow a logical sequence but could benefit from better flow between them.

Diversity | 4
- The questions cover different aspects of the statement, including definitions, variables, applications, and implications.

(Note: Scores are on a scale of 1 to 5)","

| Metric | Score | Justification |
| --- | --- | --- |
| Coherence | 4 | The questions follow a logical order, starting with basic concepts like the meaning of symbols and variables, then moving on to more complex ideas such as the effect of height and real-world application. |
| Relevance | 5 | All questions are highly relevant to the equation provided, focusing on essential components and practical uses. |
| Diversity | 5 | The questions cover various aspects of the equation, including its components, relationships between variables, and potential applications. |"
"Imagine you are a human, this is the first time you are coming across this Maths Statement or Equation, you have no previous knowledge of it ""The quadratic formula can only be used to solve for real number solutions."", what are the top 5 questions that would pop up in your head which would be most useful in learning about it as you are new to it. Give me a simple bullet point list, don't explain them or expand them","Sure! Here are five questions that might be useful for a human encountering the statement ""The quadratic formula can only be used to solve for real number solutions"" for the first time:

* What is a quadratic formula?
* What are real number solutions?
* Why can the quadratic formula only be used to solve for real number solutions?
* Are there other methods to solve quadratics that can produce complex or imaginary solutions?
* How do I use the quadratic formula to solve a quadratic equation?","| Metric | Score | Justification |
|---|---|---|
| Relevance | 5 | All questions directly relate to the statement, seeking clarification on the quadratic formula, real number solutions, and limitations of the formula. |
| Coherence | 4 | Questions follow a logical progression, starting with basic definitions and moving towards more specific inquiries about the formula and its applications. |
| Diversity | 3 | Questions cover a range of aspects, including definition, limitations, alternative methods, and application of the formula. However, they could be further expanded to include implications or theoretical underpinnings. |","| Metric   | Score | Justification                                                                                  |
|----------|-------|-----------------------------------------------------------------------------------------------|
| Relevance | 5     | All questions directly pertain to the details and concepts presented in the statement.       |
| Coherence | 4     | The questions form a logical progression of understanding quadratic formulas and solutions.  |
| Diversity | 4     | The questions cover various aspects of quadratic formulas, real number solutions, and methods of solving. |","

| Metric | Score | Justification |
|---|---|---|
| Relevance | 4 | The questions are mostly relevant to the statement, except for the last question, which strays slightly off-topic by asking for a practical application. However, it could still be helpful for understanding the concept. |
| Coherence | 5 | The questions follow a logical order, starting with basic definitions and gradually building towards more complex ideas. They also create a coherent line of inquiry that would help a beginner understand the topic. |
| Diversity | 4 | The questions cover"
"Imagine you are a human, this is the first time you are coming across this Maths Statement or Equation, you have no previous knowledge of it ""The absolute value of any number is always positive."", what are the top 5 questions that would pop up in your head which would be most useful in learning about it as you are new to it. Give me a simple bullet point list, don't explain them or expand them","Sure! Here are five questions that might be useful for learning about the equation ""The absolute value of any number is always positive"":

* What does ""absolute value"" mean?
* How do I calculate the absolute value of a number?
* Is it true that the absolute value of any number is always positive?
* Can you give me an example of a number that has a negative absolute value?
* How does this equation relate to other math concepts I've learned?","| Metric | Score | Justification |
|---|---|---|
| Relevance | 4 | The questions are directly related to the statement and aim to clarify its meaning, calculation, exceptions, and connections to other concepts. |
| Coherence | 4 | The questions follow a logical progression, starting with understanding the concept of absolute value, moving to its calculation, then its property of always being positive, and finally exploring exceptions and connections to other concepts. |
| Diversity | 3 | The questions cover a range of aspects, including the definition, calculation, property, exceptions, and connections to other concepts, but they could be more diverse by including applications or theoretical underpinnings. |","Metric | Score | Justification
---|---|---
Relevance | 5 | All questions directly pertain to the statement about the absolute value of any number being positive.
Coherence | 4 | The questions flow logically from understanding the definition of absolute value to exploring exceptions and relationships with other math concepts.
Diversity | 5 | The questions cover a range of aspects from defining absolute value to exploring examples and connections with other math concepts.","

| Metric | Score | Justification |
| --- | --- | --- |
| Coherence | 4 | The questions follow a logical order, starting with defining the concept and moving towards more complex ideas like examples and relationships with other math concepts. However, there is some room for improvement in connecting the questions more explicitly to create a smoother flow. |
| Relevance | 5 | All questions are highly relevant to the statement, addressing key concepts such as the definition of absolute value, calculation methods, and connections to other math concepts. There is no deviation into tangential topics, making"
"Imagine you are a human, this is the first time you are coming across this Maths Statement or Equation, you have no previous knowledge of it ""In logarithms, log(a^b) = b x log(a). (Correct: log(a^b) = b log(a))"", what are the top 5 questions that would pop up in your head which would be most useful in learning about it as you are new to it. Give me a simple bullet point list, don't explain them or expand them","Sure! Here are five questions that might be useful for a human encountering the equation ""log(a^b) = b x log(a)"" for the first time:

* What do the symbols ""log"" and ""a"" represent?
* What does the expression ""a^b"" mean?
* How can we simplify the right-hand side of the equation, ""b x log(a)?
* Is there a way to prove that the equation is true?
* Are there any real-world applications of this equation?","| Metric | Score | Justification |
| --- | --- | --- |
| Relevance | 4 | The questions directly address the symbols, terms, and concepts presented in the statement, providing a solid foundation for understanding the logarithmic equation. |
| Coherence | 5 | The questions follow a logical progression, starting with fundamental concepts and gradually building towards a deeper understanding of the equation. |
| Diversity | 4 | The questions cover a range of aspects, including definitions, mathematical operations, proof, and applications. They provide a comprehensive exploration of the topic. |","Metric | Score | Justification
Relevance | 5 | All questions directly pertain to the details and concepts presented in the statement.
Coherence | 4 | The questions form a logical progression, connecting symbols, expressions, simplification, proof, and applications.
Diversity | 5 | Each question explores a different aspect such as symbols, operations, simplification, proof, and real-world applications.","

| Metric | Score | Justification |
|---|---|---|
| Relevance | 4 | The questions are mostly relevant to the statement, except for the last question which explores real-world applications, which may not be immediately relevant to understanding the equation itself. |
| Coherence | 5 | The questions follow a logical order, starting with basic definitions and moving towards more complex topics like proof and application. |
| Diversity | 4 | The questions cover various aspects of the equation, such as its components, simplification, proof, and application. However, all questions focus"
"Imagine you are a human, this is the first time you are coming across this Maths Statement or Equation, you have no previous knowledge of it ""Parallel lines will always have the same slope."", what are the top 5 questions that would pop up in your head which would be most useful in learning about it as you are new to it. Give me a simple bullet point list, don't explain them or expand them","Sure! Here are five questions that might be useful for learning about the equation ""Parallel lines will always have the same slope"":

* What does it mean for two lines to be parallel?
* What is meant by the term ""slope"" in this context?
* How can I determine the slope of a line?
* Are there any exceptions to this rule, or does it apply universally?
* Can you provide an example or visual aid to help illustrate this concept?","| Metric | Score | Justification |
|---|---|---|
| Relevance | 5 | All questions directly address concepts within the statement, aiming to clarify and explore the notion of parallel lines and slope. |
| Coherence | 4 | The questions follow a logical sequence, starting with basic definitions and progressing towards more specific aspects of parallel lines and slope. |
| Diversity | 3 | While covering key elements, the questions could benefit from exploring a broader range of perspectives, such as applications or theoretical implications of parallel lines and slope. |","| Metric    | Score | Justification                                                                                              |
|-----------|-------|------------------------------------------------------------------------------------------------------------|
| Relevance | 5     | All questions directly pertain to the statement about parallel lines having the same slope.               |
| Coherence | 4     | The questions progress logically in building understanding, although the last question could come earlier. |
| Diversity | 4     | The questions cover definitions, applications, exceptions, and visualization, offering a broad exploration. |","

| Metric | Score | Justification |
|---|---|---|
| Relevance | 5 | All questions are directly related to the statement, providing clear and concise inquiries into the definition, calculation, and application of the concept. |
| Coherence | 4 | The questions follow a logical order, moving from basic definitions to more complex considerations such as exceptions and examples. However, some connections could be made more explicit between questions. |
| Diversity | 5 | A wide range of aspects are addressed, including foundational terminology, practical calculations, and potential limitations"
"Imagine you are a human, this is the first time you are coming across this Maths Statement or Equation, you have no previous knowledge of it ""The derivative of a constant function is always zero."", what are the top 5 questions that would pop up in your head which would be most useful in learning about it as you are new to it. Give me a simple bullet point list, don't explain them or expand them","Sure! Here are five questions that might be useful for learning about the statement ""The derivative of a constant function is always zero"":

* What does it mean for a function to be constant?
* What is a derivative, and how is it related to the original function?
* Why does the derivative of a constant function equal zero?
* Are there any exceptions or special cases where the derivative of a constant function is not zero?
* How can I use this information to solve problems or understand other mathematical concepts better?","| Metric | Score | Justification |
|---|---|---|
| Relevance | 5 | All questions are directly related to the given statement, exploring the concepts of constant functions, derivatives, and their relationship. |
| Coherence | 4 | Questions form a logical progression, starting with basic concepts and gradually building towards more specific aspects. |
| Diversity | 3 | Questions cover a diverse range of aspects, including definitions, connections to derivatives, implications, exceptions, and applications. However, they could further explore theoretical underpinnings or provide examples for improved diversity. |","| Metric   | Score | Justification                                                                                                                   |
|----------|-------|---------------------------------------------------------------------------------------------------------------------------------|
| Relevance | 5     | All questions directly pertain to the concept of the derivative of a constant function, exploring its definition and implications |
| Coherence | 4     | The questions progress logically from defining a constant function to understanding its derivative and applications                |
| Diversity | 4     | The questions cover various aspects such as definitions, reasoning behind the derivative being zero, exceptions, and applications |","

| Metric | Score | Justification |
|---|---|---|
| Relevance | 5 | All questions are directly relevant to the statement, exploring its components and implications. |
| Coherence | 4 | The questions follow a logical progression, moving from basic definitions to more complex implications, though some may argue for a clearer transition between questions. |
| Diversity | 5 | The questions cover various aspects of the statement, including definitions, underlying principles, and practical applications, providing a well-rounded exploration. |"
"Imagine you are a human, this is the first time you are coming across this Maths Statement or Equation, you have no previous knowledge of it ""Double integrals can only be used to find the volume under a surface."", what are the top 5 questions that would pop up in your head which would be most useful in learning about it as you are new to it. Give me a simple bullet point list, don't explain them or expand them","Sure! Here are five questions that might be useful for learning about double integrals and their application in finding the volume under a surface:

* What is a double integral and how is it defined?
* How do I evaluate a double integral? Are there any specific techniques or methods I need to use?
* Can you show me an example of how to use a double integral to find the volume under a surface?
* What kind of surfaces can I use double integrals to find the volume under? Are there any restrictions or limitations?
* How does the concept of double integrals relate to other mathematical concepts I","| Metric | Score | Justification |
|---|---|---|
| Relevance | 5 | All five questions are directly related to the statement ""Double integrals can only be used to find the volume under a surface."" They aim to clarify the definition, evaluation, application, scope, and connections of double integrals. |
| Coherence | 4 | The questions form a logical sequence, starting with the basic definition and evaluation of double integrals, then moving on to their application in finding volume, exploring the types of surfaces they can be applied to, and finally connecting them to other mathematical concepts. |
| Diversity | 4 | The questions cover a wide range of aspects related to double integrals, including their definition, techniques for evaluation, applications, limitations, and theoretical connections. They offer a comprehensive exploration of the topic. |","Metric | Score | Justification
Relevance | 5 | All questions directly pertain to double integrals and their application in finding the volume under a surface.
Coherence | 5 | The questions progress logically from defining double integrals to exploring their evaluation and application in finding volumes.
Diversity | 5 | Each question brings a new aspect of understanding double integrals and their use in finding volumes, offering a broad exploration of the topic.
","

| Metric | Score | Justification |
| --- | --- | --- |
| Coherence | 4 | The questions follow a logical progression, starting with basic definitions and gradually moving towards more specific applications and relationships with other concepts. However, the last question seems slightly disconnected from the rest, as it asks for a comparison with other concepts without specifying which ones. |
| Relevance | 5 | All questions are highly relevant to the original statement, focusing on the definition, evaluation, and application of double integrals in finding the volume under a surface. They address the core concepts necessary"
"Imagine you are a human, this is the first time you are coming across this Maths Statement or Equation, you have no previous knowledge of it ""Gaussian elimination is a fancy way of multiplying matrices."", what are the top 5 questions that would pop up in your head which would be most useful in learning about it as you are new to it. Give me a simple bullet point list, don't explain them or expand them","Sure! Here are five questions that might be useful for learning about Gaussian elimination:

* What is a matrix?
* What is meant by ""multiplying matrices""?
* What is Gaussian elimination specifically used for?
* How does Gaussian elimination work step-by-step?
* Can Gaussian elimination be applied to any type of matrix, or are there certain restrictions or requirements?","| Metric | Score | Justification |
|---|---|---|
| Relevance | 5 | All five questions directly relate to the statement's mention of Gaussian elimination and matrix multiplication. |
| Coherence | 4 | The questions follow a logical sequence, progressing from basic definitions to specific uses and applications of Gaussian elimination. |
| Diversity | 3 | While the questions cover core aspects of Gaussian elimination, they could benefit from exploring additional dimensions, such as historical context or potential limitations. |","| Metric    | Score | Justification                                                                                                                                                            |
|-----------|-------|---------------------------------------------------------------------------------------------------------------------------------------------------------------------------|
| Relevance | 4     | The questions directly pertain to the concept of Gaussian elimination, matrices, and their multiplication, as presented in the statement.                               |
| Coherence | 5     | The questions progress logically from defining basic concepts to understanding the specific application of Gaussian elimination, forming a coherent line of inquiry.  |
| Diversity | 3     | While the questions cover a range of aspects related to Gaussian elimination, they could be more diverse by incorporating real-world examples or practical implications. |","

| Metric | Score | Justification                                                                                                                                                                                                                                                                                                                                                                                                                                                                                                                                                                                                                                                                                                                                                                                                                                                                                                                                                                                                                                                                                                                                                                                                                                                                                                                                                                                                                                                                                                                                                                                                                                                                                                                                                                                                                                                                                                                                                                "
"Imagine you are a human, this is the first time you are coming across this Maths Statement or Equation, you have no previous knowledge of it ""The derivative of a function is always continuous."", what are the top 5 questions that would pop up in your head which would be most useful in learning about it as you are new to it. Give me a simple bullet point list, don't explain them or expand them","Sure! Here are five questions that might be useful for learning about the statement ""The derivative of a function is always continuous"":

* What does it mean for a function to be continuous?
* What is a derivative, and how is it related to the original function?
* Why does the derivative of a function being continuous matter?
* Are there any exceptions or special cases where the derivative of a function is not continuous?
* How can I prove or disprove this statement, and what examples or counterexamples might be helpful in understanding it better?","| Metric | Score | Justification |
| ----------- | ----------- | ----------- |
| Relevance | 5 | All five questions directly address the concepts and elements presented in the statement, focusing on defining terms, exploring relationships, and probing implications. |
| Coherence | 5 | The questions logically connect and form a coherent line of inquiry. They begin with basic definitions, progress to understanding the relationship between derivatives and continuity, and culminate in exploring exceptions and methods for verification, fostering a structured understanding of the topic. |
| Diversity | 4 | The set of questions offers a broad exploration of the statement, covering definitions, implications, theoretical underpinnings (proof), and potential exceptions. While it adequately covers different aspects, it could benefit from including questions related to applications or practical implications for enhanced diversity. |","Metric | Score | Justification
Relevance | 5 | All questions directly address the concept of the continuity of the derivative.
Coherence | 4 | The questions flow logically from defining continuity to understanding the implications of the statement.
Diversity | 4 | The questions cover definitions, relationships, exceptions, proofs, and examples related to the statement.","

| Metric | Score | Justification |
|---|---|---|
| Relevance | 5 | All questions are directly relevant to the statement, aiming to clarify its meaning, implications, and conditions. |
| Coherence | 4 | The questions follow a logical order, moving from basic definitions to more complex considerations like proofs and counterexamples. However, some connections could be made more explicit. |
| Diversity | 5 | The questions cover various aspects of the statement, providing a well-rounded exploration of the concept, including foundational knowledge, significance,"
"Imagine you are a human, this is the first time you are coming across this Maths Statement or Equation, you have no previous knowledge of it ""Complex numbers cannot be visualized on a graph."", what are the top 5 questions that would pop up in your head which would be most useful in learning about it as you are new to it. Give me a simple bullet point list, don't explain them or expand them","Sure! Here are five questions that might be useful for learning about the statement ""Complex numbers cannot be visualized on a graph"":

* What are complex numbers?
* What does it mean to visualize something on a graph?
* Are there any exceptions to this rule?
* Can complex numbers be represented in other ways?
* How does this limitation impact the study of complex numbers and their applications?","| Metric | Score | Justification |
|---|---|---|
| Relevance | 4 | The questions directly address the statement and its implications. They explore the definition of complex numbers, the meaning of visualization on a graph, and the impact of the limitation. |
| Coherence | 3 | The questions follow a logical sequence, starting with the basics and progressing to more advanced concepts. However, the connection between the second and third questions could be stronger. |
| Diversity | 4 | The questions cover a wide range of aspects, including the definition, representation, and application of complex numbers. They also explore the theoretical implications of the limitation and potential exceptions. |","Metric | Score | Justification
Relevance | 5 | All questions directly relate to the statement about visualizing complex numbers on a graph.
Coherence | 4 | The questions flow logically and build upon each other, except for the fourth question which seems slightly separate from the others.
Diversity | 4 | The questions cover various aspects of the statement, such as definitions, visualization, exceptions, representations, and implications. 

Metric | Score | Justification
Relevance | 4 | All questions are relevant to the statement about visualizing complex numbers on a graph.
Coherence | 5 | The questions form a coherent line of inquiry that progresses logically from defining complex numbers to exploring their visualization.
Diversity | 4 | The questions offer a diverse exploration of the topic, including definitions, visualization, exceptions, representations, and implications.

Metric | Score | Justification
Relevance | 5 | Each question directly pertains to understanding why complex numbers cannot be visualized on a graph.
Coherence | 3 | The questions are relevant but could be more logically connected to form a clearer line of inquiry for a beginner.
Diversity | 4 | The questions cover different aspects of the statement, from definitions to impacts on applications, providing a broad exploration.

Metric","

| Metric | Score | Justification |
|---|---|---|
| Coherence | 4 | The questions follow a logical progression, moving from basic definitions to more advanced considerations like representations and applications. However, some connections could be made clearer between questions. |
| Relevance | 5 | All questions directly relate to the statement and seek to clarify its meaning and implications, demonstrating strong relevance. |
| Diversity | 4 | The questions cover various aspects of the topic, such as definitions, visualization, alternative representations, and applications. A slightly broader scope"
"Imagine you are a human, this is the first time you are coming across this Maths Statement or Equation, you have no previous knowledge of it ""Adding parentheses can never change the answer of a simple equation. (Ex: 1 + 2 = 3 vs (1 + 2) x 3 = 9)"", what are the top 5 questions that would pop up in your head which would be most useful in learning about it as you are new to it. Give me a simple bullet point list, don't explain them or expand them","Sure! Here are five questions that might pop up in my head as a human encountering this math statement for the first time:

* What do the parentheses represent in the equation?
* Why does adding parentheses not change the answer of a simple equation?
* Can this rule be applied to all simple equations, or are there exceptions?
* How does the order of operations affect the outcome of an equation with parentheses?
* Are there any real-world applications where this rule about parentheses comes into play?","| Metric | Score | Justification |
|---|---|---|
| Relevance | 5 | All five questions directly relate to the statement, aiming to clarify the significance of parentheses in simple equations and their impact on the answer. |
| Coherence | 4 | The questions follow a logical progression, starting with basic inquiries about the role of parentheses and moving on to more specific questions about the rule, exceptions, and applications. |
| Diversity | 3 | While the questions cover various aspects, they primarily focus on the concept of parentheses in simple equations. Expanding the scope to include more advanced applications or implications of the rule would increase diversity. |","Metric | Score | Justification
--- | --- | ---
Relevance | 5 | All questions directly pertain to the statement about adding parentheses in simple equations.
Coherence | 4 | The questions form a logical progression from defining parentheses to exploring their impact and applications.
Diversity | 4 | The questions cover a range of aspects from the symbolic representation of parentheses to practical implications in real-world scenarios.","

| Metric | Score | Justification |
|---|---|---|
| Relevance | 4 | The questions are mostly relevant to the statement, except for the last question which slightly deviates from the immediate context. |
| Coherence | 5 | The questions follow a logical sequence, moving from basic concepts to more complex ideas, allowing for a structured exploration of the topic. |
| Diversity | 4 | The questions cover various aspects related to the statement, but could benefit from exploring additional dimensions such as limitations or challenges. |"
"Imagine you are a human, this is the first time you are coming across this Maths Statement or Equation, you have no previous knowledge of it ""Decimals are always more precise than fractions."", what are the top 5 questions that would pop up in your head which would be most useful in learning about it as you are new to it. Give me a simple bullet point list, don't explain them or expand them","Sure! Here are five questions that might be useful for learning about the statement ""Decimals are always more precise than fractions"":

* What is the difference between decimals and fractions?
* How do decimals represent numbers more precisely than fractions?
* Are there any exceptions to this rule, where fractions might be more precise than decimals?
* Can you give an example of a situation where using decimals instead of fractions would be more accurate?
* Is there a specific context or application where this statement is particularly relevant or important?","| Metric | Score | Justification |
|---|---|---|
| Relevance | 5 | All questions are directly related to the statement and aim to clarify and explore the concept of decimals being more precise than fractions. |
| Coherence | 5 | The questions form a logical sequence, starting with basic definitions and gradually exploring more specific aspects and implications of the statement. |
| Diversity | 4 | The questions cover a range of aspects, including the definition of decimals and fractions, their relative precision, exceptions to the rule, practical examples, and specific contexts of relevance. |","Metric | Score | Justification
Relevance | 5 | All questions directly relate to the statement about decimals and fractions.
Coherence | 4 | The questions follow a logical progression from defining decimals and fractions to exploring exceptions and applications.
Diversity | 4 | The questions cover different aspects of the statement, including differences between decimals and fractions, precision comparisons, exceptions, examples, and contextual relevance.","

| Metric | Score | Justification |
|---|---|---|
| Relevance | 5 | All questions directly relate to the statement, aiming to clarify, expand, or explore its meaning. |
| Coherence | 4 | The questions follow a logical progression, moving from basic definitions to practical examples and contextual relevance. |
| Diversity | 5 | The questions cover various aspects of the statement, including definitions, comparisons, exceptions, examples, and applications. |"
"Imagine you are a human, this is the first time you are coming across this Maths Statement or Equation, you have no previous knowledge of it ""The answer to any math problem must be a whole number."", what are the top 5 questions that would pop up in your head which would be most useful in learning about it as you are new to it. Give me a simple bullet point list, don't explain them or expand them","Sure! Here are five questions that might be useful for learning about the statement ""The answer to any math problem must be a whole number"":

* What does it mean for an answer to be a whole number?
* Are there any exceptions to this rule, or does it apply to all math problems?
* How can I prove that the answer to a math problem is indeed a whole number?
* What are some examples of math problems where the answer is not a whole number?
* Can this statement be applied to all types of math problems, such as algebra, geometry, trigonometry, etc.?","| Metric | Score | Justification |
|---|---|---|
| Relevance | 4 | The questions directly address the statement, exploring its meaning, exceptions, proof, counter-examples, and applicability. |
| Coherence | 3 | The questions follow a logical sequence, starting with the definition of a whole number and progressing to exceptions, proof, examples, and finally, applicability. However, the connection between the fourth and fifth questions could be stronger. |
| Diversity | 4 | The questions cover a range of aspects related to the statement, including definition, exceptions, proof, examples, and types of math problems. |","| Metric   | Score | Justification                                                                                                                                     |
|----------|-------|---------------------------------------------------------------------------------------------------------------------------------------------------|
| Relevance | 5     | All questions directly pertain to the statement and aim to clarify its meaning and scope.                                                        |
| Coherence | 4     | The questions form a logical progression from defining whole numbers to exploring exceptions and applications in different math fields.         |
| Diversity | 4     | The questions cover various aspects such as definitions, exceptions, proofs, examples, and applicability across different math disciplines. |","

| Metric | Score | Justification |
|---|---|---|
| Coherence | 4 | The questions follow a logical order, starting with defining key terms and then moving towards more complex topics like proving answers and identifying exceptions. However, the last question could potentially be split into multiple questions to further explore the application of the statement in various branches of mathematics. |
| Relevance | 5 | All questions are highly relevant to the given statement, exploring its definition, limitations, proof methods, counterexamples, and applicability in different mathematical domains. |
| Diversity | "
"Imagine you are a human, this is the first time you are coming across this Maths Statement or Equation, you have no previous knowledge of it ""Percent means ""out of one hundred"" so 50% is the same as 0.5."", what are the top 5 questions that would pop up in your head which would be most useful in learning about it as you are new to it. Give me a simple bullet point list, don't explain them or expand them","Sure, here are five questions that might be useful for a human encountering the equation ""Percent means 'out of one hundred' so 50% is the same as 0.5"" for the first time:

* What does ""out of one hundred"" mean in this context?
* How does 50% compare to other percentages, like 25% or 75%?
* Is 0.5 the same as 1/2? If not, how are they different?
* Can I use this equation to convert other percentages to decimals?","| Metric | Score | Justification |
|---|---|---|
| Relevance | 5 | All questions are directly related to the statement and aim to clarify its meaning and implications. |
| Coherence | 4 | The questions form a logical progression, starting with basic definitions and gradually exploring the relationship between percentages and decimals. |
| Diversity | 3 | The questions cover a range of aspects, including the meaning of ""out of one hundred,"" comparisons between percentages, and conversions between percentages and decimals. However, they could delve deeper into the practical applications or theoretical underpinnings of percentages. |","Metric | Score | Justification
Relevance | 5 | All questions directly address the main concept of understanding percentages and their relation to numbers.
Coherence | 4 | The questions flow logically and build upon each other, but the order could be slightly improved for a more coherent progression.
Diversity | 4 | The questions cover different aspects such as comparisons between percentages, equivalence with fractions, and practical applications, offering a diverse exploration of the topic.","

| Metric | Score | Justification |
|---|---|---|
| Coherence | 4 | The questions follow a logical progression, starting with seeking clarity on the concept, then comparing it to other values, checking for equivalence, and finally exploring potential applications. |
| Relevance | 5 | All questions are directly relevant to the statement, aiming to clarify or expand upon its meaning. They focus on the core concept without deviating into tangential topics. |
| Diversity | 4 | The questions cover various aspects of the statement, including definition, comparison,"
"Imagine you are a human, this is the first time you are coming across this Maths Statement or Equation, you have no previous knowledge of it ""Order of operations doesn't matter when all the numbers are positive."", what are the top 5 questions that would pop up in your head which would be most useful in learning about it as you are new to it. Give me a simple bullet point list, don't explain them or expand them","Sure! Here are five questions that might be useful for learning about the statement ""Order of operations doesn't matter when all the numbers are positive"":

* What does ""order of operations"" mean?
* Why does it not matter when all the numbers are positive?
* Are there any exceptions to this rule?
* How can I prove this statement true or false?
* Can you provide an example or illustration to help me understand this concept better?","| Metric | Score | Justification |
|---|---|---|
| Relevance | 4 | All questions are directly relevant to the statement, aiming to clarify and explore its meaning and implications. |
| Coherence | 4 | The questions form a logical progression, building upon one another and guiding the learner's understanding from the basics to exceptions and proof. |
| Diversity | 3 | While the questions cover different aspects, they primarily focus on theoretical understanding. Including a question on practical applications could enhance diversity. |","| Metric   | Score | Justification                                                                                   |
|----------|-------|-------------------------------------------------------------------------------------------------|
| Relevance | 5     | All questions directly pertain to the statement and aim to clarify or explore its components.  |
| Coherence | 4     | The questions form a logical progression of understanding, but could have a clearer sequence.  |
| Diversity | 4     | The questions cover various aspects of the statement, but could introduce more diverse angles. |","

| Metric | Score | Justification |
|---|---|---|
| Relevance | 5 | All questions are directly related to the statement and seek to clarify its meaning, conditions, and implications. |
| Coherence | 4 | The questions follow a logical order, starting with defining key terms and gradually moving towards more complex issues like proof and examples. However, some questions could be rephrased to improve the flow of inquiry. |
| Diversity | 5 | The questions cover various aspects of the statement, such as definition, conditions, validity, and applic"
"Imagine you are a human, this is the first time you are coming across this Maths Statement or Equation, you have no previous knowledge of it ""The slope of a perpendicular line will always be the negative reciprocal of the original slope."", what are the top 5 questions that would pop up in your head which would be most useful in learning about it as you are new to it. Give me a simple bullet point list, don't explain them or expand them","Sure! Here are five questions that might be useful for learning about the equation:

* What does it mean for a line to be perpendicular to another line?
* What is the slope of a line, and how do I calculate it?
* What does it mean for the slope of a line to be the negative reciprocal of the original slope?
* How can I use this equation to find the slope of a perpendicular line?
* Can you give me an example of how to apply this equation in a real-world scenario?","| Metric | Score | Justification |
|---|---|---|
| Relevance | 4 | The questions are directly related to the statement and aim to clarify key concepts, such as perpendicularity, slope, and negative reciprocity. |
| Coherence | 4 | The questions form a logical sequence, starting with basic definitions and progressing to more complex concepts. They build on each other to create a coherent line of inquiry. |
| Diversity | 3 | The questions cover a range of aspects, including the definition of perpendicular lines, slope calculation, negative reciprocity, and practical applications. However, they could benefit from exploring additional perspectives, such as the theoretical underpinnings or limitations of the equation. |","| Metric   | Score | Justification                                                                                                         |
|----------|-------|-----------------------------------------------------------------------------------------------------------------------|
| Relevance| 4     | The questions directly pertain to the details and concepts within the statement, focusing on understanding the equation. |
| Coherence| 3     | The questions are logically connected but could benefit from a more structured progression to build understanding step by step. |
| Diversity| 4     | The questions cover various aspects of the equation, offering a broad exploration from defining terms to real-world applications. |","

| Metric | Score | Justification |
| --- | --- | --- |
| Coherence | 4 | The questions follow a logical progression, starting with basic concepts like the definition of a perpendicular line and the calculation of slope, then moving on to more complex ideas such as the negative reciprocal and practical application. However, some questions could be rephrased to better flow together. |
| Relevance | 5 | All questions are highly relevant to the statement, addressing key terms and concepts directly related to the equation. They effectively break down the statement into manageable parts"
"Imagine you are a human, this is the first time you are coming across this Maths Statement or Equation, you have no previous knowledge of it ""In a system of linear equations, if one equation is multiplied by a constant, the solution remains the same."", what are the top 5 questions that would pop up in your head which would be most useful in learning about it as you are new to it. Give me a simple bullet point list, don't explain them or expand them","Sure! Here are five questions that might be useful for learning about the statement ""In a system of linear equations, if one equation is multiplied by a constant, the solution remains the same"":

* What is a system of linear equations?
* What does it mean to multiply an equation by a constant?
* Why does the solution remain the same when one equation is multiplied by a constant?
* Are there any restrictions on the constants that can be used?
* Can this statement be applied to systems of linear equations with more than two equations?","| Metric | Score | Justification |
|---|---|---|
| Relevance | 5 | Each question directly pertains to the statement, exploring its meaning, implications, and limitations. |
| Coherence | 4 | The questions follow a logical sequence, progressing from basic concepts to more advanced implications, facilitating a structured understanding. |
| Diversity | 3 | The questions cover a range of aspects, including definitions, consequences, and applicability, but could further delve into theoretical underpinnings or real-world applications. |","Relevance, 5, The questions directly address the key components of the statement, focusing on systems of linear equations, multiplying equations by constants, and the impact on solutions.
Coherence, 4, The questions flow logically from defining terms to understanding the implications of the statement. However, the progression could be slightly improved for a more coherent inquiry.
Diversity, 5, The questions cover various aspects such as definitions, operations on equations, implications for solutions, potential restrictions, and generalizability, offering a diverse exploration of the topic.","

| Metric | Score | Justification                                                                                                                                                                                                                                                                                                                                                                                                                                                                                                                                                                                                                                                                                                                                                                                                                                                                                                                                                                                                                                                                                                                                                                                                                                                                                                                                                                                                                                                                                                                                                                                                                                                                                                                                                                                                                                                                                                                                                                "
"Imagine you are a human, this is the first time you are coming across this Maths Statement or Equation, you have no previous knowledge of it ""The domain of a linear function is always all real numbers."", what are the top 5 questions that would pop up in your head which would be most useful in learning about it as you are new to it. Give me a simple bullet point list, don't explain them or expand them","Sure! Here are five questions that might be useful for learning about the statement ""The domain of a linear function is always all real numbers"":

* What is a linear function?
* What does it mean for a function to have a domain?
* Why is the domain of a linear function always all real numbers?
* Are there any exceptions or special cases where the domain of a linear function is not all real numbers?
* How can I prove or disprove this statement?","| Metric | Score | Justification |
|---|---|---|
| Relevance | 5 | All questions are directly related to the statement and aim to clarify or explore its elements and concepts. |
| Coherence | 4 | The questions follow a logical sequence, building upon each other to provide a coherent line of inquiry. |
| Diversity | 4 | The questions cover a range of aspects, including definitions, implications, and potential exceptions to the statement. |","Relevance | 4 | The questions directly address the key components of the statement and aim to clarify its implications.
Coherence | 3 | The questions flow logically from defining a linear function to exploring its domain, but could benefit from a more structured progression.
Diversity | 4 | The questions cover different aspects of the statement, from definitions to exceptions, offering a varied exploration.

Relevance | 3 | The questions are relevant but some could be more directly tied to the statement for better clarity.
Coherence | 2 | The questions lack a clear progression and could be more logically connected to each other.
Diversity | 3 | The questions touch on different aspects of the statement, but could offer a wider range of perspectives for a more comprehensive understanding.

Relevance | 5 | The questions are highly relevant and directly address the elements of the statement for clear understanding.
Coherence | 4 | The questions flow logically in exploring the definition and implications of the statement, creating a coherent line of inquiry.
Diversity | 5 | The questions cover a broad spectrum of topics related to the statement, providing a comprehensive exploration of the concept.","

| Metric | Score | Justification |
|---|---|---|
| Coherence | 4 | The questions follow a logical progression, moving from basic definitions to more complex considerations like proofs and exceptions. However, the last two questions could potentially be combined into one to improve coherence further. |
| Relevance | 5 | All questions are highly relevant to the given statement, exploring various aspects such as defining key terms, understanding the concept of domains, and considering potential exceptions or conditions. |
| Diversity | 5 | The questions cover a wide range of aspects related"
"Imagine you are a human, this is the first time you are coming across this Maths Statement or Equation, you have no previous knowledge of it ""The probability of two events happening together is the sum of their individual probabilities."", what are the top 5 questions that would pop up in your head which would be most useful in learning about it as you are new to it. Give me a simple bullet point list, don't explain them or expand them","Sure, here are five questions that might be useful for learning about the equation:

* What do we mean by ""probability""?
* Can you give an example of two events that happen together?
* How do we calculate the individual probabilities of each event?
* What does it mean to add the individual probabilities together?
* Are there any restrictions or assumptions that apply to this equation?","| Metric | Score | Justification |
|---|---|---|
| Relevance | 5 | The questions directly address the key elements and concepts introduced in the statement, effectively probing the meaning of probability, identifying examples, and exploring the computational and conceptual aspects of summing probabilities. |
| Coherence | 4 | The questions follow a logical progression, starting with a foundational understanding of probability, then moving on to examples, calculations, and finally, exploring potential limitations or assumptions. |
| Diversity | 4 | The questions cover a broad range of aspects related to the statement, including definitions, applications, computational methods, and theoretical implications. |","Relevance | 4
Justification: The questions directly pertain to understanding the concept of the probability of two events happening together, exploring definitions, calculations, and implications.

Coherence | 4
Justification: The questions progress logically from defining probability to calculating individual probabilities and then combining them, forming a cohesive line of inquiry.

Diversity | 4
Justification: The questions cover a range of aspects related to the statement, including definitions, examples, calculations, and considerations for the equation's application.","

| Metric | Score | Justification |
|---|---|---|
| Relevance | 4 | The questions are mostly relevant to the statement, except for the last one which seems more like a general curiosity question. |
| Coherence | 5 | The questions follow a logical progression, starting with basic concepts and gradually building towards more complex ideas. |
| Diversity | 3 | While the questions cover various aspects of the statement, they all revolve around calculating probabilities, missing out on other potential angles such as real-world applications or limitations. |"
"Imagine you are a human, this is the first time you are coming across this Maths Statement or Equation, you have no previous knowledge of it ""The volume of a sphere is calculated by V = (4/3)πr³."", what are the top 5 questions that would pop up in your head which would be most useful in learning about it as you are new to it. Give me a simple bullet point list, don't explain them or expand them","Sure! Here are five questions that might be useful for a human encountering the equation V = (4/3)πr³ for the first time:

* What does the ""V"" represent in the equation?
* What is the significance of the number 4/3 in the equation?
* What is the meaning of π in the equation?
* How does the variable r relate to the volume of the sphere?
* Can I use this equation to calculate the volume of any sphere, or are there certain limitations or assumptions involved?","| Metric | Score | Justification |
|---|---|---|
| Relevance | 5 | The questions are highly relevant to the statement and directly explore its components and concepts. Each question targets a specific aspect of the equation, effectively clarifying its meaning and significance. |
| Coherence | 4 | The questions form a logical sequence, with each question building upon the previous one. They progress from basic definitions to more complex concepts, facilitating a structured exploration of the statement. |
| Diversity | 4 | The questions cover a diverse range of aspects, including the meaning of variables, the role of constants, and the applicability of the equation. They offer a well-rounded understanding of the statement. |","Relevance | 5 | The questions directly address the key components of the equation and seek clarification on each element.
Coherence | 4 | The questions progress logically from defining variables to understanding their significance in the equation, forming a coherent line of inquiry.
Diversity | 4 | Each question introduces a new aspect of the equation, covering variables, constants, implications, and applications, providing a diverse exploration of the topic.","

| Metric | Score | Justification |
| --- | --- | --- |
| Coherence | 5 | The questions follow a logical order, starting with basic concepts and gradually moving towards more complex ideas. They also build upon each other well, creating a clear line of inquiry. |
| Relevance | 5 | All questions are highly relevant to the given equation, addressing key components such as variables, coefficients, and constants. They also touch upon the equation's applicability and limitations. |
| Diversity | 5 | The questions cover various aspects of the equation, including"
"Imagine you are a human, this is the first time you are coming across this Maths Statement or Equation, you have no previous knowledge of it ""All continuous functions are differentiable."", what are the top 5 questions that would pop up in your head which would be most useful in learning about it as you are new to it. Give me a simple bullet point list, don't explain them or expand them","Sure! Here are five questions that might be useful for learning about the statement ""All continuous functions are differentiable"":

* What does it mean for a function to be continuous?
* What does it mean for a function to be differentiable?
* Are there any exceptions to this rule?
* Can you provide an example of a continuous function that is not differentiable?
* How does this statement relate to other concepts in calculus, such as the fundamental theorem of calculus?","| Metric | Score | Justification |
| ----------- | ----------- | ----------- |
| Relevance | 5 | The questions directly target the definitions of continuity and differentiability, exceptions, and the connection to other calculus concepts. They focus on clarifying the statement's content. |
| Coherence | 4 | The sequence of questions effectively progresses from understanding the concepts to exploring exceptions and broader implications. The questions logically connect, facilitating a structured inquiry. |
| Diversity | 3 | The questions cover a range of aspects, including definitions, exceptions, examples, and theoretical connections. However, they could benefit from exploring practical applications or historical context for more comprehensive coverage. |","| Metric      | Score | Justification                                                                                   |
|-------------|-------|--------------------------------------------------------------------------------------------------|
| Relevance   | 5     | All questions directly pertain to the details and concepts presented in the statement.           |
| Coherence   | 4     | The questions form a coherent line of inquiry, but the sequence could be slightly more structured.|
| Diversity   | 4     | The questions cover different aspects related to continuity, differentiability, examples, exceptions, and connections to other concepts. |","

| Metric | Score | Justification |
| --- | --- | --- |
| Coherence | 4 | The questions follow a logical progression, starting with basic definitions and gradually building towards more complex concepts like the fundamental theorem of calculus. However, some questions could be rephrased to better connect to the previous ones, improving the overall flow. |
| Relevance | 5 | All questions are highly relevant to the original statement, focusing on key concepts and potential exceptions. They effectively address the core ideas presented in the statement, providing a solid foundation for further exploration. |
|"
"Imagine you are a human, this is the first time you are coming across this Maths Statement or Equation, you have no previous knowledge of it ""Laplace transforms can only be used to solve differential equations with constant coefficients."", what are the top 5 questions that would pop up in your head which would be most useful in learning about it as you are new to it. Give me a simple bullet point list, don't explain them or expand them","Sure! Here are five questions that might be useful for someone who is new to Laplace transforms and differential equations with constant coefficients:

* What is a Laplace transform and how does it work?
* What is a differential equation and how does it relate to the Laplace transform?
* Why do Laplace transforms only work for differential equations with constant coefficients?
* How do I apply the Laplace transform to a differential equation in order to solve it?
* Can you provide an example of a differential equation with constant coefficients that can be solved using the Laplace transform?","| Metric | Score | Justification |
|---|---|---|
| Relevance | 5 | All questions directly relate to the given statement and aim to clarify various aspects of Laplace transforms and differential equations. |
| Coherence | 4 | The questions follow a logical order, from introducing basic concepts to exploring the limitations and applications of Laplace transforms. |
| Diversity | 4 | The questions cover a range of topics, including the definition, relationship with differential equations, limitations, application, and an example. |","| Metric   | Score | Justification                                                                                                                         |
|----------|-------|--------------------------------------------------------------------------------------------------------------------------------------|
| Relevance | 5     | All questions directly address the key elements of Laplace transforms and differential equations with constant coefficients.         |
| Coherence | 4     | The questions flow logically from defining Laplace transforms to applying them to differential equations with constant coefficients. |
| Diversity | 4     | Each question offers a unique perspective on understanding Laplace transforms and their relationship to differential equations.       |","

| Metric | Score | Justification |
| --- | --- | --- |
| Coherence | 4 | The questions follow a logical progression, starting with basic concepts and gradually building towards more specific applications. However, there is room for improvement in creating a stronger connection between the initial conceptual questions and the later practical ones. |
| Relevance | 5 | All questions are highly relevant to the given statement, focusing on the core concepts and practical applications of Laplace transforms and differential equations with constant coefficients. |
| Diversity | 4 | The questions cover a wide range"
"Imagine you are a human, this is the first time you are coming across this Maths Statement or Equation, you have no previous knowledge of it ""Fourier series can only represent periodic functions."", what are the top 5 questions that would pop up in your head which would be most useful in learning about it as you are new to it. Give me a simple bullet point list, don't explain them or expand them","Sure! Here are five questions that might be helpful for someone encountering the Fourier series equation for the first time:

* What is a periodic function?
* What is a Fourier series?
* How does the Fourier series represent a periodic function?
* What are the coefficients in the Fourier series and how are they calculated?
* Are there any limitations or restrictions on the use of Fourier series?","| Metric | Score | Justification |
|---|---|---|
| Relevance | 5 | All questions are directly related to understanding the concept of Fourier series and its representation of periodic functions. |
| Coherence | 4 | The questions logically progress from defining periodic functions to understanding Fourier series and its coefficients, and then exploring its limitations. The coherence could be improved by explicitly connecting the questions or by providing a brief introductory statement that guides the line of inquiry. |
| Diversity | 3 | The questions cover a range of aspects related to Fourier series, including its definition, representation, coefficients, and limitations. However, they could be more diverse by exploring additional applications or theoretical underpinnings of Fourier series. |","| Metric   | Score | Justification                                                                                                           |
|----------|-------|-------------------------------------------------------------------------------------------------------------------------|
| Relevance    | 5     | All questions directly address key concepts in the statement.                                                            |
| Coherence   | 4     | The questions progress logically from defining terms to exploring representation and limitations.                     |
| Diversity | 5     | Each question offers a new angle on understanding Fourier series and periodic functions.                               |","

| Metric | Score | Justification |
|---|---|---|
| Relevance | 5 | All questions are directly relevant to the statement, exploring various aspects of the Fourier series and its relationship to periodic functions. |
| Coherence | 4 | The questions follow a logical progression, moving from defining basic terms to exploring the mechanics of the Fourier series and potential limitations. However, some connections could be made more explicit between questions. |
| Diversity | 5 | The questions cover a wide range of aspects related to the statement, including definitions, calculations, and constraints,"
"Imagine you are a human, this is the first time you are coming across this Maths Statement or Equation, you have no previous knowledge of it ""The empty set is a subset of every set."", what are the top 5 questions that would pop up in your head which would be most useful in learning about it as you are new to it. Give me a simple bullet point list, don't explain them or expand them","Sure! Here are five questions that might be useful for learning about the statement ""The empty set is a subset of every set"":

* What is a set?
* What is an empty set?
* What does it mean for one set to be a subset of another?
* How can the empty set be a subset of every set?
* Are there any other sets that have this property?","| Metric | Score | Justification |
|---|---|---|
| Relevance | 4 | The questions directly address the key concepts in the statement: sets, empty sets, subsets, and the relationship between them. |
| Coherence | 3 | The questions form a coherent sequence, with each question building on the understanding gained from the previous one. However, the transition from question 4 to question 5 could be smoother to improve the flow of inquiry. |
| Diversity | 5 | The questions cover a range of aspects related to the statement, including definitions, properties, and implications. They provide a comprehensive exploration of the topic. |","**Set of Questions 1:**
Relevance:
- Score: 5
- Justification: All questions directly relate to the given statement about the empty set being a subset of every set.

Coherence:
- Score: 4
- Justification: The questions progress logically from defining sets to exploring the concept of a subset and how the empty set fits into this understanding.

Diversity:
- Score: 4
- Justification: The questions cover a range of fundamental concepts related to sets and subsets, exploring different aspects of the given statement.

**Final Evaluation:**
- Total Score: 13
- Overall, the set of questions is highly relevant, coherent in its progression, and diverse in exploring various aspects of the statement.","

| Metric | Score | Justification |
|---|---|---|
| Coherence | 4 | The questions follow a logical order, starting with basic concepts like sets and moving towards more specific properties related to subsets and the empty set. However, the last question could potentially be split into two separate questions to further enhance coherence. |
| Relevance | 5 | All questions are highly relevant to the original statement, addressing fundamental concepts and exploring the unique property of the empty set. They focus on essential aspects of the statement without deviating into tangential topics. |
| Divers"
"Imagine you are a human, this is the first time you are coming across this Maths Statement or Equation, you have no previous knowledge of it ""Group theory is only relevant in physics and not used in other fields like chemistry or economics."", what are the top 5 questions that would pop up in your head which would be most useful in learning about it as you are new to it. Give me a simple bullet point list, don't explain them or expand them","Sure! Here are five questions that might be useful for someone who is new to group theory and wants to learn more about it:

* What is group theory, and how does it relate to mathematics?
* How does group theory apply to physics, and what are some examples of its usage in this field?
* Are there any real-world applications of group theory outside of physics, such as in chemistry or economics?
* What are some key concepts or techniques used in group theory, and how do they relate to each other?
* Are there any resources, such as books or online tutorials, that","| **Metrics** | **Score** | **Justification** |
|---|---|---|
| **Coherence** | **4** | The questions form a logical progression, beginning with a broad definition and connection to mathematics, then narrowing down to specific applications in physics and beyond, before delving into concepts and resources. |
| **Relevance** | **5** | All questions directly pertain to the statement's claim about the relevance of group theory in various fields, exploring its applications, concepts, and potential uses outside of physics. |
| **Diversity** | **4** | The questions cover a range of aspects, including definition, applications in different fields, key concepts, and resources for further learning. They offer a multidimensional exploration of the statement. |","| Metric   | Score | Justification                                                                                                   |
|----------|-------|-----------------------------------------------------------------------------------------------------------------|
| Relevance | 5     | All questions directly address the statement regarding the relevance of group theory in various fields.       |
| Coherence | 4     | The questions progress logically from defining group theory to exploring its applications in different fields. |
| Diversity | 4     | The questions cover a range of topics from basic definitions to real-world applications and resources.        |","

| Metric | Score | Justification |
| --- | --- | --- |
| Coherence | 4 | The questions follow a logical order, starting with a general definition and then moving towards specific applications and techniques. However, the last question seems out of place, asking for resources instead of exploring the concept further. |
| Relevance | 5 | All questions are highly relevant to the initial statement, aiming to clarify and expand upon the concept of group theory, its applications, and related resources. |
| Diversity | 4 | The questions cover various aspects of group theory"
"Imagine you are a human, this is the first time you are coming across this Maths Statement or Equation, you have no previous knowledge of it ""5 + 8 = 13"", what are the top 5 questions that would pop up in your head which would be most useful in learning about it as you are new to it. Give me a simple bullet point list, don't explain them or expand them","Sure! Here are five questions that might pop up in my head as a human encountering the equation ""5 + 8 = 13"" for the first time:

* What do the numbers 5, 8, and 13 represent?
* How do the numbers relate to each other in the equation?
* Is this equation a fact or a rule that I need to memorize?
* Can I use this equation to solve problems or calculate answers?
* Are there any similar equations that I should know about or learn next?","| Metric | Score | Justification |
|---|---|---|
| Relevance | 5 | All five questions directly address key elements of the statement, focusing on understanding the numbers involved, their relationship, and the purpose and applicability of the equation. |
| Coherence | 4 | The questions form a coherent sequence: they start with a basic question about the meaning of the numbers, then explore the relationship between them, and finally ask about the broader significance and usage of the equation. |
| Diversity | 3 | The questions cover different aspects of the statement, including the representation of numbers, the operation (+), and the result (13). However, they do not explore alternative interpretations or advanced concepts related to the equation. |","| Metric    | Score | Justification                                                                                       |
|-----------|-------|------------------------------------------------------------------------------------------------------|
| Relevance | 5     | All questions directly pertain to the elements and concepts presented in the equation.                 |
| Coherence | 4     | The questions form a coherent line of inquiry, progressing from understanding the basics to applications. |
| Diversity | 4     | The questions cover various aspects such as representation, relation of numbers, application, and further learning. |","

| Metric | Score | Justification |
|---|---|---|
| Relevance | 4 | The questions are mostly relevant to the equation provided, except for the last question which slightly deviates from the immediate context. |
| Coherence | 5 | The questions follow a logical progression, moving from basic understanding to application and further learning. |
| Diversity | 4 | The questions cover various aspects such as definition, relationship, memorization, application, and related concepts, providing a good balance. |"
"Imagine you are a human, this is the first time you are coming across this Maths Statement or Equation, you have no previous knowledge of it ""12 ÷ 3 x 2 = 8"", what are the top 5 questions that would pop up in your head which would be most useful in learning about it as you are new to it. Give me a simple bullet point list, don't explain them or expand them","Sure! Here are five questions that might pop up in my head as a human encountering the equation ""12 ÷ 3 x 2 = 8"" for the first time:

* What does the ÷ symbol mean?
* Why is there a multiplication symbol (x) in the middle of the equation?
* What is the purpose of the parentheses around the 3 and 2?
* How do I solve for the missing number in the equation?
* Is there a pattern or rule behind this equation that I can apply to other equations?","| Metric | Score | Justification |
|---|---|---|
| Relevance | 4 | The questions are directly related to the equation and its specific components, aiming to clarify its elements and structure. |
| Coherence | 3 | The questions follow a logical order, starting with basic concepts like the meaning of symbols and gradually progressing towards understanding the overall equation structure. |
| Diversity | 3 | The questions cover a range of aspects, including the interpretation of operators, the function of grouping symbols, and the search for underlying patterns or rules. |","| Metric    | Score | Justification                                                                                           |
|-----------|-------|---------------------------------------------------------------------------------------------------------|
| Relevance | 5     | All questions directly address elements of the equation and seek to clarify its components.             |
| Coherence | 4     | The questions form a coherent line of inquiry, but the connection between the third and fourth could be clearer. |
| Diversity | 5     | The questions cover definitions, symbols, solving process, and generalizability of the equation.       |","

| Metric | Score | Justification |
| --- | --- | --- |
| Coherence | 4 | The questions follow a logical order, starting with basic concepts and gradually moving towards more complex ones. However, some questions could be rephrased to better connect to the overall flow. |
| Relevance | 5 | All questions are directly relevant to the equation provided, aiming to clarify its components and the process of solving it. |
| Diversity | 4 | The questions cover various aspects of the equation, such as symbols, grouping, and problem-"
"Imagine you are a human, this is the first time you are coming across this Maths Statement or Equation, you have no previous knowledge of it ""| -7 | = -7"", what are the top 5 questions that would pop up in your head which would be most useful in learning about it as you are new to it. Give me a simple bullet point list, don't explain them or expand them","Sure! Here are five questions that might pop up in my head as a human encountering the equation `| -7 | = -7` for the first time:

* What does the vertical bar `|` represent in this equation?
* Why is there a negative sign (-) followed by a number?
* Is the equals sign (=) indicating that the two sides of the equation are equal in value, or is it indicating something else?
* What is the significance of the number 7 in this equation?
* Can I simplify or rewrite this equation in any way to better understand its meaning?","| Metric      | Score | Justification |
|--------------|------|--------------|
| Relevance   | 5     | All questions directly target the equation, exploring its various elements. |
| Coherence   | 4     | Questions logically flow into each other, guiding a structured inquiry from basic concepts to deeper understanding. |
| Diversity    | 4     | Questions cover diverse aspects: symbol meaning, number properties, equality nature, number significance, and equation manipulation. |","Metric | Score | Justification
--- | --- | ---
Relevance | 5 | All questions directly pertain to the details and elements presented in the statement.
Coherence | 4 | The questions progress logically from understanding symbols to the significance of the number 7.
Diversity | 4 | The questions cover a range of aspects related to the equation, exploring symbols and meaning.","

| Metric   | Score | Justification                                                                                           |
|----------|-------|---------------------------------------------------------------------------------------------------|
| Coherence| 4     | The questions follow a logical order, starting with basic notation understanding and moving towards more complex concepts like simplifying the equation. |
| Relevance| 5     | All questions are highly relevant to the statement, addressing fundamental components such as symbols, signs, and values. |
| Diversity| 4     | The questions cover various aspects of the equation, though some may overlap in terms of exploring the same"
"Imagine you are a human, this is the first time you are coming across this Maths Statement or Equation, you have no previous knowledge of it ""x + 3 = 7; x = 4"", what are the top 5 questions that would pop up in your head which would be most useful in learning about it as you are new to it. Give me a simple bullet point list, don't explain them or expand them","Sure! Here are five questions that might pop up in my head as a human encountering the equation ""x + 3 = 7; x = 4"" for the first time:

* What does the ""x"" represent in the equation?
* What does the ""+"" sign mean in this context?
* Why is the equation saying that x equals 4?
* How do we know that x plus 3 equals 7?
* Can we solve for x in other ways besides equating it to 4?","| Metric | Score | Justification |
| ----------- | -----------: | ----------- |
| Relevance | 4 | The questions are all directly related to the equation ""x + 3 = 7; x = 4"". They seek to understand the meaning of the equation, the variable x, and the operations involved. |
| Coherence | 4 | The questions form a logical progression, starting with the most basic question about the meaning of x and moving on to more complex questions about the equation and its solution. |
| Diversity | 5 | The questions cover a range of aspects of the equation, including the variable, the operations, and the solution. They also explore different ways to approach the equation and its solution. |","Relevance | 4 | The questions directly address the components and operations within the given equation, focusing on understanding the variables and their relationships.
Coherence | 4 | The questions form a logical progression from defining the variables to solving the equation, offering a structured approach for a beginner to comprehend the statement.
Diversity | 3 | While the questions cover the fundamental aspects of the equation, they could benefit from exploring alternative methods or implications of the solution for a more comprehensive exploration.","

| Metric | Score | Justification                                                                                                                                                                                                                                                                                                                                                                                                                                                                                                                                                                                                                                                                                                                                                                                                                                                                                                                                                                                                                                                                                                                                                                                                                                                                                                                                                                                                                                                                                                                                                                                                                                                                                                                                                                                                                                                                                                                                                                "
"Imagine you are a human, this is the first time you are coming across this Maths Statement or Equation, you have no previous knowledge of it ""2^3 = 2 x 3"", what are the top 5 questions that would pop up in your head which would be most useful in learning about it as you are new to it. Give me a simple bullet point list, don't explain them or expand them","Sure! Here are five questions that might pop up in my head as a human encountering the equation ""2^3 = 2 x 3"" for the first time:

* What does the caret symbol (^) represent in math?
* Is the equation saying that 2 cubed is equal to 2 times 3?
* How do I solve for the value of 2^3?
* Is there a difference between 2^3 and 2 x 3?
* Can I use this equation to solve real-world problems, or is it purely theoretical?","| Metric | Score | Justification |
|---|---|---|
| Relevance | 5 | The questions are highly relevant to the statement and explore key concepts related to exponentiation and multiplication. |
| Coherence | 4 | The questions form a coherent and logical progression, building on each other to deepen understanding. However, the last question slightly deviates from the immediate context and could be replaced with one more directly related to the statement. |
| Diversity | 5 | The questions cover diverse aspects of the statement, including the meaning of the caret symbol, the operation of exponentiation, comparison with multiplication, and potential applications. |","| Metric    | Score | Justification                                                                                   |
|-----------|-------|-------------------------------------------------------------------------------------------------|
| Relevance | 4     | The questions directly pertain to the details of the statement and seek clarification on them.  |
| Coherence | 3     | The questions flow logically but could be more sequentially organized for better coherence.   |
| Diversity | 4     | The questions cover various aspects of understanding the equation, offering a broad exploration. |","

| Metric | Score | Justification                                                                                                                                                                                                                                                                                                                                                                                                                                                                                                                                                                                                                                                                                                                                                                                                                                                                                                                                                                                                                                                                                                                                                                                                                                                                                                                                                                                                                                                                                                                                                                                                                                                                                                                                                                                                                                                                                                                                                                "
"Imagine you are a human, this is the first time you are coming across this Maths Statement or Equation, you have no previous knowledge of it ""The area of a circle is calculated by A = πr"", what are the top 5 questions that would pop up in your head which would be most useful in learning about it as you are new to it. Give me a simple bullet point list, don't explain them or expand them","Sure! Here are five questions that might pop up in my head as a human encountering the equation A = πr for the first time:

* What is π and why is it important in calculating the area of a circle?
* What does the variable r represent in the equation?
* How do I calculate the area of a circle using this equation?
* Are there any real-world applications of this equation that I should know about?
* Can I use this equation to calculate the area of other shapes, or is it specific to circles?","| Metric | Score | Justification |
|---|---|---|
| Relevance | 5 | All questions directly relate to understanding the equation A = πr and its components. |
| Coherence | 4 | The questions progress logically from understanding the concept of π to applying the equation and exploring its broader implications. |
| Diversity | 4 | The questions cover a range of aspects, including the definition of π, the role of r, practical applications, and potential extensions. |","| Metric    | Score | Justification                                                                                           |
|-----------|-------|----------------------------------------------------------------------------------------------------------|
| Relevance | 5     | All questions directly pertain to the details and concepts presented in the statement about the circle.  |
| Coherence | 4     | The questions form a logical progression in understanding the equation and its applications.            |
| Diversity | 5     | The questions cover various aspects like the significance of π, calculating the area, and real-world applications. |","

| Metric | Score | Justification |
| --- | --- | --- |
| Coherence | 4 | The questions follow a logical order, starting with understanding the components of the equation and gradually moving towards practical applications. However, some questions could be more closely related to the initial concept. |
| Relevance | 5 | All questions relate directly to the equation and its application, providing a comprehensive overview of the concept. |
| Diversity | 4 | The questions cover various aspects of the equation, such as definition, calculation, and application. However, they mostly revolve around"
"Imagine you are a human, this is the first time you are coming across this Maths Statement or Equation, you have no previous knowledge of it ""In the quadratic formula, x = (-b ± √(b^2 - 4ac)) / 2a, the discriminant (b^2-4ac) can never be negative."", what are the top 5 questions that would pop up in your head which would be most useful in learning about it as you are new to it. Give me a simple bullet point list, don't explain them or expand them","Sure! Here are five questions that might be useful for a human encountering the quadratic formula for the first time:

* What does the quadratic formula represent?
* What do the letters a, b, and c represent in the formula?
* What does the ± symbol mean in the formula?
* How do you calculate the discriminant (b^2 - 4ac)?
* Why can the discriminant never be negative?","| Metric | Score | Justification |
|---|---|---|
| Relevance | 5 | All questions directly relate to the specific details and concepts presented in the given statement. |
| Coherence | 4 | The questions form a logical line of inquiry, progressing from general understanding to specific details and implications. |
| Diversity | 4 | The questions cover a range of aspects, including the definition, variables, mathematical operation, calculation, and properties of the discriminant. |","Relevance    5    The questions directly address the components and concepts within the quadratic formula.
Coherence    4    The questions flow logically from defining the formula to exploring its components and implications.
Diversity    4    The questions cover various aspects of the quadratic formula, from representation to calculation and restrictions.","

| Metric | Score | Justification |
|---|---|---|
| Relevance | 5 | All questions are directly relevant to the quadratic formula and its components, providing a comprehensive introduction to the topic. |
| Coherence | 5 | The questions follow a logical order, starting with basic concepts and gradually building towards more complex ideas, allowing for a structured exploration of the topic. |
| Diversity | 5 | The questions cover various aspects of the quadratic formula, including its representation, components, calculations, and properties, offering a well-rounded introduction to the topic."
"Imagine you are a human, this is the first time you are coming across this Maths Statement or Equation, you have no previous knowledge of it ""y = mx + b describes a circle when m = 1."", what are the top 5 questions that would pop up in your head which would be most useful in learning about it as you are new to it. Give me a simple bullet point list, don't explain them or expand them","Sure! Here are five questions that might be useful for a human encountering the equation y = mx + b describes a circle when m = 1 for the first time:

* What does the letter ""m"" represent in the equation?
* What does the letter ""b"" represent in the equation?
* What does the equal sign (=) mean in the equation?
* How do I know if the equation describes a circle or not?
* Can I use this equation to find the center of the circle?","| Metric | Score | Justification |
|---|---|---|
| Relevance | 5 | All questions directly pertain to the statement and focus on elements within the equation. |
| Coherence | 4 | The sequence of questions logically progresses from understanding the individual elements (""m"" and ""b"") to interpreting the equation (equal sign) and applying it (circle identification). The last question is slightly tangential but still related to the equation's implications. |
| Diversity | 3 | The questions cover various aspects, including variable definitions, equation interpretation, and practical application. However, it could benefit from exploring the theoretical basis of the equation (e.g., why m=1 is associated with circles). |","| Metric   | Score | Justification                                                                                                                      |
|----------|-------|--------------------------------------------------------------------------------------------------------------------------------------|
| Relevance| 4     | The questions directly address the components and implications of the given statement related to the equation y = mx + b in the context of describing a circle with m = 1.     |
| Coherence| 3     | The questions progress logically from understanding the variables ""m"" and ""b"" to the equation's implication on describing a circle. One question on the center of the circle could be better connected earlier in the sequence.  | 
| Diversity| 3     | The questions cover the basic components of the equation and its interpretation concerning circles, but could benefit from exploring more diverse aspects such as radius, circumference, or graphical representation for a broader understanding.       |","

| Metric | Score | Justification |
| --- | --- | --- |
| Relevance | 4 | The questions are mostly relevant, except for the second question, which may not always apply to equations describing circles. |
| Coherence | 5 | The questions follow a logical order, starting with basic concepts and moving towards more complex ideas. |
| Diversity | 3 | The questions cover some aspects of the equation, but there is room for exploring other dimensions such as the radius or the graphical representation. |"
"Imagine you are a human, this is the first time you are coming across this Maths Statement or Equation, you have no previous knowledge of it ""d/dx (e^x) = x^e"", what are the top 5 questions that would pop up in your head which would be most useful in learning about it as you are new to it. Give me a simple bullet point list, don't explain them or expand them","Sure! Here are five questions that might be useful for learning about the equation d/dx (e^x) = x^e:

* What does the notation d/dx mean?
* What is the definition of e^x?
* What does it mean for a function to be equal to x^e?
* How can we solve for x in terms of e^x?
* Can we provide an example or visual representation of this equation?","| Metric | Score | Justification |
|---|---|---|
| Relevance | 5 | All questions directly target key concepts and elements within the statement, exploring fundamental aspects necessary for understanding the equation. |
| Coherence | 4 | The questions are logically connected, forming a coherent sequence that progresses from defining the derivative notation to understanding the exponential function and its relationship with x^e. |
| Diversity | 3 | The questions cover a range of perspectives, including definitions, mathematical operations, and potential visualizations. However, expanding the scope to include implications or applications could enhance diversity. |","Relevance       5    The questions directly address key components of the given statement, focusing on understanding the equation and its terms.
Coherence        4    The questions flow logically, starting with basic definitions and building towards solving and visualizing the equation.
Diversity        4    Each question explores a different aspect of the statement, offering a varied perspective on understanding it.","

| Metric | Score | Justification |
|---|---|---|
| Coherence | 4 | The questions follow a logical order, starting with foundational concepts like the meaning of d/dx and the definition of e^x before moving onto more complex ideas such as solving for x and providing examples. However, the last question could potentially be split into two separate questions to further improve the coherence. |
| Relevance | 5 | All questions are highly relevant to the original statement, focusing on key components of the equation and its potential solutions. They avoid tangential topics and instead focus on"
"Imagine you are a human, this is the first time you are coming across this Maths Statement or Equation, you have no previous knowledge of it ""The y-intercept of a line is always the point where the line crosses the x-axis."", what are the top 5 questions that would pop up in your head which would be most useful in learning about it as you are new to it. Give me a simple bullet point list, don't explain them or expand them","Sure! Here are five questions that might be useful for learning about the concept of the y-intercept of a line:

* What is a line?
* What is the x-axis?
* What is the y-axis?
* How do I find the y-intercept of a line?
* Can you give me an example of a line and its y-intercept?","| Metric | Score | Justification |
|---|---|---|
| Relevance | 5 | All five questions directly relate to understanding the concept of the y-intercept of a line. |
| Coherence | 5 | The questions logically build upon each other, starting with basic definitions and then progressing to more specific aspects of the y-intercept. |
| Diversity | 5 | The questions cover a range of aspects related to the y-intercept, including its definition, location, and how to find it. |","| Metric   | Score | Justification                                                                                                   |
|----------|-------|-----------------------------------------------------------------------------------------------------------------|
| Relevance | 5     | All questions directly pertain to the elements and concepts introduced in the statement.                        |
| Coherence | 4     | The questions progress logically from defining basic terms to exploring how to find the y-intercept of a line. |
| Diversity | 4     | The questions cover a range of aspects related to understanding the concept, providing a good introductory overview. |","

| Metric | Score | Justification |
| --- | --- | --- |
| Coherence | 4 | The questions follow a logical progression, starting with basic concepts and gradually building towards more specific aspects of the statement. However, the first two questions could potentially be combined into one to improve coherence further. |
| Relevance | 5 | All questions are highly relevant to the statement, addressing fundamental concepts related to the y-intercept and providing clear opportunities for deeper understanding. |
| Diversity | 5 | The questions cover a wide range of aspects related to the"
"Imagine you are a human, this is the first time you are coming across this Maths Statement or Equation, you have no previous knowledge of it ""Cos(45°) x Sin(45°) = 1/√2"", what are the top 5 questions that would pop up in your head which would be most useful in learning about it as you are new to it. Give me a simple bullet point list, don't explain them or expand them","Sure! Here are five questions that might be useful for a human encountering the equation ""Cos(45°) x Sin(45°) = 1/√2"" for the first time:

* What does the notation ""Cos(45°)"" mean?
* What does the notation ""Sin(45°)"" mean?
* What is the meaning of the multiplication symbol (""x"") in this equation?
* What is the significance of the equal sign (=) in this equation?
* How can I verify that the equation is true, and what might be some","| Metric | Score | Justification |
|---|---|---|
| Relevance | 4 | The questions directly address the elements of the equation, focusing on understanding its components and the significance of the equal sign. |
| Coherence | 3 | The questions have a logical flow, building upon each other to provide a structured exploration of the equation. However, the last question slightly deviates from the immediate context. |
| Diversity | 3 | The questions cover different aspects of the equation, including the meaning of cosine and sine, the multiplication, and the verification of the equation. However, they do not expand into broader implications or applications. |","| Metric   | Score | Justification                                                                                                    |
|----------|-------|------------------------------------------------------------------------------------------------------------------|
| Relevance | 5     | All questions directly pertain to elements in the statement, focusing on clarifying notation and verification.    |
| Coherence | 4     | The questions follow a logical progression from defining terms to verification, but could be more structured.       |
| Diversity | 4     | The questions cover definitions, symbols' meanings, verification, but could explore applications or real-world examples.   |","

| Metric | Score | Justification |
| --- | --- | --- |
| Coherence | 5 | The questions follow a logical order, starting with defining key terms before moving onto the relationship between those terms. |
| Relevance | 5 | All questions are directly relevant to the equation provided, aiming to clarify its components and relationships. |
| Diversity | 4 | The questions cover various aspects of the equation, though there may be room for more diverse angles such as real-world applications. |"
"Imagine you are a human, this is the first time you are coming across this Maths Statement or Equation, you have no previous knowledge of it ""The eigenvalues of a matrix determine the volume of the space it spans."", what are the top 5 questions that would pop up in your head which would be most useful in learning about it as you are new to it. Give me a simple bullet point list, don't explain them or expand them","Sure! Here are five questions that might be useful for learning about the equation ""The eigenvalues of a matrix determine the volume of the space it spans"":

* What is an eigenvalue?
* What is a matrix?
* How do eigenvalues determine the volume of a space?
* Can you give an example of how this equation works?
* Are there any real-world applications of this equation?","| Metric | Score | Justification |
|---|---|---|
| Relevance | 4 | The questions directly pertain to the statement by addressing eigenvalues, matrices, the relationship between eigenvalues and volume, real-world applications, and an illustrative example. |
| Coherence | 3 | The questions form a logical sequence for a beginner, starting with fundamental concepts and progressing to more complex aspects of the statement. However, the order of the first two questions could be improved for better coherence. |
| Diversity | 4 | The questions cover a range of aspects related to the statement, including definitions, mechanics, applications, and examples, providing a diverse exploration of the topic. |","Relevance | Score: 5
Justification: Each question directly pertains to the elements and concepts presented in the statement, focusing on clarifying and understanding the equation.

Coherence | Score: 4
Justification: The questions flow logically and build upon each other, except for the last question, which could be rearranged for better coherence.

Diversity | Score: 4
Justification: The questions cover different aspects of the statement, including definitions, applications, and examples, providing a broad exploration of the topic.

(Note: You can structure your response in a similar format for the other LLM outputs)","

| Metric | Score | Justification |
| --- | --- | --- |
| Coherence | 4 | The questions follow a logical progression, starting with basic concepts and building towards more complex ideas like examples and applications. |
| Relevance | 5 | All questions are directly relevant to the statement, exploring various aspects of the equation without straying into tangential topics. |
| Diversity | 4 | The questions cover a range of aspects related to the statement, including definitions, theoretical underpinnings, and practical applications. However, some additional perspectives could further en"
"Imagine you are a human, this is the first time you are coming across this Maths Statement or Equation, you have no previous knowledge of it ""lim (x -> 0) (1/x^2) = 0"", what are the top 5 questions that would pop up in your head which would be most useful in learning about it as you are new to it. Give me a simple bullet point list, don't explain them or expand them","Sure! Here are five questions that might be useful for a human encountering the equation ""lim (x -> 0) (1/x^2) = 0"" for the first time:

* What does the lim symbol mean?
* What is the meaning of the expression inside the lim symbol?
* Why is the limit being taken as x approaches 0?
* How can we evaluate the limit to find its value?
* Is there any significance to the fact that the limit equals 0?","| Metric | Score | Justification |
|---|---|---|
| Relevance | 5 | All questions directly relate to the elements and concepts presented in the given statement. |
| Coherence | 4 | The questions follow a logical sequence that progresses a beginner's understanding of the topic. The first three questions establish foundational understanding, while the last two explore the significance and implications of the limit. |
| Diversity | 3 | The questions cover a range of aspects related to the statement, including the meaning of the limit notation, the expression inside the limit, the reason for taking the limit as x approaches 0, the method of evaluation, and the significance of the limit value. While the questions cover diverse aspects, they could delve deeper into theoretical underpinnings or applications to enhance diversity. |","Relevance | 5 | The questions directly pertain to the elements and concepts presented in the statement, focusing on understanding the limit expression as x approaches 0.
Coherence | 4 | The questions form a coherent line of inquiry progressing from understanding the symbols used to evaluating the limit expression.
Diversity | 4 | The questions cover a range of aspects including the meaning of symbols, the process of evaluating the limit, and the significance of the result.","

| Metric | Score | Justification |
|---|---|---|
| Relevance | 5 | All questions are directly related to the equation and its components, providing a clear pathway for understanding. |
| Coherence | 4 | The questions follow a logical order, moving from basic concepts to more complex considerations, though some connections could be strengthened. |
| Diversity | 5 | A wide range of aspects are addressed, including definition, process, and interpretation, offering a comprehensive exploration of the equation. |"
"Imagine you are a human, this is the first time you are coming across this Maths Statement or Equation, you have no previous knowledge of it ""The central limit theorem guarantees that the sample mean will always be equal to the population mean."", what are the top 5 questions that would pop up in your head which would be most useful in learning about it as you are new to it. Give me a simple bullet point list, don't explain them or expand them","Sure, here are five questions that might be useful for learning about the central limit theorem:

* What is a sample mean?
* What is a population mean?
* What does it mean for the sample mean to be equal to the population mean?
* What is the central limit theorem trying to say about the relationship between the sample mean and the population mean?
* Are there any conditions or assumptions that need to be met for the central limit theorem to hold true?","| Metric | Score | Justification |
|---|---|---|
| Coherence | 5 | The questions are logically connected and form a coherent line of inquiry, starting with the basic concepts and gradually leading to a more nuanced understanding of the central limit theorem. |
| Relevance | 5 | All questions pertain directly to the elements and concepts presented in the statement and are essential for understanding the central limit theorem. |
| Diversity | 4 | The questions cover a range of aspects of the central limit theorem, including its meaning, assumptions, and implications. However, they do not fully explore its applications or theoretical underpinnings. |","Metric | Score | Justification
Relevance | 5 | All questions directly pertain to the central limit theorem and its components.
Coherence | 4 | The questions follow a logical progression in understanding the concept but could be slightly more interconnected.
Diversity | 5 | Each question explores a different aspect of the central limit theorem, providing a well-rounded understanding.","

| Metric | Score | Justification |
|---|---|---|
| Coherence | 4 | The questions follow a logical order, starting with basic definitions and gradually moving towards more complex concepts like conditions and assumptions. However, some questions could be rephrased to better flow together. |
| Relevance | 5 | All questions are highly relevant to the central limit theorem, addressing key components such as sample mean, population mean, and the relationship between them. They also touch upon important considerations like conditions and assumptions. |
| Diversity | 4 | The questions cover various aspects"
"Imagine you are a human, this is the first time you are coming across this Maths Statement or Equation, you have no previous knowledge of it ""7 - 2 = 9"", what are the top 5 questions that would pop up in your head which would be most useful in learning about it as you are new to it. Give me a simple bullet point list, don't explain them or expand them","Sure! Here are five questions that might pop up in my head as a human encountering the equation ""7 - 2 = 9"" for the first time:

* What does the minus sign (-) mean in this equation?
* Is the equation saying that 7 minus 2 is equal to 9?
* How can 7 minus 2 possibly equal 9?
* What kind of math is this using?
* Can someone show me how to solve this equation step by step?","| Metric | Score | Justification |
|---|---|---|
| Relevance | 4 | The questions directly address the unknown elements and concepts within the equation ""7 - 2 = 9,"" aiming to clarify its meaning and mathematical operations. |
| Coherence | 3 | The questions are logically connected, starting with basic inquiries about the equation's components and progressing to a request for a step-by-step solution. However, the transition between questions 4 and 5 could be smoother. |
| Diversity | 3 | The questions cover a range of aspects related to the equation, including the meaning of the minus sign, the validity of the equation, the method of solving it, and the type of mathematics used. While they provide a broad exploration, further diversity could include questions related to the historical context or theoretical foundation of the equation. |","Metric | Score | Justification
Relevance | 4 | The questions directly address the elements in the statement and seek to clarify understanding of the equation.
Coherence | 3 | The progression of questions is clear, but the connection between them could be made more explicit to enhance coherence.
Diversity | 4 | The questions cover different aspects of the equation, from basic definitions to step-by-step solving, offering a diverse exploration of the topic.","

| Metric | Score | Justification |
|---|---|---|
| Coherence | 4 | The questions follow a logical flow, starting with seeking the meaning of symbols, then questioning the equality, and finally asking for a solution. However, the last question seems slightly out of order since it could be replaced with more foundational questions. |
| Relevance | 5 | All questions are highly relevant to the statement, aiming to understand the meaning of the equation and its components. They focus on the core issue of the incorrect equation. |
| Diversity | 3 | Although the"
"Imagine you are a human, this is the first time you are coming across this Maths Statement or Equation, you have no previous knowledge of it ""3 x 4 = 16"", what are the top 5 questions that would pop up in your head which would be most useful in learning about it as you are new to it. Give me a simple bullet point list, don't explain them or expand them","Sure! Here are five questions that might pop up in my head as a human encountering the equation ""3 x 4 = 16"" for the first time:

* What does the ""x"" mean in the equation?
* Why do the numbers 3 and 4 have a special relationship that makes their product equal to 16?
* Is there a pattern or rule that applies to this equation, and if so, what is it?
* How can I use this equation to solve problems or answer questions?
* Are there any similar equations that I should know about or learn more about","| Metric | Score | Justification |
|---|---|---|
| Coherence | 4 | The questions progress logically from the basics of the equation to more complex concepts, providing a structured exploration of the topic. |
| Relevance | 4 | Each question directly pertains to the elements of the equation, exploring its meaning, the relationship between the numbers, and its potential applications. |
| Diversity | 4 | The questions cover a range of aspects of the equation, including its components, underlying principles, and potential uses, offering a well-rounded exploration. |","Relevance    4     The questions directly pertain to the elements of the statement and aim to understand the relationship between the numbers and the multiplication operation.       
Coherence    3     The questions follow a logical progression in exploring the equation, but there could be clearer connections between them to form a more coherent line of inquiry.      
Diversity    3     The questions cover various aspects of understanding the equation, including meaning, relationship between numbers, patterns, application, and related equations, but could explore more diverse angles or contexts for a broader understanding.      ","

| Metric | Score | Justification |
| --- | --- | --- |
| Coherence | 5 | The questions follow a logical progression, starting with basic definitions and moving towards practical applications. |
| Relevance | 5 | All questions relate directly to the statement, exploring its meaning, implications, and potential uses. |
| Diversity | 4 | The questions cover various aspects of the equation, though they primarily focus on understanding its components and usage. |"
"Imagine you are a human, this is the first time you are coming across this Maths Statement or Equation, you have no previous knowledge of it ""A fraction with a larger denominator is always bigger than a fraction with a smaller denominator."", what are the top 5 questions that would pop up in your head which would be most useful in learning about it as you are new to it. Give me a simple bullet point list, don't explain them or expand them","Sure! Here are five questions that might be useful for learning about the statement ""A fraction with a larger denominator is always bigger than a fraction with a smaller denominator"":

* What does it mean for a fraction to have a larger or smaller denominator?
* Can you give an example of two fractions where one has a larger denominator than the other?
* How can we compare fractions with different numerators and denominators?
* Is there a way to convert fractions with different denominators to equivalent fractions with the same denominator?
* Are there any exceptions or special cases where a","| Metric | Score | Justification |
|---|---|---|
| Relevance | 5 | All questions directly pertain to the statement, exploring its implications and related concepts. |
| Coherence | 4 | The questions form a logical sequence, building on each other to deepen understanding. |
| Diversity | 3 | The questions cover various aspects of the statement, including definitions, comparisons, and implications. However, they could include more diverse perspectives or applications. |","Coherence | 4 | The questions progress logically from understanding the concept of denominator size to comparison of fractions and conversion to equivalent fractions.
Relevance | 5 | All questions directly relate to the statement about fractions with larger denominators being bigger.
Diversity | 4 | The questions cover aspects like definition, comparison, conversion, and exceptions, providing a good range of exploration.","

| Metric | Score | Justification |
| --- | --- | --- |
| Coherence | 4 | The questions follow a logical progression, starting with basic terminology and gradually moving towards more complex concepts like comparing fractions and converting them. |
| Relevance | 5 | All questions are highly relevant to the statement, focusing on essential aspects such as defining terms, providing examples, and exploring comparison methods. |
| Diversity | 4 | The questions cover various dimensions of the statement, including definitions, examples, comparisons, and conversions. However, they could"
"Imagine you are a human, this is the first time you are coming across this Maths Statement or Equation, you have no previous knowledge of it ""3 is a prime number because it has exactly two factors"", what are the top 5 questions that would pop up in your head which would be most useful in learning about it as you are new to it. Give me a simple bullet point list, don't explain them or expand them","Sure! Here are five questions that might be useful for learning about the statement ""3 is a prime number because it has exactly two factors"":

* What is a prime number?
* What does it mean to have exactly two factors?
* How do I know if a number has exactly two factors?
* Are there any other numbers that have exactly two factors?
* Can I use this information to determine whether other numbers are prime or not?","| Metric | Score | Justification |
|---|---|---|
| Relevance | 5 | All five questions are directly related to the statement, seeking to clarify the definition of prime numbers and the concept of having exactly two factors. |
| Coherence | 5 | The questions follow a logical progression, starting with the definition of a prime number, then exploring the meaning of having exactly two factors, and finally asking about the broader application of this knowledge. |
| Diversity | 4 | The questions cover a range of aspects, including definition, criteria for prime numbers, and application in determining the primality of other numbers. While they could delve deeper into theoretical underpinnings or implications, they provide a solid foundation for understanding the statement. |","Relevance | 5 | The questions directly pertain to the specific details and concepts presented in the statement, focusing on understanding prime numbers and their factors.
Coherence | 4 | The questions form a coherent line of inquiry, progressing logically from defining prime numbers to determining their factors and potential applications.
Diversity | 4 | The questions cover a range of aspects related to prime numbers and factors, offering different perspectives on understanding the statement and its implications.","

| Metric | Score | Justification |
|---|---|---|
| Coherence | 4 | The questions follow a logical progression, starting with defining basic terms and gradually building towards more complex ideas. However, some questions could be rephrased to better flow from one to the next. |
| Relevance | 5 | All questions are highly relevant to the original statement, focusing on understanding the definition and properties of prime numbers. |
| Diversity | 4 | The questions cover various aspects of the concept, such as definitions, identification methods, and potential applications. However,"
"Imagine you are a human, this is the first time you are coming across this Maths Statement or Equation, you have no previous knowledge of it ""Rounding 2.89 to the nearest tenth gives 3"", what are the top 5 questions that would pop up in your head which would be most useful in learning about it as you are new to it. Give me a simple bullet point list, don't explain them or expand them","Sure! Here are five questions that might be useful for learning about the statement ""Rounding 2.89 to the nearest tenth gives 3"":

* What does it mean to round a number?
* How do you round a number to the nearest tenth?
* Why does rounding 2.89 to the nearest tenth give 3?
* Is this a general rule or just a one-time thing?
* Can I apply this rule to other numbers, or is it specific to 2.89?","| Metric | Score | Justification |
|---|---|---|
| Relevance | 4 | The questions directly address the concepts of rounding, tenths, and the specific number 2.89, effectively clarifying the statement's content. |
| Coherence | 4 | The questions logically progress from defining rounding to applying it to tenths and then specifically to 2.89. The sequence facilitates a structured exploration of rounding. |
| Diversity | 3 | While the questions cover key aspects like rounding definition and application, they mainly focus on the specific example of 2.89. Expanding to include general rules and applicability to other numbers would enhance diversity. |","Metric | Score | Justification
Relevance | 5 | All questions directly pertain to rounding 2.89 to the nearest tenth, clarifying the process and reason behind the result.
Coherence | 4 | The questions form a logical progression from understanding rounding to questioning the specific case of 2.89, although the transition from general rule to specific example could be smoother.
Diversity | 4 | The questions cover definitions, application, and generalizability of the rounding concept, offering a broad exploration of the topic.

(Note: Scores are from 1 to 5, with 1 being low and 5 being high in terms of meeting the evaluation criteria)","

| Metric | Score | Justification |
|---|---|---|
| Coherence | 4 | The questions follow a logical progression, starting with basic concepts like rounding and moving towards more specific aspects of the statement. However, there could be better connections between some questions to improve the overall flow. |
| Relevance | 5 | All questions are highly relevant to the statement, addressing various aspects such as the process of rounding, the role of tenths, and the application of the rule. They effectively explore the concept without straying into unrelated territory. |
| Divers"
"Imagine you are a human, this is the first time you are coming across this Maths Statement or Equation, you have no previous knowledge of it ""The volume of a sphere is calculated by V = (4/3)πr³"", what are the top 5 questions that would pop up in your head which would be most useful in learning about it as you are new to it. Give me a simple bullet point list, don't explain them or expand them","Sure! Here are five questions that might be useful for a human encountering the equation V = (4/3)πr³ for the first time:

* What does the ""V"" represent in the equation?
* What is the significance of the number 4/3 in the equation?
* What is the meaning of π in the equation?
* How does the variable r relate to the volume of the sphere?
* Can I use this equation to calculate the volume of any sphere, or are there certain limitations or assumptions involved?","| Metric | Score | Justification |
|---|---|---|
| Relevance | 5 | The questions are directly related to the given statement and aim to clarify specific elements within the equation. Each question targets a key concept or component of the formula. |
| Coherence | 4 | The questions follow a logical progression, starting with the basic elements of the equation and gradually moving towards more complex concepts. The sequence of questions provides a structured approach to understanding the formula. |
| Diversity | 4 | The questions cover a range of aspects, including the meaning of each variable, the significance of the numerical coefficients, and the applicability of the equation. They collectively provide a comprehensive exploration of the formula. |","| Metric    | Score | Justification                                                                                                    |
|-----------|-------|------------------------------------------------------------------------------------------------------------------|
| Relevance | 5     | All questions directly pertain to the details and concepts presented in the statement.                             |
| Coherence | 4     | The questions form a logical progression of inquiry, but the last question could be more seamlessly connected.     |
| Diversity | 4     | Each question covers a different aspect of understanding the equation, offering a diverse exploration of the topic. |","

| Metric | Score | Justification |
| --- | --- | --- |
| Relevance | 5 | All questions are directly relevant to the equation provided, aiming to clarify its components and usage. |
| Coherence | 4 | The questions follow a logical order, moving from basic definitions to more complex considerations like limitations and assumptions. |
| Diversity | 5 | The questions cover various aspects of the equation, including its parts, underlying concepts, and practical application. |"
"Imagine you are a human, this is the first time you are coming across this Maths Statement or Equation, you have no previous knowledge of it ""The quadratic formula can only be used to solve for quadratic equations with two real number solutions."", what are the top 5 questions that would pop up in your head which would be most useful in learning about it as you are new to it. Give me a simple bullet point list, don't explain them or expand them","Sure! Here are five questions that might be useful for a human encountering the quadratic formula for the first time:

* What is a quadratic equation?
* What are real number solutions?
* How does the quadratic formula work?
* Are there any restrictions on the variables in the equation?
* Can the quadratic formula be used to solve all types of equations?","| Metric | Score | Justification |
|---|---|---|
| Relevance | 5 | All questions directly target the key concepts and elements introduced in the statement, focusing on the specific constraints of the quadratic formula for equations with two real number solutions. |
| Coherence | 5 | The sequence of questions follows a logical progression, starting with the foundational definition of quadratic equations, moving to the concept of real number solutions, and then delving into the workings of the formula. Each question builds on the previous one, creating a coherent line of inquiry. |
| Diversity | 4 | The questions cover a wide range of aspects related to the statement, including the definition of quadratic equations, the nature of real number solutions, the mechanics of the quadratic formula, its limitations, and its applicability to different types of equations. While all questions are relevant to the statement, a slightly broader exploration of potential applications or theoretical underpinnings could further enhance diversity. |","| Metric    | Score | Justification                                                                                         |
|-----------|-------|-------------------------------------------------------------------------------------------------------|
| Relevance | 5     | All questions directly pertain to the statement about the quadratic formula and its limitations.    |
| Coherence | 4     | The questions progress logically from defining a quadratic equation to the restrictions on its use. |
| Diversity | 4     | The questions cover definitions, operation of the formula, restrictions, and applicability.         |","

| Metric | Score | Justification |
|---|---|---|
| Relevance | 4 | The questions are mostly relevant to the statement, except for the second question, which could benefit from specifying that we are looking for real number solutions to quadratic equations. |
| Coherence | 5 | The questions follow a logical order, starting with basic concepts and gradually moving towards more specific aspects of the statement. |
| Diversity | 4 | The questions cover various dimensions related to the statement, but could benefit from exploring the practical applications of the quadratic formula. |"
"Imagine you are a human, this is the first time you are coming across this Maths Statement or Equation, you have no previous knowledge of it ""The absolute value of a difference is always equal to the difference of the absolute values."", what are the top 5 questions that would pop up in your head which would be most useful in learning about it as you are new to it. Give me a simple bullet point list, don't explain them or expand them","Sure! Here are five questions that might be useful for learning about the equation ""The absolute value of a difference is always equal to the difference of the absolute values"":

* What does ""absolute value"" mean in this context?
* What is the difference between two numbers?
* How do I calculate the absolute value of a number?
* Can you give an example of how this equation works?
* Is there a way to prove that this equation is always true?","| Metric | Score | Justification |
|---|---|---|
| Relevance | 5 | All questions directly relate to the key concepts and ideas presented in the statement, aiming to clarify the meaning of ""absolute value,"" the concept of difference, and the calculation and proof of the equation. |
| Coherence | 4 | The questions follow a logical progression, starting with the definition of ""absolute value"" (Q1), moving on to the concept of difference (Q2), and then exploring the calculation (Q3), example (Q4), and proof (Q5) of the equation. |
| Diversity | 4 | The questions cover a range of aspects related to the statement, including the definition of absolute value, the concept of difference, the computation of absolute values, the application of the equation with an example, and the theoretical underpinning by asking for a proof. |","Relevance | 5 | The questions directly address the key concepts and components of the given statement. Each question seeks to clarify an aspect of the equation in a straightforward manner.
Coherence | 4 | The questions flow logically from defining absolute value to exploring how it applies in the given equation. The sequence could be improved slightly for a more structured progression.
Diversity | 4 | The questions cover different aspects of understanding the statement, from definitions to examples and potential proofs. However, additional variations in questioning could add more depth to the exploration.","

| Metric | Score | Justification |
|---|---|---|
| Coherence | 4 | The questions follow a logical progression, starting with basic concepts like the meaning of ""absolute value"" and the definition of a difference, then moving towards examples and proofs. However, the last question may seem slightly disconnected from the rest, as it jumps from understanding to proving the equation. |
| Relevance | 5 | All questions are highly relevant to the equation, aiming to clarify its components and underlying principles. They focus on the immediate context, such as defining terms and"
"Imagine you are a human, this is the first time you are coming across this Maths Statement or Equation, you have no previous knowledge of it ""In logarithms, log(a x b) = log(a) + log(b) (Correct: log(a x b) = log(a) + log(b), only for bases of the same number)"", what are the top 5 questions that would pop up in your head which would be most useful in learning about it as you are new to it. Give me a simple bullet point list, don't explain them or expand them","Sure! Here are five questions that might be useful for learning about the equation ""log(a x b) = log(a) + log(b)"" as a human with no previous knowledge of it:

* What does the logarithm function do?
* Why does the equation work only for bases of the same number?
* How can I use this equation to simplify complex logarithmic expressions?
* Are there any real-world applications of this equation?
* Can I apply this equation to other mathematical operations, such as exponentiation or multiplication?","| Metric | Score | Justification |
|---|---|---|
| Relevance | 4 | The questions are directly related to the statement, focusing on the equation and its properties. |
| Coherence | 3 | The questions follow a logical sequence, starting from the definition and purpose of the logarithmic function to its limitations and applications. |
| Diversity | 4 | The questions cover a range of aspects, including the definition, limitations, applications, and generalizability of the equation. |","---

Relevance | 4
- The questions directly pertain to the details and elements presented in the statement, focusing on the purpose of the logarithm function and the specifics of the equation.

Coherence | 5
- The questions progress logically from understanding the function of logarithms to exploring why the equation works for specific bases and how it can be practically applied, forming a coherent line of inquiry.

Diversity | 4
- The questions cover a range of aspects related to the statement, including theoretical understanding, practical applications, and potential extensions to other mathematical operations.

---","

| Metric | Score | Justification |
|---|---|---|
| Coherence | 4 | The questions follow a logical progression, starting with basic concepts like the definition of a logarithm and gradually moving towards more advanced topics like real-world applications and extensions to other mathematical operations. However, some connections between questions could be strengthened to create a more seamless flow. |
| Relevance | 5 | All questions are highly relevant to the given statement, focusing on essential aspects of the equation and its potential uses. They avoid tangential topics and maintain a clear focus on the core concept"
"Imagine you are a human, this is the first time you are coming across this Maths Statement or Equation, you have no previous knowledge of it ""Parallel lines can intersect at a single point."", what are the top 5 questions that would pop up in your head which would be most useful in learning about it as you are new to it. Give me a simple bullet point list, don't explain them or expand them","Sure, here are five questions that might pop up in my head as a human encountering the statement ""Parallel lines can intersect at a single point"" for the first time:

* What does it mean for lines to be parallel?
* How can lines that are parallel to each other intersect at a single point?
* Is this statement talking about all parallel lines, or just some specific ones?
* Are there any conditions or restrictions on the intersection point?
* Can this statement be proven or disproven through mathematical reasoning or examples?","| Metric | Score | Justification |
|---|---|---|
| Relevance | 5 | All questions directly address aspects of the statement, seeking to clarify its meaning, conditions, and implications. |
| Coherence | 4 | The questions follow a logical progression, starting with basic definitions and moving towards more nuanced inquiries. |
| Diversity | 3 | The questions cover multiple dimensions of the statement, including definitions, conditions, existence, and proof. However, they could explore additional aspects, such as applications or counterexamples. |","Relevance | 4 | The questions directly address the concept of parallel lines intersecting at a single point and inquire about the specifics and implications of this scenario.
Coherence | 4 | The questions flow logically from basic definitions to exploring conditions and possibilities related to the statement.
Diversity | 4 | The questions cover various aspects of the statement, including definitions, conditions, reasoning, and examples, offering a well-rounded exploration of the topic.","

| Metric | Score | Justification |
|---|---|---|
| Relevance | 4 | The questions are mostly relevant to the statement, except for the second question which seems to contradict the statement itself. |
| Coherence | 3 | The questions do not seem to follow a logical order or build upon each other. They appear to be standalone questions without a clear progression. |
| Diversity | 4 | The questions cover various aspects of the statement, such as definitions, conditions, and proofs. However, they could benefit from more diverse perspectives. |"
"Imagine you are a human, this is the first time you are coming across this Maths Statement or Equation, you have no previous knowledge of it ""The derivative of a constant function is undefined."", what are the top 5 questions that would pop up in your head which would be most useful in learning about it as you are new to it. Give me a simple bullet point list, don't explain them or expand them","Sure! Here are five questions that might be useful for a human encountering the statement ""The derivative of a constant function is undefined"" for the first time:

* What does it mean for a function to be constant?
* What is a derivative, and why is it important in math?
* Why can't the derivative of a constant function be defined?
* Are there any exceptions or special cases where the derivative of a constant function can be defined?
* How does this concept relate to other areas of math, such as calculus or analysis?","| Metric | Score | Justification |
|---|---|---|
| Relevance | 4 | The questions directly pertain to the elements and concepts presented in the statement, focusing on the immediate context. |
| Coherence | 4 | The sequence of questions follows a logical progression, starting with basic concepts and gradually moving towards more specific and advanced topics. |
| Diversity | 4 | The questions cover a range of aspects related to the statement, including definitions, implications, and applications. |","| Metric    | Score | Justification                                                                                                                                  |
|-----------|-------|------------------------------------------------------------------------------------------------------------------------------------------------|
| Relevance  | 5     | All questions directly address the statement about the derivative of a constant function.                                                      |
| Coherence | 4     | The questions flow logically in exploring the definition of a constant function, derivative, reason for undefined derivative, exceptions, and broader mathematical connections. |
| Diversity  | 4     | The questions cover various aspects including definitions, reasons for undefined derivative, exceptions, and broader implications in mathematics. |","

| Metric | Score | Justification |
| --- | --- | --- |
| Coherence | 4 | The questions follow a logical progression, starting with basic concepts like constants and derivatives before moving onto more specific issues related to the statement. However, the final question could potentially stray from the main topic, depending on the individual's background knowledge. |
| Relevance | 5 | All questions are highly relevant to the original statement, focusing on clarifying key terms and exploring the reasons behind the undefined nature of the derivative of a constant function. |
| Diversity |"
"Imagine you are a human, this is the first time you are coming across this Maths Statement or Equation, you have no previous knowledge of it ""Double integrals can only be used in rectangular coordinate systems."", what are the top 5 questions that would pop up in your head which would be most useful in learning about it as you are new to it. Give me a simple bullet point list, don't explain them or expand them","Sure! Here are five questions that might be useful for learning about double integrals and their relationship to rectangular coordinate systems:

* What is a double integral and how is it different from a single integral?
* What is a rectangular coordinate system and why is it special in relation to double integrals?
* Can you give an example of a problem that requires the use of a double integral in a rectangular coordinate system?
* How do you evaluate a double integral in a rectangular coordinate system?
* Are there any other types of coordinate systems in which double integrals can be used, or is it","| Metric |  Score  | Justification |
|---|---|---|
| Relevance |  4  | The questions directly address the relationship between double integrals and rectangular coordinate systems, exploring different aspects of this relationship. |
| Coherence |  4  | The questions logically progress from defining double integrals and rectangular coordinate systems to exploring their connection and usage. |
| Diversity |  3  | The questions cover a range of aspects, including the definition, application, and evaluation of double integrals in rectangular coordinate systems. However, they do not explore alternative coordinate systems where double integrals can be used. |","| Metric   | Score | Justification                                                                                     | 
|----------|-------|---------------------------------------------------------------------------------------------------| 
| Relevance | 5     | All questions directly pertain to the statement about double integrals in rectangular systems.  | 
| Coherence | 4     | The questions follow a logical progression from defining double integrals to evaluating them.   | 
| Diversity | 4     | The questions explore different aspects of double integrals in rectangular systems effectively.   | 


","

| Metric | Score | Justification |
| --- | --- | --- |
| Coherence | 4 | The questions follow a logical progression, starting with basic concepts and gradually building towards more specific techniques and applications. However, the final question could potentially be broken down into smaller, more focused questions to further enhance the coherence of the sequence. |
| Relevance | 5 | All questions are highly relevant to the given statement, addressing both the definition and application of double integrals in rectangular coordinate systems. They effectively cover various aspects of the topic, providing a comprehensive introduction to the"
"Imagine you are a human, this is the first time you are coming across this Maths Statement or Equation, you have no previous knowledge of it ""Gaussian elimination is a numerical method for solving linear equations."", what are the top 5 questions that would pop up in your head which would be most useful in learning about it as you are new to it. Give me a simple bullet point list, don't explain them or expand them","Sure! Here are five questions that might be useful for learning about Gaussian elimination:

* What are linear equations and how do they relate to Gaussian elimination?
* What is the purpose of Gaussian elimination, and what problems can it solve?
* How does Gaussian elimination work, step by step?
* What are the assumptions and limitations of Gaussian elimination?
* Can Gaussian elimination be applied to non-linear equations, and if not, why not?","| Metric | Score | Justification |
|---|---|---|
| Relevance | 5 | All questions are directly relevant to the statement, exploring various aspects of Gaussian elimination and its application to linear equations. |
| Coherence | 4 | The questions follow a logical progression, starting with the basics of linear equations and gradually moving towards more specific details of Gaussian elimination. |
| Diversity | 4 | The questions cover a wide range of aspects, including definition, purpose, methodology, limitations, and applicability, providing a broad exploration of Gaussian elimination. |","| Metric   | Score | Justification                                                                                       |
|----------|-------|------------------------------------------------------------------------------------------------------|
| Relevance | 5     | All questions directly relate to the statement about Gaussian elimination and its components.      |
| Coherence | 4     | The questions progress logically from defining linear equations to the application of Gaussian elimination.|
| Diversity | 4     | The questions cover various aspects of Gaussian elimination, its purpose, operation, limitations, and applicability. |","

| Metric | Score | Justification |
|---|---|---|
| Relevance | 4 | The questions are mostly relevant to the topic of Gaussian elimination, although some could be more specific to the statement itself. For example, the second question assumes that Gaussian elimination solves problems, without explicitly connecting it to the statement that it is a numerical method for solving linear equations. |
| Coherence | 5 | The questions follow a logical progression, starting with basic concepts and gradually building towards more complex ideas. They also cover various aspects of Gaussian elimination, such as its purpose, method"
"Imagine you are a human, this is the first time you are coming across this Maths Statement or Equation, you have no previous knowledge of it ""The derivative of a function is always positive."", what are the top 5 questions that would pop up in your head which would be most useful in learning about it as you are new to it. Give me a simple bullet point list, don't explain them or expand them","Sure! Here are five questions that might be useful for learning about the statement ""The derivative of a function is always positive"":

* What does it mean for a function to have a derivative, and how do we calculate it?
* What does it mean for a derivative to be positive, and how can we tell if it is positive?
* Are there any exceptions to this rule, or does it always hold true?
* Can you give an example of a function where the derivative is positive, and how does that work?
* How does this statement relate to other concepts in calculus, such as limits and integr","| Metric | Score | Justification |
|---|---|---|
| Relevance | 4 | The questions directly relate to the statement ""The derivative of a function is always positive"" and cover its different aspects. |
| Coherence | 3 | The questions follow a logical progression, starting with the basics of derivatives and ending with their broader connections. However, the transition between Q2 and Q3 could be smoother. |
| Diversity | 4 | The questions explore multiple dimensions of the statement, including the definition of derivatives, determining their positivity, exceptions, examples, and connections to other Calculus concepts. |","| Metric   | Score | Justification                                                                                              |
|---------|-------|-----------------------------------------------------------------------------------------------------------|
| Relevance | 5     | All questions directly pertain to understanding the statement regarding the positivity of derivatives.   |
| Coherence | 4     | The questions progress logically from defining derivatives to exploring exceptions and examples.          |
| Diversity | 4     | The questions cover a range of aspects from definitions to applications, providing a broad understanding. |","

| Metric | Score | Justification                                                                                                                                                                                                                                                                                                                                                                                                                                                                                                                                                                                                                                                                                                                                                                                                                                                                                                                                                                                                                                                                                                                                                                                                                                                                                                                                                                                                                                                                                                                                                                                                                                                                                                                                                                                                                                                                                                                                                                "
"Imagine you are a human, this is the first time you are coming across this Maths Statement or Equation, you have no previous knowledge of it ""Complex numbers cannot be added or subtracted."", what are the top 5 questions that would pop up in your head which would be most useful in learning about it as you are new to it. Give me a simple bullet point list, don't explain them or expand them","Sure, here are five questions that might be useful for learning about the statement ""Complex numbers cannot be added or subtracted"":

* What are complex numbers?
* Why can't complex numbers be added or subtracted?
* Are there any exceptions to this rule?
* How do I work with complex numbers if I can't add or subtract them?
* Can you provide an example or visual aid to help me understand this concept?","| Metric | Score | Justification |
|---|---|---|
| Relevance | 5 | All questions are directly related to the statement and focus on clarifying its meaning and implications. |
| Coherence | 4 | Questions logically progress from basic definitions to more specific inquiries, building upon each other to further explore the concept. |
| Diversity | 3 | Questions cover a range of aspects, including the nature of complex numbers, why they cannot be added or subtracted, and potential exceptions. However, they could benefit from further exploring the limitations and applications of complex numbers. |","Relevance   | 5 | The questions directly pertain to the statement about complex numbers not being able to be added or subtracted, aiming to clarify the concept.
Coherence   | 4 | The questions form a coherent progression starting from defining complex numbers to exploring implications and understanding the concept.
Diversity   | 5 | The questions cover various aspects such as definitions, reasons behind the statement, exceptions, practical implications, and visual aids for better understanding.","

| Metric | Score | Justification |
|---|---|---|
| Coherence | 4 | The questions follow a logical progression, starting with basic definitions and gradually moving towards more specific concerns related to working with complex numbers. However, they could benefit from a stronger connection between the initial definition and the subsequent questions. |
| Relevance | 5 | All questions are directly relevant to the statement, aiming to clarify or elaborate on the concept of complex numbers and their operations. No extraneous or tangential questions are included. |
| Diversity | 4 | The questions cover"
"Imagine you are a human, this is the first time you are coming across this Maths Statement or Equation, you have no previous knowledge of it ""100 / 0.5 = 500"", what are the top 5 questions that would pop up in your head which would be most useful in learning about it as you are new to it. Give me a simple bullet point list, don't explain them or expand them","Sure! Here are five questions that might pop up in my head as a human encountering the equation ""100 / 0.5 = 500"" for the first time:

* What does the slash (/) symbol mean in math?
* Why is the result of the equation 500, and not something else?
* Is this equation a special case, or can it be applied to other numbers?
* How does the equation relate to fractions, decimals, or percentages?
* Can I use this equation in real-life scenarios, such as finance","| Metric | Score | Justification |
|---|---|---|
| Relevance | 5 | All five questions directly relate to the elements and concepts in the mathematical statement ""100 / 0.5 = 500"", seeking clarification on the operation, result, applicability, and real-world relevance. |
| Coherence | 4 | The questions follow a logical progression, starting with the most fundamental inquiry (the meaning of the division symbol) before moving to the specific equation and its implications. |
| Diversity | 3 | While the questions cover various aspects of the equation, they primarily focus on its basic understanding rather than exploring more advanced or nuanced topics, limiting the range of perspectives offered. |","Metric | Score | Justification
Relevance | 4 | The questions directly address the key elements of the statement, focusing on understanding the division operation, the specific result of the equation, applicability to other numbers, and real-life implications.
Coherence | 3 | The questions follow a logical sequence, starting with defining the division symbol, moving on to explore the result and applicability of the equation, and ending with real-life applications. However, the connection between some questions could be clearer.
Diversity | 4 | The questions cover a range of aspects related to the statement, including mathematical symbols, operations, generalizability, and practical uses. Each question offers a unique perspective on understanding the equation. 

Metric | Score | Justification
Relevance | 5 | The questions directly address the elements within the statement such as the division operation symbol, the result of the equation, its generality, and real-world applications.
Coherence | 4 | The questions flow logically from understanding the division symbol to exploring the result, generalizability, and practical usage of the equation. The progression is clear and facilitates a beginner's understanding.
Diversity | 5 | The questions cover various aspects of the statement, from mathematical symbols to application in real-life scenarios, providing","

| Metric | Score | Justification |
| --- | --- | --- |
| Coherence | 4 | The questions follow a logical order, starting with basic concepts and gradually moving towards more complex ideas like real-life application. However, there is some overlap between questions 2 and 3, which could be improved. |
| Relevance | 5 | All questions are highly relevant to the equation provided, aiming to clarify its meaning, operation, and potential uses. They effectively address various aspects of the equation, enhancing overall understanding. |
| Diversity | 4"
"Imagine you are a human, this is the first time you are coming across this Maths Statement or Equation, you have no previous knowledge of it ""A negative times a negative equals a negative."", what are the top 5 questions that would pop up in your head which would be most useful in learning about it as you are new to it. Give me a simple bullet point list, don't explain them or expand them","Sure, here are five questions that might be useful for learning about the equation ""A negative times a negative equals a negative"":

* What does it mean for two numbers to be negative?
* How do I multiply two negative numbers together?
* Why does the product of two negative numbers equal a negative number?
* Are there any other cases where two negative numbers can equal a positive number?
* Can you give me an example of a real-world situation where this equation would be useful?","| Metric | Score | Justification |
|---|---|---|
| Relevance | 4 | The questions are all directly related to the statement ""A negative times a negative equals a negative."" They explore the meaning of negative numbers, how to multiply them, and why the product is negative. |
| Coherence | 4 | The questions follow a logical order. They start with basic questions about negative numbers and then move on to more complex questions about multiplying them. |
| Diversity | 4 | The questions cover a range of aspects of the statement. They explore the definition of negative numbers, the process of multiplying them, the result of multiplying them, and real-world applications. |","Metric | Score | Justification
Relevance | 5 | All questions directly address the concept of multiplying negative numbers and understanding the resulting sign.
Coherence | 4 | The questions flow logically from defining negative numbers to the multiplication process and then exploring the rationale behind the result. The last two questions slightly deviate in terms of coherence.
Diversity | 4 | The questions cover various aspects of negative number multiplication, from definitions to applications, providing a broad exploration within the context.

Metric | Score | Justification
Relevance | 5 | All questions are highly relevant to the statement and focus on understanding the concept of negative numbers multiplication.
Coherence | 4 | The questions progress logically from defining negative numbers to how they are multiplied and why the result is negative. The last two questions slightly deviate from the previous flow.
Diversity | 4 | The questions cover different angles of understanding negative numbers multiplication, including definitions, operations, applications, and examples, offering a diverse exploration.

Metric | Score | Justification
Relevance | 4 | All questions are relevant to understanding negative numbers multiplication, except for the last question, which slightly deviates from direct relevance.
Coherence | 3 | The questions follow a logical progression from defining negative numbers to understanding their multiplication","

| Metric | Score | Justification |
|---|---|---|
| Relevance | 4 | The questions are mostly relevant to the statement, except for the fourth question which seems to stray slightly off-topic. |
| Coherence | 5 | The questions follow a logical order, starting with basic concepts and gradually moving towards more complex ideas. |
| Diversity | 3 | While the questions cover various aspects of the statement, some of them seem repetitive or too similar to each other. |"
"Imagine you are a human, this is the first time you are coming across this Maths Statement or Equation, you have no previous knowledge of it ""12 cm + 5 m = 17 cm"", what are the top 5 questions that would pop up in your head which would be most useful in learning about it as you are new to it. Give me a simple bullet point list, don't explain them or expand them","Sure! Here are the top 5 questions that would pop up in my head as a human encountering the math statement ""12 cm + 5 m = 17 cm"" for the first time:

* What do the symbols ""cm"" and ""m"" represent?
* How do I convert between centimeters and meters?
* What is the order of operations for this equation?
* Can I simplify the equation by combining like terms?
* What does the equal sign (=) indicate in this equation?","| Metric    | Score | Justification      |
|---|---|---|
| Relevance | 5     | All questions directly pertain to the elements and concepts of the statement, seeking clarification on units of measurement, conversion, order of operations, and the role of the equal sign. |
| Coherence | 4     | The questions form a logical progression, starting with understanding the units of measurement, then conversion, followed by mathematical operations and the meaning of the equal sign. While the order could be slightly improved, the overall coherence is strong. |
| Diversity  | 4     | The questions cover a range of aspects, including units of measurement, conversion, mathematical operations, and the equal sign. While they mostly focus on the technical aspects of the statement, they provide a broad initial exploration. |","Metric         | Score | Justification
Relevance      |   5     | The questions directly pertain to the specific details and concepts in the statement, focusing on understanding the symbols, operations, and meaning of the equation.
Coherence      |   4     | The questions form a coherent line of inquiry, starting with basic concepts and progressing to understanding the order of operations and simplification.
Diversity      |   5     | The questions cover a range of aspects, including symbols, conversions, operations, simplification, and the meaning of the equal sign. Each question adds a new dimension to understanding the statement.","

| Metric | Score | Justification                                                                                                                                                                                                                                                                                                                                                                                                                                                                                                                                                                                                                                                                                                                                                                                                                                                                                                                                                                                                                                                                                                                                                                                                                                                                                                                                                                                                                                                                                                                                                                                                                                                                                                                                                                                                                                                                                                                                                                "
"Imagine you are a human, this is the first time you are coming across this Maths Statement or Equation, you have no previous knowledge of it ""x = y / 0"", what are the top 5 questions that would pop up in your head which would be most useful in learning about it as you are new to it. Give me a simple bullet point list, don't explain them or expand them","Sure! Here are five questions that might be useful for learning about the equation ""x = y / 0"":

* What does the equation mean?
* Is it a formula or an expression?
* What are the variables x and y?
* What happens when you divide by zero?
* Can this equation be solved or is it undefined?","| Metric | Score | Justification |
|---|---|---|
| Relevance | 5 | All questions directly relate to elements or concepts explicitly present in the given statement, seeking to clarify the meaning of the equation, the nature of its components, and its mathematical implications. |
| Coherence | 4 | The questions follow a logical progression, starting with a broad inquiry into the equation's meaning, then narrowing down to specific elements (variables, division by zero), and finally addressing its solvability. |
| Diversity | 3 | The questions cover a range of aspects related to the equation, including its interpretation, mathematical operations, and potential outcomes, providing a reasonably diverse exploration. However, they could delve further into theoretical underpinnings or applications. |","Metric | Score | Justification
Relevance | 5 | All questions directly pertain to the details and concepts in the statement about the equation ""x = y / 0.""
Coherence | 4 | The questions form a logical progression and build upon each other, but the sequence could be slightly improved for better coherence.
Diversity | 4 | The questions cover a range of aspects related to the equation, from clarification of terms to exploring the mathematical implications, but could include a broader range of perspectives.","

| Metric | Score | Justification |
|---|---|---|
| Coherence | 4 | The questions follow a logical order, starting with understanding the equation and then diving into more specific parts like variables and division by zero. However, there is some overlap between questions 2 and 3, causing a slight loss of clarity. |
| Relevance | 5 | All questions are highly relevant to the equation provided, exploring its meaning, structure, and solvability. They focus on essential aspects of the equation without deviating into tangential topics. |
| Diversity |"
"Imagine you are a human, this is the first time you are coming across this Maths Statement or Equation, you have no previous knowledge of it ""7^2 = 7 x 2"", what are the top 5 questions that would pop up in your head which would be most useful in learning about it as you are new to it. Give me a simple bullet point list, don't explain them or expand them","Sure! Here are five questions that might pop up in my head as a human encountering the equation ""7^2 = 7 x 2"" for the first time:

* What does the caret (^) symbol mean in math?
* Is this equation saying that 7 squared is equal to 7 times 2?
* How can I prove or disprove this equation?
* Are there any other equations like this one that I should know about?
* What are some real-world applications of this equation, if any?","| Metric | Score | Justification |
|---|---|---|
| Relevance | 4 | The questions directly relate to the equation and its key elements, seeking clarification on the caret symbol, the relationship between squaring and multiplication, proof, related equations, and real-world applications. |
| Coherence | 4 | The questions build upon each other logically, starting with the basic meaning of the caret symbol and then progressing to more complex concepts like proof, exploration of similar equations, and practical applications. |
| Diversity | 3 | The questions cover a range of aspects, including the definition of the caret symbol, the equation's relationship to multiplication, methods of proof, broader mathematical concepts, and potential real-world applications. However, there is some overlap between the second and third questions, which both explore the validity of the equation. |","Metric | Score | Justification
Relevance | 5 | All questions directly pertain to the statement ""7^2 = 7 x 2"" and aim to clarify, explore, or expand upon its content.
Coherence | 4 | The questions form a coherent line of inquiry starting from defining the symbols in the equation to exploring its applications, with a logical progression.
Diversity | 5 | The questions cover a range of aspects from symbols in math, equation interpretation, proofs, related equations, and real-world applications, offering a broad exploration of the topic.","

| Metric | Score | Justification |
|---|---|---|
| Relevance | 5 | All questions are directly related to the equation provided, aiming to clarify its meaning, proof, similarities, and applications. |
| Coherence | 4 | The questions follow a logical progression, moving from basic definition to more complex considerations such as proof and application. However, the final question could potentially stray from the immediate context of the equation. |
| Diversity | 5 | The questions cover various aspects of the equation, including its components, verification, connections to"
"Imagine you are a human, this is the first time you are coming across this Maths Statement or Equation, you have no previous knowledge of it ""The surface area of a cube is calculated by 6s²"", what are the top 5 questions that would pop up in your head which would be most useful in learning about it as you are new to it. Give me a simple bullet point list, don't explain them or expand them","Sure! Here are five questions that might be useful for a human encountering the equation ""The surface area of a cube is calculated by 6s²"" for the first time:

* What is the meaning of ""surface area"" in this context?
* What is the definition of a ""cube""?
* What does the variable ""s"" represent in the equation?
* How do we calculate the value of ""s""?
* Can you provide an example of how to apply this equation to find the surface area of a cube?","| Metric | Score | Justification |
|---|---|---|
| Relevance | 4 | All questions are directly related to understanding the statement and its components. |
| Coherence | 4 | The questions progress logically, starting with basic concepts and moving towards more specific inquiries. |
| Diversity | 3 | The questions cover a range of aspects, including definitions, variables, and applications. However, they could further explore implications or theoretical underpinnings. |","| Metric    | Score | Justification                                                                                                      |
|-----------|-------|--------------------------------------------------------------------------------------------------------------------|
| Relevance | 5     | All questions directly address key components of the statement about the surface area of a cube and its calculation |
| Coherence | 4     | The questions flow logically and build upon each other, except for the last question which could be placed earlier  |
| Diversity | 4     | The questions cover different aspects such as definitions, variables, calculation, and application of the equation   |","

| Metric | Score | Justification                                                                                                                                                                                                                                                                                                                                                                                                                                                                                                                                                                                                                                                                                                                                                                                                                                                                                                                                                                                                                                                                                                                                                                                                                                                                                                                                                                                                                                                                                                                                                                                                                                                                                                                                                                                                                                                                                                                                                                "
"Imagine you are a human, this is the first time you are coming across this Maths Statement or Equation, you have no previous knowledge of it ""The discriminant (b^2-4ac) in the quadratic formula determines the number of real solutions; a positive discriminant always means two real solutions."", what are the top 5 questions that would pop up in your head which would be most useful in learning about it as you are new to it. Give me a simple bullet point list, don't explain them or expand them","Sure! Here are five questions that might be useful for a human encountering the equation for the first time:

* What is a discriminant?
* What does it mean for a discriminant to be positive?
* How does the discriminant relate to the number of real solutions?
* What is the quadratic formula and how is it used?
* Can you provide an example of how to apply the quadratic formula using a specific value for the discriminant?","| **Metric** | **Score** | **Justification** |
|:---|:---|:---|
| Relevance | 5 | All questions are directly related to the statement, seeking clarification on the concept of discriminant, its relation to real solutions, and the usage of the quadratic formula. |
| Coherence | 4 | The questions form a logical progression, with each one building upon the previous one. They start with basic definitions and gradually move towards more complex concepts. |
| Diversity | 3 | The questions cover a range of aspects related to the statement, including the definition of discriminant, its impact on the number of real solutions, and the application of the quadratic formula. However, they could delve deeper into the theoretical underpinnings of the formula or explore different scenarios. |","| Metric   | Score | Justification                                                                                                |
|----------|-------|---------------------------------------------------------------------------------------------------------------|
| Relevance|   5   | Each question directly pertains to the details of the statement about the discriminant and real solutions.  |
| Coherence|   4   | The questions form a logical progression from defining the discriminant to its application in the formula.  |
| Diversity|   5   | The questions cover definitions, relationships, and practical application, offering a well-rounded exploration. |","

| Metric | Score | Justification |
|---|---|---|
| Relevance | 5 | All questions are directly related to the statement and aim to clarify key terms and concepts. |
| Coherence | 4 | The questions follow a logical order, moving from basic definitions to more specific applications. However, there is some room for improvement in creating a stronger connection between the questions. |
| Diversity | 5 | The questions cover various aspects of the statement, providing a comprehensive introduction to the topic. They address both general concepts and specific applications, making them well-suited"
"Imagine you are a human, this is the first time you are coming across this Maths Statement or Equation, you have no previous knowledge of it ""The slope of a line tells you how many times you move up for every step you move to the right, and vice versa."", what are the top 5 questions that would pop up in your head which would be most useful in learning about it as you are new to it. Give me a simple bullet point list, don't explain them or expand them","Sure! Here are five questions that might be useful for learning about the concept of slope:

* What does it mean to ""move up"" and ""move to the right"" in this context?
* How do I calculate the slope of a line?
* What is the units of measurement for the slope?
* Can the slope of a line be negative? If so, what does that mean?
* How does the slope of a line relate to the steepness of the line?","| Metric | Score | Justification |
|---|---|---|
| Relevance | 4 | The questions directly address the key elements of the statement, exploring the concept of slope from different perspectives. |
| Coherence | 4 | The questions follow a logical progression, starting with basic definitions and gradually building towards more advanced concepts. |
| Diversity | 3 | The questions cover a good range of aspects, including the definition, calculation, units of measurement, and relationship to steepness. However, they could explore more applications or implications of slope. |","| Metric    | Score | Justification                                                                                         |
|-----------|-------|-------------------------------------------------------------------------------------------------------|
| Relevance | 5     | All questions directly address the key concept of slope and seek to clarify aspects of it.         |
| Coherence | 5     | The questions progress logically from defining terms to calculating slope and understanding impact. |
| Diversity | 4     | The questions cover various aspects of slope, but could benefit from exploring real-life applications. |","

| Metric | Score | Justification                                                                                       |
| --- | --- | --- |
| Relevance | 4 | The questions are mostly relevant, except for the second question which requires prior knowledge. |
| Coherence | 5 | The questions follow a logical progression, starting with basic concepts and building towards more complex ideas. |
| Diversity | 4 | The questions cover various aspects of slope, but could benefit from exploring real-world examples or applications. |"
"Imagine you are a human, this is the first time you are coming across this Maths Statement or Equation, you have no previous knowledge of it ""d/dx (sin(x) + cos(x)) = d/dx(sin(x)) + d/dx(cos(x))"", what are the top 5 questions that would pop up in your head which would be most useful in learning about it as you are new to it. Give me a simple bullet point list, don't explain them or expand them","Sure! Here are five questions that might be useful for a human encountering the equation ""d/dx (sin(x) + cos(x)) = d/dx(sin(x)) + d/dx(cos(x))"" for the first time:

* What does the notation ""d/dx"" mean?
* What are the functions sin(x) and cos(x)?
* What does the plus sign (+) represent in this equation?
* Why do the two sides of the equation have the same derivative?
* How can I use this equation to solve problems involving trigon","| Metric | Score | Justification |
|---|---|---|
| Relevance | 4 | The questions directly relate to the elements and concepts presented in the statement, aiming to clarify the derivative notation, the trigonometric functions, the addition operation, the derivative rule, and the potential applications. |
| Coherence | 3 | The sequence of questions forms a logical line of inquiry, progressing from understanding the basic concepts to exploring the rule and its possible uses. However, the thematic connection between the third and fourth questions could be strengthened. |
| Diversity | 4 | The questions cover a range of aspects related to the statement, including notation, functions, operations, theoretical underpinnings, and applications, providing a diverse exploration of the topic. |","| Metric   | Score | Justification                                                                                              |
|----------|-------|------------------------------------------------------------------------------------------------------------|
| Relevance | 5     | All questions directly pertain to the elements and concepts in the statement, focusing on clarifying and understanding them.                                                    |
| Coherence | 4     | The questions form a coherent progression of understanding, though the last question could be more directly connected to the previous ones.  |
| Diversity | 4     | The questions cover various aspects of the statement, including notation, functions, the equality of derivatives, and practical applications.       |","

| Metric | Score | Justification |
| --- | --- | --- |
| Coherence | 4 | The questions follow a logical order, starting with basic terminology and gradually moving towards more complex concepts like applying the equation to problem-solving scenarios. However, there could be better connections between some questions to create a smoother flow. |
| Relevance | 5 | All questions are highly relevant to the equation provided, addressing fundamental concepts and potential applications. They focus on essential components of the equation, making them ideal for someone unfamiliar with the topic. |
| Divers"
"Imagine you are a human, this is the first time you are coming across this Maths Statement or Equation, you have no previous knowledge of it ""Perpendicular lines always have a slope product of -1."", what are the top 5 questions that would pop up in your head which would be most useful in learning about it as you are new to it. Give me a simple bullet point list, don't explain them or expand them","Sure! Here are five questions that might be useful for learning about the equation ""Perpendicular lines always have a slope product of -1"":

* What does it mean for two lines to be perpendicular?
* What is the slope of a line, and how do I calculate it?
* How can I determine the slope product of two lines?
* Are there any exceptions to this rule, or does it apply universally?
* Can you provide an example or visual representation to help illustrate this concept?","| Metric | Score | Justification |
|---|---|---|
| Relevance | 5 | All questions directly pertain to the elements and concepts in the statement, aiming to clarify and expand understanding. |
| Coherence | 5 | The questions form a logical inquiry sequence, progressively building on each other to deepen comprehension. |
| Diversity | 4 | The questions cover various aspects, including definitions, calculations, applicability, and examples, ensuring a well-rounded exploration. |","| Metric   | Score | Justification                                                                                         |
|----------|-------|-------------------------------------------------------------------------------------------------------|
| Relevance | 5     | All questions directly pertain to understanding the statement about perpendicular lines and their slope. |
| Coherence | 4     | The questions form a logical progression in exploring the concept, but could be slightly more connected. |
| Diversity | 4     | The questions cover various aspects like definitions, calculations, exceptions, and visual representations. |","

| Metric | Score | Justification |
| --- | --- | --- |
| Relevance | 5 | All questions are directly related to the statement, providing clear explanations and examples to enhance understanding. |
| Coherence | 4 | The questions follow a logical order, moving from basic concepts to more complex ideas like exceptions and visual representations. However, some connections could be made more explicit. |
| Diversity | 5 | A wide range of aspects are covered, including definitions, calculations, conditions, and visualizations, offering a comprehensive exploration of the topic. |"
"Imagine you are a human, this is the first time you are coming across this Maths Statement or Equation, you have no previous knowledge of it ""Sin(x) + Cos(x) = 1 for all values of x."", what are the top 5 questions that would pop up in your head which would be most useful in learning about it as you are new to it. Give me a simple bullet point list, don't explain them or expand them","Sure! Here are five questions that might be useful for learning about the equation Sin(x) + Cos(x) = 1 for all values of x:

* What are sine and cosine, and how do they relate to each other?
* What does the equation mean by ""for all values of x""?
* Are there any restrictions on the domain of x?
* How can I prove or disprove the equation?
* Are there any real-world applications of this equation?","| Metric | Score | Justification |
|---|---|---|
| Relevance | 4 | The questions directly relate to the mathematical statement and aim to clarify its key elements and implications. |
| Coherence | 3 | The questions follow a logical progression, starting from basic concepts (sine and cosine) and moving on to more specific aspects (domain restrictions, proof, applications). However, the connection between the third and fourth questions could be more explicit. |
| Diversity | 4 | The questions cover a range of aspects, including definitions, mathematical properties, and practical applications. They provide a comprehensive exploration of the equation. |","Relevance | 4 | The questions directly pertain to the equation Sin(x) + Cos(x) = 1 and aim to clarify its components, domain, and applications.
Coherence | 4 | The questions form a logical progression, starting with defining sine and cosine, then exploring the equation itself, and concluding with practical applications.
Diversity | 4 | The questions cover a range of aspects including definitions, domains, proofs, and real-world applications, offering a comprehensive exploration of the equation.","

| Metric | Score | Justification |
|---|---|---|
| Relevance | 5 | All questions are directly related to the equation, its components, and its potential applications. |
| Coherence | 4 | The questions follow a logical order, starting with basic concepts and moving towards more complex ideas like proof and application. However, some connections could be made clearer between questions. |
| Diversity | 5 | The questions cover various aspects of the equation, such as its definition, properties, and possible uses, offering a comprehensive exploration of the topic. |"
"Imagine you are a human, this is the first time you are coming across this Maths Statement or Equation, you have no previous knowledge of it ""The eigenvectors of a matrix are always orthogonal."", what are the top 5 questions that would pop up in your head which would be most useful in learning about it as you are new to it. Give me a simple bullet point list, don't explain them or expand them","Sure! Here are five questions that might be useful for someone who is new to the concept of eigenvectors and orthogonality:

* What is an eigenvector?
* What does it mean for two vectors to be orthogonal?
* Why must eigenvectors be orthogonal?
* How can I prove that eigenvectors are orthogonal?
* Are there any exceptions or special cases where eigenvectors are not orthogonal?","| Metric | Score | Justification |
|---|---|---|
| Relevance | 5 | The questions all directly relate to the concept of eigenvectors and orthogonality. |
| Coherence | 4 | The questions form a logical sequence, starting with basic definitions and progressing to more complex concepts. |
| Diversity | 3 | The questions cover a range of aspects related to eigenvectors and orthogonality, but they could explore more applications or theoretical underpinnings. |","| Metric    | Score | Justification                                                                                                     |
|-----------|-------|---------------------------------------------------------------------------------------------------|
| Relevance | 5     | All questions directly pertain to the concept of eigenvectors and orthogonality.                        |
| Coherence | 4     | The questions form a logical progression in exploring the relationship between eigenvectors and orthogonality.  |
| Diversity | 4     | The questions cover different aspects of eigenvectors and orthogonality, providing a broad understanding. |","

| Metric | Score | Justification |
|---|---|---|
| Coherence | 4 | The questions follow a logical progression, starting with basic definitions and moving towards more complex topics like proofs and exceptions. However, the last question could potentially be split into multiple questions to further explore the nuances of special cases. |
| Relevance | 5 | All questions are highly relevant to the original statement, focusing on the definition of eigenvectors, orthogonality, and exploring why eigenvectors must be orthogonal. |
| Diversity | 4 | The"
"Imagine you are a human, this is the first time you are coming across this Maths Statement or Equation, you have no previous knowledge of it ""lim (x -> ∞) (sin(x)) = 0"", what are the top 5 questions that would pop up in your head which would be most useful in learning about it as you are new to it. Give me a simple bullet point list, don't explain them or expand them","Sure! Here are five questions that might be useful for a human encountering the equation ""lim (x -> ∞) (sin(x)) = 0"" for the first time:

* What does the lim symbol mean?
* What is the meaning of the expression ""x -> ∞""?
* What is the purpose of the parentheses in the equation?
* What does the equation say about the behavior of the sine function as x approaches infinity?
* How can I prove or disprove this equation?","| Metric | Score | Justification |
|---|---|---|
| Relevance | 5 | All questions are directly related to the statement, aiming to clarify its elements and concepts. |
| Coherence | 4 | The questions logically connect to one another, progressing from basic concepts (e.g., meaning of symbols) to more complex inquiries (e.g., behavior of the function and proof). |
| Diversity | 4 | The questions cover a range of aspects, including notation, interpretation, purpose, function behavior, and proof, providing a broad exploration of the statement. |","Metric | Score | Justification
--- | --- | ---
Relevance | 5 | All questions directly pertain to the specific details and concepts presented in the statement, focusing on clarifying and understanding the elements involved.
Coherence | 4 | The questions form a coherent line of inquiry, progressing from understanding symbols to the behavior of the sine function and potential proof, but could be slightly improved by enhancing the flow between questions.
Diversity | 4 | The questions cover a range of aspects such as symbols, behavior of functions, and proof, offering a broad exploration of the topic while maintaining relevance to the statement.","

| Metric | Score | Justification |
|---|---|---|
| Coherence | 4 | The questions follow a logical order, starting with basic terminology and gradually moving towards more complex concepts like proof and disproof. |
| Relevance | 5 | All questions are highly relevant to the given statement, addressing its various components and providing a comprehensive overview. |
| Diversity | 5 | The questions cover multiple dimensions, such as definition, implication, and verification, offering a well-rounded exploration of the statement. |"
"Imagine you are a human, this is the first time you are coming across this Maths Statement or Equation, you have no previous knowledge of it ""The standard deviation of a data set can be negative."", what are the top 5 questions that would pop up in your head which would be most useful in learning about it as you are new to it. Give me a simple bullet point list, don't explain them or expand them","Sure, here are five questions that might pop up in my head as a human encountering the statement ""The standard deviation of a data set can be negative"" for the first time:

* What does it mean for a standard deviation to be negative?
* Is this a typo or a mistake, or is it actually possible for a standard deviation to be negative?
* How can a standard deviation be negative when it's supposed to measure the spread of a dataset?
* Are there any real-world examples where a negative standard deviation makes sense?
* Can a negative standard deviation be used to mislead","| Metric | Score | Justification |
|:---|:---:|:---|
| Relevance | 5 | The questions are all directly relevant to the statement ""The standard deviation of a data set can be negative."" They aim to clarify what a negative standard deviation means, whether it is possible, how it can be calculated, and what its implications are. |
| Coherence | 4 | The questions connect to one another in a logical way. They start with a basic question about what a negative standard deviation means and then progress to more specific questions about how it can be calculated and what its implications are. |
| Diversity | 5 | The questions cover a range of aspects of the statement, including the definition of a negative standard deviation, its possibility, its calculation, its implications, and its potential for misuse. |","Metric | Score | Justification
Relevance | 4 | The questions directly pertain to understanding the concept of a negative standard deviation and its implications.
Coherence | 3 | The questions progress logically from defining what a negative standard deviation means to exploring its potential applications.
Diversity | 4 | The questions cover a range of aspects from defining the concept to exploring its real-world examples and potential implications.","

| Metric | Score | Justification |
|---|---|---|
| Coherence | 4 | The questions follow a logical progression, moving from basic conceptual understanding to more complex considerations like real-world application and potential misuse. |
| Relevance | 5 | All questions are directly relevant to the statement, exploring various facets of the possibility and implications of a negative standard deviation. |
| Diversity | 5 | The questions cover a wide range of aspects related to the statement, including definition, validity, interpretation, application, and potential misuse. |"
"Imagine you are a human, this is the first time you are coming across this Maths Statement or Equation, you have no previous knowledge of it ""8 ÷ 2 = 4"", what are the top 5 questions that would pop up in your head which would be most useful in learning about it as you are new to it. Give me a simple bullet point list, don't explain them or expand them","Sure! Here are five questions that might pop up in my head as a human encountering the equation ""8 ÷ 2 = 4"" for the first time:

* What does the ÷ symbol mean?
* Why does 8 divided by 2 equal 4?
* Is this a mathematical rule or formula?
* How can I apply this equation to real-world situations?
* Can I use this equation to solve other math problems?","| Metric | Score | Justification |
|---|---|---|
| Relevance | 4 | The questions directly relate to the equation, exploring its meaning, derivation, and applications. |
| Coherence | 4 | The questions follow a logical sequence, starting with the basic concept and progressing to more advanced applications. |
| Diversity | 4 | The questions cover a range of aspects, from definition to application, providing a diverse exploration of the equation. |","Metric     | Score   | Justification
Relevance  | 5         | All questions directly pertain to the given statement and seek clarification or expansion on its elements.
Coherence | 4         | The questions progress logically, connecting the concept of division and its application, but could be more seamlessly linked.
Diversity   | 5         | The questions cover various aspects such as understanding symbols, rationale behind the equation, practical applications, and further usability.","

| Metric | Score | Justification |
|---|---|---|
| Coherence | 4 | The questions follow a logical order, starting with basic concepts and gradually moving towards practical applications. However, there is room for improvement in creating a stronger connection between the questions. |
| Relevance | 5 | All questions are highly relevant to the given equation, addressing its meaning, rationale, and potential uses. They focus on essential aspects of the equation without deviating into tangential topics. |
| Diversity | 3 | Although the questions cover various aspects of the equation, they"
"Imagine you are a human, this is the first time you are coming across this Maths Statement or Equation, you have no previous knowledge of it ""A fraction can never be greater than 1."", what are the top 5 questions that would pop up in your head which would be most useful in learning about it as you are new to it. Give me a simple bullet point list, don't explain them or expand them","Sure! Here are five questions that might be useful for learning about the statement ""A fraction can never be greater than 1"":

* What is a fraction?
* What does it mean for a fraction to be ""greater than"" another number?
* Are there any exceptions to this rule?
* How can I prove that a fraction can never be greater than 1?
* Can you give me an example of a fraction that is close to, but not greater than, 1?","| Metric | Score | Justification |
|---|---|---|
| Relevance | 5 | Each question pertains directly to the statement, providing logical structure for exploring the concept. |
| Coherence | 4 | The questions progress logically and connect with one another, guiding the user from basic definitions to examples and proof. |
| Diversity | 5 | The questions cover a broad range of aspects, including definitions, comparisons, exceptions, proofs, and examples, providing a comprehensive exploration. |","| Metric   | Score | Justification                                                                                                                  |
|----------|-------|--------------------------------------------------------------------------------------------------------------------------------|
| Relevance | 4     | The questions directly address the understanding of fractions and comparison to 1, relevant to the statement provided.        |
| Coherence | 3     | The questions flow logically in exploring fractions and comparison, but could be more structured to build upon previous ones. |
| Diversity | 4     | The questions cover various aspects like definitions, comparisons, exceptions, proofs, and examples related to fractions.     |","

| Metric | Score | Justification |
|---|---|---|
| Coherence | 4 | The questions follow a logical progression, moving from defining basic terms to exploring the concept more deeply. However, the last question could potentially be split into two separate questions to further diversify the exploration. |
| Relevance | 5 | All questions are highly relevant to the statement, focusing on understanding the definition of a fraction, its relationship to the number 1, and providing examples to illustrate the concept. |
| Diversity | 4 | The questions cover various aspects of the statement"
"Imagine you are a human, this is the first time you are coming across this Maths Statement or Equation, you have no previous knowledge of it ""Percent (%) means ""out of one hundred"" and can be used for other denominators like ""out of fifty."""", what are the top 5 questions that would pop up in your head which would be most useful in learning about it as you are new to it. Give me a simple bullet point list, don't explain them or expand them","Sure, here are five questions that might pop up in my head as a human encountering the equation ""Percent (%) means 'out of one hundred' and can be used for other denominators like 'out of fifty'"" for the first time:

* What does ""out of one hundred"" mean in this context?
* How does the percentage symbol (%) relate to the denominator?
* Can you give an example of how to use percentages with different denominators?
* Is there a difference between using percentages with different denominators versus using fractions or decimals?
* How do I","| Metric | Score | Justification |
|---|---|---|
| Relevance | 3 | The questions are directly related to the statement and aim to clarify the concept of percentages and their usage with different denominators. However, some questions could be more specific or delve deeper into the topic. |
| Coherence | 2 | The questions follow a logical progression, starting with basic inquiries about the meaning of ""out of one hundred"" and moving on to more specific applications. However, the transition between questions could be smoother, and the line of inquiry could be more structured. |
| Diversity | 3 | The questions cover various aspects of percentages, including their definition, relationship with the denominator, examples of usage, and potential differences from fractions and decimals. However, they could further explore theoretical underpinnings or implications of using percentages. |","Metric | Score | Justification
--- | --- | ---
Relevance | 4 | The questions directly address the concept of percentages and their relationship to denominators presented in the statement.
Coherence | 3 | The questions progress logically from defining percentages to exploring their application with different denominators, but the last question feels incomplete.
Diversity | 4 | The questions cover the definition, application, and comparison of percentages with different denominators, offering a well-rounded exploration of the topic.","

| Metric | Score | Justification |
| --- | --- | --- |
| Relevance | 4 | The questions are mostly relevant to the concept of percentages and their relationship to different denominators. However, some questions could be more specific to the given statement. |
| Coherence | 3 | The questions seem somewhat disconnected from each other, and there isn't a clear progression or structure to the line of inquiry. |
| Diversity | 4 | The questions cover various aspects of the topic, such as definition, examples, comparison with other representations,"
"Imagine you are a human, this is the first time you are coming across this Maths Statement or Equation, you have no previous knowledge of it ""3 - 10 = -7"", what are the top 5 questions that would pop up in your head which would be most useful in learning about it as you are new to it. Give me a simple bullet point list, don't explain them or expand them","Sure! Here are five questions that might be useful for learning about the equation ""3 - 10 = -7"":

* What does the minus sign mean in this equation?
* Why is the result negative when both numbers are positive?
* How can I visualize this equation using a number line or a graph?
* Can I use this equation to solve a real-world problem?
* Is there a mistake in the equation, or is it a typo?","| Metric | Score | Justification |
|---|---|---|
| Relevance | 4 | The questions directly target the specific elements and concepts within the given statement, such as the meaning of the minus sign, the negative result, and the potential for a mistake. |
| Coherence | 3 | The questions follow a logical progression, starting with the most basic question about the minus sign and gradually expanding to explore different aspects of the equation. However, there could be a stronger thematic connection between the questions. |
| Diversity | 3 | The questions cover a diverse range of aspects, including the mathematical operation, the result, potential applications, and the possibility of an error. However, they do not delve into the theoretical underpinnings of subtraction or discuss alternative representations of the equation, such as using a number line. |","Relevance | 4 | The questions directly relate to the elements and concepts presented in the statement, focusing on clarifying the meaning and implications of the equation.
Coherence | 3 | The questions form a somewhat coherent line of inquiry, but there is room for improvement in structuring them in a more logical progression for a beginner.
Diversity | 4 | The questions cover a range of aspects including interpretation, visualization, application, and potential errors, offering a diverse exploration of the topic.

Relevance | 4 | The questions directly relate to the elements and concepts presented in the statement, focusing on clarifying the meaning and implications of the equation.
Coherence | 3 | The questions form a somewhat coherent line of inquiry, but there is room for improvement in structuring them in a more logical progression for a beginner.
Diversity | 4 | The questions cover a range of aspects including interpretation, visualization, application, and potential errors, offering a diverse exploration of the topic.

Relevance | 4 | The questions directly relate to the elements and concepts presented in the statement, focusing on clarifying the meaning and implications of the equation.
Coherence | 3 | The questions form a somewhat coherent line of inquiry, but there is room for improvement in structuring them","

| Metric | Score | Justification                                                                                                                                                                                                                                                                                                                                                                                                                                                                                                                                                                                                                                                                                                                                                                                                                                                                                                                                                                                                                                                                                                                                                                                                                                                                                                                                                                                                                                                                                                                                                                                                                                                                                                                                                                                                                                                                                                                                                                "
"Imagine you are a human, this is the first time you are coming across this Maths Statement or Equation, you have no previous knowledge of it ""0.1 x 0.1 = 0.02"", what are the top 5 questions that would pop up in your head which would be most useful in learning about it as you are new to it. Give me a simple bullet point list, don't explain them or expand them","Sure! Here are five questions that might pop up in my head as a human encountering the equation ""0.1 x 0.1 = 0.02"" for the first time:

* What do the decimal points represent in this equation?
* Why are there two zeros after the decimal point in the multiplication?
* Is this equation a simplification of a more complex calculation?
* How does the order of operations work in this equation?
* Can I use this equation to solve real-world problems?","| Metric | Score | Justification |
|---|---|---|
| Relevance | 3 | The questions adequately address specific elements of the equation, including decimal points, number of zeros, potential simplifications, and real-world applications, but could delve deeper into the concept of multiplication. |
| Coherence | 3 | The questions loosely connect to one another, with each question building upon the previous one, but could be more logically sequenced to foster a clearer progression of understanding. |
| Diversity | 4 | The questions cover a range of aspects, including the meaning of decimal points, the number of zeros, potential simplifications, the order of operations, and real-world applications, providing a diverse exploration of the equation. |","Relevance | 4 | The questions directly address the elements and concepts presented in the statement, focusing on understanding the multiplication of decimals.
Coherence | 3 | The questions form a coherent line of inquiry, but the progression could be smoother to build a beginner's understanding more effectively.
Diversity | 4 | The questions cover different aspects of the statement, such as decimal representation, order of operations, and real-world applications, offering a broad exploration of the topic.","

| Metric | Score | Justification |
|---|---|---|
| Coherence | 4 | The questions follow a logical progression, moving from basic concepts like the meaning of decimal points to more advanced ideas such as real-world applications. However, some connections between questions could be strengthened. |
| Relevance | 5 | All questions are highly relevant to the given equation, addressing fundamental concepts and exploring potential uses and underlying principles. |
| Diversity | 4 | The questions cover various aspects related to the equation, including its components, structure, and possible applications. To improve"
"Imagine you are a human, this is the first time you are coming across this Maths Statement or Equation, you have no previous knowledge of it ""The volume of a cylinder is calculated by V = πr²h"", what are the top 5 questions that would pop up in your head which would be most useful in learning about it as you are new to it. Give me a simple bullet point list, don't explain them or expand them","Sure! Here are five questions that might be useful for learning about the equation V = πr²h:

* What does the π symbol represent?
* What is the meaning of r and h in the equation?
* How do I calculate the volume of a cylinder using this equation?
* Are there any restrictions on the values of r and h?
* Can I use this equation to find the volume of other shapes besides cylinders?","| Metric | Score | Justification |
|---|---|---|
| Relevance | 5 | All questions directly relate to the formula, seeking clarification on its symbols, variables, and applicability. |
| Coherence | 4 | The questions follow a logical progression, starting with the definition of π and moving on to understand the variables and their role in calculating volume. |
| Diversity | 4 | The questions cover various aspects, including the meaning of symbols, variable interpretation, practical application, and limitations of the formula. |","Metric | Score | Justification
Relevance | 5 | All questions directly pertain to the details and concepts presented in the statement about the volume of a cylinder.
Coherence | 4 | The questions connect logically and form a coherent line of inquiry, though the fourth question could be better placed to follow the calculation question.
Diversity | 4 | The questions cover various aspects of the statement, including definitions, calculations, restrictions, and application to other shapes. However, exploring additional mathematical properties or real-world implications could enhance diversity.","

| Metric | Score | Justification |
|---|---|---|
| Relevance | 4 | The questions are mostly relevant, except for the last one which seems out of scope. |
| Coherence | 5 | The questions follow a logical order, starting with basic concepts and gradually moving towards more complex ideas. |
| Diversity | 3 | The questions cover some aspects of the equation, but miss others such as the role of π or the units used. |"
"Imagine you are a human, this is the first time you are coming across this Maths Statement or Equation, you have no previous knowledge of it ""The solutions to the system of equations x + y = 2 and x = y are always equal."", what are the top 5 questions that would pop up in your head which would be most useful in learning about it as you are new to it. Give me a simple bullet point list, don't explain them or expand them","Sure! Here are five questions that might be useful for learning about the equation:

* What do the variables x and y represent?
* What does it mean for a system of equations to have solutions?
* How can we solve for x and y in this system of equations?
* What does it mean for the solutions to be equal?
* Are there any restrictions on the values of x and y that satisfy the equation?","| Metric | Score | Justification |
|---|---|---|
| Relevance | 5 | All questions directly relate to understanding the given statement's elements and concepts. |
| Coherence | 4 | The questions logically connect and progress understanding from the basics (variables) to more complex concepts (solutions, equality). |
| Diversity | 3 | The questions cover various aspects of the statement, but could benefit from exploring applications or implications. |","| Metric    | Score | Justification                                                                                      |
|-----------|-------|----------------------------------------------------------------------------------------------------|
| Relevance | 5     | All questions directly pertain to the details and concepts presented in the statement.            |
| Coherence | 4     | The questions form a coherent progression in understanding the system of equations and its solutions. |
| Diversity | 4     | The questions cover aspects such as variable representation, solution meaning, solving methods, and restrictions. |","

| Metric | Score | Justification |
| --- | --- | --- |
| Coherence | 4 | The questions follow a logical progression, starting with basic concepts like variable representation and moving towards more complex ideas such as solving systems of equations and checking for equality of solutions. However, the questions could benefit from a stronger connection between them, perhaps through explicit reference to the initial concept of exploring the given statement. |
| Relevance | 5 | All questions are highly relevant to the given statement, addressing fundamental aspects of the equation and its components. They focus on essential concepts required to understand the"
"Imagine you are a human, this is the first time you are coming across this Maths Statement or Equation, you have no previous knowledge of it ""In exponential functions, a base raised to zero is always zero."", what are the top 5 questions that would pop up in your head which would be most useful in learning about it as you are new to it. Give me a simple bullet point list, don't explain them or expand them","Sure! Here are five questions that might be useful for learning about the statement ""In exponential functions, a base raised to zero is always zero"":

* What is an exponential function?
* What does it mean for a base to be raised to zero?
* Why is this statement true?
* Are there any exceptions or special cases?
* How can I apply this rule in real-world situations?","| Metric | Score | Justification |
|---|---|---|
| Relevance | 4 | The questions are directly related to the statement and aim to clarify its various aspects, exploring the definition, meaning, rationale, and applications of the rule. |
| Coherence | 5 | The questions logically connect to each other, forming a coherent line of inquiry that gradually delves deeper into the concept, starting with foundational questions and progressing to more specific and practical ones. |
| Diversity | 5 | The questions cover a wide range of dimensions, addressing the definition of exponential functions, the meaning of raising a base to zero, the rationale behind the statement, potential exceptions, and real-world applications. |","Relevance | 4 | The questions directly pertain to the nature of exponential functions and the specific rule being introduced.
Coherence | 5 | The questions progress logically from defining terms to understanding the statement and its implications.
Diversity | 4 | The questions cover definitions, reasoning behind the rule, exceptions, practical applications, offering a diverse exploration.

I hope this evaluation helps! Let me know if you need any further assistance.","

| Metric | Score | Justification |
|---|---|---|
| Relevance | 5 | All questions are directly related to the statement, aiming to clarify its meaning, conditions, and implications. |
| Coherence | 4 | The questions follow a logical progression, moving from basic definitions to more complex implications and applications. However, the order could be rearranged to better facilitate a beginner's understanding. |
| Diversity | 5 | The questions cover various aspects of the statement, including conceptual understanding, theoretical foundations, and practical applications. |"
"Imagine you are a human, this is the first time you are coming across this Maths Statement or Equation, you have no previous knowledge of it ""Any polynomial can be factored into a product of linear expressions using factoring by grouping."", what are the top 5 questions that would pop up in your head which would be most useful in learning about it as you are new to it. Give me a simple bullet point list, don't explain them or expand them","Sure! Here are five questions that might be useful for learning about the equation ""Any polynomial can be factored into a product of linear expressions using factoring by grouping"":

* What is a polynomial?
* What is factoring by grouping?
* How do I identify the linear expressions in a polynomial?
* How do I group the linear expressions together to factor the polynomial?
* Are there any examples or exercises I can use to practice factoring polynomials by grouping?","| Metric | Score | Justification |
|---|---|---|
| Relevance | 5 | All questions directly pertain to the statement, aiming to clarify the concepts of polynomials, factoring by grouping, and the process of factoring. |
| Coherence | 4 | The questions logically connect, progressing from basic definitions to specific aspects of factoring by grouping. However, the transition from question 3 to 4 could be smoother. |
| Diversity | 4 | The questions cover a wide range of aspects, including definitions, methods, and practical application through examples and exercises. |","| Metric    | Score | Justification                                                                                      |
|-----------|-------|-----------------------------------------------------------------------------------------------------|
| Relevance | 5     | All questions directly pertain to the details of the statement and aim to clarify key concepts.    |
| Coherence | 4     | The questions form a logical progression in understanding the process of factoring a polynomial.  |
| Diversity | 4     | The questions cover different aspects of the statement, from definitions to practical examples.    |","

| Metric | Score | Justification |
| --- | --- | --- |
| Relevance | 5 | All questions are directly related to the statement and aim to clarify key concepts and processes involved in factoring polynomials by grouping. |
| Coherence | 4 | The questions follow a logical progression, moving from defining basic terms to outlining steps for solving problems. However, some questions could be rephrased to better connect to one another and create a more seamless flow. |
| Diversity | 5 | The questions cover various aspects of the"
"Imagine you are a human, this is the first time you are coming across this Maths Statement or Equation, you have no previous knowledge of it ""The derivative of a constant multiple of a function is the same as the constant multiple of the derivative of the function. (Needs to be multiplied by the constant as well) (d/dx (kf(x)) = k * d/dx(f(x)))"", what are the top 5 questions that would pop up in your head which would be most useful in learning about it as you are new to it. Give me a simple bullet point list, don't explain them or expand them","Sure! Here are five questions that might be helpful in understanding the equation:

* What does the notation ""d/dx"" mean?
* What is the meaning of ""k"" in the equation?
* How do I interpret the expression ""f(x)""?
* What is the difference between ""f(x)"" and ""kf(x)""?
* Can you give an example of how to apply this equation in practice?","| Metric | Score | Justification |
|---|---|---|
| Relevance | 4 | The questions are all directly related to the concepts presented in the statement about the derivative of a constant multiple of a function. They cover the meaning of the derivative, the significance of the constant ""k,"" the interpretation of ""f(x),"" the distinction between ""f(x)"" and ""kf(x),"" and a practical application example. These questions aim to clarify the statement's fundamental elements, facilitating a focused exploration of the topic. |
| Coherence | 3 | The questions form a coherent line of inquiry, progressing logically from the basic concept of the derivative to its application. The sequence starts with understanding the notation, then probes the constant, explores the function, compares two related functions, and culminates in a practical example. While the progression is mostly logical, the question about the difference between ""f(x)"" and ""kf(x)"" could be better placed earlier to provide context for the later questions. |
| Diversity | 4 | The questions cover a diverse range of aspects related to the statement. They inquire about the meaning of mathematical symbols, the relationship between constants and functions, the interpretation of mathematical expressions, and the application of the derivative in practice. This variety ensures a comprehensive exploration of the concepts, addressing both theoretical and practical dimensions. |","| Metric    | Score | Justification                                                                                                        |
|-----------|-------|----------------------------------------------------------------------------------------------------------------------|
| Relevance | 5     | All questions directly address key components of the statement, focusing on notation, interpretation, and application. |
| Coherence | 4     | The questions flow logically from defining terms to understanding the relationship between the components.            |
| Diversity | 4     | The questions cover notation, interpretation, application, and comparison, providing a well-rounded exploration.       |","

| Metric | Score | Justification |
|---|---|---|
| Relevance | 4 | The questions are mostly relevant, except for the last one which asks for an example, which may not always be applicable depending on the context. |
| Coherence | 3 | The questions seem somewhat disconnected, without a clear progression or structure. They could benefit from being grouped into related categories or presented in a more sequential manner. |
| Diversity | 4 | The questions cover various aspects of the equation, such as notation, constants, and functions, providing a good"
"Imagine you are a human, this is the first time you are coming across this Maths Statement or Equation, you have no previous knowledge of it ""The chain rule for differentiation can only be applied to functions with a single composite function."", what are the top 5 questions that would pop up in your head which would be most useful in learning about it as you are new to it. Give me a simple bullet point list, don't explain them or expand them","Sure! Here are five questions that might be helpful in learning about the chain rule for differentiation:

* What is a composite function?
* What does it mean to differentiate a function?
* How does the chain rule work?
* Are there any examples or applications of the chain rule that I can look at?
* Are there any common mistakes or pitfalls to avoid when using the chain rule?","| Metric | Score | Justification |
|---|---|---|
| Relevance | 5 | Questions directly target the key concepts of the statement, such as composite functions, differentiation, and the chain rule itself. |
| Coherence | 4 | The questions have a clear logical progression, starting with defining key terms and then gradually building towards understanding the chain rule and its applications. |
| Diversity | 4 | The questions effectively cover a wide range of aspects related to the chain rule, including its definition, mechanism, examples, and common mistakes to avoid. |","| Metric   | Score | Justification                                                                                             |
|----------|-------|-----------------------------------------------------------------------------------------------------------|
| Relevance | 5     | All questions directly pertain to the statement about the chain rule for differentiation.                |
| Coherence | 4     | The questions progress logically from defining a composite function to understanding the chain rule.     |
| Diversity | 4     | The questions cover definitions, applications, and potential mistakes, offering a well-rounded exploration. |","

| Metric | Score | Justification |
|---|---|---|
| Relevance | 5 | All questions are directly related to the chain rule for differentiation and its application, providing a comprehensive overview of the concept. |
| Coherence | 4 | The questions follow a logical order, starting with foundational concepts like composite functions and differentiation before moving onto the chain rule itself and potential challenges. However, the last question could potentially be integrated earlier in the sequence to better facilitate a structured exploration. |
| Diversity | 5 | The questions cover various aspects of the chain rule,"
"Imagine you are a human, this is the first time you are coming across this Maths Statement or Equation, you have no previous knowledge of it ""Laplace transforms can only be used to solve differential equations in the time domain."", what are the top 5 questions that would pop up in your head which would be most useful in learning about it as you are new to it. Give me a simple bullet point list, don't explain them or expand them","Sure! Here are five questions that might be useful for someone who is new to Laplace transforms and differential equations:

* What is a Laplace transform and how does it relate to differential equations?
* How do I apply the Laplace transform to a given differential equation?
* What is the time domain and how does it differ from the frequency domain?
* Are there any limitations or restrictions on using Laplace transforms to solve differential equations?
* Can you provide an example of a differential equation that can be solved using a Laplace transform, and walk me through the steps of the solution?","| Metric | Score | Justification |
|---|---|---|
| Relevance | 5 | The questions are all directly related to the statement and are essential for understanding the concept of Laplace transforms in solving differential equations. |
| Coherence | 4 | The questions follow a logical sequence and build upon each other, leading the learner to a deeper understanding of the concept. |
| Diversity | 4 | The questions cover various aspects of Laplace transforms, such as definition, application, limitations, and an example, providing a comprehensive exploration of the topic. |","| Metric   | Score | Justification                                                                                                      |
|----------|-------|--------------------------------------------------------------------------------------------------------------------|
| Relevance | 5     | All questions directly relate to Laplace transforms and differential equations, addressing key concepts and applications. |
| Coherence | 4     | The questions follow a logical progression from defining Laplace transforms to practical applications and examples, but could be slightly more cohesive in flow. |
| Diversity | 5     | The questions cover various aspects such as definitions, applications, limitations, and examples, offering a well-rounded exploration of the topic.     |","

| Metric | Score | Justification |
| --- | --- | --- |
| Coherence | 4 | The questions follow a logical progression, starting with general concepts and gradually moving towards more specific applications. However, the last question could potentially be split into two separate questions to further improve the coherence of the set. |
| Relevance | 5 | All questions are highly relevant to the given statement, focusing on understanding the basics of Laplace transforms and their application to solving differential equations. They address the key concepts and limitations mentioned in the statement, providing a comprehensive introduction to"
"Imagine you are a human, this is the first time you are coming across this Maths Statement or Equation, you have no previous knowledge of it ""The Gram-Schmidt process is used to find the eigenvalues and eigenvectors of a matrix."", what are the top 5 questions that would pop up in your head which would be most useful in learning about it as you are new to it. Give me a simple bullet point list, don't explain them or expand them","Sure! Here are five questions that might be useful for learning about the Gram-Schmidt process:

* What is a matrix?
* What are eigenvalues and eigenvectors?
* Why do we need to find eigenvalues and eigenvectors?
* How does the Gram-Schmidt process work?
* Can you give an example of how to apply the Gram-Schmidt process to a matrix?","| Metric | Score | Justification |
|---|---|---|
| Relevance | 5 | All five questions directly address aspects of the statement, inquiring about its core concepts and underlying principles. |
| Coherence | 4 | The questions are logically connected, beginning with foundational concepts such as matrices, and gradually progressing to the Gram-Schmidt process itself. |
| Diversity | 4 | The questions cover a range of dimensions, from defining terms to exploring the rationale and practical application of the Gram-Schmidt process. |","Coherence | 4 | The questions progress logically from understanding fundamental concepts like matrices and eigenvalues/eigenvectors to specifically inquiring about the application of the Gram-Schmidt process.
Relevance | 5 | Each question directly pertains to the details presented in the statement, focusing on concepts necessary for understanding the Gram-Schmidt process.
Diversity | 4 | The questions cover a range of aspects from basic definitions to practical application, offering a diverse exploration of the topic.

**Justification:**

- The questions are coherent in their progression from general concepts to the specific application of the Gram-Schmidt process.
- Each question is highly relevant to the given statement, focusing on understanding key concepts.
- The questions offer a diverse exploration of the topic by covering definitions, practical application, and the need for finding eigenvalues and eigenvectors.","

| Metric | Score | Justification |
| --- | --- | --- |
| Coherence | 4 | The questions follow a logical order, starting with basic concepts and gradually moving towards more specific ones. However, there is some overlap between the second and third questions. |
| Relevance | 5 | All questions are highly relevant to the initial statement, addressing fundamental concepts and providing a clear pathway to understanding the Gram-Schmidt process. |
| Diversity | 4 | The questions cover various aspects of the topic, such as definitions, purposes, and methods. However,"
"Imagine you are a human, this is the first time you are coming across this Maths Statement or Equation, you have no previous knowledge of it ""Every differentiable function is also continuous."", what are the top 5 questions that would pop up in your head which would be most useful in learning about it as you are new to it. Give me a simple bullet point list, don't explain them or expand them","Sure! Here are five questions that might be useful for learning about the statement ""Every differentiable function is also continuous"":

* What does it mean for a function to be differentiable?
* What does it mean for a function to be continuous?
* Are there any examples of functions that are differentiable but not continuous?
* How can I prove that a differentiable function is also continuous?
* Are there any counterexamples or exceptions to this statement?","| Metric | Score | Justification |
|---|---|---|
| Relevance | 5 | All questions directly relate to the statement, focusing on key concepts like differentiability and continuity. |
| Coherence | 4 | The questions follow a logical sequence, starting with definitions and progressing to more specific inquiries. |
| Diversity | 4 | The questions cover various aspects, including definitions, examples, proofs, and exceptions. |","Metric | Score | Justification
Relevance | 5 | All questions directly pertain to the statement about differentiable and continuous functions.
Coherence | 4 | The questions progress logically from defining differentiability and continuity to exploring examples, proofs, and exceptions.
Diversity | 5 | The questions cover a range of aspects including definitions, examples, proofs, and counterexamples, offering a comprehensive exploration of the topic.","

| Metric | Score | Justification |
|---|---|---|
| Coherence | 4 | The questions follow a logical progression, moving from defining terms to exploring proof methods and potential exceptions. However, the last question could potentially be split into multiple questions to further diversify the exploration. |
| Relevance | 5 | All questions are highly relevant to the statement, focusing on understanding the core concepts and testing the validity of the statement. |
| Diversity | 4 | The questions cover various aspects of the statement, such as definitions, proof strategies, and possible exceptions."
"Imagine you are a human, this is the first time you are coming across this Maths Statement or Equation, you have no previous knowledge of it ""Vector calculus is a branch of mathematics that studies the properties of vectors in two dimensions."", what are the top 5 questions that would pop up in your head which would be most useful in learning about it as you are new to it. Give me a simple bullet point list, don't explain them or expand them","Sure! Here are five questions that might be useful for someone who is new to vector calculus:

* What is a vector?
* How do vectors differ from scalars?
* What are the different types of vectors in two dimensions?
* How do you calculate the magnitude and direction of a vector?
* What are some real-world applications of vector calculus?","| Metric       | Score | Justification |
|--------------|-------|---------------|
| Coherence    | 4     | The questions logically connect and progress a beginner's understanding of vector calculus, from the basic concept of a vector to more advanced applications. |
| Relevance    | 5     | All questions directly pertain to the definition and concepts of vector calculus in two dimensions, providing a focused exploration of the statement. |
| Diversity     | 3     | While the questions cover various aspects of vectors in two dimensions, they primarily focus on their definition and mathematical properties, missing out on potential applications or theoretical underpinnings. |","Metric | Score | Justification
Relevance | 5 | All questions directly relate to the statement about studying vectors in two dimensions.
Coherence | 4 | The questions flow logically, building upon the concept of vectors and their properties.
Diversity | 4 | The questions cover definitions, differences between vectors and scalars, calculation methods, and real-world applications.

Metric | Score | Justification
Relevance | 4 | All questions are relevant to understanding vectors in two dimensions.
Coherence | 5 | The questions progress in a structured manner, starting with basic definitions and moving towards applications.
Diversity | 4 | The questions cover different aspects such as definitions, calculations, and applications.

Metric | Score | Justification
Relevance | 5 | The questions directly address the fundamental concepts of vector calculus in two dimensions.
Coherence | 4 | The questions flow logically, building on the understanding of vectors and their properties.
Diversity | 4 | The questions offer a variety of perspectives, covering definitions, differences, calculations, and applications.","

| Metric | Score | Justification |
|---|---|---|
| Coherence | 4 | The questions follow a logical progression, starting with basic concepts like vectors and scalars before moving onto more specific topics such as types of vectors and calculations. However, the final question about real-world applications seems slightly disconnected from the rest of the set. |
| Relevance | 5 | All questions are highly relevant to the statement, focusing on key concepts related to vector calculus in two dimensions. They cover both foundational ideas and more specific aspects of the field. |
| Divers"
"Imagine you are a human, this is the first time you are coming across this Maths Statement or Equation, you have no previous knowledge of it ""99% is a bigger number than 100%."", what are the top 5 questions that would pop up in your head which would be most useful in learning about it as you are new to it. Give me a simple bullet point list, don't explain them or expand them","Sure, here are five questions that might be useful in learning about the statement ""99% is a bigger number than 100%"":

* What does ""bigger"" mean in this context?
* How can 99% be greater than 100% when 100% is the total amount?
* Is this a matter of rounding or approximation?
* Are there any specific mathematical concepts or operations involved in this statement?
* Can you provide an example or visual aid to help illustrate this concept?","| Metric | Score | Justification |
|---|---|---|
| Relevance | 5 | The questions are directly related to the statement and aim to clarify its meaning and implications. |
| Coherence | 4 | The questions follow a logical progression, building on each other to explore different aspects of the statement. |
| Diversity | 4 | The questions cover a range of perspectives, including the definition of ""bigger,"" mathematical concepts, and examples. |","| Metric    | Score | Justification                                                                                                                      |
|-----------|-------|-------------------------------------------------------------------------------------------------------------------------------------|
| Relevance | 5     | All questions directly pertain to the statement and seek to clarify its meaning.                                                 |
| Coherence | 4     | Questions flow logically, but there could be a clearer progression in building understanding of the statement.                   |
| Diversity | 4     | The questions cover a range of aspects related to the statement, though some additional perspectives could further enhance diversity. |","

| Metric | Score | Justification                                                                                                                                                                                                                                                                                                                                                                                                                                                                                                                                                                                                                                                                                                                                                                                                                                                                                                                                                                                                                                                                                                                                                                                                                                                                                                                                                                                                                                                                                                                                                                                                                                                                                                                                                                                                                                                                                                                                                                "
"Imagine you are a human, this is the first time you are coming across this Maths Statement or Equation, you have no previous knowledge of it ""5 x 0 = 5"", what are the top 5 questions that would pop up in your head which would be most useful in learning about it as you are new to it. Give me a simple bullet point list, don't explain them or expand them","Sure! Here are five questions that might pop up in my head as a human encountering the equation ""5 x 0 = 5"" for the first time:

* What does the ""x"" symbol mean in this equation?
* Why is the result of the equation equal to 5, even though one of the numbers being multiplied is zero?
* Is this equation a special case, or does it follow a general rule or pattern?
* How can I use this equation in real-world applications or problems?
* Are there any similar equations that I should know about or understand in order to","**Metric** | **Score** | **Justification**
------- | --------: | -------------
Relevance | 5 | All questions are directly related to the given statement and aim to clarify the meaning, implications, and applicability of the equation.
Coherence | 4 | The questions logically connect to one another, progressing from basic concepts to more advanced inquiries. The sequence facilitates a structured exploration of the statement's implications.
Diversity | 4 | The questions cover a broad range of aspects, including the concept of multiplication, the special case of multiplying by zero, the general rule or pattern behind the equation, and its potential applications.","| Metric    | Score | Justification                                                                                                 |
|-----------|-------|---------------------------------------------------------------------------------------------------------------|
| Relevance | 5     | All questions directly relate to the given equation and focus on understanding its elements and implications. |
| Coherence | 4     | The questions form a logical progression of inquiry, building upon understanding of multiplication with zero. |
| Diversity | 4     | The questions cover different aspects such as symbology, result interpretation, generalization, applications. |","

| Metric | Score | Justification |
| --- | --- | --- |
| Coherence | 4 | The questions are generally well-connected and follow a logical progression, moving from basic definitions to more complex applications and related concepts. However, some questions could be rephrased to better align with the assumed level of familiarity of a beginner. |
| Relevance | 3 | Some questions stray slightly from the core concept of the equation, such as asking about real-world applications or related equations. While these questions may still be relevant, they do not directly address the"
"Imagine you are a human, this is the first time you are coming across this Maths Statement or Equation, you have no previous knowledge of it ""Adding parentheses can never change the answer of an equation. (Example: 1 + 2 x 3 vs. (1 + 2) x 3)"", what are the top 5 questions that would pop up in your head which would be most useful in learning about it as you are new to it. Give me a simple bullet point list, don't explain them or expand them","Sure! Here are five questions that might pop up in my head as a human encountering this math statement for the first time:

* What do parentheses do in math?
* Why does the order of operations matter in this equation?
* How do I know when to use parentheses in an equation?
* Can you give me an example of a different equation where adding parentheses changes the answer?
* Is there a way to simplify the equation without using parentheses?","| Metric | Score | Justification |
| ----------- | ----------- | ----------- |
| Relevance | 4 | The questions are directly related to the statement and focus on understanding the role and impact of parentheses in equations. |
| Coherence | 3 | The questions follow a logical sequence, starting with a basic understanding of parentheses to exploring more complex aspects like order of operations and when to use them. |
| Diversity | 4 | The questions cover a range of aspects, including the function of parentheses, order of operations, examples, and alternative approaches, providing a diverse exploration of the statement. |","Metric | Score | Justification
Relevance | 5 | Each question directly pertains to the details of the math statement and aims to clarify or expand upon its content.
Coherence | 4 | The questions progress logically in exploring the concept of adding parentheses in equations, but the connection between the third and fourth questions could be smoother.
Diversity | 5 | The questions cover various aspects of understanding the statement, such as the function of parentheses, order of operations, examples, and simplification techniques.","

| Metric | Score | Justification |
| --- | --- | --- |
| Coherence | 4 | The questions follow a logical progression, starting with basic concepts and gradually building towards more complex scenarios. However, the last question seems slightly disconnected from the initial focus on understanding parentheses. |
| Relevance | 5 | All questions relate directly to the statement, aiming to clarify various aspects of the concept and its application. They effectively address the role of parentheses, order of operations, and simplification. |
| Diversity | 4 | The"
"Imagine you are a human, this is the first time you are coming across this Maths Statement or Equation, you have no previous knowledge of it ""1/2 is bigger than 2/3 because 1 is bigger than 2."", what are the top 5 questions that would pop up in your head which would be most useful in learning about it as you are new to it. Give me a simple bullet point list, don't explain them or expand them","Sure, here are five questions that might be useful for a human encountering the statement ""1/2 is bigger than 2/3 because 1 is bigger than 2"" for the first time:

* What does it mean for one number to be bigger than another?
* How do fractions work? Do the numbers on top and bottom have to match?
* Can you compare fractions with different numbers on the bottom?
* Is there a way to visualize this equation to help me understand it better?
* Are there any real-world applications where this equation would be useful?","| Metric | Score | Justification |
|---|---|---|
| Relevance | 5 | All 5 questions directly relate to the specific elements and concepts presented in the statement. |
| Coherence | 4 | The questions follow a logical progression, starting with basic concepts and then delving into more specific aspects. |
| Diversity | 4 | The questions cover a range of aspects, including the definition of ""bigger than,"" the concept of fractions, and potential applications of the equation. |","Relevance | 4 | The questions directly address the concepts of fractions, comparison of numbers, and visualizing the equation, which are all relevant to the given statement.
Coherence | 4 | The questions progress logically from understanding the concept of one number being bigger than another to exploring fractions, comparison methods, visualization, and real-world applications.
Diversity | 4 | The questions cover various aspects related to fractions, comparisons, visualization, and applications, providing a comprehensive exploration of the statement.","

| Metric | Score | Justification |
|---|---|---|
| Coherence | 4 | The questions follow a logical progression, starting with basic concepts like number comparison and moving towards more complex ideas like visualization and application. However, some questions could be more explicitly linked to the original statement. |
| Relevance | 5 | All questions directly relate to the statement, aiming to clarify its meaning and context. They focus on essential aspects of the statement without straying into tangential topics. |
| Diversity | 4 | The questions cover various dimensions of the"
"Imagine you are a human, this is the first time you are coming across this Maths Statement or Equation, you have no previous knowledge of it ""7! (factorial) is the same as 7 x 6 x 5."", what are the top 5 questions that would pop up in your head which would be most useful in learning about it as you are new to it. Give me a simple bullet point list, don't explain them or expand them","Sure, here are five questions that might pop up in my head as a human encountering the equation ""7! (factorial) is the same as 7 x 6 x 5"" for the first time:

* What does the exclamation mark mean in math?
* Why is 7! equal to 7 x 6 x 5?
* How do I calculate 7!?
* Is there a pattern to factorials and their corresponding multiplication equations?
* Can I apply this equation to other numbers, or is it specific to 7?","| Metric | Score | Justification |
|---|---|---|
| Relevance | 5 | The questions directly relate to the elements of the statement, focusing on the meaning of factorial notation, the connection between 7! and 7 x 6 x 5, methods of calculation, potential patterns, and the broader applicability of the concept. |
| Coherence | 4 | The questions form a logical sequence, beginning with the definition of factorial notation and progressing to the calculation and exploration of patterns and applicability. This sequence facilitates a structured understanding of the statement. |
| Diversity | 5 | The questions cover a wide range of aspects, including the definition, calculation, patterns, and applicability of factorials, offering a comprehensive exploration of the concept. |","| Metric   | Score | Justification |
|----------|-------|---------------|
| Relevance | 5     | The questions directly address the statement about the factorial of 7 and its equivalence to 7 x 6 x 5, seeking clarification and understanding. |
| Coherence | 4     | The questions progress logically from defining factorial to understanding its calculation and patterns, but the transition could be smoother. |
| Diversity | 4     | The questions cover a range of aspects related to factorials, from calculation methods to generalizations and applications, offering a well-rounded exploration. |","

| Metric | Score | Justification |
|---|---|---|
| Coherence | 4 | The questions follow a logical progression, starting with basic terminology and gradually building towards more complex concepts like patterns and applications. However, some connections could be stronger, such as between the calculation method and its application to other numbers. |
| Relevance | 5 | All questions are highly relevant to the given statement, focusing on understanding the concept of factorials and their relationship to multiplication equations. They avoid tangential topics and maintain a strong focus on the core idea. |
| Diversity"
"Imagine you are a human, this is the first time you are coming across this Maths Statement or Equation, you have no previous knowledge of it ""The volume of a cylinder is calculated by V = πr²h"", what are the top 5 questions that would pop up in your head which would be most useful in learning about it as you are new to it. Give me a simple bullet point list, don't explain them or expand them","Sure! Here are five questions that might be useful for learning about the equation V = πr²h:

* What does the π symbol represent?
* What is the meaning of r and h in the equation?
* How do I calculate the volume of a cylinder using this equation?
* Are there any restrictions on the values of r and h?
* Can I use this equation to find the volume of other shapes besides cylinders?","| Metric | Score | Justification |
|---|---|---|
| Relevance | 5 | All five questions directly inquire about essential elements of the equation, its symbols, and its applicability. |
| Coherence | 4 | The questions progress logically, starting with understanding the symbols, then their roles in the equation, and finally exploring its application and limitations. |
| Diversity | 3 | The questions cover different aspects of the equation, including the meaning of symbols, the calculation process, limitations, and potential applications. However, they do not explore theoretical underpinnings or advanced concepts. |","Relevance     5   These questions directly address the components and calculation method of the given statement.
Coherence     4   The questions logically flow from defining the terms to applying the equation.
Diversity      4   The questions cover varied aspects like symbols, calculation, restrictions, and applicability of the equation.","

| Metric | Score | Justification |
|---|---|---|
| Relevance | 4 | The questions are mostly relevant to the equation, except for the last one which seems out of scope. |
| Coherence | 5 | The questions follow a logical order, starting with basic concepts and gradually moving towards more complex ones. |
| Diversity | 3 | While the questions cover various aspects of the equation, some related topics like units of measurement or real-world examples could be added. |"
"Imagine you are a human, this is the first time you are coming across this Maths Statement or Equation, you have no previous knowledge of it ""The solutions to the system of equations x + y = 2 and 2x + 2y = 4 are always unique."", what are the top 5 questions that would pop up in your head which would be most useful in learning about it as you are new to it. Give me a simple bullet point list, don't explain them or expand them","Sure! Here are five questions that might be useful for learning about the statement:

* What does it mean for a solution to be ""unique""?
* Can you explain what a ""system of equations"" is?
* How do we know that the solutions to these particular equations will always be unique?
* Are there any other systems of equations where the solutions are not unique?
* Can you give an example of a situation where having unique solutions to a system of equations is important or useful?","| Metric | Score | Justification |
|---|---|---|
| Relevance | 4 | The questions are directly relevant to the statement and explore different aspects of it, including the meaning of unique solutions, systems of equations, and their applications. |
| Coherence | 4 | The questions form a coherent line of inquiry, starting with basic concepts and gradually moving to more advanced topics, such as the uniqueness of solutions and their practical applications. |
| Diversity | 5 | The questions cover a range of aspects related to the statement, including definitions, implications, and applications, providing a broad exploration of the topic. |","Relevance | 5 | The questions directly pertain to the specific details and concepts presented in the statement, focusing on unique solutions in a system of equations.
Coherence | 4 | The questions form a coherent line of inquiry by progressively exploring the definition, uniqueness of solutions, examples, and implications of the given equations.
Diversity | 4 | The questions cover a range of aspects related to the statement, from definitions to applications and scenarios where unique solutions are significant.

Relevance | 4 | The questions are closely related to the statement by addressing unique solutions in a system of equations and their implications.
Coherence | 5 | The questions flow logically, starting with defining unique solutions and progressing to examples and applications, forming a coherent exploration of the topic.
Diversity | 3 | While the questions are relevant, they could benefit from more diverse angles such as exploring different types of systems or comparisons with non-unique solution scenarios. 

Relevance | 4 | The questions address the core concept of unique solutions in a system of equations presented in the statement.
Coherence | 5 | The questions flow logically from defining unique solutions to exploring system of equations and their implications, forming a coherent line of inquiry.
Diversity | 3 | The questions cover relevant aspects but","

| Metric | Score | Justification                                                                                                                                                                                                                                                                                                                                                                                                                                                                                                                                                                                                                                                                                                                                                                                                                                                                                                                                                                                                                                                                                                                                                                                                                                                                                                                                                                                                                                                                                                                                                                                                                                                                                                                                                                                                                                                                                                                                                                "
"Imagine you are a human, this is the first time you are coming across this Maths Statement or Equation, you have no previous knowledge of it ""In exponential functions, a base raised to zero is always zero"", what are the top 5 questions that would pop up in your head which would be most useful in learning about it as you are new to it. Give me a simple bullet point list, don't explain them or expand them","Sure! Here are five questions that might be useful for learning about the statement ""In exponential functions, a base raised to zero is always zero"":

* What is an exponential function?
* What does it mean for a base to be raised to zero?
* Why is this statement true?
* Are there any exceptions or special cases?
* How can I apply this rule in real-world situations?","| Metric | Score | Justification |
|---|---|---|
| Relevance | 4 | Questions directly address the statement and aim to clarify specific aspects of the exponential function and the rule that a base raised to zero is always zero. |
| Coherence | 4 | Questions logically connect and progressively build upon each other, beginning with basic definitions and concepts before exploring the rationale, exceptions, and applications of the rule. |
| Diversity | 3 | Questions cover a range of aspects, including definitions, the meaning of zero exponent, the basis for the rule, potential exceptions, and practical applications. However, they could further explore theoretical underpinnings or implications for a more comprehensive understanding. |","Metric | Score | Justification
Relevance | 5 | All questions directly pertain to the statement about exponential functions and bases raised to zero.
Coherence | 4 | The questions form a logical progression in understanding the concept, but the flow could be slightly improved for smoother comprehension.
Diversity | 5 | Each question covers a different aspect of the statement, offering a well-rounded exploration of the topic.

Overall, this set of questions excels in relevance and diversity, with a strong coherence but slight room for improvement in the logical flow.","

| Metric | Score | Justification |
|---|---|---|
| Relevance | 5 | All questions are directly related to the statement, aiming to clarify its meaning, conditions, and implications. |
| Coherence | 4 | The questions follow a logical progression, moving from basic definitions to more complex implications and applications. However, some questions could be rephrased to better connect to the preceding ones. |
| Diversity | 5 | The questions cover various aspects of the statement, including foundational concepts, underlying principles, and practical uses. This comprehensive"
"Imagine you are a human, this is the first time you are coming across this Maths Statement or Equation, you have no previous knowledge of it ""d/dx (x²) = 2x"", what are the top 5 questions that would pop up in your head which would be most useful in learning about it as you are new to it. Give me a simple bullet point list, don't explain them or expand them","Sure! Here are five questions that might be useful for a human encountering the equation ""d/dx (x²) = 2x"" for the first time:

* What does the notation ""d/dx"" mean?
* What is the purpose of the equation?
* What does the expression ""x²"" represent?
* How do we know that the derivative of x² is equal to 2x?
* Can we use this equation to solve problems or find values for x?","| Metric | Score | Justification |
|:---|:---|:---|
| Relevance | 5 | All questions are directly relevant to the understanding of the given equation and its elements. |
| Coherence | 4 | The questions follow a logical progression, building upon one another to address different aspects of the equation. |
| Diversity | 5 | The questions cover a wide range of topics, from the meaning of notation to solving problems, providing a comprehensive exploration. |","Metric        Score    Justification
Relevance   5           The questions directly address key components of the equation and its implications.
Coherence   4           The questions flow logically from understanding notation to the purpose of the equation.
Diversity    4           The questions cover different aspects like notation, representation, and application of the equation.","

| Metric | Score | Justification |
| --- | --- | --- |
| Relevance | 5 | All questions are directly related to the equation provided, seeking to clarify its components and meaning. |
| Coherence | 4 | The questions follow a logical order, starting with basic terminology and gradually moving towards more complex concepts like application and problem-solving. |
| Diversity | 4 | The questions cover various aspects of the equation, such as definition, purpose, representation, derivation, and potential uses. However, some questions could potentially overlap in terms of"
"Imagine you are a human, this is the first time you are coming across this Maths Statement or Equation, you have no previous knowledge of it ""All rational numbers can be expressed as a terminating or repeating decimal."", what are the top 5 questions that would pop up in your head which would be most useful in learning about it as you are new to it. Give me a simple bullet point list, don't explain them or expand them","Sure! Here are five questions that might be useful for learning about the statement ""All rational numbers can be expressed as a terminating or repeating decimal"":

* What is a rational number?
* What is a terminating decimal?
* What is a repeating decimal?
* How do I convert a rational number to a decimal?
* Are there any exceptions to this rule?","| Metric | Score | Justification |
|---|---|---|
| Relevance | 4 | The questions directly address the definitions and concepts mentioned in the statement, providing a clear path to understanding the core ideas. |
| Coherence | 5 | The questions are logically connected, forming a coherent sequence that guides the learner from basic concepts to deeper understanding of the statement. |
| Diversity | 3 | The questions cover the essential aspects of understanding the statement, including definitions, conversion methods, and potential exceptions. However, they could delve deeper into implications or applications to enhance diversity. |","Relevance | 4 | The questions directly pertain to understanding the statement about rational numbers and decimal representations.
Coherence | 4 | The questions flow logically from defining key terms to understanding the process of conversion, providing a structured inquiry.
Diversity | 4 | The questions cover definitions, conversion process, and exceptions, offering a broad exploration of the topic for a beginner.

**Relevance | 4 | The questions directly pertain to understanding the statement about rational numbers and decimal representations.
Coherence | 4 | The questions flow logically from defining key terms to understanding the process of conversion, providing a structured inquiry.
Diversity | 4 | The questions cover definitions, conversion process, and exceptions, offering a broad exploration of the topic for a beginner.

**Relevance | 4 | The questions directly pertain to understanding the statement about rational numbers and decimal representations.
Coherence | 4 | The questions flow logically from defining key terms to understanding the process of conversion, providing a structured inquiry.
Diversity | 4 | The questions cover definitions, conversion process, and exceptions, offering a broad exploration of the topic for a beginner.

**Relevance | 4 | The questions directly pertain to understanding the statement about rational numbers and decimal representations.
Coherence |","

| Metric | Score | Justification |
|---|---|---|
| Relevance | 5 | All questions are directly relevant to the statement, aiming to clarify key terms and concepts. |
| Coherence | 4 | The questions follow a logical progression, moving from defining basic terms to exploring the relationship between rational numbers and decimals. However, the final question could be better integrated into the sequence. |
| Diversity | 5 | The questions cover various aspects of the statement, providing a comprehensive introduction to the concept. |"
"Imagine you are a human, this is the first time you are coming across this Maths Statement or Equation, you have no previous knowledge of it ""∫ (1/x) dx = ln(x)"", what are the top 5 questions that would pop up in your head which would be most useful in learning about it as you are new to it. Give me a simple bullet point list, don't explain them or expand them","Sure! Here are five questions that might be useful for learning about the equation ∫ (1/x) dx = ln(x):

* What does the integral sign ∫ represent?
* What is the meaning of the expression 1/x?
* What is the derivative of ln(x)?
* How can I evaluate the integral ∫ (1/x) dx?
* What is the significance of the equation ∫ (1/x) dx = ln(x) in mathematics and its applications?","| Metric | Score | Justification |
|---|---|---|
| Relevance | 5 | All questions directly relate to the equation and its components, seeking clarification and understanding of key elements. |
| Coherence | 5 | The questions follow a logical progression, starting with basic concepts (integral sign, 1/x) and gradually building towards the equation and its significance. |
| Diversity | 4 | The questions cover a range of aspects, including the integral operation, function (1/x), derivative (ln(x)), and evaluation and significance of the equation. |","Metric        | Score | Justification
Relevance   |    5     | All questions directly relate to the given statement and focus on understanding its components.
Coherence  |    4     | The questions flow logically from defining basic symbols to evaluating the integral and its significance.
Diversity     |    5     | Each question brings a unique perspective to understanding the integral equation and its implications.","

| Metric | Score | Justification |
| --- | --- | --- |
| Coherence | 4 | The questions follow a logical order, starting with basic concepts like the meaning of the integral sign and moving towards more complex ideas such as evaluating the integral and its significance. |
| Relevance | 5 | All questions are highly relevant to the given statement, focusing on the key components of the equation and its broader context. |
| Diversity | 5 | The questions cover various aspects of the equation, including definition, calculation, and application, providing a well-rounded"
"Imagine you are a human, this is the first time you are coming across this Maths Statement or Equation, you have no previous knowledge of it ""The dot product of two vectors is always positive."", what are the top 5 questions that would pop up in your head which would be most useful in learning about it as you are new to it. Give me a simple bullet point list, don't explain them or expand them","Sure! Here are five questions that might be useful for learning about the dot product of two vectors:

* What is a vector?
* What does it mean for two vectors to be ""dot products""?
* Why is the dot product always positive?
* How can I calculate the dot product of two vectors?
* Can you give me an example of how the dot product is used in real-world applications?","| Metric | Score | Justification |
|---|---|---|
| Relevance | 5 | All five questions are directly related to the statement ""The dot product of two vectors is always positive."" and seek to clarify or expand upon its meaning or implications. |
| Coherence | 4 | The questions follow a logical progression, starting with the basics (defining vectors and the dot product) and then moving on to more advanced concepts (calculating the dot product and its applications). |
| Diversity | 4 | The questions cover a range of aspects related to the dot product, including its definition, calculation, properties, and applications. |","| Metric    | Score | Justification                                                                                  |
|-----------|-------|------------------------------------------------------------------------------------------------|
| Relevance | 4     | Questions directly relate to the statement about the dot product of vectors.                   |
| Coherence | 3     | The questions follow a logical progression from defining vectors to real-world applications.  |
| Diversity | 5     | The questions cover definitions, calculation, reasoning for positivity, and practical uses.   |","

| Metric | Score | Justification |
|---|---|---|
| Relevance | 4 | The questions are mostly relevant to the concept of dot product, except for the last one which explores its application. However, it could be argued that understanding applications helps beginners grasp abstract concepts better. |
| Coherence | 5 | The questions follow a logical order, starting with basic definitions and gradually moving towards more complex ideas like calculation and application. This structure allows for a smooth learning experience. |
| Diversity | 4 | The questions cover various aspects of the dot product, such"
"Imagine you are a human, this is the first time you are coming across this Maths Statement or Equation, you have no previous knowledge of it ""The inverse of a matrix can always be found."", what are the top 5 questions that would pop up in your head which would be most useful in learning about it as you are new to it. Give me a simple bullet point list, don't explain them or expand them","Sure! Here are five questions that might be useful for learning about the statement ""The inverse of a matrix can always be found"":

* What is a matrix?
* What does it mean for a matrix to have an inverse?
* Why is it important to find the inverse of a matrix?
* How do you go about finding the inverse of a matrix?
* Are there any limitations or restrictions on when a matrix can be inverted?","| Metric | Score | Justification |
|---|---|---|
| Relevance | 4 | The questions are all directly relevant to the statement ""The inverse of a matrix can always be found."" They address key concepts such as the definition of a matrix, the meaning of an inverse, the importance of finding an inverse, the method for finding an inverse, and the limitations of finding an inverse. |
| Coherence | 3 | The questions form a coherent line of inquiry, starting with the basics (what is a matrix?) and gradually progressing to more advanced topics (how to find an inverse, limitations of finding an inverse). However, the question ""Why is it important to find the inverse of a matrix?"" could be placed earlier in the sequence to provide more context for the subsequent questions. |
| Diversity | 4 | The questions cover a range of aspects related to the statement, including definitions, implications, applications, and theoretical underpinnings. They provide a well-rounded exploration of the topic, addressing both the conceptual understanding and the practical aspects of finding the inverse of a matrix. |","| Metric    | Score | Justification                                                                                   |
|-----------|-------|-------------------------------------------------------------------------------------------------|
| Relevance | 5     | All questions directly pertain to the statement and aim to clarify the concept of matrix inversion |
| Coherence | 4     | The questions form a logical progression in understanding matrix inversion                        |
| Diversity | 4     | Each question brings a new aspect or perspective to the understanding of matrix inversion          |","

| Metric | Score | Justification                                                                                           |
| --- | --- | --- |
| Relevance | 5 | All questions are directly relevant to the statement, exploring its meaning, significance, and process. |
| Coherence | 4 | The questions follow a logical progression, moving from basic definitions to more complex processes and limitations. However, they could benefit from stronger connections between questions to create a more seamless flow. |
| Diversity | 5 | The questions cover various aspects of the statement, including definition, purpose, methodology, and constraints"
"Imagine you are a human, this is the first time you are coming across this Maths Statement or Equation, you have no previous knowledge of it ""Every continuous function is also integrable."", what are the top 5 questions that would pop up in your head which would be most useful in learning about it as you are new to it. Give me a simple bullet point list, don't explain them or expand them","Sure! Here are five questions that might be useful for learning about the statement ""Every continuous function is also integrable"":

* What does it mean for a function to be continuous?
* What does it mean for a function to be integrable?
* Are there any exceptions to this rule?
* Can you provide an example of a continuous function that is not integrable?
* How does this statement relate to other concepts in calculus, such as the Fundamental Theorem of Calculus?","| Metric | Score | Justification |
|---|---|---|
| Relevance | 4 | The questions are directly related to the statement and explore its key concepts, such as continuity and integrability. |
| Coherence | 5 | The questions follow a logical sequence, starting with the most basic concepts (definitions of continuity and integrability) and progressing to more advanced topics (exceptions, examples, and connections to other concepts). |
| Diversity | 5 | The questions cover a wide range of aspects related to the statement, including definitions, examples, exceptions, and theoretical connections. |","Metric | Score | Justification
Relevance | 5 | All questions directly address the details and concepts presented in the statement, focusing on understanding the relationship between continuity and integrability.
Coherence | 4 | The questions flow logically from defining terms to exploring exceptions and applications. However, the sequence could be improved for a clearer progression of understanding.
Diversity | 4 | The questions cover a range of aspects related to the statement, including definitions, exceptions, examples, and connections to other calculus concepts. More diversity could be added by exploring practical implications or real-world applications.

(Note: Scores are subjective and may vary based on individual interpretation.)","

| Metric | Score | Justification |
|---|---|---|
| Relevance | 4 | The questions are mostly relevant, except for the last one, which explores the relationship between the statement and other calculus concepts. However, this could still be indirectly relevant to understanding the statement better. |
| Coherence | 5 | The questions follow a logical progression, starting with basic definitions and then moving towards more complex ideas like examples and relationships with other concepts. |
| Diversity | 3 | While the questions cover various aspects of the statement, they all focus on defining"
"Imagine you are a human, this is the first time you are coming across this Maths Statement or Equation, you have no previous knowledge of it ""Abstract algebra is a branch of mathematics that studies beautiful geometric shapes."", what are the top 5 questions that would pop up in your head which would be most useful in learning about it as you are new to it. Give me a simple bullet point list, don't explain them or expand them","Sure! Here are five questions that might be useful for someone who is new to abstract algebra and wants to learn more about it:

* What are some examples of beautiful geometric shapes that are studied in abstract algebra?
* How do algebraic concepts like groups, rings, and fields relate to these geometric shapes?
* What are some key results or theorems in abstract algebra that help us understand these shapes?
* Are there any real-world applications of abstract algebra in fields like physics, computer science, or engineering?
* How can I visualize and understand the abstract concepts in abstract algebra, such as group actions","| Metric | Score | Justification |
| --- | --- | --- |
| Relevance | 4 | The questions are directly related to the statement, focusing on exploring the relationship between abstract algebra and geometric shapes, key concepts, and potential applications. |
| Coherence | 3 | The questions follow a logical progression, starting with examples of geometric shapes and逐渐 transitioning to algebraic concepts and their relevance, both in theory and practice. |
| Diversity | 3 | The questions cover a range of aspects, including the nature of geometric shapes in abstract algebra, the connection to algebraic concepts, key results, applications, and visualization techniques, providing a broad exploration of the topic. |","Relevance | 5 | The questions directly address the concept of abstract algebra and its connection to geometric shapes, staying on topic throughout.
Coherence | 4 | The questions flow logically from understanding examples of shapes to their relation to algebraic concepts and applications.
Diversity | 4 | The questions cover a range of aspects including examples, relationships to algebra, real-world applications, and visualization techniques.","

| Metric | Score | Justification |
| --- | --- | --- |
| Coherence | 4 | The questions follow a logical progression, starting with concrete examples and gradually moving towards more abstract concepts and applications. However, the last question could potentially be rephrased to better fit the sequence. |
| Relevance | 5 | All questions are highly relevant to the statement, focusing on the intersection between abstract algebra and geometric shapes, as well as potential applications. |
| Diversity | 5 | The questions cover various aspects of abstract algebra, including examples, relationships to"
"Imagine you are a human, this is the first time you are coming across this Maths Statement or Equation, you have no previous knowledge of it ""A negative number divided by a positive number is always negative."", what are the top 5 questions that would pop up in your head which would be most useful in learning about it as you are new to it. Give me a simple bullet point list, don't explain them or expand them","Sure! Here are five questions that might be useful for learning about the equation ""A negative number divided by a positive number is always negative"":

* What does it mean for a number to be negative?
* How do you divide numbers?
* What happens when you divide a negative number by a positive number?
* Is this equation true for all numbers, or are there any exceptions?
* Can you give an example of a negative number divided by a positive number?","| **Metric** | **Score** | **Justification** |
| ---------- | -------- | ------------------ |
| Relevance | 5        | All 5 questions are directly related to the statement, exploring different aspects of negative numbers and division. |
| Coherence | 4        | The questions progress logically, starting with the basics (negative numbers) and moving on to division and the specific equation. However, the order of questions 3 and 4 could be swapped for a smoother flow. |
| Diversity  | 3        | The questions cover a diverse range of aspects (negative numbers, division, the equation, exceptions, and examples), but there could be more exploration of theoretical underpinnings or applications. |","| Metric   | Score | Justification                                                                                                                                                           |
|----------|-------|--------------------------------------------------------------------------------------------------------------------------------------------------------------------------|
| Relevance | 4     | The questions directly address the key points of the statement, focusing on the definitions and implications of dividing negative and positive numbers.                |
| Coherence | 4     | The questions progress logically from defining negative numbers to dividing them by positives, building a coherent line of inquiry for understanding the given equation. |
| Diversity | 3     | While the questions cover crucial aspects like definitions and examples, they could benefit from exploring applications or real-world scenarios involving the equation.      |","

| Metric | Score | Justification |
|---|---|---|
| Coherence | 4 | The questions follow a logical order, starting with basic concepts like negativity and division before moving onto more specific aspects of the equation. However, the last two questions could potentially be rephrased to better reflect a natural curiosity progression. |
| Relevance | 5 | All questions relate directly to the equation and its components, providing a comprehensive exploration of the concept without straying into tangential topics. |
| Diversity | 4 | The questions cover various aspects of the equation"
"Imagine you are a human, this is the first time you are coming across this Maths Statement or Equation, you have no previous knowledge of it ""Rounding a number to a certain decimal place removes all digits to the right."", what are the top 5 questions that would pop up in your head which would be most useful in learning about it as you are new to it. Give me a simple bullet point list, don't explain them or expand them","Sure! Here are five questions that might be useful for learning about the statement ""Rounding a number to a certain decimal place removes all digits to the right"":

* What does it mean to round a number to a certain decimal place?
* How do I determine the decimal place to which I should round the number?
* Are there any rules or patterns for rounding numbers in different situations?
* What happens if I round a number to a decimal place that is not a whole number?
* Can you give an example of rounding a number to a certain decimal place and show how it removes all digits to","| Metric | Score | Justification |
| ----------- | ----------- | ----------- |
| Relevance | 4 | All five questions directly pertain to the statement, exploring various aspects of rounding, including its meaning, process, and implications. |
| Coherence | 4 | There is a logical progression in the questions, starting with the most foundational (what is rounding?) and gradually exploring more specific aspects (rounding to non-whole numbers). |
| Diversity | 4 | The questions cover a range of elements related to rounding, including its definition, process, and examples. They explore the topic from multiple angles, providing a comprehensive overview. |","| Metric    | Score | Justification                                                                                           |
|-----------|-------|---------------------------------------------------------------------------------------------------------|
| Relevance | 5     | All questions directly address the concept of rounding numbers to a certain decimal place.            |
| Coherence | 4     | The questions progress logically from defining rounding to exploring rules and examples.              |
| Diversity | 4     | The questions cover different aspects of rounding, including rules, determination, and examples.      |","

| Metric | Score | Justification |
| --- | --- | --- |
| Coherence | 4 | The questions follow a logical progression, starting with basic comprehension and gradually moving towards more specific scenarios. However, the last question could potentially be split into two separate questions for even greater clarity. |
| Relevance | 5 | All questions are highly relevant to the original statement, focusing on key concepts such as the definition of rounding, determining the decimal place, and the impact of rounding on digit removal. |
| Diversity | 4 | The questions cover various"
"Imagine you are a human, this is the first time you are coming across this Maths Statement or Equation, you have no previous knowledge of it ""12 / (3 x 4) = (12 / 3) x 4"", what are the top 5 questions that would pop up in your head which would be most useful in learning about it as you are new to it. Give me a simple bullet point list, don't explain them or expand them","Sure! Here are five questions that might be useful for a human encountering the equation ""12 / (3 x 4) = (12 / 3) x 4"" for the first time:

* What does the symbol ""/"" represent in this equation?
* What is the difference between ""12 / 3"" and ""12 / (3 x 4)""?
* Why is the equation equal to ""(12 / 3) x 4""?
* How can I simplify the right-hand side of the equation?
* What is the value of the expression","| Metric | Score | Justification |
|---|---|---|
| Relevance | 4 | The questions directly target the specific elements and concepts presented in the statement. They explore the meaning of the division symbol, the difference between different groupings of parentheses, the relationship between the two sides of the equation, and the simplification process. |
| Coherence | 5 | The questions form a logical sequence, progressing from basic concepts to more advanced understanding. The first question establishes a foundation, while subsequent questions build on it, leading to a comprehensive exploration of the topic. |
| Diversity | 4 | The questions cover a range of aspects, including the meaning of operators, the order of operations, the equivalence of expressions, and the evaluation of expressions. They provide a well-rounded perspective on the statement. |","Relevance      | 5 | The questions directly relate to the specific details and concepts presented in the equation.
Coherence      | 5 | The questions progress logically and build upon each other to explore the equation thoroughly.
Diversity       | 4 | The questions cover a range of aspects related to the equation but could introduce more variations in exploration.","

| Metric | Score | Justification |
|---|---|---|
| Coherence | 5 | The questions follow a logical order, starting with basic concepts like symbols and moving towards more complex ideas such as simplifying expressions. They also build upon each other well, creating a clear line of inquiry. |
| Relevance | 5 | All questions are directly related to the equation provided, asking for clarification on its components and processes. None of the questions stray into irrelevant or tangential topics. |
| Diversity | 4 | The questions cover various aspects of the equation,"
"Imagine you are a human, this is the first time you are coming across this Maths Statement or Equation, you have no previous knowledge of it ""x + y = z; if x = 5 and y = 2, then z must be 7."", what are the top 5 questions that would pop up in your head which would be most useful in learning about it as you are new to it. Give me a simple bullet point list, don't explain them or expand them","Sure! Here are five questions that might be useful for a human encountering the equation ""x + y = z; if x = 5 and y = 2, then z must be 7"" for the first time:

* What do the letters x, y, and z represent?
* Is this equation a rule or a formula?
* How can I use this equation to solve problems?
* Are there any restrictions on the values of x, y, and z?
* Can I rearrange the equation to solve for x or y instead of z?","| Metric | Score | Justification |
|---|---|---|
| Relevance | 5 | All five questions directly target key elements of the statement, exploring the variables' roles, the nature of the equation, and its potential uses and limitations. |
| Coherence | 4 | The questions form a logical progression: they start by clarifying the variables, then explore the equation's essence, and finally consider its practical applications and potential limitations. |
| Diversity | 3 | The questions cover a range of aspects, including variable definitions, the equation's nature, problem-solving, and equation manipulation, but miss out on theoretical underpinnings or advanced applications. |","Coherence | 4 | The questions flow logically from defining the variables to understanding the equation's application.
Relevance | 5 | Each question directly pertains to understanding the given statement about the equation.
Diversity | 4 | The questions cover basic understanding, application, restrictions, and manipulation of the equation.

Coherence | 4 | The questions progress logically from defining terms to applying the equation.
Relevance | 4 | The questions are directly related to understanding and using the equation as presented.
Diversity | 4 | The questions cover various aspects of the equation, aiding in a comprehensive understanding.

Coherence | 3 | The questions are somewhat disjointed and could have a clearer progression.
Relevance | 4 | The questions are relevant to understanding the equation but could be more focused.
Diversity | 4 | The questions cover a range of aspects related to the equation, offering a diverse exploration.","

| Metric | Score | Justification |
| --- | --- | --- |
| Coherence | 4 | The questions follow a logical order, starting with basic definitions and gradually moving towards more complex problem-solving and manipulation of the equation. |
| Relevance | 5 | All questions are highly relevant to the statement, addressing fundamental aspects such as variable representation, equation purpose, and potential manipulations. |
| Diversity | 4 | The questions cover various dimensions of the equation, including its components, function, and usage. However, some questions could further explore specific real"
"Imagine you are a human, this is the first time you are coming across this Maths Statement or Equation, you have no previous knowledge of it ""The symbol ""%"" can be used to represent any type of percentage, even if it's greater than 100%."", what are the top 5 questions that would pop up in your head which would be most useful in learning about it as you are new to it. Give me a simple bullet point list, don't explain them or expand them","Sure, here are five questions that might pop up in my head as a human encountering this math statement for the first time:

* What does the ""%"" symbol represent in this context?
* Can you give an example of how to use the ""%"" symbol to represent a percentage greater than 100%?
* How does the ""%"" symbol differ from other symbols used to represent percentages, such as the ""%"" symbol used for percent increase or decrease?
* Are there any specific rules or guidelines for using the ""%"" symbol to represent percentages greater than 100%?","| Metric | Score | Justification |
|---|---|---|
| Relevance | 4 | All questions are directly related to the statement, exploring the meaning, usage, and rules of the ""%"" symbol in representing percentages greater than 100%. |
| Coherence | 4 | The questions form a logical sequence, starting with a basic definition and progressing to more specific aspects like examples, comparisons, and guidelines. |
| Diversity | 4 | The questions cover a range of perspectives, including definition, usage, comparison, and guidelines, providing a comprehensive exploration of the concept. |","Metric | Score | Justification
Relevance | 5 | All questions directly address the statement and aim to clarify the concept of using ""%"" to represent percentages greater than 100%.
Coherence | 4 | The questions flow logically from understanding the basic meaning of the ""%"" symbol to more advanced concepts like specific rules for using it.
Diversity | 4 | The questions cover a range of aspects related to the statement, from definitions to practical examples, offering a well-rounded exploration of the topic.","

| Metric | Score | Justification |
|---|---|---|
| Coherence | 4 | The questions follow a logical order, starting with defining the ""%"" symbol and moving towards more specific uses and rules. However, the last question could potentially overlap with the second question, causing some redundancy. |
| Relevance | 5 | All questions are highly relevant to the statement, focusing on understanding the ""%"" symbol and its usage for representing percentages beyond 100%. |
| Diversity | 4 | The questions cover various aspects of the topic, including definition,"
"Imagine you are a human, this is the first time you are coming across this Maths Statement or Equation, you have no previous knowledge of it ""The volume of a cone is calculated by V = πr²h / 3"", what are the top 5 questions that would pop up in your head which would be most useful in learning about it as you are new to it. Give me a simple bullet point list, don't explain them or expand them","Sure! Here are five questions that might be useful for learning about the equation for the volume of a cone:

* What does the π symbol represent?
* What is the meaning of r and h in the equation?
* How do I calculate the volume of a cone if I know its height and radius?
* Is there a way to visualize the formula to better understand it?
* Are there any real-world applications of this equation that I can relate to?","| Metric | Score | Justification |
|---|---|---|
| Relevance | 5 | All five questions directly target key concepts and elements within the volume of a cone equation. They seek clarification on the meaning of symbols, interpretation of variables, and practical applications. |
| Coherence | 4 | The questions logically progress from defining the π symbol to understanding the variables involved and then exploring practical applications. Each question builds upon the previous one, facilitating a structured inquiry. |
| Diversity | 4 | The questions cover a range of aspects, from theoretical understanding (symbol meaning, variable interpretation) to practical implications (real-world applications). While not exhaustive, they offer a diverse exploration of the topic. |","| Metric   | Score | Justification                                                                                                                                   |
|----------|-------|-------------------------------------------------------------------------------------------------------------------------------------------------|
| Relevance | 5     | All questions directly address elements of the statement, providing clarity on symbols, variables, calculation, visualization, and applications. |
| Coherence | 4     | The questions progress logically from understanding symbols to practical applications, forming a coherent path for learning about the formula.     |
| Diversity | 4     | The questions cover a range of aspects, including definitions, calculations, visualization, and real-world relevance, offering a broad exploration. |","

| Metric | Score | Justification |
|---|---|---|
| Coherence | 4 | The questions follow a logical order, starting with basic terminology and gradually moving towards practical application and visualization. |
| Relevance | 5 | All questions are highly relevant to the given statement, focusing on essential components like π, r, and h, and exploring practical uses and visualizations. |
| Diversity | 5 | The questions cover various dimensions of the statement, such as definition, calculation, visualization, and application, providing a comprehensive exploration. |"
"Imagine you are a human, this is the first time you are coming across this Maths Statement or Equation, you have no previous knowledge of it ""In linear regression, the line of best fit always perfectly intersects all the data points."", what are the top 5 questions that would pop up in your head which would be most useful in learning about it as you are new to it. Give me a simple bullet point list, don't explain them or expand them","Sure, here are five questions that might pop up in my head as a human encountering the statement about linear regression for the first time:

* What is linear regression and how does it work?
* What do we mean by ""line of best fit""? How do we determine what the best fit is?
* Why does the line of best fit always intersect all the data points? Is there some kind of mathematical proof or reasoning behind this?
* Are there any assumptions or limitations to this statement? In other words, are there any situations where the line of best fit might not intersect all the data points?","| Metric | Score | Justification |
|---|---|---|
| Relevance | 4 | The questions are directly related to the statement and aim to clarify its meaning, explore its implications, and uncover any potential limitations or assumptions. |
| Coherence | 3 | The questions progress logically, starting with a general question about the concept of linear regression and then moving on to specific aspects such as the definition of the line of best fit, the rationale behind its intersection with all data points, and the limitations of the statement. However, the connection between the third and fourth questions could be stronger. |
| Diversity | 4 | The questions cover a range of aspects related to the statement, including its definition, methodology, underlying assumptions, and limitations. They provide a broad exploration of the topic, offering different perspectives on understanding linear regression. |","Metric | Score | Justification
Relevance | 5 | All questions directly relate to the statement about linear regression and the line of best fit.
Coherence | 4 | The questions progress logically from understanding linear regression to the concept of the line of best fit, its intersection with data points, and potential limitations.
Diversity | 4 | The questions cover definitions, processes, reasoning, and limitations related to the statement, offering a comprehensive exploration of the topic.","

| Metric | Score | Justification |
|---|---|---|
| Relevance | 4 | The questions are mostly relevant to the statement, however, the first question could be more specific to linear regression models. |
| Coherence | 5 | The questions follow a logical order, starting with a general understanding of linear regression before diving into the specific statement. |
| Diversity | 4 | The questions cover various aspects of the statement, but they could benefit from exploring additional dimensions such as real-world applications or implications. |"
"Imagine you are a human, this is the first time you are coming across this Maths Statement or Equation, you have no previous knowledge of it ""The absolute value of a - b is always equal to the absolute value of a minus the absolute value of b."", what are the top 5 questions that would pop up in your head which would be most useful in learning about it as you are new to it. Give me a simple bullet point list, don't explain them or expand them","Sure! Here are five questions that might be useful for learning about the equation:

* What does the absolute value symbol (|) represent?
* How do I calculate the absolute value of a number?
* What does it mean for two numbers to be equal in absolute value?
* Can you give an example of how to use the equation?
* Is there a way to prove that the equation is always true?","| Metric | Score | Justification |
|---|---|---|
| **Relevance** | 4 | Questions explore core concepts of absolute value and the given equation. |
| **Coherence** | 3 | Questions logically progress from defining absolute value to applying the equation. Coherence could be improved by explicitly connecting questions. |
| **Diversity** | 4 | Questions cover a range of aspects, including definition, calculation, equality, application, and proof. |","Relevance      5      The questions directly pertain to understanding the given statement about absolute values.
Coherence      4      The questions form a coherent progression from defining absolute value to applying the equation with an example.
Diversity      4      The questions cover various aspects like definition, calculation, examples, and proof related to the equation.","

| Metric | Score | Justification |
| --- | --- | --- |
| Coherence | 4 | The questions follow a logical progression, starting with foundational concepts like the meaning of the absolute value symbol and moving towards more complex ideas such as proving the equation's validity. |
| Relevance | 5 | All questions are directly relevant to the equation, addressing essential components like calculating absolute values and providing examples. |
| Diversity | 4 | The questions cover various aspects of the equation, including its definition, application, and proof, offering a comprehensive"
"Imagine you are a human, this is the first time you are coming across this Maths Statement or Equation, you have no previous knowledge of it ""Any two lines with the same slope are always parallel."", what are the top 5 questions that would pop up in your head which would be most useful in learning about it as you are new to it. Give me a simple bullet point list, don't explain them or expand them","Sure! Here are five questions that might be useful for learning about the equation ""Any two lines with the same slope are always parallel"":

* What does it mean for two lines to have the same slope?
* How can I identify lines with the same slope?
* Are there any exceptions to this rule?
* Can you show me an example of two lines with the same slope that are not parallel?
* How does this equation relate to other concepts in geometry or algebra?","| Metric | Score | Justification |
|---|---|---|
| Relevance | 5 | All questions directly relate to the specific concepts and details presented in the statement, focusing on the immediate context and directly exploring the implications of having the same slope on the parallelism of lines. |
| Coherence | 4 | The questions form a logical sequence of inquiry, starting with foundational concepts and gradually progressing to more nuanced aspects and potential exceptions. The connection between each question is clear and facilitates a structured exploration of the statement. |
| Diversity | 4 | The questions cover a broad range of aspects related to the statement, including understanding slope, identifying lines with the same slope, examining exceptions, considering visual representations, and exploring connections to other mathematical concepts. |","Metric | Score | Justification
Relevance | 5 | All questions directly address the statement or scenario and aim to clarify its content.
Coherence | 4 | The questions flow logically and build upon each other, though the last question could be more closely linked to the previous ones.
Diversity | 4 | The questions cover different aspects related to the statement, including definitions, exceptions, examples, and connections to other concepts. However, more varied perspectives could be included.

Metric | Score | Justification
Relevance | 5 | All questions are directly relevant to the statement about lines with the same slope.
Coherence | 5 | The questions progress logically from defining the concept to exploring exceptions and applications.
Diversity | 5 | The questions cover a wide range of topics related to the statement, offering a comprehensive understanding from different angles.

Metric | Score | Justification
Relevance | 5 | Each question directly pertains to the statement and aims to deepen understanding.
Coherence | 4 | The questions flow logically, but the last question could be more closely tied to the others.
Diversity | 4 | The questions cover various aspects of the statement, such as definitions, identification, exceptions, examples, and connections.

Metric | Score | Justification","

| Metric | Score | Justification |
| --- | --- | --- |
| Coherence | 4 | The questions follow a logical progression, starting with basic definitions and gradually moving towards more complex concepts like exceptions and relationships with other mathematical ideas. |
| Relevance | 5 | All questions are directly relevant to the statement, exploring various aspects of the concept of parallel lines with the same slope. |
| Diversity | 5 | The questions cover a wide range of topics related to the statement, including identification, exceptions, examples, and connections to other mathematical concepts. |"
"Imagine you are a human, this is the first time you are coming across this Maths Statement or Equation, you have no previous knowledge of it ""∫ sin(x) cos(x) dx = sin(x) + cos(x)"", what are the top 5 questions that would pop up in your head which would be most useful in learning about it as you are new to it. Give me a simple bullet point list, don't explain them or expand them","Sure! Here are five questions that might be useful for learning about the equation ∫ sin(x) cos(x) dx = sin(x) + cos(x):

* What do the symbols ∫ and dx represent?
* What is the difference between sin(x) and cos(x)?
* How do the functions sin(x) and cos(x) relate to each other?
* What does the equals sign (=) mean in this equation?
* Can I solve this equation for x, or is it only true for certain values of x?","| Metric | Score | Justification |
|---|---|---|
| Relevance | 4 | The questions are directly related to the specific elements and concepts in the equation. They focus on understanding the symbols, functions, and the meaning of the equation. |
| Coherence | 4 | The questions logically connect to each other, forming a coherent line of inquiry. They start with basic concepts and gradually move towards more complex aspects of the equation. |
| Diversity | 3 | The questions cover a range of aspects, including the symbols, functions, and the meaning of the equation. However, they could have explored more diverse perspectives, such as the applications or theoretical underpinnings of the equation. |","Metric | Score | Justification
Relevance | 5 | All questions directly pertain to the specific details and concepts presented in the statement about the given equation.
Coherence | 4 | The questions progress in a logical sequence, starting with basic symbols and concepts before delving into the relationship between sin(x) and cos(x).
Diversity | 4 | The questions cover a range of aspects related to understanding the equation, from symbols to the functions involved, offering a broad exploration of the topic.","

| Metric | Score | Justification |
|---|---|---|
| Coherence | 4 | The questions follow a logical order, starting with basic terminology and gradually moving towards more complex concepts like function relationships and solving for x. However, some questions could be rephrased to better flow together. |
| Relevance | 5 | All questions are highly relevant to the equation provided, focusing on essential components such as symbols, functions, and relationships. They effectively target key aspects of the equation to facilitate understanding. |
| Diversity | 4 | The questions cover various dimensions of"
"Imagine you are a human, this is the first time you are coming across this Maths Statement or Equation, you have no previous knowledge of it ""The dot product of two vectors with equal magnitudes is always positive."", what are the top 5 questions that would pop up in your head which would be most useful in learning about it as you are new to it. Give me a simple bullet point list, don't explain them or expand them","Sure! Here are five questions that might be useful for learning about the dot product of two vectors with equal magnitudes:

* What is the dot product of two vectors?
* Why does the dot product of two vectors with equal magnitudes matter?
* How can I calculate the dot product of two vectors?
* What are some real-world applications of the dot product of two vectors?
* Can you provide an example of two vectors with equal magnitudes and show how the dot product works in that case?","| Metric | Score | Justification |
|---|---|---|
| Relevance | 5 | All questions are directly relevant to the statement, aiming to clarify the definition, significance, and practical aspects of the dot product of vectors with equal magnitudes. |
| Coherence | 4 | The questions follow a logical progression, starting with basic definitions and gradually moving towards applications and examples, providing a structured exploration of the concept. |
| Diversity | 4 | The questions cover a range of aspects, including definition, calculation, significance, applications, and examples, offering a comprehensive understanding of the statement. |","| Metric   | Score | Justification                                                                                        |
|----------|-------|------------------------------------------------------------------------------------------------------|
| Relevance | 4     | The questions directly pertain to the statement by exploring the concept of dot product and its relevance with equal magnitudes.                                                                 |
| Coherence | 3     | The questions follow a logical progression from defining the dot product to its application, but the sequence could be improved for better coherence.|
| Diversity | 4     | The questions cover various aspects of the dot product of vectors, including definition, calculation, significance, real-world applications, and examples. |","

| Metric | Score | Justification |
|---|---|---|
| Relevance | 5 | All questions are directly relevant to the concept of dot products and the specific scenario provided. They aim to clarify, expand upon, or directly explore the content of the statement, focusing on the immediate context. |
| Coherence | 4 | The questions generally follow a logical order, starting with basic concepts and gradually moving towards more specific examples and applications. However, there is room for improvement in creating a stronger thematic connection between questions. |
| Diversity | 5 | The questions cover"
"Imagine you are a human, this is the first time you are coming across this Maths Statement or Equation, you have no previous knowledge of it ""The determinant of a matrix can be used to find the inverse of the matrix."", what are the top 5 questions that would pop up in your head which would be most useful in learning about it as you are new to it. Give me a simple bullet point list, don't explain them or expand them","Sure! Here are five questions that might be useful for learning about the relationship between determinants and inverses of matrices:

* What is a determinant?
* What is an inverse matrix?
* How do I calculate the determinant of a matrix?
* How do I use the determinant to find the inverse of a matrix?
* Are there any restrictions or limitations on using this method to find the inverse of a matrix?","| Metric | Score | Justification |
|---|---|---|
| Relevance | 5 | All five questions are directly relevant to the statement, addressing key concepts such as determinants, inverse matrices, and the connection between the two. |
| Coherence | 4 | The questions logically connect by gradually building on foundational concepts. They start with basic definitions, then explore the calculation of determinants, and finally delve into the application of determinants for finding inverses. |
| Diversity | 4 | The questions cover a range of essential aspects, from defining determinants and inverse matrices to explaining the calculation and application of determinants in finding inverses. |","Relevance | 5 | The questions directly pertain to understanding the relationship between determinants and inverses of matrices.
Coherence | 4 | The questions progress logically from defining determinants and inverse matrices to calculating determinants and using them to find inverses.
Diversity | 4 | The questions cover a range of aspects related to determinants and inverse matrices, offering a broad exploration of the topic.

Relevance | 4 | The questions directly pertain to understanding the relationship between determinants and inverses of matrices, with the last question slightly branching into considerations for using the method.
Coherence | 4 | The questions progress logically from defining determinants and inverse matrices to calculating determinants, using them to find inverses, and considering limitations.
Diversity | 4 | The questions cover a range of aspects related to determinants and inverse matrices, providing a well-rounded exploration of the topic. 

Relevance | 4 | The questions directly address key concepts related to determinants and inverses of matrices, with a good balance of foundational and practical inquiries.
Coherence | 5 | The questions form a coherent line of inquiry that logically progresses from defining determinants to calculating them, finding inverses, and considering limitations.
Diversity | 5 | The questions","

| Metric | Score | Justification                                                                                                                                                                                                                                                                                                                                                                                                                                                                                                                                                                                                                                                                                                                                                                                                                                                                                                                                                                                                                                                                                                                                                                                                                                                                                                                                                                                                                                                                                                                                                                                                                                                                                                                                                                                                                                                                                                                                                                "
"Imagine you are a human, this is the first time you are coming across this Maths Statement or Equation, you have no previous knowledge of it ""Every bounded function is also continuous."", what are the top 5 questions that would pop up in your head which would be most useful in learning about it as you are new to it. Give me a simple bullet point list, don't explain them or expand them","Sure! Here are five questions that might be useful for learning about the statement ""Every bounded function is also continuous"":

* What does it mean for a function to be bounded?
* What does it mean for a function to be continuous?
* Are there any examples of functions that are bounded but not continuous?
* Can you prove that every bounded function is also continuous?
* Are there any counterexamples or exceptions to this statement?","| Metric | Score | Justification |
|---|---|---|
| Relevance | 5 | All questions directly pertain to the statement and explore its key concepts: boundedness and continuity. |
| Coherence | 4 | The questions progress logically, starting with definitions and then moving to examples and proof considerations. |
| Diversity | 3 | The questions cover a range of aspects, including definitions, examples, and proof, but they could explore additional implications or theoretical underpinnings. |","| Metric   | Score | Justification                                                                                                  |
|----------|-------|---------------------------------------------------------------------------------------------------------------|
| Relevance | 5     | All questions directly relate to the concepts in the statement, focusing on defining and exploring boundedness and continuity.                                                              |
| Coherence | 4     | The questions follow a logical progression from defining the terms to exploring examples, proofs, and exceptions, but could be slightly more cohesive in the order.                                                               |
| Diversity | 5     | The questions cover a wide range of aspects related to the statement, including definitions, examples, proofs, and counterexamples, offering a comprehensive exploration of the topic. |","

| Metric | Score | Justification |
|---|---|---|
| Relevance | 5 | All questions are directly related to the statement, asking for clarification on key terms and exploring potential proofs or counterexamples. |
| Coherence | 4 | The questions follow a logical progression, moving from defining key terms to exploring potential counterexamples, though they do not necessarily build on each other in a strictly sequential manner. |
| Diversity | 5 | The questions cover a wide range of aspects related to the statement, including definitions, proof strategies, and possible"
"Imagine you are a human, this is the first time you are coming across this Maths Statement or Equation, you have no previous knowledge of it ""Group theory is a branch of mathematics used to classify different types of rocks."", what are the top 5 questions that would pop up in your head which would be most useful in learning about it as you are new to it. Give me a simple bullet point list, don't explain them or expand them","Sure! Here are five questions that might be useful for learning about group theory and its application to classifying rocks:

* What is group theory, and how does it relate to rocks?
* How do you define a ""type"" of rock, and how do you determine which type a particular rock belongs to?
* Can you give an example of a specific type of rock and its corresponding group theory classification?
* How does group theory help in understanding the properties and behavior of rocks?
* Are there any real-world applications of group theory in geology or mineralogy, and if so, what are","| Metric | Score | Justification |
|---|---|---|
| Relevance | 4 | The questions are directly related to the statement and aim to clarify the connection between group theory and rock classification, the definition of rock types, and specific examples. |
| Coherence | 3 | The questions follow a logical progression, starting with a general understanding of group theory and its relevance to rocks and gradually moving towards specific applications and real-world implications. However, the connection between the fourth and fifth questions could be strengthened. |
| Diversity | 4 | The questions cover a range of aspects, including the definition of group theory, its connection to rock classification, specific examples, applications in understanding rock properties, and real-world applications in geology and mineralogy. |","| Metric    | Score | Justification                                                                                       |
|-----------|-------|-----------------------------------------------------------------------------------------------------|
| Relevance | 4     | The questions directly address the relationship between group theory and rock classification.       |
| Coherence | 3     | The questions flow logically but could benefit from a clearer progression to build understanding.  |
| Diversity | 4     | The questions cover definitions, examples, applications, properties, and real-world implications. |","

| Metric | Score | Justification |
| --- | --- | --- |
| Relevance | 4 | The questions are mostly relevant to the statement, except for the last question, which seems to stray slightly from the main focus on group theory and rocks. |
| Coherence | 5 | The questions follow a logical progression, starting with basic concepts and gradually moving towards more specific and applied topics. |
| Diversity | 3 | Although the questions cover various aspects of the topic, some of them seem similar or overlapping, such as Q2 and Q4,"
"Imagine you are a human, this is the first time you are coming across this Maths Statement or Equation, you have no previous knowledge of it ""A number divided by itself is always 0"", what are the top 5 questions that would pop up in your head which would be most useful in learning about it as you are new to it. Give me a simple bullet point list, don't explain them or expand them","Sure! Here are five questions that might be useful for learning about the equation ""A number divided by itself is always 0"":

* What does it mean for a number to divide by itself?
* Why does this equation only work for numbers and not for other types of quantities?
* Are there any exceptions to this rule, or does it always hold true?
* How can I prove that this equation is correct?
* What are some real-world applications of this equation?","| Metric | Score | Justification |
|---|---|---|
| Relevance | 5 | All questions directly relate to the statement ""A number divided by itself is always 0"", exploring different aspects of the concept. |
| Coherence | 4 | The questions progress logically, building upon each other to deepen the understanding of the statement. |
| Diversity | 3 | While the questions cover various aspects of the statement, they primarily focus on the theoretical understanding rather than exploring practical applications or broader implications. |","Relevance	| Score	| Justification
Coherence	| Score	| Justification
Diversity	| Score	| Justification

- Relevance | 5 | The questions directly pertain to the details and concept of the statement about a number divided by itself being 0.
- Coherence | 4 | The questions form a logical progression of inquiry, except for a slight inconsistency in the progression between the second and third questions.
- Diversity | 5 | The questions cover various aspects from understanding the concept to applications, providing a diverse exploration of the topic.","

| Metric | Score | Justification |
|---|---|---|
| Coherence | 4 | The questions follow a logical order, starting with basic concepts and moving towards more complex ideas like proof and application. However, the second question could be rephrased to better fit the flow. |
| Relevance | 5 | All questions relate directly to the statement, exploring its meaning, validity, and implications. They focus on the core concept without straying into tangential topics. |
| Diversity | 4 | The questions cover various aspects of the statement, such as"
"Imagine you are a human, this is the first time you are coming across this Maths Statement or Equation, you have no previous knowledge of it ""Decimals are always more accurate than fractions because they can have many digits after the decimal point."", what are the top 5 questions that would pop up in your head which would be most useful in learning about it as you are new to it. Give me a simple bullet point list, don't explain them or expand them","Sure, here are five questions that might pop up in my head as a human encountering this statement for the first time:

* What do decimals and fractions have to do with accuracy?
* How can decimals have many digits after the decimal point?
* Are there any limitations to using decimals versus fractions?
* Can you give an example of when decimals would be more accurate than fractions?
* Is there a way to convert fractions to decimals, or vice versa?","| Metric | Score | Justification |
|---|---|---|
| Relevance | 4 | The questions are all directly related to the statement and seek to clarify or expand upon its content. |
| Coherence | 4 | The questions follow a logical progression, starting with a general question about the relationship between decimals and fractions and gradually becoming more specific. |
| Diversity | 3 | The questions cover a range of aspects of the statement, including accuracy, notation, limitations, and conversions. However, they could be more diverse by exploring applications or theoretical underpinnings of decimals and fractions. |","| Metric    | Score | Justification                                                                                       |
|-----------|-------|------------------------------------------------------------------------------------------------------|
| Relevance | 5     | All questions directly pertain to the statement and aim to clarify or expand upon its content.       |
| Coherence | 4     | The questions form a coherent line of inquiry, but the progression could be slightly more structured. |
| Diversity | 4     | Different aspects of the statement are explored through the questions, offering a broad understanding. |","

| Metric | Score | Justification |
|---|---|---|
| Coherence | 4 | The questions follow a logical progression, moving from basic conceptual understanding to practical application and comparison. However, they could benefit from a stronger connection between the initial question and subsequent ones. |
| Relevance | 5 | All questions are highly relevant to the original statement, addressing various aspects such as the relationship between decimals and fractions, the meaning of accuracy, and conversion methods. |
| Diversity | 4 | The questions cover a good range of topics related to the statement"
"Imagine you are a human, this is the first time you are coming across this Maths Statement or Equation, you have no previous knowledge of it ""3 + (5 x 2) = (3 + 5) x 2"", what are the top 5 questions that would pop up in your head which would be most useful in learning about it as you are new to it. Give me a simple bullet point list, don't explain them or expand them","Sure! Here are five questions that might be useful for a human encountering the equation ""3 + (5 x 2) = (3 + 5) x 2"" for the first time:

* What does the ""x"" symbol mean in math?
* How do parentheses work in math equations?
* What is the order of operations in math?
* What does it mean to ""simplify"" an equation?
* Can I use a calculator to check my work?","| Metric | Score | Justification |
|---|---|---|
| Relevance | 5 | The questions are all directly related to the given equation, addressing key concepts such as the meaning of symbols, the role of parentheses, the order of operations, and the simplification and verification of equations. |
| Coherence | 4 | The questions form a logical sequence, starting with basic concepts (e.g., the meaning of symbols) and gradually progressing to more complex ones (e.g., order of operations, simplification). However, the inclusion of the question about using a calculator could be considered tangential to the core concepts. |
| Diversity | 3 | The questions cover essential aspects of understanding the equation, including the meaning of symbols, the handling of parentheses, the order of operations, and the process of simplification. However, they do not delve into broader implications or applications of the equation. |","Relevance | 4 | The questions directly address key components of the statement such as the meaning of ""x"" symbol and parentheses in math equations.
Coherence | 3 | The questions flow logically from understanding the symbols to the order of operations, but the transition to using a calculator feels slightly abrupt.
Diversity | 4 | The questions cover various aspects of understanding the equation, from basic symbols to the concept of simplification, offering a diverse exploration of the topic.","

| Metric | Score | Justification |
| --- | --- | --- |
| Coherence | 4 | The questions follow a logical progression, starting with basic concepts like the meaning of symbols and moving towards more complex ideas such as simplifying equations and using tools to verify results. |
| Relevance | 5 | All questions are highly relevant to the provided equation, addressing fundamental concepts required to understand and manipulate it. |
| Diversity | 4 | The questions cover various aspects of the equation, including its components, structure, and methods for verification. However, there may"
"Imagine you are a human, this is the first time you are coming across this Maths Statement or Equation, you have no previous knowledge of it ""y = mx + b describes a horizontal line only when m = 0."", what are the top 5 questions that would pop up in your head which would be most useful in learning about it as you are new to it. Give me a simple bullet point list, don't explain them or expand them","Sure! Here are five questions that might be useful for a human encountering the equation y = mx + b for the first time:

* What does the letter ""m"" represent in the equation?
* What does the letter ""b"" represent in the equation?
* What does the ""="" sign mean in the equation?
* How can I tell if a line is horizontal or not?
* Can you give me an example of how to use this equation to describe a real-world scenario?","| Metric | Score | Justification |
|---|---|---|
| Relevance | 4 | The questions are directly relevant to the statement and aim to clarify its key elements and concepts. |
| Coherence | 3 | The questions follow a logical progression, starting with the most basic elements (variables and symbols) and gradually moving towards more complex concepts (horizontal lines). However, the connection between questions 4 and 5 could be strengthened by explicitly linking them to the equation. |
| Diversity | 4 | The questions cover a diverse range of aspects related to the statement, including the meaning of variables, symbols, the nature of horizontal lines, and real-world applications. |","Metric    |    Score    |    Justification
Relevance    |    5    |    All questions directly pertain to the details and concepts presented in the statement.
Coherence    |    4    |    The questions progress logically from defining variables to understanding the equation and its application.
Diversity    |    4    |    The questions cover various aspects of the statement, from variables to real-world application.","

| Metric | Score | Justification |
| --- | --- | --- |
| Relevance | 4 | The questions are mostly relevant, asking about the components of the equation and its application. However, the second question could be more specific to the concept of a horizontal line. |
| Coherence | 5 | The questions follow a logical order, starting with basic concepts and gradually moving towards more complex ideas like real-world scenarios. |
| Diversity | 4 | The questions cover various aspects of the equation, but there is room for further exploration of related concepts such as slope"
"Imagine you are a human, this is the first time you are coming across this Maths Statement or Equation, you have no previous knowledge of it ""The greatest common factor (GCF) of two numbers is always the same as their product."", what are the top 5 questions that would pop up in your head which would be most useful in learning about it as you are new to it. Give me a simple bullet point list, don't explain them or expand them","Sure! Here are five questions that might be useful for learning about the equation ""The greatest common factor (GCF) of two numbers is always the same as their product"":

* What does ""greatest common factor"" mean?
* How do I find the greatest common factor of two numbers?
* Is this equation true for all numbers, or are there any exceptions?
* Can you give an example of how this equation works?
* How does this equation relate to other math concepts I've learned?","| Metric | Score | Justification |
|---|---|---|
| Relevance | 5 | All questions directly relate to the statement, aiming to clarify the concept of GCF and its relationship with the product of two numbers. |
| Coherence | 4 | The questions follow a logical progression, starting with the definition of GCF and then exploring its calculation, applicability, and connections to other math concepts. |
| Diversity | 3 | The questions cover various aspects of the statement, including the definition, calculation method, applicability, and theoretical underpinnings, but they could explore a wider range of applications or examples to enhance diversity. |","Relevance | 4 | The questions directly relate to the statement about the greatest common factor (GCF) and aim to clarify its meaning, process of finding it, exceptions, examples, and connections to other math concepts.

Coherence | 4 | The questions progress logically from defining the GCF to exploring its calculation, validity, demonstration through examples, and integration with other mathematical concepts.

Diversity | 4 | The questions cover a range of aspects including definitions, procedures, applications, exceptions, and connections, providing a broad exploration of the topic within the context of the given statement.","

| Metric | Score | Justification |
| --- | --- | --- |
| Coherence | 4 | The questions follow a logical progression, starting with defining terms and moving towards examples and application. However, the final question may not be relevant to everyone depending on their prior knowledge. |
| Relevance | 5 | All questions are highly relevant to the statement, aiming to clarify its meaning and implications. They focus on essential concepts and avoid tangential topics. |
| Diversity | 4 | The questions cover various aspects, such as definition, procedure, validity"
"Imagine you are a human, this is the first time you are coming across this Maths Statement or Equation, you have no previous knowledge of it ""The surface area of a cylinder is calculated by 2πr² + 2πrh"", what are the top 5 questions that would pop up in your head which would be most useful in learning about it as you are new to it. Give me a simple bullet point list, don't explain them or expand them","Sure! Here are five questions that might be useful for learning about the equation for the surface area of a cylinder:

* What do the variables r and h represent?
* What is the meaning of the symbol π?
* How do I calculate the surface area of a cylinder using this equation?
* What are some real-world applications of this equation?
* Can you show me an example of how to use this equation to find the surface area of a cylinder?","| Metric | Score | Justification |
|---|---|---|
| Relevance | 5 | All questions directly pertain to the elements and concepts presented in the statement, focusing on the immediate context and clarifying key variables, symbols, and applications. |
| Coherence | 4 | The questions form a logical line of inquiry, progressing from defining key variables to understanding the equation's application. However, the question about real-world applications could be better placed after the question on how to calculate the surface area. |
| Diversity | 4 | The questions cover a broad range of aspects, including definitions, applications, and an example, providing a comprehensive exploration of the statement. However, they could benefit from a question on the theoretical underpinnings of the equation. |","| Metric   | Score | Justification                                                                                                              |
|----------|-------|----------------------------------------------------------------------------------------------------------------------------|
| Relevance | 5     | All questions directly pertain to understanding the statement about the surface area formula for a cylinder.              |
| Coherence | 4     | The questions flow logically, building upon each other to deepen understanding of the formula and its practical use.       |
| Diversity | 5     | The questions cover various aspects including variables, calculation method, real-world applications, and example usage. |","

| Metric | Score | Justification |
| --- | --- | --- |
| Relevance | 4 | The questions are mostly relevant, except for the third question which seems too general and could be more specific to the equation provided. |
| Coherence | 5 | The questions follow a logical order, starting with basic concepts and moving towards practical application. |
| Diversity | 3 | The questions cover various aspects, but there is room for more diverse perspectives, such as exploring the formula's derivation or limitations. |"
"Imagine you are a human, this is the first time you are coming across this Maths Statement or Equation, you have no previous knowledge of it ""The system of equations x + y = 2 and x + y = 3 always has one unique solution."", what are the top 5 questions that would pop up in your head which would be most useful in learning about it as you are new to it. Give me a simple bullet point list, don't explain them or expand them","Sure! Here are five questions that might be useful for learning about the system of equations:

* What does it mean for a system of equations to have a unique solution?
* How can we tell if a system of equations has a unique solution or not?
* What is the difference between the two equations in the system, x + y = 2 and x + y = 3?
* Can we solve this system of equations using substitution or elimination methods?
* Are there any real-world applications where this system of equations might be useful?","| Metric | Score | Justification |
|---|---|---|
| Relevance | 5 | All questions directly relate to the statement, aiming to clarify key concepts and solution methods. |
| Coherence | 4 | The questions form a logical progression from defining unique solutions, to identifying differences, exploring methods, and considering applications. |
| Diversity | 4 | The questions cover various aspects of the statement, including solution characteristics, equation comparison, methods, and potential applications. |","Relevance | 5 | The questions directly pertain to the details and concepts presented in the statement, focusing on unique solutions, methods of solving equations, and real-world applications.
Coherence | 4 | The questions form a logical progression of inquiry, starting with defining a unique solution, moving on to methods of solving, and ending with practical applications.
Diversity | 5 | The questions cover a range of aspects related to the system of equations, including definitions, solution methods, and applications, providing a broad exploration of the topic.","

| Metric | Score | Justification |
|---|---|---|
| Coherence | 4 | The questions follow a logical progression, starting with understanding the concept of a unique solution before moving onto solving techniques and potential applications. However, the last question may slightly deviate from the main focus of the statement. |
| Relevance | 5 | All questions relate directly to the statement, exploring various aspects such as definition, methodology, and application. They effectively address the key components of the statement while avoiding unnecessary tangents. |
| Diversity | 4 | The questions cover several"
"Imagine you are a human, this is the first time you are coming across this Maths Statement or Equation, you have no previous knowledge of it ""In logarithmic functions, log(a) + log(b) = log(a + b) for all bases and positive numbers a and b."", what are the top 5 questions that would pop up in your head which would be most useful in learning about it as you are new to it. Give me a simple bullet point list, don't explain them or expand them","Sure! Here are five questions that might be useful in learning about the equation ""log(a) + log(b) = log(a + b)"" for the first time:

* What does the logarithm function do?
* Why does the equation work for all bases?
* How can I prove that the equation is true?
* Are there any restrictions on the values of a and b?
* Can I use this equation to solve real-world problems?","| Metric  | Score  | Justification  |
|:---|:---|:---|
| Coherence  | 4  | The questions logically connect to one another, forming a coherent line of inquiry that would logically progress a beginner's understanding of the topic. The questions follow a sequential and logical flow, building upon each other to provide a comprehensive exploration of the statement.  |
| Relevance  | 4  | Each question directly pertains to the details, elements, or concepts presented in the statement. The questions focus on clarifying and expanding upon the content of the statement, without introducing peripheral or advanced topics.  |
| Diversity  | 3  | The questions cover a range of aspects related to the statement, but there is some overlap in the areas addressed. While each question brings a new dimension or perspective to understanding the statement, there could be more balance in the exploration of different concepts.  |","| Metric    | Score | Justification                                                                                       |
|-----------|-------|-----------------------------------------------------------------------------------------------------|
| Relevance | 4     | The questions directly pertain to understanding logarithmic functions and the equation presented.   |
| Coherence | 3     | The questions form a logical progression but could be more coherent in building upon each other.    |
| Diversity | 3     | The questions cover various aspects of the statement but could explore more diverse angles or uses. |","

| Metric | Score | Justification |
|---|---|---|
| Coherence | 4 | The questions follow a logical order, starting with basic concepts and moving towards more complex ideas like proof and application. However, the last question could potentially be split into multiple questions to further explore its subtopics. |
| Relevance | 5 | All questions are highly relevant to the original statement, exploring various aspects such as the nature of the logarithm function, the role of base, the validity of the equation, and potential applications. |
| Diversity | 5 | The"
"Imagine you are a human, this is the first time you are coming across this Maths Statement or Equation, you have no previous knowledge of it ""d/dx (e^x) = x*e^x"", what are the top 5 questions that would pop up in your head which would be most useful in learning about it as you are new to it. Give me a simple bullet point list, don't explain them or expand them","Sure! Here are five questions that might be useful for a human encountering the equation ""d/dx (e^x) = x*e^x"" for the first time:

1. What does the ""d/dx"" symbol mean?
2. What is the definition of ""e^x""?
3. What does the notation ""x*e^x"" mean?
4. How do I solve for ""x"" in this equation?
5. Can someone show me an example of how to use this equation in a real-world problem?","| Metric | Score | Justification |
|---|---|---|
| **Relevance** | **4/5** | The questions are all directly relevant to the given equation. They ask about the meaning of the symbols and terms used in the equation, how to solve it, and how it can be applied. Questions 1, 2, 3, 4, and 5 get a score of 4, 4, 3, 5, and 4, respectively, for their level of relevance to the statement. |
| **Coherence** | **3/5** | The questions are somewhat coherent in that they logically progress from defining the symbols and terms in the equation (questions 1 and 2) to explaining how to solve it (question 4), and finally providing a real-world example (question 5). However, question 3 could be more logically connected to the rest of the questions as it focuses on a different aspect of the equation -  the multiplication operation ie. x*e^x. Questions 1, 2, 3, 4, and 5 get a score of 4, 3, 2, 4, and 4, respectively, for ensuring coherence. |
| **Diversity** | **4/5** | The questions cover a broad range of aspects related to the equation. Questions 1 and 2 focus on the mathematical symbols and notations used in the equation, question 3 deals with the algebraic operations present in it, question 4 asks about the solution process, and question 5 explores its practical applications. Questions 1, 2, 3, 4, and 5 get a score of 3, 4, 3, 4, and 5, respectively, for encouraging diversity. |","| Metric    | Score | Justification                                                                                      |
|-----------|-------|----------------------------------------------------------------------------------------------------|
| Relevance | 5     | All questions directly relate to elements in the given equation, focusing on understanding terms. |
| Coherence | 4     | The questions progress logically from defining symbols to applying the equation in a real-world context. |
| Diversity | 3     | While covering different aspects, the questions could benefit from more varied perspectives.       |","

| Metric | Score | Justification |
| --- | --- | --- |
| Coherence | 5 | The questions follow a logical order, starting with foundational concepts like the meaning of d/dx and e^x before moving onto more complex ideas such as solving for x and applying the equation to real-world problems. |
| Relevance | 5 | All questions are highly relevant to the given equation, addressing essential components and providing a comprehensive overview of the concept. |
| Diversity | 5 | The questions cover various aspects of the equation, including its symbols, definitions"
"Imagine you are a human, this is the first time you are coming across this Maths Statement or Equation, you have no previous knowledge of it ""All real numbers can be represented as a decimal."", what are the top 5 questions that would pop up in your head which would be most useful in learning about it as you are new to it. Give me a simple bullet point list, don't explain them or expand them","Sure! Here are five questions that might be useful for learning about the statement ""All real numbers can be represented as a decimal"":

* What is a decimal?
* What is a real number?
* How do I convert a real number to a decimal?
* Are there any restrictions on the types of real numbers that can be represented as decimals?
* Can all decimals be converted back into real numbers?","| Metric | Score | Justification |
|---|---|---|
| Relevance | 4 | The questions are all directly related to the statement ""All real numbers can be represented as a decimal"" and aim to clarify the concepts and processes involved. |
| Coherence | 3 | The questions form a somewhat logical sequence, starting with basic definitions and concepts and gradually moving on to more specific questions about the conversion process and its limitations. However, the transition between the second and third questions could be smoother. |
| Diversity | 4 | The questions cover a range of aspects related to the statement, including the definition of decimals and real numbers, the conversion process, and the limitations and implications of the statement. |","Relevance | 4
- The questions directly pertain to the details and concepts presented in the statement.

Coherence | 3
- The questions are logically connected but could benefit from a clearer progression of inquiry.

Diversity | 3
- The questions cover a range of aspects related to the statement but could introduce more diverse angles of exploration.","

| Metric | Score | Justification |
|---|---|---|
| Relevance | 5 | All questions are directly related to the statement, aiming to clarify its components and implications. |
| Coherence | 4 | The questions follow a logical progression, moving from basic definitions to more complex conversions and potential limitations. |
| Diversity | 5 | The questions cover various aspects of the statement, including definitions, conversion processes, and constraints, offering a comprehensive exploration. |"
"Imagine you are a human, this is the first time you are coming across this Maths Statement or Equation, you have no previous knowledge of it ""∫ x^n dx = x^(n+1) / (n+1)"", what are the top 5 questions that would pop up in your head which would be most useful in learning about it as you are new to it. Give me a simple bullet point list, don't explain them or expand them","Sure! Here are five questions that might be useful for learning about the equation ∫ x^n dx = x^(n+1) / (n+1):

* What does the integral sign ∫ represent?
* What is the meaning of the variable n in the equation?
* What is the purpose of the denominator (n+1) in the fraction?
* How does the equation relate to the concept of differentiation?
* Can you provide an example of how to apply the equation to solve a problem?","| Metric | Score | Justification |
|---|---|---|
| Relevance | 4 | The questions directly pertain to the equation and its components, seeking clarification on the integral sign, the variable n, the denominator, and its relation to differentiation. |
| Coherence | 4 | The questions follow a logical sequence, starting with basic concepts and gradually progressing towards more specific aspects of the equation. |
| Diversity | 4 | The questions encompass a range of topics, including the definition of the integral, the role of n, the significance of the denominator, and the practical application of the equation. |","Relevance          4       The questions directly relate to understanding the integral equation, its variables, and its application in mathematics.
Coherence         3        The questions progress logically from understanding the integral sign to applying the equation, but the connection could be smoother.
Diversity           4       The questions cover different aspects of the equation, from its symbols to its practical use, offering a diverse exploration of the topic.","

| Metric | Score | Justification |
|---|---|---|
| Coherence | 4 | The questions follow a logical order, starting with basic concepts like the meaning of the integral sign and moving towards more complex ideas such as the relationship between integration and differentiation. However, there is room for improvement in connecting the questions more explicitly to the given equation. |
| Relevance | 5 | All questions are highly relevant to the given equation, addressing fundamental components and exploring its implications. They effectively target key aspects of the equation, providing a comprehensive introduction to the topic. |
| Diversity"
"Imagine you are a human, this is the first time you are coming across this Maths Statement or Equation, you have no previous knowledge of it ""The cross product of two vectors is always perpendicular to both vectors."", what are the top 5 questions that would pop up in your head which would be most useful in learning about it as you are new to it. Give me a simple bullet point list, don't explain them or expand them","Sure! Here are five questions that might be useful for learning about the equation ""The cross product of two vectors is always perpendicular to both vectors"":

* What does it mean for two vectors to be perpendicular?
* Can you give an example of two vectors that are perpendicular to each other?
* How do you calculate the cross product of two vectors?
* Is the cross product of two vectors always the same, no matter which order you multiply them in?
* Are there any real-world applications where the cross product of two vectors is used?","| Metric | Score | Justification |
|---|---|---|
| Relevance | 5 | All questions directly relate to the statement, exploring various aspects of perpendicularity, calculation, order, and applications. |
| Coherence | 4 | The questions logically progress, with each question building upon the previous one. They gradually explore the concept from basic definitions to real-world uses. |
| Diversity | 4 | The questions cover a range of aspects, including perpendicularity, calculation, order, and applications. They provide a diverse exploration of the concept. |","| Metric   | Score | Justification                                                                                                         |
|----------|-------|-----------------------------------------------------------------------------------------------------------------------|
| Relevance| 5     | All questions directly pertain to the statement about the cross product of vectors, clarifying key concepts.         |
| Coherence| 4     | The questions flow logically from defining perpendicularity to real-world applications, forming a coherent progression. |
| Diversity| 5     | The questions cover various aspects such as definition, examples, calculation, order, and applications, providing depth. |","

| Metric | Score | Justification |
| --- | --- | --- |
| Coherence | 4 | The questions follow a logical progression, starting with understanding the concept of perpendicularity, moving to examples and calculations, and ending with applications. However, the last question could potentially stray from the main focus of the statement. |
| Relevance | 5 | All questions are highly relevant to the statement, exploring various aspects such as definition, calculation, properties, and applications. They all contribute to building a comprehensive understanding of the cross product concept. |
| Diversity"
"Imagine you are a human, this is the first time you are coming across this Maths Statement or Equation, you have no previous knowledge of it ""The eigenvalues of a matrix are always real numbers."", what are the top 5 questions that would pop up in your head which would be most useful in learning about it as you are new to it. Give me a simple bullet point list, don't explain them or expand them","Sure! Here are five questions that might be useful for someone who is new to the concept of eigenvalues and matrices:

* What is a matrix?
* What is an eigenvalue?
* Why are eigenvalues important?
* How do I calculate the eigenvalues of a matrix?
* Can you give me an example of how eigenvalues are used in real-world applications?","| Metric | Score | Justification |
|---|---|---|
| Relevance | 5 | All questions are directly relevant to the statement, exploring different aspects of eigenvalues and their significance. |
| Coherence | 4 | The questions form a logical sequence, starting with basic definitions and progressing towards their importance and applications. |
| Diversity | 3 | While the questions cover various aspects, they primarily focus on understanding eigenvalues of a matrix, without exploring broader theoretical underpinnings. |","Metric | Score | Justification
Relevance | 5 | All questions directly pertain to the details and concepts introduced in the statement about eigenvalues of a matrix.
Coherence | 4 | The questions form a logical progression from defining basic terms to understanding calculations and applications of eigenvalues.
Diversity | 4 | The questions cover a range of aspects related to eigenvalues, including definitions, importance, calculations, and real-world applications. Further diversity could include discussing eigenvectors or the relationship to diagonalization.

(Note: The scores and justifications provided here are just examples and may vary based on individual evaluations)","

| Metric | Score | Justification |
|---|---|---|
| Coherence | 4 | The questions follow a logical progression, starting with basic concepts and gradually building towards more complex ideas like calculating eigenvalues and real-world applications. However, there is room for improvement in terms of explicitly connecting the questions to create a clearer narrative for beginners. |
| Relevance | 5 | All questions are highly relevant to the original statement, addressing fundamental concepts related to eigenvalues and matrices while also exploring practical applications. This ensures that the user gains both a solid understanding of the theory and"
"Imagine you are a human, this is the first time you are coming across this Maths Statement or Equation, you have no previous knowledge of it ""A series is convergent if the terms approach zero as the number of terms approaches infinity."", what are the top 5 questions that would pop up in your head which would be most useful in learning about it as you are new to it. Give me a simple bullet point list, don't explain them or expand them","Sure! Here are five questions that might be useful for learning about the statement ""A series is convergent if the terms approach zero as the number of terms approaches infinity"":

* What does it mean for a series to converge?
* What does it mean for a term to approach zero?
* How can we determine whether a series converges or not?
* Are there any examples of convergent series that I can use to understand this concept better?
* Is there a way to prove that a series converges, or do we just have to rely on mathematical intuition?","| Metric | Score | Justification |
|---|---|---|
| Relevance | 5 | All questions directly relate to the statement, exploring its key concepts and implications. |
| Coherence | 4 | The questions follow a logical progression, starting with basic definitions and moving towards more complex concepts like determining convergence and proving convergence. |
| Diversity | 4 | The questions cover a range of aspects, including understanding convergence, term behavior, determining convergence, examples, and methods of proof. |","| Metric    | Score | Justification                                                                                                      |
|-----------|-------|--------------------------------------------------------------------------------------------------------------------|
| Relevance | 5     | All questions directly pertain to the details and concepts presented in the statement.                             |
| Coherence | 4     | The questions form a logical progression in exploring the concept of convergent series, but could be more structured. |
| Diversity | 4     | The questions cover various aspects of the statement, including definitions, examples, determinations, and proofs.  |","

| Metric | Score | Justification |
| --- | --- | --- |
| Coherence | 4 | The questions follow a logical order, starting with basic concepts and gradually moving towards more complex ideas like proofs and examples. |
| Relevance | 5 | All questions are highly relevant to the original statement, exploring various aspects of convergence, approaching zero, and methods of determination. |
| Diversity | 5 | A wide range of aspects are covered, including definition, properties, examples, and proof techniques, providing a comprehensive exploration of the topic. |"
"Imagine you are a human, this is the first time you are coming across this Maths Statement or Equation, you have no previous knowledge of it ""Fourier transforms can only be used to analyze periodic functions."", what are the top 5 questions that would pop up in your head which would be most useful in learning about it as you are new to it. Give me a simple bullet point list, don't explain them or expand them","Sure! Here are five questions that might be useful for a human encountering the statement ""Fourier transforms can only be used to analyze periodic functions"" for the first time:

* What is a Fourier transform?
* What is a periodic function?
* Why can Fourier transforms only be used to analyze periodic functions?
* Are there any exceptions to this rule?
* How does this limitation affect the use of Fourier transforms in practice?","| Metric | Score | Justification |
|---|---|---|
| Relevance | 5 | All questions are directly related to the statement and aim to clarify different aspects of it, focusing on key concepts introduced by the statement. |
| Coherence | 4 | The questions follow a logical order, building upon each other to explore the statement's elements and implications. This coherent progression would guide the learner through a structured inquiry. |
| Diversity | 5 | The questions cover a range of topics, from basic definitions to theoretical limitations and practical implications of the statement. This diversity ensures a comprehensive exploration of the statement's implications. |","Metric | Score | Justification
Relevance | 5 | All questions directly relate to the statement about Fourier transforms and periodic functions, seeking to understand the concepts involved.
Coherence | 4 | The questions progress logically from defining Fourier transforms and periodic functions to exploring their limitations and practical implications, but there could be a clearer connection between question 3 and 4.
Diversity | 5 | The questions cover a range of aspects including definitions, limitations, exceptions, and practical implications, offering a well-rounded exploration of the topic.","

| Metric | Score | Justification |
| --- | --- | --- |
| Coherence | 4 | The questions follow a logical order, starting with defining terms and then exploring the limitations and practical implications of the statement. However, the last two questions could potentially be rephrased to better reflect a beginner's curiosity. |
| Relevance | 5 | All questions are highly relevant to the statement, aiming to clarify and expand upon its various components. They focus on the core ideas presented in the statement without straying into tangential topics. |
| D"
"Imagine you are a human, this is the first time you are coming across this Maths Statement or Equation, you have no previous knowledge of it ""A fraction with a numerator larger than the denominator is always a mixed number."", what are the top 5 questions that would pop up in your head which would be most useful in learning about it as you are new to it. Give me a simple bullet point list, don't explain them or expand them","Sure! Here are five questions that might be useful for learning about the statement ""A fraction with a numerator larger than the denominator is always a mixed number"":

* What is a fraction?
* What is a mixed number?
* Why does the numerator being larger than the denominator matter?
* Are there any exceptions to this rule?
* Can you give an example of a fraction that is not a mixed number?","| Metric | Score | Justification |
|---|---|---|
| Relevance | 4 | All questions directly pertain to the statement, aiming to clarify the concepts of fractions and mixed numbers, the relationship between the numerator and denominator, and potential exceptions. |
| Coherence | 3 | The questions flow logically, starting with foundational concepts and progressing to more specific inquiries about the statement. However, the transition from question 3 to 4 could be smoother. |
| Diversity | 4 | The questions cover a range of aspects, including definitions, the impact of numerator-denominator relationships, and consideration of exceptions. |","Metric | Score | Justification
Relevance | 5 | All questions directly pertain to understanding the given statement about fractions and mixed numbers.
Coherence | 4 | The questions follow a logical progression exploring fractions, mixed numbers, the importance of numerator size, exceptions, and examples.
Diversity | 4 | The questions cover different aspects like definitions of fractions and mixed numbers, the relationship between numerator and denominator, exceptions, and practical examples.","

| Metric | Score | Justification |
|---|---|---|
| Relevance | 5 | All questions are directly relevant to the statement, aiming to clarify or expand upon its various components. |
| Coherence | 4 | The questions generally follow a logical order, moving from basic definitions to more complex considerations like exceptions and examples. However, some connections could be stronger, such as explicitly linking fractions and mixed numbers before asking about exceptions. |
| Diversity | 5 | The questions cover a wide range of aspects related to the statement, including definitions, conditions"
"Imagine you are a human, this is the first time you are coming across this Maths Statement or Equation, you have no previous knowledge of it ""Multiplying a number by a fraction is the same as dividing the number by the numerator of the fraction."", what are the top 5 questions that would pop up in your head which would be most useful in learning about it as you are new to it. Give me a simple bullet point list, don't explain them or expand them","Sure! Here are five questions that might be useful for learning about the equation ""Multiplying a number by a fraction is the same as dividing the number by the numerator of the fraction"":

* What does it mean to multiply a number by a fraction?
* What does it mean to divide a number by a fraction?
* How can I visualize this concept?
* Are there any real-world applications of this equation?
* Can you provide an example or two to illustrate how this equation works?","| Metric | Score | Justification |
|---|---|---|
| Relevance | 4 | The questions are directly related to the statement and delve into its key elements, such as multiplication, division, and fractions. |
| Coherence | 5 | The questions flow logically, progressing from basic concepts to more advanced applications, creating a structured path for understanding. |
| Diversity | 4 | The questions cover various aspects of the statement, including definitions, visualization techniques, real-world applications, and practical examples, providing a well-rounded exploration. |","Metric | Score | Justification
Relevance | 5 | All questions directly pertain to the statement about multiplying a number by a fraction and dividing by the numerator of the fraction.
Coherence | 4 | The questions progress logically from understanding the basic concepts to visualization, applications, and examples. However, the order could be slightly improved for a smoother flow.
Diversity | 5 | The questions cover a range of aspects including definitions, visualization, real-world applications, and examples, providing a comprehensive exploration of the statement.","

| Metric | Score | Justification |
|---|---|---|
| Coherence | 4 | The questions follow a logical progression, starting with basic definitions and moving towards practical applications and examples. However, they could benefit from a stronger connection between the visualization request and the real-world application. |
| Relevance | 5 | All questions are highly relevant to the statement, addressing fundamental concepts and exploring the practical implications of the equation. They focus on essential aspects of understanding the statement without straying into tangential topics. |
| Diversity | 4 | The questions cover"
"Imagine you are a human, this is the first time you are coming across this Maths Statement or Equation, you have no previous knowledge of it ""7 - (2 + 3) = (7 - 2) + 3"", what are the top 5 questions that would pop up in your head which would be most useful in learning about it as you are new to it. Give me a simple bullet point list, don't explain them or expand them","Sure! Here are five questions that might be useful for a human encountering the equation ""7 - (2 + 3) = (7 - 2) + 3"" for the first time:

* What does the minus sign (-) mean in math?
* How do parentheses work in math equations?
* What is the order of operations in math?
* Can I simplify the equation by combining like terms?
* What does the equal sign (=) mean in math?","| Metric | Score | Justification |
|---|---|---|
| Relevance | 4 | The questions directly relate to essential concepts within the equation, such as the meaning of symbols, the role of parentheses, and the order of operations, which are fundamental to understanding how the equation works. |
| Coherence | 4 | The questions progress logically, starting with foundational concepts (e.g., the meaning of minus sign) and gradually building toward more complex aspects (e.g., order of operations and combining like terms). This sequence facilitates a structured exploration of the equation. |
| Diversity | 3 | The questions cover a range of aspects related to the equation, including the meaning of symbols, the use of parentheses, the order of operations, and the concept of like terms. However, they do not delve into broader implications or applications of the equation itself. |","Metric | Score | Justification
Relevance | 5 | All questions directly pertain to the details and concepts presented in the statement, focusing on understanding the basic elements of the equation.
Coherence | 5 | The questions progress logically from understanding basic mathematical symbols to order of operations, simplification, and the meaning of the equal sign.
Diversity | 4 | The questions cover a range of aspects related to the equation, from symbols to operations, but could include a question on solving the equation as well to enhance diversity.","

| Metric | Score | Justification |
|---|---|---|
| Coherence | 4 | The questions follow a logical progression, starting with basic concepts and moving towards more complex operations. However, there is room for improvement in explicitly connecting the questions to the given equation. |
| Relevance | 5 | All questions are highly relevant to the given equation, addressing fundamental concepts required to understand and manipulate it. |
| Diversity | 4 | The questions cover various aspects of the equation, such as operators, parentheses, order of operations, and equality. A slightly"
"Imagine you are a human, this is the first time you are coming across this Maths Statement or Equation, you have no previous knowledge of it ""x = 2y; if y = -3, then x must be positive."", what are the top 5 questions that would pop up in your head which would be most useful in learning about it as you are new to it. Give me a simple bullet point list, don't explain them or expand them","Sure! Here are five questions that might be useful for a human encountering the equation ""x = 2y; if y = -3, then x must be positive"" for the first time:

* What does the equation mean?
* Why does y have to be negative?
* How do we know that x has to be positive?
* Can we solve for y in terms of x?
* Are there any real-world applications of this equation?","| Metric | Score | Justification |
|---|---|---|
| Relevance | 4 | The questions directly address the elements and concepts presented in the statement, seeking to clarify its meaning, implications, and applicability. |
| Coherence | 3 | The questions follow a logical progression, starting with a general understanding of the equation and progressing to more specific aspects such as the sign of y and the positivity of x. However, the connection between the fourth and fifth questions could be stronger. |
| Diversity | 4 | The questions cover a range of aspects, including the equation's meaning, the relationship between y and x, and potential applications, providing a broad exploration of the topic. |","Metric     | Score | Justification
Relevance  |   4    | Questions directly address the elements and concepts in the statement, focusing on clarifying meanings and implications.
Coherence  |   3    | Questions form a coherent progression, but could benefit from a clearer logical flow between them.
Diversity  |   4    | Questions cover different aspects such as understanding the equation, implications of negative y, solving for variables, and real-world applications.","

| Metric | Score | Justification |
| --- | --- | --- |
| Relevance | 4 | The questions are mostly relevant to the statement, except for the last one which explores real-world applications, which may not be immediately apparent without further study. |
| Coherence | 5 | The questions follow a logical order, starting with basic comprehension and moving towards more complex considerations like solving for variables and real-world applications. |
| Diversity | 4 | The questions cover various aspects of the equation, such as meaning, conditions, and potential applications,"
"Imagine you are a human, this is the first time you are coming across this Maths Statement or Equation, you have no previous knowledge of it ""Percent (%) can be used to represent a part out of any whole number, not just 100."", what are the top 5 questions that would pop up in your head which would be most useful in learning about it as you are new to it. Give me a simple bullet point list, don't explain them or expand them","Sure, here are five questions that might pop up in my head as a human encountering the equation ""Percent (%) can be used to represent a part out of any whole number, not just 100"" for the first time:

* What does ""part out of any whole number"" mean?
* How does the percent sign (%) work in this context?
* Can you give an example of how to use percentages with a number other than 100?
* Is there a specific formula or rule for calculating percentages?
* How does this equation relate to real-world situations","| Metric | Score | Justification |
|---|---|---|
| Relevance | 5 | All questions directly relate to the statement, seeking clarification on its key concepts and implications. |
| Coherence | 5 | The questions logically progress, starting with an understanding of the basic terms and proceeding to more specific applications. |
| Diversity | 4 | The questions cover a range of aspects, from the definition of percentage to its usage and real-world applications. The only area for improvement could be exploring the theoretical underpinnings of the equation. |","| Metric    | Score | Justification                                                                                                                                                      |
|-----------|-------|---------------------------------------------------------------------------------------------------------------------------------------------------------------------|
| Relevance | 5     | All questions directly relate to the statement about using percentages with numbers other than 100.                                                                |
| Coherence | 4     | The questions progress logically from understanding the concept to its application in real-world situations.                                                        |
| Diversity | 5     | The questions cover the meaning of ""part out of any whole number,"" the usage of percentages, examples, calculations, and real-world relevance.                   |","

| Metric | Score | Justification |
| --- | --- | --- |
| Relevance | 4 | The questions are mostly relevant to the statement, except for the last one, which seems too general and could be more specific to the concept of percentages. |
| Coherence | 5 | The questions follow a logical progression, starting with basic understanding and moving towards practical application and relationship to real-world scenarios. |
| Diversity | 3 | The questions cover some aspects of the statement, such as definition and calculation, but miss other dimensions like limitations, historical context"
"Imagine you are a human, this is the first time you are coming across this Maths Statement or Equation, you have no previous knowledge of it ""The volume of a pyramid is calculated by V = (1/3)Bh"", what are the top 5 questions that would pop up in your head which would be most useful in learning about it as you are new to it. Give me a simple bullet point list, don't explain them or expand them","Sure! Here are five questions that might be useful for learning about the equation V = (1/3)Bh:

* What does V represent?
* What does B represent?
* What does h represent?
* Why is the formula written as (1/3)Bh and not just Bh?
* How can I use this formula to find the volume of a pyramid?","| Metric | Score | Justification |
|---|---|---|
| Relevance | 5 | All questions directly target elements within the equation, seeking to clarify its components and their relationship to volume. |
| Coherence | 4 | The questions follow a logical sequence from defining variables to understanding the formula's structure and application. |
| Diversity | 4 | The questions cover a range of aspects, including variable definitions, formula structure, and its practical application in calculating volume. |","Relevance | 5 | The questions directly address specific elements of the equation presented.
Coherence | 4 | The questions flow logically and build upon each other, but could benefit from slightly more explicit connection.
Diversity | 4 | The questions cover various aspects of the equation, but could introduce additional dimensions for a broader exploration.","

| Metric | Score | Justification                                                                                                                                                                                                                                                                                                                                                                                                                                                                                                                                                                                                                                                                                                                                                                                                                                                                                                                                                                                                                                                                                                                                                                                                                                                                                                                                                                                                                                                                                                                                                                                                                                                                                                                                                                                                                                                                                                                                                                "
"Imagine you are a human, this is the first time you are coming across this Maths Statement or Equation, you have no previous knowledge of it ""The solution to a quadratic equation can always be found using the quadratic formula."", what are the top 5 questions that would pop up in your head which would be most useful in learning about it as you are new to it. Give me a simple bullet point list, don't explain them or expand them","Sure! Here are five questions that might be useful for a human encountering the statement ""The solution to a quadratic equation can always be found using the quadratic formula"" for the first time:

* What is a quadratic equation?
* What is the quadratic formula?
* How do I use the quadratic formula to find the solutions to a quadratic equation?
* Are there any restrictions or limitations on the use of the quadratic formula?
* Can you provide an example of how to apply the quadratic formula to a specific quadratic equation?","| Metric | Score | Justification |
|---|---|---|
| Relevance | 5 | The questions directly relate to the statement, aiming to understand the definition, formula, usage, limitations, and application of the quadratic formula within the context of quadratic equations |
| Coherence | 4 | The questions logically progress from introducing the concept of a quadratic equation (Q1), to understanding the formula (Q2) and its application (Q3), then exploring potential limitations (Q4) and a practical example (Q5) |
| Diversity | 5 | The questions cover a range of aspects related to the statement, encompassing definitions, procedures, and practical application, offering a well-rounded exploration of the topic |","| Metric    | Score | Justification                                                                                                                                        |
|-----------|-------|-------------------------------------------------------------------------------------------------------------------------------------------------------|
| Relevance | 5     | All questions directly pertain to understanding the statement about the quadratic formula and its application to quadratic equations.            |
| Coherence | 4     | The questions form a logical progression in understanding quadratic equations, although the last question could be better placed earlier.      |
| Diversity | 4     | The questions cover various aspects of quadratic equations, from basic definitions to application, providing a well-rounded exploration of the topic. |","

| Metric | Score | Justification |
|---|---|---|
| Coherence | 4 | The questions follow a logical progression, starting with defining basic terms and gradually moving towards more complex concepts like applying the formula and understanding its limitations. However, the last question could potentially be split into two separate questions to further enhance coherence. |
| Relevance | 5 | All questions are highly relevant to the original statement, focusing on the definition of quadratic equations, the quadratic formula, and its application. They directly address the core concept and aim to clarify and expand upon the statement"
"Imagine you are a human, this is the first time you are coming across this Maths Statement or Equation, you have no previous knowledge of it ""The absolute value of a sum is always equal to the sum of the absolute values."", what are the top 5 questions that would pop up in your head which would be most useful in learning about it as you are new to it. Give me a simple bullet point list, don't explain them or expand them","Sure! Here are five questions that might be useful for learning about the equation ""The absolute value of a sum is always equal to the sum of the absolute values"":

* What does ""absolute value"" mean in this context?
* Can you give an example of how this equation works?
* How can I prove that this equation is true?
* Are there any exceptions or cases where this equation doesn't hold true?
* How can I apply this equation in real-world situations?","| Metric | Score | Justification |
|---|---|---|
| Relevance | 4 | The questions directly address the concepts and details within the mathematical statement, focusing on understanding the meaning of absolute value, examples of its application, proof of its validity, and its real-world implications. |
| Coherence | 4 | The questions progress logically, starting with a fundamental definition and progressing to examples, proof, exceptions, and applications. Each question builds upon the previous one, creating a structured line of inquiry. |
| Diversity | 3 | While the questions cover a range of aspects related to the statement, they primarily focus on the theoretical understanding of the equation. Including a question that explores the practical applications or limitations of the equation would enhance the diversity of the set. |","| Metric   | Score | Justification                                                                                           |
|----------|-------|----------------------------------------------------------------------------------------------------------|
| Relevance | 5     | All questions directly pertain to understanding the statement about the absolute value of a sum.        |
| Coherence | 4     | The questions progress logically from defining terms to application, but the proof question could be before the example. |
| Diversity | 5     | The questions cover definitions, examples, proofs, exceptions, and real-world applications.              |","

| Metric | Score | Justification |
|---|---|---|
| Relevance | 5 | All questions are directly related to the statement, asking for clarification, proof, examples, limitations, and applications. |
| Coherence | 4 | The questions follow a logical progression, moving from basic definition to more complex topics like proof and application, though they could benefit from stronger connections between each other. |
| Diversity | 5 | The questions cover various aspects of the statement, providing a well-rounded exploration of the concept through definitions, examples, proof, limitations,"
"Imagine you are a human, this is the first time you are coming across this Maths Statement or Equation, you have no previous knowledge of it ""Any two lines with negative reciprocals for their slopes are always perpendicular."", what are the top 5 questions that would pop up in your head which would be most useful in learning about it as you are new to it. Give me a simple bullet point list, don't explain them or expand them","Sure! Here are five questions that might be useful in learning about the equation ""Any two lines with negative reciprocals for their slopes are always perpendicular"":

* What does it mean for two lines to have negative reciprocals for their slopes?
* How can I identify lines with negative reciprocals for their slopes?
* What does it mean for two lines to be perpendicular?
* Can you show me an example of two lines with negative reciprocals for their slopes that are perpendicular?
* How does this equation","| Metric | Score | Justification |
|---|---|---|
| Relevance | 4 | The questions all directly relate to the elements and concepts within the given statement, focusing on the immediate context and aiming to clarify and expand upon its content. |
| Coherence | 3 | The questions are logically connected, forming a coherent line of inquiry that progressively guides the learner's understanding of the statement, transitioning from definitions to examples and implications. |
| Diversity | 4 | The questions cover a diverse range of aspects related to the statement, exploring definitions, identification methods, geometric implications, and applications. |","| Metric   | Score | Justification                                                                                                                  |                                                                                                                                                                    |
|----------|-------|--------------------------------------------------------------------------------------------------------------|-------------------------------------------------------------------------------------------------------------------------------------------------------------------|
| Relevance | 4     | The questions directly pertain to the main concepts of slopes, perpendicular lines, and negative reciprocals. |                                                                                                                                                                    |
| Coherence | 3     | The questions progress logically from understanding the components to identifying examples and applications. | However, the last question is incomplete and does not align with the progression of inquiry.                                                                       |
| Diversity | 4     | The questions cover a range of aspects related to the statement, including definitions, identification, and examples. | It offers a well-rounded exploration without delving into advanced or peripheral topics.                                                                                                                                                     
                                                                                                                                     |                                                                                                                                                                  |                                                                                                                                                                    |                                                                                                                                                                    |                                                                                                                                                                    |                                                                                                                                                                    |                                                                                                                                                                    |                                                                                                                                                                    |                                                                                                                                                                    |                                                                                                                                                                    |                                                                                                                                                                    |                                                                                                                                                                    |                                                                                                                                                                    |
                                                                                                                                                                                         |                                                                                                                                                                  |                                                                                                                                                                    |                                                                                                                                                                    |                                                                                                                                                                    |                                                                                                                                                                    |                                                                                                                                                                    |                                                                                                                                                                    |                                                                                                                                                                    |                                                                                                                                                                    |                                                                                                                                                                    |                                                                                                                                                                    |                                                                                                                                                                    |
                                                                                                                                                                                    |
                                                                                                                                                                      |
                                                                                                                                                                                         |
                                                                                                                                                                                         |                                                                                                                                                                  |                                                                                                                                                                    |                                                                                                                                                                    |                                                                                                                                                                    |                                                                                                                                                                    |                                                                                                                                                                    |                                                                                                                                                                   ","

| Metric | Score | Justification |
| --- | --- | --- |
| Coherence | 4 | The questions follow a logical progression, starting with defining key terms and building towards more complex ideas like examples and proofs. |
| Relevance | 5 | All questions are directly relevant to the statement, focusing on understanding the concept of negative reciprocals and perpendicular lines. |
| Diversity | 4 | The questions cover a range of aspects related to the statement, including definitions, identification, examples, and proofs. However, there may be room for"
"Imagine you are a human, this is the first time you are coming across this Maths Statement or Equation, you have no previous knowledge of it ""∫ sin²(x) dx = 2sin(x)"", what are the top 5 questions that would pop up in your head which would be most useful in learning about it as you are new to it. Give me a simple bullet point list, don't explain them or expand them","Sure! Here are five questions that might be useful for learning about the equation ∫ sin²(x) dx = 2sin(x):

* What does the integral sign ∫ represent?
* What is the function being integrated, sin²(x)?
* What is the variable of integration, x?
* What does the equal sign = indicate in this equation?
* How can I solve for sin(x) in terms of the integral?","| Metric | Score | Justification |
|---|---|---|
| Relevance | 5 | The questions directly relate to the elements, concepts, and details within the equation, focusing on the immediate context. They aim to clarify and explore the components and meaning of the equation, making them highly relevant to understanding it as a beginner. |
| Coherence | 4 | The questions are logically connected, forming a structured line of inquiry. They progress from understanding the integral sign to the function being integrated, the variable, the meaning of the equal sign, and finally, how to solve for sin(x). This coherent progression facilitates a logical exploration of the equation. |
| Diversity | 3 | The questions cover various aspects of the equation, including the integral sign, function, variable, equal sign, and solving for sin(x). However, they primarily focus on the equation's components and basic understanding rather than exploring potential applications, implications, or theoretical underpinnings. While they provide a good range of perspectives, further diversity in exploration could enhance the understanding of the equation. |","Relevance | 4 | The questions directly pertain to the details and concepts presented in the statement, focusing on integral representation, the function being integrated, the variable of integration, and solving for sin(x).
Coherence | 4 | The questions form a coherent progression in understanding the integral equation, starting from the basics of the integral sign to determining sin(x) in terms of the integral.
Diversity | 3 | While the questions cover integral representation, functions, variables, and solving, more diversity could be introduced by exploring the properties or graphical interpretation of sin²(x) and 2sin(x).

(Note: Your evaluation seems thorough and captures the strengths and areas for improvement well.)","

| Metric | Score | Justification |
| --- | --- | --- |
| Coherence | 4 | The questions follow a logical order, starting with basic concepts like the meaning of the integral sign and moving towards more complex ideas such as solving for sin(x). However, some questions could be rephrased to better flow together. |
| Relevance | 5 | All questions are highly relevant to the given equation, addressing fundamental components like the function being integrated and the role of the equal sign. They also touch on the concept of solving for sin(x), which relates to"
"Imagine you are a human, this is the first time you are coming across this Maths Statement or Equation, you have no previous knowledge of it ""The curl of a vector field describes its divergence."", what are the top 5 questions that would pop up in your head which would be most useful in learning about it as you are new to it. Give me a simple bullet point list, don't explain them or expand them","Sure! Here are five questions that might be helpful for a human encountering the equation ""The curl of a vector field describes its divergence"" for the first time:

* What is a vector field?
* What does it mean for a vector field to diverge?
* What is the curl of a vector field?
* How does the curl of a vector field relate to its divergence?
* Can you give an example of a situation where the curl of a vector field describes its divergence?","| Metric        | Score | Justification                                                                                                                                                                                                                      |
|---------------|-------|------------------------------------------------------------------------------------------------------------------------------------------------------------------------------------------------------------------------------------------------------------------------------------------|
| Coherence     | 4     | The questions are logically connected and form a coherent line of inquiry. They start with basic concepts (vector field, divergence, curl) and progress to explore the relationship between curl and divergence.                                                 |
| Relevance     | 5     | All the questions are directly relevant to the statement ""The curl of a vector field describes its divergence."" They aim to clarify the meaning of the statement and how the curl and divergence are related.                                                     |
| Diversity     | 4     | The questions cover a range of aspects related to the statement, including definitions, implications, and applications. They provide a broad exploration of the topic while maintaining direct relevance.                                                       |","| Metric   | Score | Justification                                                                                             |
|----------|-------|-----------------------------------------------------------------------------------------------------------|
| Relevance | 5     | All questions directly address the components of the given statement                                    |
| Coherence | 4     | The questions progress logically from understanding basic terms to their relationship with each other    |
| Diversity | 5     | Each question explores a different aspect of the statement, providing a comprehensive understanding     |","

| Metric | Score | Justification |
| --- | --- | --- |
| Relevance | 5 | All questions are directly relevant to the statement, aiming to clarify key terms and relationships. |
| Coherence | 4 | The questions follow a logical progression, moving from defining basic terms to exploring their relationship and providing an example. |
| Diversity | 5 | The questions cover various aspects of the statement, including definitions, relationships, and practical application. |"
"Imagine you are a human, this is the first time you are coming across this Maths Statement or Equation, you have no previous knowledge of it ""The trace of a matrix is the sum of all its elements on the diagonal."", what are the top 5 questions that would pop up in your head which would be most useful in learning about it as you are new to it. Give me a simple bullet point list, don't explain them or expand them","Sure! Here are five questions that might be useful for learning about the trace of a matrix:

* What is a matrix?
* What is the diagonal of a matrix?
* How do I find the trace of a matrix?
* Is the trace of a matrix always a scalar value?
* Can the trace of a matrix be negative or imaginary?","| Metric | Score | Justification |
|:---|:---|:---|
| Relevance | 5 | The questions directly relate to the definition of the trace of a matrix and its properties, providing a logical starting point for understanding the concept. |
| Coherence | 5 | The questions progress from foundational concepts (matrices and diagonals) to the specific operation of finding the trace, ensuring a coherent flow of inquiry. |
| Diversity | 4 | While the questions cover essential aspects of the trace, they primarily focus on its definition and calculation. Including questions about its applications or theoretical significance could enhance diversity. |","| Metric   | Score | Justification                                                                                                              |
|----------|-------|----------------------------------------------------------------------------------------------------------------------------|
| Relevance|   5   | All questions directly relate to understanding the concept of the trace of a matrix without introducing extraneous details  |
| Coherence|   4   | The questions progress logically from defining a matrix to inquiring about its trace, forming a coherent progression         |
| Diversity|   4   | The questions cover different aspects of matrices and their traces, offering a varied exploration of the topic                |","

| Metric | Score | Justification |
|---|---|---|
| Coherence | 4 | The questions follow a logical order, starting with basic concepts like matrices and diagonals before moving onto more specific questions about the trace. However, some questions could be rephrased to better flow together. |
| Relevance | 5 | All questions are highly relevant to the concept of the trace of a matrix, focusing on essential components such as the definition, calculation, and properties. |
| Diversity | 4 | The questions cover various aspects of the trace of a matrix,"
"Imagine you are a human, this is the first time you are coming across this Maths Statement or Equation, you have no previous knowledge of it ""Every continuous function is also uniformly continuous."", what are the top 5 questions that would pop up in your head which would be most useful in learning about it as you are new to it. Give me a simple bullet point list, don't explain them or expand them","Sure! Here are five questions that might be useful for learning about the statement ""Every continuous function is also uniformly continuous"":

* What does it mean for a function to be continuous?
* What does it mean for a function to be uniformly continuous?
* Are there any examples of functions that are continuous but not uniformly continuous?
* How can I prove that a continuous function is also uniformly continuous?
* Are there any important consequences or applications of this statement in mathematics or other fields?","| Metric | Score | Justification |
|---|---|---|
| Relevance | 5 | All five questions are directly related to the statement ""Every continuous function is also uniformly continuous."" They ask about the definitions of continuity and uniform continuity, provide examples, explore methods of proof, and discuss potential consequences or applications. |
| Coherence | 4 | The questions form a coherent line of inquiry. They start with basic definitions, then move on to more advanced concepts, and finally consider applications. This logical progression facilitates a structured exploration of the statement. |
| Diversity | 4 | The questions cover a wide range of aspects related to the statement. They include definitions, implications, applications, and theoretical underpinnings. This diversity offers a broad exploration of the topic. |","Relevance        4       The questions directly pertain to the definitions and implications of the statement.
Coherence        5       The questions form a logical progression from understanding continuity to uniform continuity.
Diversity         4        The questions cover definitions, examples, proofs, and applications, providing a well-rounded exploration of the topic.","

| Metric | Score | Justification |
| --- | --- | --- |
| Coherence | 4 | The questions follow a logical progression, starting with foundational concepts like continuity and building towards more complex ideas such as proof methods and applications. However, the last question may slightly deviate from the main theme of understanding the statement itself. |
| Relevance | 5 | All questions are highly relevant to the statement, aiming to clarify key terms, identify counterexamples, discuss proof strategies, and explore potential implications. They focus directly on the statement and its related concepts."
"Imagine you are a human, this is the first time you are coming across this Maths Statement or Equation, you have no previous knowledge of it ""Abstract algebra is a branch of mathematics used to study the properties of physical objects."", what are the top 5 questions that would pop up in your head which would be most useful in learning about it as you are new to it. Give me a simple bullet point list, don't explain them or expand them","Sure, here are five questions that could be useful in learning about abstract algebra:

* What are the specific properties of physical objects that abstract algebra is used to study?
* How does abstract algebra differ from other branches of mathematics, such as calculus or geometry?
* Can you provide examples of how abstract algebra is applied in real-world situations?
* What are some of the key concepts or techniques used in abstract algebra?
* How can I apply abstract algebra to my own field of study or work?","| Metric | Score | Justification |
|---|---|---|
| Relevance | 4 | The questions are directly related to the statement and aim to clarify the properties of physical objects studied in abstract algebra, its differentiation from other math branches, real-world applications, key concepts, and potential applications. |
| Coherence | 3 | The questions follow a logical progression, starting from the basics (properties of physical objects) to more advanced topics (applications and techniques). However, the connection between the last two questions could be improved to enhance the flow. |
| Diversity | 4 | The questions cover a range of aspects, including the specific properties, differentiation from other branches, real-world applications, key concepts, and potential applications. This provides a broad exploration of abstract algebra. |","Relevance | 4 | The questions directly pertain to the properties of physical objects and the application of abstract algebra in real-world situations, aligning with the statement provided.

Coherence | 4 | The questions form a coherent progression from understanding the properties of physical objects to the key concepts and techniques used in abstract algebra, leading to practical applications.

Diversity | 4 | The questions cover a range of aspects such as properties of physical objects, differences from other branches of mathematics, applications in real-world situations, key concepts, and practical applications, offering a diverse exploration of abstract algebra.","

| Metric | Score | Justification |
|---|---|---|
| Relevance | 4 | The questions are mostly relevant to the statement, asking for specifics about the application and methods of abstract algebra. However, the last question may be too general and not directly related to the statement. |
| Coherence | 3 | The questions do not seem to follow a clear progression or theme, and there is no clear order or structure to the questions. They seem somewhat disconnected from each other. |
| Diversity | 4 | The questions cover a range of aspects related to"
