Instruction,outputs_Mistral_csv,Gemini Output,GPT Output,Mistral Output
"Imagine you are a human, this is the first time you are coming across this Maths Statement or Equation, you have no previous knowledge of it ""5 + 3 x 2 = 11"", what are the top 5 questions that would pop up in your head which would be most useful in learning about it as you are new to it. Give me a simple bullet point list, don't explain them or expand them","* What do the symbols represent (5, 3, 2, +, x, =)?
* Is there a specific order in which the operations should be performed?
* Are there any rules or properties of arithmetic that apply to this equation?
* How can I check if the equation is true or false?
* Where does this equation come from and what is its context?","| Metric | Score | Justification |
|---|---|---|
| Relevance | 5 | All questions directly target the specific symbols, operations, and properties related to the mathematical equation provided, fostering a deep understanding of its fundamental components. |
| Coherence | 4 | The questions follow a logical progression, guiding the learner from understanding the symbols and operations to exploring the equation's validity and broader context. |
| Diversity | 4 | The questions cover a wide range of aspects, including the definition of symbols, order of operations, arithmetic properties, equation verification, and contextualization. |","Relevance | 4 | The questions directly pertain to understanding the elements and operations in the given equation.
Coherence | 5 | The questions progress in a logical sequence to explore the equation from basic concepts to application and context.
Diversity | 4 | The questions cover a range of aspects including symbols, order of operations, rules, verification, and context.

Relevance | Score | Justification
Coherence | 5 | The questions progress in a logical sequence to explore the equation from basic concepts to application and context.
Diversity | 4 | The questions cover a range of aspects including symbols, order of operations, rules, verification, and context.","

| Metric | Score | Justification |
|---|---|---|
| Relevance | 5 | All questions are directly related to the equation provided, aiming to clarify its components, structure, and validity. |
| Coherence | 4 | The questions follow a logical progression, moving from defining symbols to checking the equation's truth value, though some connections could be clearer. |
| Diversity | 5 | The questions cover various aspects of the equation, such as symbol meanings, operation order, mathematical principles, and context. |"
"Imagine you are a human, this is the first time you are coming across this Maths Statement or Equation, you have no previous knowledge of it ""1/2 + 1/3 = 5/6"", what are the top 5 questions that would pop up in your head which would be most useful in learning about it as you are new to it. Give me a simple bullet point list, don't explain them or expand them","* What does this equation represent? (i.e., addition of fractions)
* How were these particular fractions chosen for the equation?
* What is the meaning of each number and symbol in the equation?
* How do the numbers on the left side of the equation relate to the number on the right side?
* Is there a general method for adding fractions that can be applied to this equation?","| Metric | Score | Justification |
|---|---|---|
| Relevance | 5 | All questions are directly related to the statement and aim to clarify the concept of adding fractions. |
| Coherence | 4 | The questions follow a logical progression, starting with the general concept of the equation and moving on to specific elements and their relationships. |
| Diversity | 3 | While the questions cover different aspects of the equation, they primarily focus on its mathematical components. Including questions about the historical context or practical applications would enhance diversity. |","Relevance | 5 | The questions directly pertain to understanding the equation and its components.
Coherence | 4 | The questions logically progress from defining the equation to understanding its components and relationships.
Diversity | 4 | The questions cover different aspects of the equation, from representation to general methods of addition.","

| Metric | Score | Justification |
|---|---|---|
| Coherence | 4 | The questions follow a logical order, starting with understanding the representation and gradually moving towards the methodology behind the equation. However, the last question could potentially be split into two separate ones to further improve coherence. |
| Relevance | 5 | All questions are highly relevant to the equation provided, focusing on essential aspects such as the meaning of symbols, the relationship between parts of the equation, and the general method for solving similar problems. |
| Diversity | 4 | The questions"
"Imagine you are a human, this is the first time you are coming across this Maths Statement or Equation, you have no previous knowledge of it ""a^2 + b^2 = c^2"", what are the top 5 questions that would pop up in your head which would be most useful in learning about it as you are new to it. Give me a simple bullet point list, don't explain them or expand them","* What does each variable (a, b, c) represent?
* What kind of numbers can these variables take (e.g. integers, real numbers)?
* What is the context or background of this equation?
* Is there a restriction on the values of a, b, and c?
* What is the significance or implication of this equation?","| Metric | Score | Justification |
|---|---|---|
| Relevance | 5 | All questions are directly related to the equation and aim to clarify its elements and significance. |
| Coherence | 4 | The questions follow a logical sequence, starting with the basic elements of the equation and progressing to its context and implications. |
| Diversity | 4 | The questions cover a range of aspects, including the variables involved, their restrictions, the background of the equation, and its implications. |","| Metric    | Score | Justification                                                                                                                                                 |
|-----------|-------|---------------------------------------------------------------------------------------------------------------------------------------------------------------|
| Relevance | 5     | All questions directly pertain to the details, elements, or concepts presented in the statement ""a^2 + b^2 = c^2"".                                          |
| Coherence | 4     | The questions follow a logical progression and connect well, except the 4th question could be better integrated into the sequence.                          |
| Diversity | 5     | Each question brings a new dimension or perspective to understanding the statement, offering a broad exploration of the topic.                               |","

| Metric | Score | Justification |
|---|---|---|
| Coherence | 4 | The questions follow a logical order, starting with defining terms and gradually moving towards more complex aspects like restrictions and implications. However, they could be more explicitly connected to create a stronger narrative. |
| Relevance | 5 | All questions are highly relevant to the statement, focusing on essential aspects such as variable definitions, value restrictions, and broader implications. They effectively address the need for foundational understanding. |
| Diversity | 4 | The questions cover various dimensions of the equation, including sem"
"Imagine you are a human, this is the first time you are coming across this Maths Statement or Equation, you have no previous knowledge of it ""12 inches = 1 foot"", what are the top 5 questions that would pop up in your head which would be most useful in learning about it as you are new to it. Give me a simple bullet point list, don't explain them or expand them","* What is the definition of an inch and a foot?
* How did we determine that 12 inches equals one foot?
* Are there any exceptions or variations to this equation?
* Is this equation applicable globally or only in certain regions?
* Can this equation be used to convert other units of measurement?","| Metric | Score | Justification |
|---|---|---|
| Relevance | 5 | The questions directly relate to the dimensions and definition of an inch and a foot, their relationship in the given equation, and the applicability and potential variations of the equation. |
| Coherence | 4 | The questions form a logical progression, starting with defining the units, then exploring the basis of the equation, any exceptions, and broader implications. |
| Diversity | 3 | While the questions cover the core concepts, they mainly focus on the definition and applicability of the equation, leaving room for more diverse aspects such as historical context or practical applications. |","| Metric    | Score | Justification                                                                                                 |
|-----------|-------|---------------------------------------------------------------------------------------------------------------|
| Relevance | 4     | The questions directly address the details and implications of the statement, focusing on understanding it.  |
| Coherence | 4     | The questions flow logically and build upon each other to deepen the understanding of the given equation.       |
| Diversity | 5     | The questions cover various aspects related to the statement, exploring definitions, applications, and exceptions. |","

| Metric | Score | Justification |
|---|---|---|
| Coherence | 4 | The questions follow a logical progression, moving from defining terms to exploring the origins and applicability of the equation. However, they could benefit from a more explicit connection between the conversion ratio and its potential global application. |
| Relevance | 5 | All questions directly relate to the provided equation, seeking to clarify its components, derivation, and usage. They effectively address various aspects of the equation without straying into tangential topics. |
| Diversity | 4 | The"
"Imagine you are a human, this is the first time you are coming across this Maths Statement or Equation, you have no previous knowledge of it ""x + 7 = 10"", what are the top 5 questions that would pop up in your head which would be most useful in learning about it as you are new to it. Give me a simple bullet point list, don't explain them or expand them","* What does this equation represent?
* What is the value of x?
* How was this equation derived?
* Is there only one possible solution for x?
* How can I solve for x in this equation?","| Metric | Score | Justification |
|---|---|---|
| Relevance | 5 | All questions are directly related to the equation and its elements, aiming to clarify its meaning and solution. |
| Coherence | 4 | The questions follow a logical sequence, beginning with the general concept and progressing to specific aspects of the equation, fostering a structured understanding. |
| Diversity | 4 | The questions cover a range of aspects, including the equation's representation, solution, derivation, uniqueness, and method for solving, providing a comprehensive exploration of the topic. |","Relevance | 5 | The questions directly pertain to the details of the statement and focus on understanding the equation.
Coherence | 4 | The questions flow logically from defining the equation to solving for x.
Diversity | 4 | The questions cover various aspects of the equation, including its representation, solution, and derivation.","

| Metric | Score | Justification |
|---|---|---|
| Coherence | 4 | The questions follow a logical order, starting with understanding the equation and then moving towards solving for x. However, it could benefit from a more explicit connection between the steps. |
| Relevance | 5 | All questions directly relate to the equation provided, asking for clarification, derivation, and solutions. They remain focused on the core concept without straying into tangential topics. |
| Diversity | 4 | The questions cover various aspects of the equation, such as its meaning"
"Imagine you are a human, this is the first time you are coming across this Maths Statement or Equation, you have no previous knowledge of it ""The angles of a triangle add up to 180°"", what are the top 5 questions that would pop up in your head which would be most useful in learning about it as you are new to it. Give me a simple bullet point list, don't explain them or expand them","* What is a triangle and what do we mean by the ""angles"" of a triangle?
* Why do the angles of a triangle add up to 180 degrees specifically?
* Is this statement always true, or are there any exceptions?
* How can I verify or prove that the angles of a triangle add up to 180 degrees?
* Are there any real-world applications or examples of this math statement?","| Metric | Score | Justification |
|:---|:---:|:---|
| Relevance | 5 | All questions directly relate to the statement ""The angles of a triangle add up to 180°"". |
| Coherence | 5 | The questions follow a logical progression, starting with basic definitions and progressing to more complex concepts such as verification and applications. |
| Diversity | 4 | The questions cover a range of aspects, including the definition of a triangle, the reason for the 180-degree sum, the validity of the statement, and practical applications. |","| Metric    | Score | Justification                                                                                      |
|-----------|-------|-----------------------------------------------------------------------------------------------------|
| Relevance | 5     | All questions directly relate to the statement and aim to clarify understanding of the concept.     |
| Coherence | 4     | The questions form a logical progression of inquiry but could be slightly more interconnected.    |
| Diversity | 4     | The questions cover a range of aspects related to the statement, providing both theory and examples. |","

| Metric | Score | Justification |
|---|---|---|
| Relevance | 5 | All questions are directly related to the statement, exploring its definition, rationale, validity, proof, and application. |
| Coherence | 4 | The questions follow a logical order, moving from basic definitions to more complex considerations like verification and application. However, connections between questions could be clearer. |
| Diversity | 5 | The questions cover various dimensions of the statement, providing a comprehensive exploration of the concept. |"
"Imagine you are a human, this is the first time you are coming across this Maths Statement or Equation, you have no previous knowledge of it ""If a = b and b = c, then a = c (Transitive property)"", what are the top 5 questions that would pop up in your head which would be most useful in learning about it as you are new to it. Give me a simple bullet point list, don't explain them or expand them","1. What does the transitive property mean in mathematics?
2. How does the transitive property apply to equality relationships?
3. Can the transitive property be used with other mathematical operations besides equality?
4. Are there any limitations or exceptions to the transitive property in mathematics?
5. How can I practically apply the transitive property in solving math problems?","| Metric | Score | Justification |
|---|---|---|
| Relevance | 5 | All five questions directly pertain to the statement, exploring the definition, application, and limitations of the transitive property. |
| Coherence | 4 | The questions logically connect, with each subsequent question progressing the understanding of the concept, moving from definition to application to broader implications. |
| Diversity | 4 | The questions cover a range of aspects related to the transitive property, including its definition, application, limitations, and practical usage. |","Relevance | 5 | The questions directly address the concept of the transitive property and its application in mathematics.
Coherence | 4 | The questions follow a logical progression from defining the transitive property to its practical applications.
Diversity | 4 | The questions cover a range of aspects related to the transitive property, from definitions to practical use.","

| Metric | Score | Justification |
|---|---|---|
| Relevance | 5 | All questions are directly related to the transitive property and its application to equality. They do not stray into irrelevant tangents. |
| Coherence | 5 | The questions follow a logical progression, starting with understanding the concept, moving onto its specific application, and finally considering limitations and practical use. |
| Diversity | 4 | Most questions focus on understanding and applying the concept, with less emphasis on broader implications or theoretical underpinnings. However, they still cover various aspects"
"Imagine you are a human, this is the first time you are coming across this Maths Statement or Equation, you have no previous knowledge of it ""The area of a rectangle is length × width"", what are the top 5 questions that would pop up in your head which would be most useful in learning about it as you are new to it. Give me a simple bullet point list, don't explain them or expand them","* What is a rectangle?
* What defines the length of a rectangle?
* What defines the width of a rectangle?
* How do I calculate the area of a shape?
* Is the formula for the area of a rectangle always true?","| Metric | Score | Justification |
|---|---|---|
| Relevance | 5 | All questions are directly related to understanding the concept of the area of a rectangle. |
| Coherence | 4 | The questions progress logically from defining a rectangle to understanding its dimensions and then calculating its area. |
| Diversity | 4 | The questions cover various aspects of the statement, including the definition of a rectangle, its dimensions, and the formula for calculating its area. |","| Metric    | Score | Justification                                                                                                  |
|-----------|-------|---------------------------------------------------------------------------------------------------------------|
| Relevance | 5     | All questions directly pertain to the statement about the area of a rectangle and seek to clarify key concepts. |
| Coherence | 4     | The questions progress logically from defining a rectangle to calculating its area, forming a coherent line of inquiry.                                                                                                  |
| Diversity | 4     | The questions cover various aspects of the topic, including definitions, calculation, and the validity of the formula.                                               |","

| Metric | Score | Justification |
|---|---|---|
| Coherence | 4 | The questions follow a logical order, starting with defining a rectangle before moving onto its components, then asking about calculation and finally verifying the formula. |
| Relevance | 5 | All questions relate directly to the statement, providing a comprehensive overview of the concept without deviating into tangential topics. |
| Diversity | 4 | Although there is some overlap between 'length' and 'width', overall the questions cover various aspects such as definition, components, calculation, and verification."
"Imagine you are a human, this is the first time you are coming across this Maths Statement or Equation, you have no previous knowledge of it ""2^3 = 8"", what are the top 5 questions that would pop up in your head which would be most useful in learning about it as you are new to it. Give me a simple bullet point list, don't explain them or expand them","* What does the notation ""2^3"" mean?
* How is the value of 8 determined for this equation?
* Is this an equality statement or a definition?
* Are there any specific mathematical rules or properties being used here?
* What is the significance or application of this equation in mathematics?","| Metric | Score | Justification |
|---|---|---|
| Relevance | 5 | All questions directly address the elements and concepts presented in the statement, focusing on understanding the meaning, calculation, type, properties, and applications of the equation. |
| Coherence | 5 | The questions logically connect to one another, forming a coherent line of inquiry that guides a beginner's understanding of the equation, moving from its definition to its calculation, type, properties, and applications. |
| Diversity | 5 | The questions cover a broad range of aspects related to the equation, including its meaning, calculation, type, properties, and applications, providing a well-rounded exploration of the topic. |","Metric | Score | Justification
Relevance | 5 | All questions directly relate to the statement ""2^3 = 8"" and aim to clarify its meaning and significance.
Coherence | 4 | The questions flow logically from defining the notation to exploring its implications, forming a coherent line of inquiry.
Diversity | 4 | The questions cover a range of aspects including notation, calculation, classification, rules, and applications within mathematics.","

| Metric | Score | Justification |
|---|---|---|
| Coherence | 4 | The questions follow a logical order, starting with seeking the meaning of the notation, moving on to the determination of the value, then checking the nature of the statement, followed by identifying the rules applied, and finally exploring its significance. However, the last question could potentially stray away from the immediate context of the equation itself. |
| Relevance | 5 | All questions are highly relevant to the statement, focusing on understanding the components and implications of the equation without delving into extraneous topics. They"
"Imagine you are a human, this is the first time you are coming across this Maths Statement or Equation, you have no previous knowledge of it ""The circumference of a circle is 2πr"", what are the top 5 questions that would pop up in your head which would be most useful in learning about it as you are new to it. Give me a simple bullet point list, don't explain them or expand them","* What is the definition of a circle?
* What does ""circumference"" mean in this context?
* What does ""π"" represent?
* What does ""r"" represent?
* How was this formula derived and under what conditions does it hold true?","| Metric | Score | Justification |
|---|---|---|
| Relevance | 5 | All questions are directly related to understanding the statement ""The circumference of a circle is 2πr."" |
| Coherence | 4 | The questions progress logically from introducing basic concepts to asking about the formula's derivation. |
| Diversity | 3 | While the questions cover essential aspects, they could be expanded to explore applications or implications of the formula. |","Metric | Score | Justification
Relevance | 5 | All questions directly pertain to the details and concepts introduced in the statement.
Coherence | 4 | The questions flow logically from defining a circle to understanding the components of the formula.
Diversity | 4 | The questions cover definitions, meanings of terms, derivation, and conditions of validity for the formula.","

| Metric | Score | Justification |
|---|---|---|
| Coherence | 4 | The questions follow a logical order, starting with defining basic terms and gradually moving towards more complex concepts like derivation and conditions. However, there is room for improvement in explicitly connecting the questions to create a clearer narrative for beginners. |
| Relevance | 5 | All questions are highly relevant to the given statement, focusing on essential components such as definitions, key terms, and origins of the formula. No irrelevant or tangential questions are present. |
| Diversity | 4 |"
"Imagine you are a human, this is the first time you are coming across this Maths Statement or Equation, you have no previous knowledge of it ""An even number can be divided by 2 without leaving a remainder"", what are the top 5 questions that would pop up in your head which would be most useful in learning about it as you are new to it. Give me a simple bullet point list, don't explain them or expand them","* What defines an even number?
* How do I test if a number is even?
* What does it mean to divide a number?
* What does it mean to leave a remainder?
* How can I check if a number can be divided by 2 without leaving a remainder?","| Metric | Score | Justification |
|---|---|---|
| Relevance | 5 | The questions are highly relevant to the statement, exploring various aspects of even numbers and their divisibility. |
| Coherence | 4 | The questions follow a logical sequence, starting with the definition of an even number and progressing to methods of testing divisibility. |
| Diversity | 3 | The questions cover a good range of aspects, including definitions, testing methods, and implications of divisibility. However, they could explore more theoretical underpinnings or broader applications. |","Relevance | 4 | The questions directly address the core concept of even numbers being divisible by 2 without a remainder.
Coherence | 3 | The questions are logically connected but could benefit from a more structured progression.
Diversity | 4 | The questions cover different aspects of the statement, offering a broad exploration of the topic.","

| Metric | Score | Justification |
|---|---|---|
| Coherence | 4 | The questions follow a logical order, starting with defining an even number and moving towards the division process, ending with a practical application. |
| Relevance | 5 | All questions relate directly to the concept of dividing an even number by 2 without leaving a remainder, providing a comprehensive overview. |
| Diversity | 4 | The questions cover various aspects of the topic, such as definition, properties, operations, and verification methods, offering a well-rounded exploration. |"
"Imagine you are a human, this is the first time you are coming across this Maths Statement or Equation, you have no previous knowledge of it ""The median of a set of numbers is the middle value when they are ordered from least to greatest"", what are the top 5 questions that would pop up in your head which would be most useful in learning about it as you are new to it. Give me a simple bullet point list, don't explain them or expand them","* What is meant by a ""set of numbers"" in this context?
* How do I determine the ""least to greatest"" order of a set of numbers?
* What if there is an even number of values in the set - how do I find the middle value?
* Is the median always a value that is actually present in the set?
* Can the median be used for sets with negative numbers, fractions, or decimals?","| Metric | Score | Justification |
|---|---|---|
| Coherence | 4 | The questions logically progress from defining the terms to exploring the calculation and potential complexities of the median. |
| Relevance | 5 | All questions directly relate to the understanding of the median as defined in the statement. |
| Diversity | 4 | The questions cover different aspects of the median, including the definition, calculation, and potential variations. |","| Metric   | Score | Justification                                                                                                 |
|----------|-------|---------------------------------------------------------------------------------------------------------------|
| Relevance|   5   | All questions directly pertain to the definition and concept of the median of a set of numbers.               |
| Coherence|   4   | The questions flow logically from defining a set of numbers to determining the middle value and its properties.|
| Diversity|   4   | The questions cover different aspects such as set ordering, even number sets, presence of median value, and set diversity. |","

| Metric | Score | Justification |
|---|---|---|
| Relevance | 5 | All questions are directly related to the concept of median, asking for clarification on key terms and exploring conditions and limitations of its application. |
| Coherence | 4 | The questions follow a logical progression, moving from basic terminology to more complex scenarios involving variations in data sets. However, they could benefit from a stronger connection between each other, perhaps by explicitly linking them to the initial concept. |
| Diversity | 5 | The questions cover various aspects of the median concept"
"Imagine you are a human, this is the first time you are coming across this Maths Statement or Equation, you have no previous knowledge of it ""The sum of the probabilities of all possible outcomes in an experiment is 1"", what are the top 5 questions that would pop up in your head which would be most useful in learning about it as you are new to it. Give me a simple bullet point list, don't explain them or expand them","* What is meant by ""probability"" in this context?
* What is an ""experiment"" in this sense?
* What are considered to be ""all possible outcomes"" of an experiment?
* How can we calculate or determine the probability of each individual outcome?
* Why do the probabilities of all possible outcomes add up to 1?","| Metric | Score | Justification |
|---|---|---|
| Relevance | 5 | All questions directly address key concepts in the statement, exploring the definitions of probability, experiments, outcomes, and their calculation in the context of the probability sum rule. |
| Coherence | 4 | The questions form a logical progression, starting with fundamental concepts (probability, experiment) and gradually moving towards more specific aspects (outcomes, calculation, probability sum rule). |
| Diversity | 5 | The questions cover a diverse range of aspects, including the foundational understanding of probability and experiments to the more advanced concept of calculating probabilities and understanding the probability sum rule. |","| Metric    | Score | Justification                                                                                                   |
|-----------|-------|-----------------------------------------------------------------------------------------------------------------|
| Relevance | 5     | All questions directly pertain to understanding the statement about the sum of probabilities equaling 1.      |
| Coherence | 5     | The questions progress logically, starting with basic definitions and moving towards understanding the concept. |
| Diversity | 4     | The questions cover different aspects of the statement, but could include a question on examples for more variety. |","

| Metric | Score | Justification |
|---|---|---|
| Relevance | 5 | All questions directly relate to the concept of probabilities, experiments, and their outcomes, demonstrating high relevance to the statement. |
| Coherence | 4 | The questions follow a logical order, moving from defining key terms to exploring the calculation of probabilities and concluding with the reason behind the sum equaling 1. However, there is room for better connection between some questions. |
| Diversity | 5 | A wide range of aspects related to the statement are addressed,"
"Imagine you are a human, this is the first time you are coming across this Maths Statement or Equation, you have no previous knowledge of it ""A square's perimeter is four times the length of one side"", what are the top 5 questions that would pop up in your head which would be most useful in learning about it as you are new to it. Give me a simple bullet point list, don't explain them or expand them","* What is a square and how is it defined mathematically?
* What is meant by the ""perimeter"" of a shape?
* How do I calculate the perimeter of a square using the length of one side?
* Is there a formula for the perimeter of a square?
* Can this statement be generalized to other shapes?","| Metric | Score | Justification |
|---|---|---|
| Relevance | 5 | All questions are directly related to understanding the statement. |
| Coherence | 5 | Questions logically progress from the definition of a square to the calculation of its perimeter and generalization of the statement. |
| Diversity | 4 | Questions cover various aspects of the statement, including the definition of square, perimeter, formula, and generalizability. |","| Metric   | Score | Justification                                                                                                     |
|----------|-------|-------------------------------------------------------------------------------------------------------------------|
| Relevance | 5     | All questions directly pertain to the statement about a square's perimeter and are focused on understanding it. |
| Coherence | 4     | The questions progress logically from defining a square, to calculating its perimeter, to generalizing the statement. |
| Diversity | 4     | The questions cover aspects from basic definitions to exploring other shapes, offering a diverse exploration.   |","

| Metric | Score | Justification |
|---|---|---|
| Relevance | 4 | The questions are mostly relevant to the statement, though some could be more directly linked to the concept of a square's perimeter being four times the length of one side. For example, asking about the relationship between the side length and perimeter specifically. |
| Coherence | 5 | The questions follow a logical order, starting with foundational concepts before moving onto calculations and potential generalizations. This structure allows for a clear progression of understanding. |
| Diversity | 3 |"
"Imagine you are a human, this is the first time you are coming across this Maths Statement or Equation, you have no previous knowledge of it ""Multiplying a number by its reciprocal equals 1"", what are the top 5 questions that would pop up in your head which would be most useful in learning about it as you are new to it. Give me a simple bullet point list, don't explain them or expand them","* What is a reciprocal and how do I find it?
* Can this be applied to any real number?
* What happens when multiplying a number by its own reciprocal (i.e. 1)?
* Are there any exceptions to this rule?
* How does this concept apply to fractions and decimals?","| Metric | Score | Justification |
|---|---|---|
| Relevance | 4 | The questions focus on key concepts related to reciprocals and their multiplication, directly addressing the statement's essence. |
| Coherence | 3 | The questions follow a logical progression, beginning with the definition and properties of reciprocals and leading to their applications. However, the transition to fractions and decimals could be smoother. |
| Diversity | 4 | The questions cover various aspects of the statement, including the definition of reciprocals, their multiplication property, exceptions, and applications to different number forms. |","Metric        | Score | Justification
Relevance   | 5          | Each question directly relates to the statement and aims to clarify its elements.
Coherence | 4          | The questions form a coherent progression to understand the concept.
Diversity   | 5          | The questions cover various aspects of the statement, offering a broad exploration.","

| Metric | Score | Justification |
|---|---|---|
| Coherence | 4 | The questions follow a logical progression from defining terms to exploring the concept's application and potential exceptions. |
| Relevance | 5 | All questions directly relate to the statement and aim to clarify various aspects of the concept. |
| Diversity | 4 | The questions cover multiple dimensions such as definition, conditions, and applications, but could benefit from further exploration of the underlying principles or implications. |"
"Imagine you are a human, this is the first time you are coming across this Maths Statement or Equation, you have no previous knowledge of it ""Angles around a point add up to 360°."", what are the top 5 questions that would pop up in your head which would be most useful in learning about it as you are new to it. Give me a simple bullet point list, don't explain them or expand them","* What is meant by ""angles"" in this context?
* What does it mean for angles to ""add up""?
* Why do angles around a point add up to 360 degrees specifically?
* Is this statement always true, or are there exceptions?
* Are there any real-world examples or applications of this concept?","| Metric | Score | Justification |
|---|---|---|
| Relevance | 5 | All questions are directly relevant to the statement, seeking to clarify key terms, the concept of angle addition, and its significance. |
| Coherence | 4 | The questions are logically connected, starting with basic definitions and progressing to deeper exploration of the statement's implications. However, the transition from Q3 to Q4 could be smoother. |
| Diversity | 4 | The questions cover a range of aspects, including definitions, the mechanism of angle addition, its mathematical significance, and real-world applications. However, they could be further diversified by including questions on practical measurement or historical context. |","| Metric   | Score | Justification                                                                                   |
|----------|-------|-------------------------------------------------------------------------------------------------|
| Relevance    | 5     | All questions directly pertain to the specific details of the statement                              |
| Coherence      | 4     | The questions follow a logical progression in exploring the concept                                   |
| Diversity  | 4     | The questions cover different aspects such as definitions, applications, and exceptions  |","

| Metric | Score | Justification |
|---|---|---|
| Coherence | 4 | The questions follow a logical progression, moving from basic definitions to more complex considerations like applications and potential exceptions. |
| Relevance | 5 | All questions are directly relevant to the statement, focusing on key terms and concepts without straying into tangential territory. |
| Diversity | 4 | The questions cover various aspects of the statement, including its definition, mathematical principles, and practical uses, though could benefit from exploring underlying theories or historical context. |"
"Imagine you are a human, this is the first time you are coming across this Maths Statement or Equation, you have no previous knowledge of it ""The volume of a cube is given by side³."", what are the top 5 questions that would pop up in your head which would be most useful in learning about it as you are new to it. Give me a simple bullet point list, don't explain them or expand them","* What is a cube and how is it defined?
* What does ""volume"" mean in this context?
* How do I calculate the side length of a cube if I know its volume?
* Can you provide an example of how to use this formula with real numbers?
* Is there a way to visually represent or geometrically understand this equation?","| Metric | Score | Justification |
| --- | ---: | --- |
| Relevance | 5 | All questions directly relate to key concepts and elements presented in the given statement. They aim to clarify the meaning of terms, explore implications, and provide a practical example. |
| Coherence | 4 | The questions logically progress from defining the concept of a cube to exploring volume, calculation, and visual representation. The sequence effectively builds upon each other to deepen understanding. |
| Diversity | 5 | The questions cover a wide range of aspects, including definitions of terms, application of formula, and visual representation. They offer a comprehensive exploration of the statement's key elements. |","Metric | Score | Justification
Relevance | 5 | All questions directly pertain to the statement about the volume of a cube and aim to clarify various aspects of it.
Coherence | 5 | The questions progress logically from defining a cube to understanding volume and calculating side lengths, culminating in practical examples.
Diversity | 5 | The questions cover definitions, applications, visual representations, and practical examples, offering a comprehensive exploration of the statement.","

| Metric | Score | Justification |
|---|---|---|
| Coherence | 4 | The questions follow a logical order, starting with understanding basic terms and gradually moving towards more complex calculations and visual representations. However, they could be slightly more interconnected in terms of building upon each other's answers. |
| Relevance | 5 | All questions are highly relevant to the original statement, focusing on key concepts such as defining a cube, understanding volume, calculating side lengths, examples, and visual representation. |
| Diversity | 5 | A wide range of aspects"
"Imagine you are a human, this is the first time you are coming across this Maths Statement or Equation, you have no previous knowledge of it ""A percentage represents a fraction of 100."", what are the top 5 questions that would pop up in your head which would be most useful in learning about it as you are new to it. Give me a simple bullet point list, don't explain them or expand them","* What does it mean for something to represent a fraction?
* How is a percentage related to the number 100?
* What is the purpose of expressing a quantity as a percentage?
* How do I convert a percentage to a decimal or a fraction?
* How do I calculate a percentage of a given number?","| Metric | Score | Justification |
|---|---|---|
| Relevance | 5 | All questions directly relate to the statement, aiming to clarify the meaning, relationship to 100, purpose, conversion, and calculation of percentages. |
| Coherence | 4 | The questions form a logical sequence, moving from basic understanding of representation (Q1) to the relationship with 100 (Q2), purpose (Q3), conversion (Q4), and calculation (Q5). |
| Diversity | 3 | The questions cover multiple aspects of percentages, including definition, relationship, purpose, and operations. However, they could explore broader applications or theoretical underpinnings to enhance diversity. |","| Metric    | Score | Justification                                                                                         |
|-----------|-------|--------------------------------------------------------------------------------------------------------|
| Relevance | 5     | The questions directly address the concept mentioned in the statement, focusing on understanding percentages and fractions. |
| Coherence | 5     | The questions progress logically from defining percentages to converting them and calculating percentages of numbers. |
| Diversity | 5     | Each question tackles a different aspect of understanding percentages, from basic definitions to practical applications. |","

| Metric | Score | Justification |
|---|---|---|
| Coherence | 4 | The questions follow a logical flow, starting with understanding the basic concept and gradually moving towards practical applications. However, there is room for improvement in creating a stronger connection between the questions. |
| Relevance | 5 | All questions are highly relevant to the given statement, focusing on essential aspects such as definition, conversion, and calculation. No irrelevant or tangential questions are present. |
| Diversity | 4 | The questions cover various dimensions of the topic, including understanding the concept, its"
"Imagine you are a human, this is the first time you are coming across this Maths Statement or Equation, you have no previous knowledge of it ""To find the average of a set of numbers, sum the numbers and divide by the count."", what are the top 5 questions that would pop up in your head which would be most useful in learning about it as you are new to it. Give me a simple bullet point list, don't explain them or expand them","* What is an average and how is it different from a sum or a count?
* How do I calculate the sum and count of a set of numbers?
* Can I use this method for any type of number (e.g. whole numbers, decimals, fractions)?
* Is there a specific order I need to follow when adding and counting the numbers?
* Are there any exceptions or special cases where this method wouldn't work?","| Metric | Score | Justification |
|---|---|---|
| Relevance | 5 | All five questions are directly relevant to the statement, inquiring about key concepts such as the definition of average, its distinction from sum and count, and the process of calculating it. |
| Coherence | 4 | The questions follow a logical progression, starting with basic concepts and gradually delving deeper into the details of finding the average. The sequence of questions leads to a coherent exploration of the topic. |
| Diversity | 4 | The questions cover a range of aspects related to finding the average, including its definition, computation, applicability, and potential limitations. They collectively offer a broad exploration of the topic without straying from the direct relevance to the statement. |","| Metric    | Score | Justification                                                                                                           |
|-----------|-------|-------------------------------------------------------------------------------------------------------------------------|
| Relevance | 5     | The questions directly address the main components of the statement regarding finding the average of a set of numbers. |
| Coherence | 4     | The questions follow a logical progression, but the order could be slightly improved for better coherence.              |
| Diversity | 5     | Each question covers a different aspect of understanding the concept, providing a well-rounded exploration.              |","

| Metric | Score | Justification |
|---|---|---|
| Coherence | 4 | The questions generally follow a logical progression, moving from basic concepts like defining an average to more complex considerations such as dealing with various types of numbers and potential exceptions. However, the last question seems slightly disconnected from the rest, as it introduces a new concept without fully exploring the initial one. |
| Relevance | 5 | All questions are highly relevant to the original statement, focusing on essential aspects of calculating averages and addressing common concerns or misconceptions. They effectively target the"
"Imagine you are a human, this is the first time you are coming across this Maths Statement or Equation, you have no previous knowledge of it ""The number of diagonals in a polygon can be found using the formula n(n-3)/2, where n is the number of sides."", what are the top 5 questions that would pop up in your head which would be most useful in learning about it as you are new to it. Give me a simple bullet point list, don't explain them or expand them","* What is a diagonal?
* How does the formula for the number of diagonals in a polygon differ from the formula for the number of sides?
* Is there a visual way to understand how the formula works?
* Does the formula apply to all types of polygons?
* Are there any exceptions or special cases to consider when using the formula?","| Metric | Score | Justification |
|---|---|---|
| Relevance | 4 | All questions are directly and coherently connected to the concept and formula presented in the statement, clarifying key terms and exploring variations. |
| Coherence | 4 | The questions progress logically, gradually building on each other to deepen the understanding of diagonal counts. |
| Diversity | 3 | While the questions cover important aspects, they could delve further into theoretical underpinnings and potential limitations of the formula. |","| Metric   | Score | Justification                                                                                                             |
|----------|-------|---------------------------------------------------------------------------------------------------------------------------|
| Relevance| 5     | All questions directly relate to the statement by clarifying the concept of diagonals in polygons and the formula given. |
| Coherence| 4     | The questions flow logically from defining diagonals to understanding the formula and its applications in different polygons.|
| Diversity| 4     | Each question explores a different aspect of the topic, such as visualization, general application, and exceptions to the formula. |","

| Metric | Score | Justification |
|---|---|---|
| Relevance | 4 | Most questions are directly relevant to the statement, though some could be more specific. For example, the first question could specify that it's asking about diagonals in a polygon. |
| Coherence | 5 | The questions follow a logical order, starting with basic terminology and gradually building up to more complex ideas like exceptions and special cases. |
| Diversity | 4 | The questions cover a good range of aspects related to the statement, but they could benefit from exploring"
"Imagine you are a human, this is the first time you are coming across this Maths Statement or Equation, you have no previous knowledge of it ""A polygon with all sides and angles equal is called a regular polygon."", what are the top 5 questions that would pop up in your head which would be most useful in learning about it as you are new to it. Give me a simple bullet point list, don't explain them or expand them","* What is a polygon?
* What does it mean for a polygon to have sides that are equal?
* What does it mean for a polygon to have angles that are equal?
* How many sides and angles do regular polygons typically have?
* Are there different types of regular polygons and, if so, how are they classified?","| Metric | Score | Justification |
|---|---|---|
| Relevance | 5 | All questions directly pertain to the statement's key concepts, exploring the definition and characteristics of regular polygons. |
| Coherence | 4 | The questions form a logical sequence, starting with basic concepts (defining a polygon) and progressing towards more specific details (equal sides and angles, number of sides, types of regular polygons). |
| Diversity | 3 | The questions cover various aspects of regular polygons, including their geometric properties, classification, and potential variations. However, they could delve deeper into practical applications or historical origins. |","Metric | Score | Justification
Relevance | 5 | All questions directly pertain to the statement about regular polygons.
Coherence | 4 | The questions flow logically from defining a polygon to exploring the characteristics of regular polygons.
Diversity | 4 | The questions cover the definition of a polygon, the equality of sides and angles, the typical number of sides and angles in regular polygons, and the classification of different types of regular polygons.","

| Metric | Score | Justification |
|---|---|---|
| Coherence | 4 | The questions follow a logical order, starting with basic terminology and gradually moving towards more complex concepts like classification and number of sides/angles. However, it could benefit from a clearer link between the definition of a polygon and its properties in a regular polygon. |
| Relevance | 5 | All questions relate directly to the statement, covering essential aspects such as defining a polygon, equal sides, and equal angles. They also probe further into the concept of regular polygons, asking"
"Imagine you are a human, this is the first time you are coming across this Maths Statement or Equation, you have no previous knowledge of it ""The concept of borrowing in subtraction explains how to subtract one number from another when the top number is smaller than the bottom number in a given place value."", what are the top 5 questions that would pop up in your head which would be most useful in learning about it as you are new to it. Give me a simple bullet point list, don't explain them or expand them","* What is ""borrowing"" in the context of subtraction?
* How does the process of borrowing work step-by-step?
* In what situations is borrowing necessary in subtraction?
* How does borrowing affect the place value of numbers during subtraction?
* Are there any examples or practice problems to help illustrate the concept of borrowing in subtraction?","| Metric | Score | Justification |
|---|---|---|
| Relevance | 5 | All questions directly relate to the concept of borrowing in subtraction, addressing its meaning, process, and application. |
| Coherence | 4 | Questions logically progress from defining borrowing to exploring its use and implications, fostering a structured understanding. |
| Diversity | 4 | Questions cover various aspects, including definition, procedure, situations, number manipulation, and examples, providing a comprehensive exploration. |","Metric        Score   Justification
Relevance     5        The questions directly address the concept of borrowing in subtraction and its practical application.
Coherence     4        The questions flow logically from defining borrowing to its impact on place value, creating a coherent progression.
Diversity     5        The questions cover a range of aspects related to borrowing in subtraction, from definition to examples.

Metric        Score   Justification
Relevance     3        Some questions touch on broader ideas beyond borrowing in subtraction, slightly deviating from the immediate context.
Coherence     4        The questions follow a logical sequence, exploring borrowing and its implications in subtraction.
Diversity     3        The questions could incorporate more varied aspects of borrowing in subtraction for a deeper exploration.

Metric        Score   Justification
Relevance     5        The questions directly relate to the concept of borrowing in subtraction and aim to clarify its workings.
Coherence     3        The questions slightly jump between understanding borrowing and its effect on place value without a seamless flow.
Diversity     4        The questions cover different aspects of borrowing in subtraction but could delve deeper into its applications.

Metric        Score   Justification
Relevance     4        The questions address borrowing in subtraction and its practical implications effectively.
Co","

| Metric | Score | Justification |
|---|---|---|
| Coherence | 4 | The questions follow a logical order, starting with understanding the concept, then delving into its application and impact on the process of subtraction. However, they could benefit from a more explicit connection between steps. |
| Relevance | 5 | All questions directly relate to the provided statement, focusing on the core concept of borrowing in subtraction and its practical implications. No irrelevant questions are present. |
| Diversity | 4 | The questions cover various aspects of the topic,"
"Imagine you are a human, this is the first time you are coming across this Maths Statement or Equation, you have no previous knowledge of it ""Doubling the dimensions of a cube quadruples its surface area but increases its volume by eight times."", what are the top 5 questions that would pop up in your head which would be most useful in learning about it as you are new to it. Give me a simple bullet point list, don't explain them or expand them","* What is a cube and what are its dimensions?
* How is the surface area of a cube calculated?
* How is the volume of a cube calculated?
* How does changing the dimensions of a cube affect its surface area and volume?
* How was the relationship between doubling the dimensions, surface area, and volume determined?","| Metric | Score | Justification |
|---|---|---|
| Relevance | 4 | The questions effectively pertain to the statement, focusing on key concepts like dimensions, surface area, volume, and the relationship between them. |
| Coherence | 4 | The questions are logically connected, starting with basic definitions and progressing towards the statement's implications. Each question builds upon the previous one, allowing for a coherent exploration. |
| Diversity | 3 | The questions cover various aspects of the statement, including the definition of a cube, calculations for surface area and volume, and the relationship between dimensions and these properties. |","**Set 1:**

Relevance:
- Score: 5
- Justification: All questions directly relate to the statement and aim to clarify fundamental concepts about cubes, dimensions, surface area, and volume.

Coherence:
- Score: 4
- Justification: The questions progress logically from defining a cube to understanding how changing its dimensions impacts surface area and volume, slightly missing a more structured flow.

Diversity:
- Score: 4
- Justification: The questions cover a broad range of aspects, from basic definitions to the application of the statement, offering a well-rounded exploration.

**Set 2:**

Relevance:
- Score: 4
- Justification: The questions focus on cube dimensions, calculations of surface area and volume, and the effect of dimension changes, directly related to the statement.

Coherence:
- Score: 3
- Justification: The questions somewhat connect but could be improved by establishing a clearer flow of understanding from basic concepts to the statement's implications.

Diversity:
- Score: 3
- Justification: While covering essential elements, the set could benefit from more diverse perspectives or additional dimensions to the exploration.

**Set 3:**

Relevance:
- Score: 5
- Justification:","

| Metric | Score | Justification |
|---|---|---|
| Coherence | 4 | The questions follow a logical order, starting with basic concepts and gradually moving towards more complex ideas. However, there is room for improvement in explicitly connecting the questions to create a more seamless flow of inquiry. |
| Relevance | 5 | All questions are highly relevant to the statement, focusing on essential aspects such as cube dimensions, surface area calculation, and volume calculation. They effectively address the core concepts required to understand the statement. |
| Diversity | 4 | The questions"
"Imagine you are a human, this is the first time you are coming across this Maths Statement or Equation, you have no previous knowledge of it ""The greatest common divisor (GCD) of two numbers is the largest number that divides both of them without leaving a remainder."", what are the top 5 questions that would pop up in your head which would be most useful in learning about it as you are new to it. Give me a simple bullet point list, don't explain them or expand them","* What is a divisor and how does it relate to the GCD?
* How do I find the GCD of two numbers?
* Is there a systematic way to calculate the GCD?
* Can the GCD be calculated for more than two numbers at once?
* Are there any real-world applications or examples of the GCD?","| Metric | Score | Justification |
|---|---|---|
| Relevance | 5 | All questions directly relate to the definition and concept of the Greatest Common Divisor (GCD). |
| Coherence | 4 | The questions logically progress from defining GCD to exploring its calculation and applications, facilitating a structured understanding. |
| Diversity | 4 | The questions cover various aspects of GCD, including divisors, calculation methods, generalizability, and real-world relevance, providing a diverse exploration. |","| Metric   | Score | Justification                                                                                                                         |
|----------|-------|----------------------------------------------------------------------------------------------------------------------------------------|
| Relevance| 4     | The questions directly pertain to the definition and calculation of the GCD, as well as its application and calculation methods.      |
| Coherence| 4     | The questions progress logically from understanding the concept to practical applications, forming a coherent line of inquiry.       |
| Diversity| 4     | The questions cover various aspects such as definition, calculation methods, systematic approaches, multiple numbers, and real-world applications of the GCD. |","

| Metric | Score | Justification |
|---|---|---|
| Coherence | 4 | The questions follow a logical progression from defining terms to exploring methods and potential uses, creating a clear path for learning. |
| Relevance | 5 | All questions directly relate to the provided statement, focusing on key aspects such as definition, calculation, and application. |
| Diversity | 4 | The questions cover various dimensions of the GCD concept, though additional perspectives like connections to other mathematical concepts could further enrich the set. |"
"Imagine you are a human, this is the first time you are coming across this Maths Statement or Equation, you have no previous knowledge of it ""An acute angle is an angle smaller than 90°."", what are the top 5 questions that would pop up in your head which would be most useful in learning about it as you are new to it. Give me a simple bullet point list, don't explain them or expand them","* What is an angle and how is it measured?
* What are the different types of angles?
* How do I identify an acute angle?
* What is the significance of the degree measurement in relation to angles?
* Are there any real-world examples or applications of acute angles?","| Metric | Score | Justification |
|---|---|---|
| Relevance | 5 | All questions are directly relevant to the definition of an acute angle and effectively explore its essential components. |
| Coherence | 4 | The questions progress logically, gradually building an understanding of angles, their types, identification, and practical applications. |
| Diversity | 4 | The questions cover a range of aspects, including measurement, classification, identification, and real-world relevance, providing a comprehensive exploration. |","Metric | Score | Justification
Relevance | 5 | All questions directly pertain to the details of the statement about acute angles.
Coherence | 4 | The questions logically progress from understanding angles to identifying acute angles and their significance.
Diversity | 4 | The questions cover different aspects such as definitions, identification, significance, and real-world applications of acute angles.","

| Metric | Score | Justification |
|---|---|---|
| Coherence | 4 | The questions follow a logical progression, moving from basic concepts like measuring angles to more complex ones such as real-world applications. However, they could benefit from a stronger connection between each other to create a smoother transition. |
| Relevance | 5 | All questions are highly relevant to the provided statement, focusing on understanding acute angles and their place within the broader context of angles. None of the questions stray into irrelevant territory. |
| Diversity | 4 | The"
"Imagine you are a human, this is the first time you are coming across this Maths Statement or Equation, you have no previous knowledge of it ""A reflex angle is greater than 180° but less than 360°."", what are the top 5 questions that would pop up in your head which would be most useful in learning about it as you are new to it. Give me a simple bullet point list, don't explain them or expand them","* What is a reflex angle?
* How does a reflex angle differ from other types of angles?
* What is the measurement range for a reflex angle?
* Are there any real-life examples where reflex angles are used or observed?
* How can I calculate or determine if an angle is a reflex angle?","| Metric | Score | Justification |
|---|---|---|
| Relevance | 5 | All questions directly relate to the definition and characteristics of a reflex angle, effectively exploring the elements of the statement. |
| Coherence | 4 | The questions follow a logical progression, starting with a basic definition and then gradually exploring the range, distinction from other angles, and practical applications. However, the final question on calculation could be better placed after exploring real-life examples. |
| Diversity | 4 | The questions cover various aspects of reflex angles, including their definition, measurement, comparison, real-world relevance, and practical identification, providing a well-rounded exploration of the topic. |","| Metric    | Score | Justification                                                                                                                                      |
|-----------|-------|----------------------------------------------------------------------------------------------------------------------------------------------------|
| Relevance | 5     | All questions directly pertain to the statement about reflex angles and aim to clarify, explore, or understand aspects related to this definition. |
| Coherence | 4     | The questions progress logically from defining a reflex angle to understanding its measurement range, applications, and calculation methods.        |
| Diversity | 4     | The questions cover various aspects of reflex angles, including definitions, differences, real-world examples, and practical calculations.         |","

| Metric | Score | Justification                                                                                       |
|--------|-------|-----------------------------------------------------------------------------------------------|
| Relevance | 5     | All questions are directly related to the concept of a reflex angle, asking for its definition, differences, measurement range, examples, and calculation methods. |
| Coherence | 4     | The questions follow a logical order, starting with defining the term, then comparing it to others, followed by quantifying it, providing examples, and ending with determining it. However, some connections could be clearer between questions. |"
"Imagine you are a human, this is the first time you are coming across this Maths Statement or Equation, you have no previous knowledge of it ""The decimal system is based on powers of 10."", what are the top 5 questions that would pop up in your head which would be most useful in learning about it as you are new to it. Give me a simple bullet point list, don't explain them or expand them","* What is the decimal system?
* What does it mean for a system to be based on powers of a number?
* How are powers of 10 used in the decimal system?
* Are there other systems that can be based on powers of different numbers?
* How does the use of powers of 10 in the decimal system impact mathematical operations and representations?","| Metric | Score | Justification |
|---|---|---|
| Relevance | 5 | All questions are directly related to the statement, exploring its key concepts and implications. |
| Coherence | 4 | The questions follow a logical progression, starting with a broad definition and gradually delving into specific aspects of the decimal system. |
| Diversity | 5 | The questions cover a wide range of topics, including the nature of the decimal system, its use of powers of 10, and its impact on mathematical operations. |","Metric | Score | Justification
Relevance | 5 | All questions directly pertain to the statement about the decimal system being based on powers of 10.
Coherence | 4 | The questions progress logically from defining the decimal system to exploring its implications on mathematical operations.
Diversity | 4 | The questions cover various aspects of the decimal system, including its definition, application of powers of 10, comparison to other systems, and impact on mathematical operations.","

| Metric | Score | Justification |
|---|---|---|
| Coherence | 4 | The questions follow a logical progression, moving from basic definitions to more complex implications, creating a coherent line of inquiry. |
| Relevance | 5 | All questions are directly relevant to the statement, exploring various aspects of the decimal system and its basis in powers of 10. |
| Diversity | 5 | The questions cover a wide range of aspects related to the statement, including foundational concepts, comparisons, and practical implications. |"
"Imagine you are a human, this is the first time you are coming across this Maths Statement or Equation, you have no previous knowledge of it ""Multiples of 9 add up to 9 when their digits are summed."", what are the top 5 questions that would pop up in your head which would be most useful in learning about it as you are new to it. Give me a simple bullet point list, don't explain them or expand them","* What is meant by ""multiples of 9""?
* How do I identify multiples of 9?
* What does it mean for the digits of a number to ""sum up to 9""?
* How do I calculate the sum of the digits of a number?
* Can this statement be applied to all numbers or just certain ones?","| Metric | Score | Justification |
|---|---|---|
| Relevance | 5 | All questions are directly related to the statement, seeking to clarify key concepts (multiples of 9, summing digits) and explore the scope of the statement. |
| Coherence | 4 | The questions progress logically, building upon each other to guide the learner's understanding from basic concepts to specific calculations. |
| Diversity | 4 | The questions cover a range of aspects, including definitions, calculation methods, and the applicability of the statement, providing a comprehensive exploration. |","Metric | Score | Justification
Relevance | 5 | All questions directly pertain to the elements introduced in the statement, clarifying key terms and concepts.
Coherence | 4 | The questions form a logical progression in understanding the statement, slightly disjointed in transitioning from identifying multiples to summing digits.
Diversity | 5 | Each question explores a different aspect of the statement, covering definitions, identification, calculation, and applicability.","

| Metric | Score | Justification |
|---|---|---|
| Relevance | 5 | All questions are directly related to the statement, aiming to clarify key terms and concepts. |
| Coherence | 4 | The questions follow a logical order, moving from defining basic terms to exploring the conditions and limitations of the statement. |
| Diversity | 4 | The questions cover various aspects of the statement, though there may be room for further exploration of real-world applications or connections to other mathematical principles. |"
"Imagine you are a human, this is the first time you are coming across this Maths Statement or Equation, you have no previous knowledge of it ""The concept of rounding numbers to the nearest ten, hundred, etc., simplifies calculations and estimations."", what are the top 5 questions that would pop up in your head which would be most useful in learning about it as you are new to it. Give me a simple bullet point list, don't explain them or expand them","* What does it mean to round a number?
* When would I want to round a number to the nearest ten, hundred, etc.?
* How do I determine the nearest ten, hundred, etc. for a given number?
* Are there any rules or guidelines for rounding numbers?
* How does rounding affect the accuracy of my calculations and estimations?","| Metric | Score | Justification |
|---|---|---|
| Relevance | 5 | All questions are highly relevant to the statement about rounding numbers. |
| Coherence | 5 | The questions form a logical sequence, starting with the basic concept of rounding and progressing to more specific questions about its applications, rules, and implications. |
| Diversity | 5 | The questions cover a wide range of aspects related to rounding numbers, including its purpose, methods, rules, and effects. |","| Metric    | Score | Justification                                                                                                  |
|-----------|-------|----------------------------------------------------------------------------------------------------------------|
| Relevance | 5     | All questions directly pertain to the concept of rounding numbers and its application to calculations.        |
| Coherence | 4     | The questions follow a logical progression from defining rounding to its impact on accuracy in calculations.   |
| Diversity | 4     | The questions cover various aspects of rounding, including purpose, method, rules, and implications.           |","

| Metric | Score | Justification |
|---|---|---|
| Relevance | 4 | All questions are directly related to the process and purpose of rounding numbers, however some could be more specific to the concept of 'nearest ten, hundred, etc.' |
| Coherence | 5 | The questions follow a logical progression, starting with basic understanding and moving towards application and impact |
| Diversity | 4 | The questions cover various aspects of rounding, but could benefit from exploring additional dimensions such as common methods or challenges associated with rounding |"
"Imagine you are a human, this is the first time you are coming across this Maths Statement or Equation, you have no previous knowledge of it ""The difference between the circumference and diameter of any circle is known as π (Pi)."", what are the top 5 questions that would pop up in your head which would be most useful in learning about it as you are new to it. Give me a simple bullet point list, don't explain them or expand them","* What is the definition of a circle?
* How do you calculate the circumference and diameter of a circle?
* What is the significance of the Greek letter pi (π) in mathematics?
* Is pi (π) a constant value for all circles?
* How is pi (π) related to other mathematical concepts such as trigonometry and calculus?","| Metric | Score | Justification |
|---|---|---|
| Relevance | 4 | All questions directly pertain to the statement, focusing on the concepts of a circle, its properties, and the mathematical significance of pi. |
| Coherence | 3 | The questions follow a logical progression, starting with the definition of a circle and gradually exploring its properties and the significance of pi. However, the connection between the last two questions could be strengthened to improve coherence. |
| Diversity | 4 | The questions cover a diverse range of aspects, including the definition of a circle, its properties, and the mathematical significance and applications of pi. |","**Evaluation of Questions Generated by LLM for the Maths Statement:**

| Metric    | Score | Justification                                                                                                                  |
|-----------|-------|--------------------------------------------------------------------------------------------------------------------------------|
| Relevance | 5     | All questions directly relate to the statement about circles and π.                                                            |
| Coherence | 4     | The questions progress logically from defining circles to the significance of π and its relation to other mathematical concepts. |
| Diversity | 5     | The questions cover definitions, calculations, significance, constancy, and connections of π, providing a broad exploration.    |","

| Metric | Score | Justification |
|---|---|---|
| Coherence | 4 | The questions follow a logical order, starting with defining basic terms before moving onto more complex ideas like the role of pi in other mathematical concepts. However, some questions could be rephrased to better flow together. |
| Relevance | 5 | All questions are directly relevant to the original statement, focusing on understanding the concept of pi and its relationship to circles. |
| Diversity | 4 | The questions cover various aspects of the statement, including definitions, calculations, and applications."
"Imagine you are a human, this is the first time you are coming across this Maths Statement or Equation, you have no previous knowledge of it ""A hexagon has six sides and six angles."", what are the top 5 questions that would pop up in your head which would be most useful in learning about it as you are new to it. Give me a simple bullet point list, don't explain them or expand them","* What is a hexagon?
* How many sides does a hexagon have?
* How many angles does a hexagon have?
* Are all the sides of a hexagon equal in length?
* Are all the angles of a hexagon equal in measure?","| Metric | Score | Justification |
| ----------- | ----------- | ----------- |
| Relevance | 5 | All questions directly relate to the statement, exploring core aspects of a hexagon's definition and properties. |
| Coherence | 4 | Questions logically build upon each other, gradually deepening the understanding of a hexagon's characteristics. |
| Diversity | 4 | Questions cover a range of aspects, from basic definition to specific properties of sides and angles, providing a well-rounded understanding. |","| Metric    | Score | Justification                                                                                  |
|-----------|-------|-----------------------------------------------------------------------------------------------|
| Relevance | 5     | All questions directly pertain to the details of the statement about a hexagon.              |
| Coherence | 4     | The questions follow a logical progression in exploring the properties of a hexagon.         |
| Diversity | 3     | While relevant, the questions focus primarily on the properties of sides and angles of a hexagon. Could include questions about types of hexagons or real-life examples for enhanced diversity. |","

| Metric | Score | Justification |
|---|---|---|
| Coherence | 4 | The questions follow a logical order, starting with basic definition and moving towards properties of the shape. However, it could benefit from a more explicit connection between the number of sides/angles and the properties of equality. |
| Relevance | 5 | All questions directly relate to the statement, providing a comprehensive introduction to the concept of a hexagon. |
| Diversity | 4 | The questions cover various aspects of the hexagon, such as its definition, structure, and properties. To"
"Imagine you are a human, this is the first time you are coming across this Maths Statement or Equation, you have no previous knowledge of it ""The Associative Property states that (a + b) + c = a + (b + c) for addition."", what are the top 5 questions that would pop up in your head which would be most useful in learning about it as you are new to it. Give me a simple bullet point list, don't explain them or expand them","* What does the associative property refer to in mathematics?
* How does the associative property apply to addition specifically?
* What is the significance of grouping symbols (parentheses) in the statement?
* Are there any restrictions on the types of numbers or variables that can be used in the equation?
* Is the associative property unique to addition or does it also apply to other operations?","| Metric | Score | Justification |
|---|---|---|
| Relevance | 4 | The questions directly relate to the core concepts and details presented in the statement, exploring the definition, specific application to addition, and broader implications of the associative property. |
| Coherence | 3 | The questions logically flow from one another, building on previous inquiries and gradually expanding the understanding of the statement. The sequence guides the learner from the general concept to specific applications and potential limitations. |
| Diversity | 3 | The questions cover a range of aspects related to the statement, including its definition, specific application to addition, the role of grouping symbols, potential limitations, and its broader applicability. While they cover many aspects, they do not delve deeply into each one. |","| Metric   | Score | Justification                                                                                      |
|----------|-------|-----------------------------------------------------------------------------------------------------|
| Relevance | 5     | All questions directly pertain to the specifics of the statement and aim to clarify its elements.    |
| Coherence | 4     | The questions form a logical progression from defining the property to exploring its applications. |
| Diversity | 4     | The questions cover different aspects such as definitions, implications, and restrictions.        |","

| Metric | Score | Justification |
|---|---|---|
| Relevance | 5 | All questions directly relate to the statement, exploring its definition, application, and scope. |
| Coherence | 4 | The questions follow a logical order, moving from general concepts to more specific aspects of the associative property in addition. |
| Diversity | 5 | A wide range of aspects are covered, including definition, operation specificity, grouping symbols, number restrictions, and applicability to other operations. |"
"Imagine you are a human, this is the first time you are coming across this Maths Statement or Equation, you have no previous knowledge of it ""Subtracting a negative number is the same as adding its positive counterpart."", what are the top 5 questions that would pop up in your head which would be most useful in learning about it as you are new to it. Give me a simple bullet point list, don't explain them or expand them","* What is a negative number?
* How do you subtract a negative number?
* What does it mean for a number to be a ""positive counterpart""?
* How is subtracting a negative number similar to adding its positive counterpart?
* Are there any examples or situations where I can see this concept in action?","| Metric | Score | Justification |
|---|---|---|
| Relevance | 5 | All questions directly relate to the statement, seeking clarification and understanding of key concepts. |
| Coherence | 5 | Questions follow a logical progression, building on each other and guiding a beginner's exploration of the topic. |
| Diversity | 4 | Questions cover a range of aspects, including definitions, explanations, and real-world applications, providing a comprehensive exploration of the statement. |","Metric | Score | Justification
Relevance | 5 | Each question directly pertains to the details and concepts presented in the statement about subtracting negative numbers.
Coherence | 4 | The questions flow logically from understanding negative numbers to the relationship between subtracting negative numbers and adding their positive counterparts.
Diversity | 5 | The questions cover different aspects such as negative numbers, subtraction, positive counterparts, and examples, providing a well-rounded exploration of the topic.","

| Metric | Score | Justification |
|---|---|---|
| Coherence | 4 | The questions follow a logical progression, moving from basic definitions to more complex concepts like application and comparison. However, they could benefit from a stronger thematic link between questions. |
| Relevance | 5 | All questions are highly relevant to the statement, focusing on key terms and concepts without straying into tangential territory. |
| Diversity | 4 | The questions cover various aspects of the statement, such as definition, operation, equivalence, and example. To improve diversity"
"Imagine you are a human, this is the first time you are coming across this Maths Statement or Equation, you have no previous knowledge of it ""The Distributive Property combines addition and multiplication, stating a(b + c) = ab + ac."", what are the top 5 questions that would pop up in your head which would be most useful in learning about it as you are new to it. Give me a simple bullet point list, don't explain them or expand them","* What does each variable (a, b, c) represent?
* How does the distributive property differ from other mathematical properties?
* Can the equation be demonstrated with numbers or real-world examples?
* Are there any restrictions on the values of a, b, and c?
* How can I apply the distributive property to simplify or solve equations?","| Metric    | Score | Justification                                                                                                                                                                |
| ---------- | ----- | ---------------------------------------------------------------------------------------------------------------------------------------------------------------------------------- |
| Relevance  | 5     | All questions directly relate to understanding the elements and concepts within the statement, exploring its nature, applicability, and implications.                |
| Coherence  | 4     | The questions have a logical progression, starting with the basics (variable representation), then exploring its uniqueness, and finally leading to applications and problem-solving. |
| Diversity  | 5     | The questions cover a range of aspects related to the statement, including definitions, differences, examples, restrictions, and applications, ensuring a comprehensive exploration. |","| Metric    | Score | Justification                                                                                                                                                                                                  |
|-----------|-------|-----------------------------------------------------------------------------------------------------------------------------------------------------------------------------------------------------------------|
| Relevance | 5     | All questions directly pertain to the details and concepts presented in the statement about the Distributive Property.                                                                                         |
| Coherence | 4     | The questions form a logical progression of inquiry about the Distributive Property, except for the second question that could be placed earlier.                                                               |
| Diversity | 5     | The questions cover various aspects such as variable representations, practical applications, restrictions, and solving equations, providing a comprehensive exploration of the Distributive Property. |","

| Metric | Score | Justification |
|---|---|---|
| Relevance | 4 | The questions address essential components of the statement, such as variable representation, comparison with other properties, practical application, value restrictions, and problem-solving techniques. However, some questions could be more specific to the distributive property itself. |
| Coherence | 5 | The questions follow a logical order, starting with basic conceptual understanding and gradually moving towards practical application, allowing for a structured exploration of the topic. |
| Diversity | 4 | The questions cover various aspects related to"
"Imagine you are a human, this is the first time you are coming across this Maths Statement or Equation, you have no previous knowledge of it ""The concept of place value indicates the value of a digit based on its position within a number."", what are the top 5 questions that would pop up in your head which would be most useful in learning about it as you are new to it. Give me a simple bullet point list, don't explain them or expand them","* What does ""place value"" mean?
* How is the position of a digit determined in a number?
* How does the position of a digit affect its value?
* Is the concept of place value applicable to all number systems (e.g. decimal, binary, hexadecimal)?
* Are there any rules or patterns for determining the place value of digits in different types of numbers (e.g. whole numbers, decimals, fractions)?","| Metric | Score | Justification |
|---|---|---|
| Relevance | 5 | All questions directly pertain to the elements and concepts presented in the statement, aiming to clarify and expand upon the meaning and application of ""place value"". |
| Coherence | 4 | The questions logically connect to one another, forming a coherent line of inquiry that progresses from the general concept of ""place value"" to specific aspects such as the determination of digit position and its impact on value. However, the connection between questions 4 and 5 could be smoother. |
| Diversity | 5 | The questions cover a diverse range of aspects related to the concept of ""place value"", including its meaning, determination of digit position, impact on value, applicability to different number systems, and potential patterns or rules. |","| Metric    | Score | Justification                                                                                       |
|-----------|-------|-----------------------------------------------------------------------------------------------------|
| Relevance | 5     | The questions directly address the core concept of place value and its implications.               |
| Coherence | 4     | The questions form a logical progression, but could be slightly more interconnected for clarity.  |
| Diversity | 5     | The questions cover various aspects of place value, including definition, application, and patterns.|","

| Metric | Score | Justification |
|---|---|---|
| Relevance | 5 | All questions are directly related to the concept of place value and its application in various number systems. They address key aspects such as definition, positional significance, and potential scope. |
| Coherence | 4 | The questions generally follow a logical order, starting with basic terminology before moving onto more nuanced aspects like applicability and patterns. However, some connections could be clearer between questions. |
| Diversity | 5 | A wide array of perspectives are explored, covering defin"
"Imagine you are a human, this is the first time you are coming across this Maths Statement or Equation, you have no previous knowledge of it ""Identifying prime numbers is fundamental to number theory."", what are the top 5 questions that would pop up in your head which would be most useful in learning about it as you are new to it. Give me a simple bullet point list, don't explain them or expand them","* What is a prime number?
* How do I identify a prime number?
* What is number theory?
* Why is identifying prime numbers important in number theory?
* Is there a specific method or algorithm for identifying prime numbers?","| Metric | Score | Justification |
| ----------- | ----------- | ----------- |
| Relevance | 5 | The questions directly pertain to the elements and concepts presented in the statement, focusing on the immediate context. They aim to clarify and expand upon the content of the statement. |
| Coherence | 5 | The questions logically connect to one another and form a coherent line of inquiry that would logically progress a beginner's understanding of the topic. The sequence of questions facilitates a structured exploration of the statement. |
| Diversity | 4 | The questions cover a range of aspects related to the statement, including definitions, implications, and theoretical underpinnings. While they focus on different dimensions, there is some overlap in the exploration of prime numbers. |","Relevance    | 5 | The questions directly pertain to the concept of identifying prime numbers and their importance in number theory.
Coherence    | 4 | The questions form a logical progression from defining prime numbers to understanding their significance in number theory.
Diversity    | 4 | The questions cover various aspects such as definitions, identification methods, relevance to number theory, and algorithms for prime numbers.","

| Metric | Score | Justification |
|---|---|---|
| Coherence | 4 | The questions follow a logical progression from defining basic terms to exploring their significance and application in number theory. However, they could benefit from a stronger connection between prime numbers and the broader field of mathematics. |
| Relevance | 5 | All questions directly relate to the provided statement, demonstrating a clear focus on understanding prime numbers and their role in number theory. No irrelevant questions are present. |
| Diversity | 4 | The questions cover various aspects of prime numbers, such as"
"Imagine you are a human, this is the first time you are coming across this Maths Statement or Equation, you have no previous knowledge of it ""A composite number can be factored into smaller integers, excluding 1 and the number itself."", what are the top 5 questions that would pop up in your head which would be most useful in learning about it as you are new to it. Give me a simple bullet point list, don't explain them or expand them","* What is a composite number?
* What does it mean to factor a number?
* What are integers?
* Why are we excluding 1 and the number itself?
* How do we find these smaller integers that a composite number can be factored into?","| Metric | Score | Justification |
|---|---|---|
| Relevance | 5 | All questions are directly related to the statement, covering its key concepts. |
| Coherence | 4 | The questions logically follow a progression from basic definitions to the specific criteria for composite numbers. |
| Diversity | 4 | The questions cover a range of aspects, including the definition of terms, the process of factoring, and the properties of composite numbers. |","Metric | Score | Justification
Relevance | 5 | All questions directly relate to the components and concept presented in the statement.
Coherence | 4 | The questions flow logically and connect well, building upon each other in a clear manner.
Diversity | 4 | The questions cover a range of aspects related to the statement, offering different perspectives on understanding it.","

| Metric | Score | Justification |
|---|---|---|
| Coherence | 4 | The questions follow a logical order, starting with defining basic terms before moving onto more complex concepts like factoring. However, there is room for improvement in connecting all questions together in a more explicit way. |
| Relevance | 5 | All questions are highly relevant to the statement, focusing on key terms and concepts necessary for understanding composite numbers and factoring. |
| Diversity | 4 | The questions cover various aspects related to the statement, such as definitions, properties, and procedures."
"Imagine you are a human, this is the first time you are coming across this Maths Statement or Equation, you have no previous knowledge of it ""The concept of symmetry in shapes includes reflectional and rotational symmetry."", what are the top 5 questions that would pop up in your head which would be most useful in learning about it as you are new to it. Give me a simple bullet point list, don't explain them or expand them","* What is symmetry in math terms?
* What is reflectional symmetry and how is it demonstrated?
* What is rotational symmetry and how is it demonstrated?
* Are there different types or degrees of symmetry?
* How can symmetry be identified and measured in a shape?","| Metric | Score | Justification |
|---|---|---|
| Relevance | 5 | The questions directly address the concept of symmetry in shapes, including reflectional and rotational symmetry. |
| Coherence | 5 | The questions logically progress from a basic definition of symmetry to specific types and demonstrations of symmetry, leading to an understanding of how it can be identified and measured. |
| Diversity | 4 | The questions cover a range of aspects related to symmetry, including definitions, types, demonstrations, and measurement, although they could delve deeper into applications or theoretical implications. |","| Metric   | Score | Justification                                                                                          |
|----------|-------|--------------------------------------------------------------------------------------------------------|
| Relevance | 5     | All questions directly address the concept of symmetry in shapes and seek to clarify its different aspects     |
| Coherence | 4     | The questions form a logical progression from defining symmetry to exploring its types and measurement       |
| Diversity | 4     | The questions cover reflectional and rotational symmetry, types of symmetry, and identification methods   |","

| Metric | Score | Justification |
|---|---|---|
| Coherence | 4 | The questions follow a logical progression from defining symmetry to exploring its two main types and then asking about measurement and degrees of symmetry. However, it could benefit from a more explicit connection between the definition of symmetry and its demonstration in reflectional/rotational forms. |
| Relevance | 5 | All questions directly relate to the provided statement, focusing on understanding the concept of symmetry and its various forms. They avoid venturing into tangential topics and maintain a strong focus on the core subject matter."
"Imagine you are a human, this is the first time you are coming across this Maths Statement or Equation, you have no previous knowledge of it ""The least common multiple (LCM) of two numbers is the smallest number that is a multiple of both."", what are the top 5 questions that would pop up in your head which would be most useful in learning about it as you are new to it. Give me a simple bullet point list, don't explain them or expand them","* What is a multiple of a number?
* How do I find the multiples of a number?
* What does it mean for a number to be a multiple of both numbers?
* How do I determine if a number is a multiple of both given numbers?
* How do I find the smallest number that is a multiple of both numbers?","| Metric | Score | Justification |
|---|---|---|
| Relevance | 5 | All questions are directly relevant to the given statement, exploring the concepts of multiples, common multiples, and finding the least common multiple. |
| Coherence | 5 | The questions form a logical progression, starting with the basics of multiples and gradually building towards understanding the least common multiple. |
| Diversity | 4 | The questions cover a diverse range of aspects, including definitions, methods for finding multiples, and identifying the least common multiple. While they don't explore advanced applications or theoretical underpinnings, they provide a solid foundation for understanding the concept. |","| Metric   | Score | Justification                                                                                      |
|----------|-------|----------------------------------------------------------------------------------------------------|
| Relevance | 5     | All questions directly address elements of the given statement concerning the least common multiple. |
| Coherence | 4     | The questions flow logically from understanding multiples to identifying the least common multiple.  |
| Diversity | 4     | The questions offer a varied exploration of multiple aspects related to the least common multiple.    |","

| Metric | Score | Justification |
|---|---|---|
| Coherence | 4 | The questions follow a logical progression, moving from defining basic terms to applying the concept of LCM. However, there is room for further exploration of the practical uses or real-world examples of LCM. |
| Relevance | 5 | All questions are directly relevant to the concept of LCM, focusing on understanding the definition and process instead of straying into tangential topics. |
| Diversity | 4 | The questions cover various aspects of LCM, such as defining"
"Imagine you are a human, this is the first time you are coming across this Maths Statement or Equation, you have no previous knowledge of it ""Converting between fractions, decimals, and percentages is a fundamental skill in mathematics."", what are the top 5 questions that would pop up in your head which would be most useful in learning about it as you are new to it. Give me a simple bullet point list, don't explain them or expand them","* What is a fraction, decimal, and percentage?
* How do I convert a fraction to a decimal and vice versa?
* How do I convert a fraction or decimal to a percentage and vice versa?
* Are there any rules or shortcuts for converting between fractions, decimals, and percentages?
* When would I need to use conversion between fractions, decimals, and percentages in real-life situations?","| Metric | Score | Justification |
|---|---|---|
| Relevance | 5 | All questions are directly relevant to the statement, addressing the conversion between fractions, decimals, and percentages. |
| Coherence | 4 | The questions form a logical sequence, starting with definitions and progressing to conversion methods and practical applications. |
| Diversity | 4 | The questions cover a range of aspects, including definitions, conversion methods, shortcuts, and real-life applications, providing a comprehensive exploration of the topic. |","Relevance | 4 | The questions directly address the key components of the statement about converting between fractions, decimals, and percentages.
Coherence | 3 | The questions flow logically and build upon each other, but the sequence could be improved for a clearer progression.
Diversity | 4 | The questions cover various aspects of the topic, including definitions, conversion methods, practical applications, and shortcuts.

Relevance | 4 | The questions are all relevant to the task of understanding how to convert between fractions, decimals, and percentages.
Coherence | 3 | The questions form a coherent line of inquiry, but the progression could be refined for better clarity.
Diversity | 4 | The questions offer a diverse exploration of the topic, covering definitions, conversion methods, rules, and practical applications.

Relevance | 5 | The questions directly address the key components of the statement about converting between fractions, decimals, and percentages.
Coherence | 4 | The questions flow logically and cohesively, guiding a beginner through the basics of conversion.
Diversity | 5 | The questions cover a wide range of aspects related to the topic, ensuring a comprehensive understanding of conversions.

Relevance | 4 | The questions are all relevant to understanding the process of converting between fractions,","

| Metric | Score | Justification |
|---|---|---|
| Coherence | 4 | The questions follow a logical progression from defining basic terms to exploring practical applications, creating a coherent line of inquiry. However, some connections could be strengthened between questions 2 and 3, and between questions 4 and 5. |
| Relevance | 5 | All questions are highly relevant to the statement, addressing essential aspects of conversions between fractions, decimals, and percentages. They focus on the core concepts without straying into tangential topics. |"
"Imagine you are a human, this is the first time you are coming across this Maths Statement or Equation, you have no previous knowledge of it ""A rectangle's area is calculated by multiplying its length by its width."", what are the top 5 questions that would pop up in your head which would be most useful in learning about it as you are new to it. Give me a simple bullet point list, don't explain them or expand them","* What is a rectangle?
* What is meant by the length of a rectangle?
* What is meant by the width of a rectangle?
* How do I calculate the area of a shape?
* How does multiplying the length and width give me the area?","| Metric | Score | Justification |
|---|---|---|
| Relevance | 4 | The questions directly address the key elements of a rectangle's area calculation, including the concepts of length, width, and how their multiplication yields the area. |
| Coherence | 3 | While the questions logically connect to one another, they could be restructured for a smoother progression. For instance, defining a rectangle first and then exploring its dimensions. |
| Diversity | 3 | The questions cover a range of aspects, including the definition of a rectangle, the meaning of length and width, and the calculation method for its area. However, they could benefit from exploring further implications or applications of this formula. |","Metric | Score | Justification
Relevance | 5 | All questions directly pertain to the details and concepts introduced in the original statement about calculating a rectangle's area.
Coherence | 4 | The questions progress logically in understanding the concept of calculating the area of a rectangle, but could benefit from a clearer connection between the last two questions.
Diversity | 4 | The questions cover a range of aspects related to understanding the statement, including definitions of rectangle, length, and width, calculation of area, and the relationship between length, width, and area. There could be more diversity in exploring real-world applications or examples.","

| Metric | Score | Justification |
|---|---|---|
| Coherence | 4 | The questions follow a logical order, starting with defining terms and gradually moving towards understanding the calculation process. However, there is room for improvement in connecting the questions more explicitly to create a smoother transition between them. |
| Relevance | 5 | All questions are highly relevant to the statement, addressing fundamental concepts required to understand the equation. They focus on essential components like defining rectangles, lengths, widths, and calculating area, ensuring a direct correlation to the statement. |
| D"
"Imagine you are a human, this is the first time you are coming across this Maths Statement or Equation, you have no previous knowledge of it ""Knowing the days of the week involves modular arithmetic."", what are the top 5 questions that would pop up in your head which would be most useful in learning about it as you are new to it. Give me a simple bullet point list, don't explain them or expand them","1. What is modular arithmetic and how does it differ from regular arithmetic?
2. How does modular arithmetic apply to the concept of days of the week?
3. What are the rules for performing operations (addition, subtraction, multiplication, etc.) in modular arithmetic?
4. How do you determine the number of days until a certain day of the week occurs again?
5. Can you provide examples of real-world applications where modular arithmetic is used to determine the day of the week?","| Metric | Score | Justification |
|:---|:---:|:---|
| Relevance | 5 | All questions directly relate to the topic of modular arithmetic and its application to determining the days of the week. |
| Coherence | 4 | The questions logically progress from defining modular arithmetic to exploring its rules and applications. |
| Diversity | 3 | While the questions cover various aspects of modular arithmetic, they primarily focus on its use in determining the days of the week. Exploring broader applications could enhance diversity. |","| Metric     | Score | Justification                                                                                                   |
|------------|-------|-----------------------------------------------------------------------------------------------------------------|
| Relevance  | 5     | All questions directly pertain to the details and concepts presented in the statement about modular arithmetic. |
| Coherence  | 4     | The questions progress logically from defining modular arithmetic to its application in determining days of the week.|
| Diversity  | 5     | The questions cover a wide range of aspects related to modular arithmetic and its practical implications.         |","

| Metric | Score | Justification                                                                                                                                                                                                                                                                                                                                                                                                                                                                                                                                                                                                                                                                                                                                                                                                                                                                                                                                                                                                                                                                                                                                                                                                                                                                                                                                                                                                                                                                                                                                                                                                                                                                                                                                                                                                                                                                                                                                                                "
"Imagine you are a human, this is the first time you are coming across this Maths Statement or Equation, you have no previous knowledge of it ""A factor of a number divides that number without leaving a remainder."", what are the top 5 questions that would pop up in your head which would be most useful in learning about it as you are new to it. Give me a simple bullet point list, don't explain them or expand them","* What is a ""factor"" and how is it related to a number?
* How does dividing a number by a factor differ from regular division?
* What do you mean by ""without leaving a remainder""?
* Are there any specific rules or restrictions for this statement?
* How can I identify or find factors that follow this definition?","| Metric | Score | Justification |
|---|---|---|
| Relevance | 5 | All questions pertain directly to the key concepts and elements of the mathematical statement about factors and divisibility without remainders. |
| Coherence | 4 | The questions form a logical sequence that builds upon each other, starting with defining factors and gradually exploring the implications of the statement. |
| Diversity | 4 | The questions cover a range of aspects, from the basic notion of factors to their relationship with divisibility and the absence of remainders. |","Relevance     |   5   |   The questions directly address the core concept of factors dividing numbers without remainder.
Coherence     |   4   |   The questions flow logically and build upon understanding progressively.
Diversity     |   4   |   The questions cover various aspects of factors and their relationship to numbers.","

| Metric | Score | Justification |
|---|---|---|
| Coherence | 4 | The questions follow a logical order, starting with defining terms and gradually moving towards more complex ideas like identifying factors. However, the last question could potentially be split into two separate questions to further enhance clarity and focus. |
| Relevance | 5 | All questions are highly relevant to the original statement, addressing key concepts such as the definition of a factor, the difference between regular division and division by a factor, and methods for finding such factors. |
| Diversity | 4 | The questions"
"Imagine you are a human, this is the first time you are coming across this Maths Statement or Equation, you have no previous knowledge of it ""The angles in a quadrilateral add up to 360 degrees."", what are the top 5 questions that would pop up in your head which would be most useful in learning about it as you are new to it. Give me a simple bullet point list, don't explain them or expand them","* What is a quadrilateral and how is it defined?
* How do we measure angles in a geometric shape?
* Why do the angles in a quadrilateral add up to 360 degrees specifically?
* Are there any exceptions or special cases to this rule?
* Can this concept be extended to other polygons, and if so, how?","| Metric | Score | Justification |
|---|---|---|
| Relevance | 5 | All questions are directly relevant to the statement, exploring various aspects of the quadrilateral angle sum rule. |
| Coherence | 4 | The questions progress logically, building on one another to deepen understanding: defining quadrilateral, measuring angles, inquiring about the specific sum rule, considering exceptions, and extending the concept. |
| Diversity | 5 | The questions cover a wide range of topics, from definitions to theoretical implications and extensions, providing a broad exploration of the statement. |","Relevance | 5 | The questions directly address the key concept of angles in a quadrilateral.
Coherence | 4 | The questions follow a logical progression but could be slightly more interconnected.
Diversity | 4 | The questions cover a range of aspects related to the statement, offering different perspectives on the topic.","

| Metric | Score | Justification |
|---|---|---|
| Relevance | 5 | All questions are directly related to the statement, aiming to clarify key terms and explore the underlying principles. |
| Coherence | 4 | The questions generally follow a logical order, moving from basic definitions to exploring the principle and potential extensions. However, some transitions could be smoother, such as explicitly connecting angle measurement to the quadrilateral definition. |
| Diversity | 5 | The questions cover various aspects of the statement, including definitions, measurements, principles, exceptions,"
"Imagine you are a human, this is the first time you are coming across this Maths Statement or Equation, you have no previous knowledge of it ""The concept of 'more than' or 'less than' introduces inequalities."", what are the top 5 questions that would pop up in your head which would be most useful in learning about it as you are new to it. Give me a simple bullet point list, don't explain them or expand them","* What is the definition of inequality?
* How does the concept of ""more than"" and ""less than"" relate to inequalities?
* Are there different types of inequalities? If so, what are they?
* How do you represent inequalities mathematically?
* What are some examples of real-world situations that can be represented using inequalities?","| Metric | Score | Justification |
|---|---|---|
| Relevance | 5 | All questions directly relate to the statement, exploring different aspects of inequalities and their relationship to ""more than"" and ""less than."" |
| Coherence | 4 | The questions logically progress from defining inequalities to exploring types, representations, and real-world applications, providing a coherent line of inquiry. |
| Diversity | 5 | The questions cover a diverse range of aspects, from theoretical definitions to practical applications, offering a comprehensive exploration of the concept. |","| Metric   | Score | Justification                                                                                               |
|----------|-------|-------------------------------------------------------------------------------------------------------------|
| Relevance |   5   | All questions directly pertain to the concept of inequalities and explore different aspects of it.          |
| Coherence |   4   | The questions form a coherent line of inquiry, following a logical progression in understanding inequalities. |
| Diversity |   4   | The questions cover definitions, mathematical representation, types of inequalities, and real-world applications. |","

| Metric | Score | Justification |
|---|---|---|
| Relevance | 5 | All questions directly pertain to the statement, exploring various aspects of inequalities and their relationship to ""more than"" and ""less than"". |
| Coherence | 4 | The questions generally follow a logical order, moving from basic definitions to more complex representations and applications. However, the transition between types of inequalities and mathematical representation could be clearer. |
| Diversity | 5 | A wide range of aspects related to inequalities are covered, including definitions, categories"
"Imagine you are a human, this is the first time you are coming across this Maths Statement or Equation, you have no previous knowledge of it ""The rule of divisibility by 3 states that a number is divisible by 3 if the sum of its digits is divisible by 3."", what are the top 5 questions that would pop up in your head which would be most useful in learning about it as you are new to it. Give me a simple bullet point list, don't explain them or expand them","* What is meant by ""divisible by 3""?
* How is the sum of a number's digits calculated?
* What does it mean for a sum to be ""divisible by 3""?
* Are there any exceptions to this rule?
* How can this rule be applied to check if a large number is divisible by 3?","| Metric | Score | Justification |
|---|---|---|
| Relevance | 5 | All questions directly target key concepts and elements presented in the statement, aiming to clarify and explore fundamental aspects of divisibility by 3. |
| Coherence | 5 | The questions follow a logical progression, forming a coherent line of inquiry that guides understanding from foundational concepts to practical applications. |
| Diversity | 5 | The questions cover a wide range of aspects, including definitions, calculations, exceptions, and applications, offering a comprehensive exploration of the rule of divisibility by 3. |","| Metric   | Score | Justification                                                                                     |
|----------|-------|---------------------------------------------------------------------------------------------------|
| Relevance | 5     | All questions directly relate to the statement about divisibility by 3.                            |
| Coherence | 4     | The questions progress logically from defining divisibility by 3 to how to apply the rule practically. |
| Diversity | 4     | The questions cover the concept of divisibility, calculation of sum of digits, exceptions, and practical applications. |","

| Metric | Score | Justification |
|---|---|---|
| Relevance | 4 | The questions are mostly relevant to the concept, except for the second question which may be too basic for some users. |
| Coherence | 5 | The questions follow a logical order, starting from the basics and moving towards more complex ideas. |
| Diversity | 4 | The questions cover various aspects of the concept, but could benefit from exploring real-world applications or historical context. |"
"Imagine you are a human, this is the first time you are coming across this Maths Statement or Equation, you have no previous knowledge of it ""Understanding fractions involves recognizing a part of a whole."", what are the top 5 questions that would pop up in your head which would be most useful in learning about it as you are new to it. Give me a simple bullet point list, don't explain them or expand them","* What is a fraction and how is it defined?
* What does ""part of a whole"" mean in this context?
* How do I recognize the part of a whole in a given fraction?
* Are there different types of wholes that can be used with fractions?
* Can you provide examples of recognizing parts of a whole using fractions?","| Metric | Score | Justification |
|---|---|---|
| Relevance | 5 | All questions directly target the key elements of the statement: the definition of a fraction, the concept of ""part of a whole,"" and recognizing fractional quantities. |
| Coherence | 4 | The questions progress logically, starting with foundational concepts and then gradually moving towards more specific aspects of recognizing fractions. However, the last question could be slightly more seamlessly integrated with the others. |
| Diversity | 5 | The questions cover a wide range of aspects related to fractions, including their definition, structure, and practical application in identifying parts of a whole. |","Relevance | 5 | The questions directly address the core concept of understanding fractions as recognizing parts of a whole.
Coherence | 4 | The questions flow logically in exploring the definition, meaning, recognition, types of wholes, and examples related to fractions.
Diversity | 4 | The questions cover different aspects like definitions, applications, and examples, providing a well-rounded exploration of the topic.","

| Metric | Score | Justification |
|---|---|---|
| Coherence | 4 | The questions follow a logical order, starting with defining a fraction and gradually moving towards more specific aspects like recognition and examples. However, it could benefit from a clearer connection between the definition of a fraction and its relationship to a whole. |
| Relevance | 5 | All questions are directly relevant to the statement, focusing on understanding the concept of fractions and their relationship to a whole. They avoid venturing into tangential topics and maintain a strong focus on the core idea. |
| D"
"Imagine you are a human, this is the first time you are coming across this Maths Statement or Equation, you have no previous knowledge of it ""A regular hexagon can be divided into six equilateral triangles."", what are the top 5 questions that would pop up in your head which would be most useful in learning about it as you are new to it. Give me a simple bullet point list, don't explain them or expand them","* What is a regular hexagon?
* What is an equilateral triangle?
* How can I divide a shape into smaller parts?
* How do the angles and sides of a regular hexagon and equilateral triangle relate?
* Are there any properties of a regular hexagon that make it easy to divide into equilateral triangles?","| Metric          | Score | Justification |
|-----------------|-------|---------------|
| Relevance       | 5     | All questions directly pertain to understanding the statement about dividing a regular hexagon into equilateral triangles. |
| Coherence      | 4     | The questions follow a logical progression, starting with definitions and progressing to more specific inquiries about the relationship between the shapes and the division process. |
| Diversity       | 4     | The questions cover various aspects of the statement, including geometric definitions, spatial relationships, and properties that enable division. |","| Metric    | Score | Justification                                                                                     |
|-----------|-------|----------------------------------------------------------------------------------------------------|
| Relevance | 5     | All questions directly pertain to the concepts introduced in the statement about the hexagon.     |
| Coherence | 4     | The questions progress logically from defining terms to exploring their relationship and properties. |
| Diversity | 4     | The questions cover various aspects of the statement, from basic definitions to practical applications. |","

| Metric | Score | Justification |
|---|---|---|
| Relevance | 5 | All questions are directly related to the statement, aiming to clarify key terms and relationships between shapes. |
| Coherence | 4 | The questions generally follow a logical order, moving from basic definitions to more complex relationships, though some connections could be clearer. |
| Diversity | 5 | A wide range of aspects are covered, including definitions, properties, and spatial relationships, offering a comprehensive introduction to the topic. |"
"Imagine you are a human, this is the first time you are coming across this Maths Statement or Equation, you have no previous knowledge of it ""The area of a parallelogram is calculated as base times height."", what are the top 5 questions that would pop up in your head which would be most useful in learning about it as you are new to it. Give me a simple bullet point list, don't explain them or expand them","* What is a parallelogram?
* What defines the ""base"" of a parallelogram?
* What defines the ""height"" of a parallelogram?
* Is the area measured in square units?
* Are there any exceptions or special cases to this formula?","| Metric | Score | Justification |
|---|---|---|
| Relevance | 4 | The questions directly address various aspects of the statement, such as the definition of parallelogram, base, and height, and the measurement of area. |
| Coherence | 4 | The questions follow a logical sequence, starting with the most fundamental concepts (what is a parallelogram?) and gradually moving to more specific details (defining base and height, units of area). |
| Diversity | 3 | The questions cover multiple aspects of the statement, but they mainly focus on defining terms related to the formula rather than exploring applications or implications. |","| Metric   | Score | Justification                                                                                                                 |
|----------|-------|-------------------------------------------------------------------------------------------------------------------------------|
| Relevance | 4     | The questions directly pertain to understanding the components and calculation of the area of a parallelogram.            |
| Coherence | 4     | The questions flow logically from defining a parallelogram, its base and height, to how area is measured and exceptions.     |
| Diversity | 3     | While the questions cover key aspects, there could be more diversity in exploring real-world applications or visualizations. |","

| Metric | Score | Justification |
|---|---|---|
| Coherence | 4 | The questions follow a logical order, starting with defining terms before moving onto more specific aspects of the equation. However, they could benefit from a stronger connection between the last two questions, exploring potential exceptions or applications. |
| Relevance | 5 | All questions directly relate to the statement, focusing on essential components such as term definitions and measurement units. They effectively address key aspects necessary for understanding the equation. |
| Diversity | 4 | The questions cover various dimensions of the statement, including"
"Imagine you are a human, this is the first time you are coming across this Maths Statement or Equation, you have no previous knowledge of it ""Estimation techniques, such as rounding, are crucial for making quick guesses."", what are the top 5 questions that would pop up in your head which would be most useful in learning about it as you are new to it. Give me a simple bullet point list, don't explain them or expand them","* What are estimation techniques?
* How does rounding work?
* Why are quick guesses important?
* In what situations are estimation techniques and rounding used?
* How accurate are the results obtained from using these techniques?","| Metric | Score | Justification |
|---|---|---|
| Relevance | 5 | The questions directly relate to the key elements of the statement, namely estimation techniques, rounding, and their uses, providing a clear understanding of the main concepts involved. |
| Coherence | 5 | The questions flow logically, building upon one another, progressing from basic definitions to applications and accuracy, forming a cohesive inquiry into estimation techniques. |
| Diversity | 4 | The questions cover various aspects of estimation techniques, from their definition and methods to their practical applications and limitations, offering a broad exploration of the topic. |","| Metric   | Score | Justification                                                                                                                                                         |
|----------|-------|-----------------------------------------------------------------------------------------------------------------------------------------------------------------------|
| Relevance | 5     | All questions directly pertain to the statement about estimation techniques and rounding.                                                                               |
| Coherence | 4     | The questions progress logically in exploring the topic of estimation techniques and rounding, forming a coherent line of inquiry.                                    |
| Diversity | 4     | The questions cover different aspects such as defining estimation techniques, understanding rounding, importance of quick guesses, applications, and accuracy of results. |","

| Metric | Score | Justification |
|---|---|---|
| Relevance | 4 | The questions are mostly relevant to the statement, though some could be more specific to estimation techniques and rounding. |
| Coherence | 5 | The questions follow a logical order, moving from basic definitions to practical applications. |
| Diversity | 3 | The questions cover various aspects but could benefit from exploring more dimensions like strategies, benefits, or limitations. |"
"Imagine you are a human, this is the first time you are coming across this Maths Statement or Equation, you have no previous knowledge of it ""The sum of any two odd numbers is even.  "", what are the top 5 questions that would pop up in your head which would be most useful in learning about it as you are new to it. Give me a simple bullet point list, don't explain them or expand them","* What is an odd number?
* What is an even number?
* How do I add two odd numbers together?
* What makes the sum of two odd numbers an even number?
* Can you provide examples of adding two odd numbers together to demonstrate this concept?","| Metric | Score | Justification |
|---|---|---|
| Relevance | 5 | All questions are directly related to understanding the statement ""The sum of any two odd numbers is even."" They address the definition of odd and even numbers and explore the concept of adding odd numbers and the resulting pattern. |
| Coherence | 4 | The questions follow a logical sequence. They start with defining odd and even numbers, then move on to adding odd numbers, and finally ask about the underlying reason behind the observed pattern. |
| Diversity | 5 | The questions cover various aspects of the statement, including definitions, operations, and theoretical implications. They provide a comprehensive exploration of the concept. |","| Metric   | Score | Justification                                                                                                                                                                                                                        |
|----------|-------|--------------------------------------------------------------------------------------------------------------------------------------------------------------------------------------------------------------------------------------------------------|
| Relevance | 5     | All questions directly pertain to understanding odd and even numbers, and how their sums relate to each other.                                                                                                                                      |
| Coherence | 4     | The questions progress in a logical sequence from defining odd and even numbers to adding them and understanding the result.                                                                                                                    |
| Diversity | 4     | The questions cover different aspects of the statement, including definitions, operations, and examples, providing a well-rounded exploration of the concept.                                                                                    |","

| Metric | Score | Justification |
|---|---|---|
| Coherence | 4 | The questions follow a logical order, starting with defining terms and gradually moving towards more complex concepts like the reasoning behind the sum being even. |
| Relevance | 5 | All questions relate directly to the statement, asking for clarification on key terms and exploring the underlying principles. |
| Diversity | 4 | The questions cover various aspects of the statement, such as definitions, processes, and explanations, providing a comprehensive introduction to the topic. However, there is room for further divers"
"Imagine you are a human, this is the first time you are coming across this Maths Statement or Equation, you have no previous knowledge of it ""A triangle with two equal sides is called an isosceles triangle.  "", what are the top 5 questions that would pop up in your head which would be most useful in learning about it as you are new to it. Give me a simple bullet point list, don't explain them or expand them","* What defines the two equal sides in an isosceles triangle?
* How do the equal sides affect the triangle's angles?
* Are there any special properties of an isosceles triangle related to its base and altitude?
* Does the location of the equal sides matter in an isosceles triangle?
* Are there any unique characteristics that distinguish an isosceles triangle from other types of triangles?","| Metric | Score | Justification |
|---|---|---|
| Relevance | 5 | All questions directly relate to the definition and characteristics of isosceles triangles, demonstrating high relevance to the statement. |
| Coherence | 4 | Questions 1 and 2 logically connect by exploring the equal sides and their impact on angles. Questions 3 and 4 extend the inquiry to other properties and the significance of side location. Question 5 provides a broader comparison, fostering a coherent line of inquiry. |
| Diversity | 4 | The questions cover a diverse range of aspects, from the defining characteristics to the geometrical implications and unique features of isosceles triangles, offering a well-rounded exploration of the statement. |","| Metric    | Score | Justification                                                                                                                                                         |
|-----------|-------|-----------------------------------------------------------------------------------------------------------------------------------------------------------------------|
| Relevance | 5     | All questions directly address key aspects of isosceles triangles as introduced in the statement.                                                                   |
| Coherence | 4     | Questions flow logically from defining features to properties and unique characteristics, but could benefit from a more structured progression.                     |
| Diversity | 4     | The questions cover a range of aspects from defining properties to unique characteristics, offering a broad exploration of isosceles triangles for a beginner. |","

| Metric | Score | Justification |
|---|---|---|
| Relevance | 4 | The questions are mostly relevant, though some could be more specific to isosceles triangles. For example, Q3 could mention the relationship between the base angles and the vertex angle in an isosceles triangle. |
| Coherence | 5 | The questions follow a logical sequence, moving from basic definitions to more complex properties, allowing for a structured exploration of the topic. |
| Diversity | 4 | The questions cover various aspects of isosceles triangles,"
"Imagine you are a human, this is the first time you are coming across this Maths Statement or Equation, you have no previous knowledge of it ""The product of any number and zero is zero.  "", what are the top 5 questions that would pop up in your head which would be most useful in learning about it as you are new to it. Give me a simple bullet point list, don't explain them or expand them","* What is meant by ""the product"" in this context?
* How does the rule apply when the number is positive, negative, or fractional?
* Can the rule be applied to variables and algebraic expressions?
* Are there any exceptions to this rule?
* Why is the product of any number and zero always zero? Is there an intuitive explanation or proof behind this rule?","| Metric | Score | Justification |
|---|---|---|
| Relevance | 4 | The questions directly relate to the statement, focusing on specific aspects like the meaning of ""product,"" applicability to different number types, algebraic expressions, exceptions, and the underlying logic behind the rule. |
| Coherence | 5 | The sequence of questions flows logically, starting with foundational concepts and progressing to more specific and complex aspects, providing a structured inquiry path. |
| Diversity | 5 | The questions cover a wide range of perspectives, including the definition of terms, mathematical operations, algebraic applications, exceptions, and theoretical underpinnings, offering a comprehensive exploration. |","Metric | Score | Justification
Relevance | 5 | All questions directly relate to the statement about the product of any number and zero being zero.
Coherence | 4 | The questions follow a logical progression exploring different aspects of the statement, though the connection could be strengthened.
Diversity | 5 | The questions cover various angles, including definitions, applications, exceptions, and reasoning behind the rule. Overall, provides a well-rounded exploration of the topic.","

| Metric | Score | Justification |
|---|---|---|
| Relevance | 4 | The questions are mostly relevant to the statement, except for the last question which seems to stray into asking for a proof or explanation, which might be considered beyond the immediate scope of understanding the concept. |
| Coherence | 5 | The questions follow a logical progression, moving from basic definition to broader application and then to seeking an underlying rationale. They build on each other well. |
| Diversity | 4 | The questions cover various aspects - definition, application, conditions,"
"Imagine you are a human, this is the first time you are coming across this Maths Statement or Equation, you have no previous knowledge of it ""A whole number divided by itself equals one.  "", what are the top 5 questions that would pop up in your head which would be most useful in learning about it as you are new to it. Give me a simple bullet point list, don't explain them or expand them","* What defines a ""whole number""?
* What does it mean to divide two whole numbers?
* What is the result when any non-zero number is divided by itself?
* Is there a specific reason why the result of dividing a whole number by itself is one?
* Are there any exceptions to this statement?","| Metric | Score | Justification |
|---|---|---|
| Relevance | 5 | Each question directly explores a key concept or aspect of the statement, elucidating the meaning of ""whole number,"" clarifying division, and examining the result and exceptions. |
| Coherence | 5 | The questions follow a logical progression, building upon one another to provide a comprehensive understanding of the statement: defining whole numbers, explaining division, exploring the result, questioning the underlying principle, and considering exceptions. |
| Diversity | 4 | The questions cover a range of aspects, including definitions (whole numbers), operations (division), results, theoretical reasoning (why the result is one), and exceptions. While they encompass diverse perspectives, the inclusion of a question on the reason behind the result could be more strongly grounded in the statement itself, as it introduces an advanced concept not explicitly mentioned in the initial statement. |","| Metric    | Score | Justification                                                                                                                                                      |
|-----------|-------|--------------------------------------------------------------------------------------------------------------------------------------------------------------------|
| Relevance | 5     | All questions directly pertain to the specific details and concepts presented in the statement.                                                                    |
| Coherence | 4     | The questions form a coherent line of inquiry, starting with defining terms and progressing logically.                                                            |
| Diversity | 4     | The questions cover different aspects of the statement, including definitions, operations, exceptions, and reasons behind the result.                               |","

| Metric | Score | Justification |
|---|---|---|
| Coherence | 4 | The questions follow a logical order, moving from defining terms to exploring the concept and its underlying reasons. However, they could benefit from a stronger connection between the last two questions, addressing potential exceptions or further implications. |
| Relevance | 5 | All questions are highly relevant to the statement, focusing on essential components such as the definition of whole numbers, division, and the rationale behind the equation. They effectively address the user's lack of prior knowledge. |
| Diversity | "
"Imagine you are a human, this is the first time you are coming across this Maths Statement or Equation, you have no previous knowledge of it ""The exterior angles of a polygon sum up to 360°.  "", what are the top 5 questions that would pop up in your head which would be most useful in learning about it as you are new to it. Give me a simple bullet point list, don't explain them or expand them","* What is an exterior angle?
* How do you measure an exterior angle?
* What is a polygon?
* Can this statement be applied to all types of polygons?
* Is there a proof for this statement?","| Metric | Score | Justification |
|---|---|---|
| Relevance | 4 | The questions are directly related to the statement and aim to clarify its key concepts. |
| Coherence | 3 | The questions follow a logical progression from defining exterior angles to exploring their application to polygons. However, the question about the proof could be better integrated into the sequence. |
| Diversity | 4 | The questions cover a range of aspects, including definitions, measurement techniques, and potential applications. |","| Metric   | Score | Justification                                                                                                                                              |
|----------|-------|-----------------------------------------------------------------------------------------------------------------------------------------------------------|
| Relevance | 5     | All questions directly relate to the given statement about the sum of exterior angles of a polygon.                                                         |
| Coherence | 4     | The questions flow logically, building upon understanding of exterior angles, polygons, and the applicability and proof of the statement.                 |
| Diversity | 4     | The questions explore different aspects such as definitions (exterior angle, polygon), measurement, applicability, and proof of the statement.            |","

| Metric | Score | Justification |
|---|---|---|
| Coherence | 4 | The questions follow a logical progression from defining terms to exploring the scope and proof of the statement. However, they could benefit from a stronger connection between the concept of measurement and its application in the statement. |
| Relevance | 5 | All questions directly relate to the statement, providing clear paths for further investigation into the components and implications of the equation. |
| Diversity | 5 | The questions cover various aspects of the statement, including definitions, measurements, categorization, and verification"
"Imagine you are a human, this is the first time you are coming across this Maths Statement or Equation, you have no previous knowledge of it ""The volume of a rectangular prism is length × width × height.  "", what are the top 5 questions that would pop up in your head which would be most useful in learning about it as you are new to it. Give me a simple bullet point list, don't explain them or expand them","* What is a rectangular prism?
* How do you measure length, width, and height?
* Are length, width, and height always different dimensions?
* Can any of the measurements be zero?
* Is the volume calculated in a specific unit of measurement?","| Metric | Score | Justification |
|---|---|---|
| Relevance | 4 | Most questions are directly related to the statement, exploring key concepts like the definition of a rectangular prism and the importance of length, width, and height in calculating volume. |
| Coherence | 3 | The questions progress from a basic understanding of the concept (defining a rectangular prism) to more specific aspects of volume calculation. However, the connection between the last two questions is not as strong, as the concept of units of measurement is not directly introduced in the statement. |
| Diversity | 4 | The questions cover a range of aspects, from the definition and geometry of a rectangular prism to the measurement and calculation of volume. They explore both theoretical and practical implications. |","| Metric    | Score | Justification                                                                                      |
|-----------|-------|----------------------------------------------------------------------------------------------------|
| Relevance | 5     | All questions directly relate to the concept of volume of a rectangular prism.                     |
| Coherence | 4     | The questions progress logically from defining the prism to its measurements and calculation.     |
| Diversity | 4     | The questions cover different aspects such as definitions, measurement, and units of volume.       |","

| Metric | Score | Justification |
|---|---|---|
| Coherence | 4 | The questions follow a logical order, starting with understanding the basic concept and then delving into more nuanced aspects like units and zero values. |
| Relevance | 5 | All questions are directly related to the statement, exploring various facets of the rectangular prism and its volume calculation. |
| Diversity | 4 | The questions cover multiple angles such as definition, measurement, dimensionality, extreme cases, and units, providing a comprehensive introduction to the topic. |"
"Imagine you are a human, this is the first time you are coming across this Maths Statement or Equation, you have no previous knowledge of it ""Adding zero to any number does not change the number.  "", what are the top 5 questions that would pop up in your head which would be most useful in learning about it as you are new to it. Give me a simple bullet point list, don't explain them or expand them","* What is meant by ""adding zero""?
* How does adding zero affect different types of numbers (e.g. positive, negative, fractions, decimals)?
* Are there any exceptions to this statement?
* Can this concept be applied to subtraction, multiplication, and division?
* How can this principle be used in solving mathematical problems?","| Metric | Score | Justification |
|---|---|---|
| Relevance | 5 | All questions directly relate to the statement, exploring the impact of adding zero on various types of numbers and mathematical operations. |
| Coherence | 4 | The questions follow a logical progression, starting with a basic definition and then exploring implications and applications. |
| Diversity | 4 | The questions cover a range of aspects, including the meaning of adding zero, its effects on different types of numbers, and potential exceptions or applications in broader mathematical operations. |","Relevance | 5 | The questions directly relate to the statement about adding zero to any number.
Coherence | 4 | The questions flow logically and build upon each other, except for the last question being slightly disconnected.
Diversity | 5 | The questions cover various aspects of the statement, from definitions to applications and exceptions.","

| Metric | Score | Justification |
|---|---|---|
| Relevance | 4 | Most questions directly relate to the statement, however some could be more specific to the statement. |
| Coherence | 5 | The questions follow a logical order and build upon each other well. |
| Diversity | 4 | The questions cover various aspects of the statement but could benefit from exploring additional dimensions such as real-world applications. |"
"Imagine you are a human, this is the first time you are coming across this Maths Statement or Equation, you have no previous knowledge of it ""The opposite angles of a parallelogram are equal.  "", what are the top 5 questions that would pop up in your head which would be most useful in learning about it as you are new to it. Give me a simple bullet point list, don't explain them or expand them","* What is a parallelogram?
* What are opposite angles?
* How do we determine if angles are equal?
* Are there any exceptions to this statement?
* Can this statement be proven or disproven with a diagram or example?","| Metric | Score | Justification |
|---|---|---|
| Relevance | 5 | All questions directly pertain to key concepts and elements within the statement. |
| Coherence | 4 | The questions form a logical sequence, beginning with foundational concepts and progressing to more specific aspects. |
| Diversity | 4 | The questions cover a range of topics, including definitions, criteria, and potential exceptions, offering a diverse exploration. |","Metric | Score | Justification
Relevance | 5 | All questions directly relate to the statement about opposite angles in a parallelogram.
Coherence | 4 | The questions flow logically from understanding the basic concepts to exploring exceptions and demonstrations.
Diversity | 4 | The questions cover different aspects of angles, shapes, exceptions, and practical applications.","

| Metric | Score | Justification |
|---|---|---|
| Coherence | 4 | The questions follow a logical progression from defining basic terms to exploring the concept more deeply, creating a coherent line of inquiry. However, they could benefit from a stronger connection between the definition of a parallelogram and its angles. |
| Relevance | 5 | All questions are highly relevant to the statement, focusing on essential components like defining a parallelogram, understanding opposite angles, and examining angle equality. They effectively address the core ideas without straying into tangential"
"Imagine you are a human, this is the first time you are coming across this Maths Statement or Equation, you have no previous knowledge of it ""A number multiplied by its inverse equals one.  "", what are the top 5 questions that would pop up in your head which would be most useful in learning about it as you are new to it. Give me a simple bullet point list, don't explain them or expand them","* What is an ""inverse"" of a number?
* How do I find the inverse of a given number?
* Is there a difference between the multiplicative inverse and the additive inverse?
* Can every number have an inverse? If not, what are the exceptions?
* What does it mean for a number and its inverse to be multiplied together?","| Metric | Score | Justification |
|---|---|---|
| Relevance | 4 | The questions directly pertain to the concepts and elements presented in the statement. They focus on understanding the definition of inverse, how to find it, and its implications in the equation. |
| Coherence | 5 | The questions form a logical sequence of inquiry, starting with the definition of inverse (Q1) and progressing to finding the inverse (Q2), comparing types of inverse (Q3), exploring exceptions (Q4), and interpreting the multiplication (Q5). |
| Diversity | 4 | The questions cover a range of aspects related to the statement, including definitions (Q1, Q3), calculations (Q2), exceptions (Q4), and mathematical operations (Q5). |","Metric | Score | Justification
Relevance | 5 | All questions directly relate to the concept of a number multiplied by its inverse equaling one. 
Coherence | 4 | The questions progress logically from defining the inverse to understanding the relationship between a number and its inverse when multiplied.
Diversity | 4 | The questions cover various aspects of the statement, including definitions, differences between types of inverses, and the concept of exceptions.","

| Metric | Score | Justification                                                                                                                                                                                                                                                                                                                                                                                                                                                                                                                                                                                                                                                                                                                                                                                                                                                                                                                                                                                                                                                                                                                                                                                                                                                                                                                                                                                                                                                                                                                                                                                                                                                                                                                                                                                                                                                                                                                                                                "
"Imagine you are a human, this is the first time you are coming across this Maths Statement or Equation, you have no previous knowledge of it ""The sum of the angles around a point is 360°.  "", what are the top 5 questions that would pop up in your head which would be most useful in learning about it as you are new to it. Give me a simple bullet point list, don't explain them or expand them","* What is meant by ""the sum of the angles""?
* Around what point are the angles being measured?
* What does it mean for angles to be ""360 degrees""?
* How was this equation derived or proven?
* Are there any real-world examples or applications of this concept?","| Metric | Score | Justification |
|---|---|---|
| Relevance | 4 | All five questions directly relate to the essential elements and concepts presented in the statement, aiming to clarify and expand upon the meaning of ""sum of angles,"" ""around a point,"" and ""360 degrees."" |
| Coherence | 4 | The questions logically connect to each other, progressing from a basic understanding of the terms to the underlying concept and its practical applications. The sequence facilitates a structured exploration of the statement. |
| Diversity | 4 | The questions cover a wide range of aspects related to the statement, including definitions, practical implications, and theoretical underpinnings. Each question brings a new dimension to the understanding of the concept. |","| Metric    | Score | Justification                                                                                                                         |
|-----------|-------|-----------------------------------------------------------------------------------------------------------------------------------------|
| Relevance | 4     | Questions directly address key elements of the statement, focusing on understanding the concept of angles around a point.            |
| Coherence | 4     | Questions flow logically from defining terms to exploring applications, creating a coherent progression in understanding the statement. |
| Diversity | 3     | While covering derivations and applications, more diverse angles of exploration could be introduced, such as historical context or proofs.  |","

| Metric | Score | Justification |
|---|---|---|
| Coherence | 4 | The questions follow a logical order, starting with basic terminology and gradually moving towards more complex ideas like derivation and application. However, they could benefit from a stronger connection between each other to create a more seamless flow. |
| Relevance | 5 | All questions are highly relevant to the given statement, focusing on key elements such as definition, location, measurement, proof, and application. They effectively address various aspects of the concept without straying into tangential topics. |
| D"
"Imagine you are a human, this is the first time you are coming across this Maths Statement or Equation, you have no previous knowledge of it ""Area of a circle = πr².  "", what are the top 5 questions that would pop up in your head which would be most useful in learning about it as you are new to it. Give me a simple bullet point list, don't explain them or expand them","* What does the symbol ""π"" represent in this context?
* What is the meaning of ""r"" in the equation?
* How is the area of a circle defined?
* Is there a specific unit for the radius and resulting area?
* How can I use this formula to calculate the area of a circle?","| Metric | Score | Justification |
|---|---|---|
| Relevance | 5 | All questions directly relate to understanding the elements of the equation and its application in calculating the area of a circle. |
| Coherence | 4 | The sequence of questions logically guides from the identification of symbols to the definition and application of the formula, facilitating a structured learning process. |
| Diversity | 5 | The questions cover a range of aspects, including the meaning of symbols, definition of area, units of measurement, and practical application of the formula, offering a comprehensive exploration of the topic. |","| Metric   | Score | Justification                                                                                                                     |
|----------|-------|------------------------------------------------------------------------------------------------------------------------------------|
| Relevance| 5     | All questions directly pertain to the details and concepts in the statement, focusing on understanding the area of a circle.      |
| Coherence| 4     | The questions progress logically from defining the terms to practical application of the formula, forming a coherent exploration.  |
| Diversity| 4     | Each question covers a different aspect of understanding the formula, offering a broad exploration without redundancy.            |","

| Metric | Score | Justification                                                                 |
|--------|-------|-----------------------------------------------------------------------------|
| Relevance | 5     | All questions are directly related to the formula provided and aim to clarify its components. |
| Coherence | 4     | The questions follow a logical order, starting with understanding symbols and then moving towards application. However, some connections could be stronger. |
| Diversity | 5     | A wide range of aspects are covered, from basic terminology to practical usage, offering a comprehensive introduction to the topic. |"
"Imagine you are a human, this is the first time you are coming across this Maths Statement or Equation, you have no previous knowledge of it ""A number's multiples are obtained by multiplying the number by whole numbers.  "", what are the top 5 questions that would pop up in your head which would be most useful in learning about it as you are new to it. Give me a simple bullet point list, don't explain them or expand them","* What is meant by ""a number's multiples""?
* How do I identify the multiples of a given number?
* What is the relationship between a number and its multiples?
* Are there any patterns or properties of multiples that can help me understand them better?
* How does the concept of multiples relate to other mathematical concepts I already know?","| Metric | Score | Justification |
|---|---|---|
| Relevance | 5 | All questions directly relate to the concept of ""multiples"" as mentioned in the statement |
| Coherence | 4 | The questions follow a logical sequence, starting with defining ""multiples"" and progressing to identifying, understanding properties, and relating to prior knowledge |
| Diversity | 3 | The questions cover various aspects of multiples, including definition, identification, properties, patterns, and connections, but could further explore applications or exceptions |","Metric | Score | Justification
Relevance | 5 | All questions directly pertain to the concept of multiples introduced in the statement.
Coherence | 4 | The questions progress logically from defining multiples to exploring patterns and relationships.
Diversity | 5 | Each question adds a new dimension to understanding multiples, from identification to broader mathematical connections.","

| Metric | Score | Justification |
|---|---|---|
| Coherence | 4 | The questions follow a logical progression, moving from basic definition to more complex relationships and applications. However, the last question might be too open-ended for beginners. |
| Relevance | 5 | All questions are directly relevant to the statement, focusing on understanding the core concept and its connections to existing knowledge. |
| Diversity | 4 | The questions cover various aspects, such as definition, identification, properties, and relations to other concepts. A slightly broader range could be achieved"
"Imagine you are a human, this is the first time you are coming across this Maths Statement or Equation, you have no previous knowledge of it ""Subtracting a number from itself yields zero.  "", what are the top 5 questions that would pop up in your head which would be most useful in learning about it as you are new to it. Give me a simple bullet point list, don't explain them or expand them","* What does ""subtracting a number from itself"" mean?
* How is the result of subtracting a number from itself calculated?
* What is an example of subtracting a number from itself?
* What is the significance of the result always being zero?
* Is this statement always true for any real number, integer, or complex number?","| Metric | Score | Justification |
|---|---|---|
| Relevance | 4 | The questions directly pertain to the details and concepts presented in the statement, aiming to clarify and expand understanding. |
| Coherence | 5 | The questions logically connect to one another, forming a coherent line of inquiry that progresses the understanding of the statement. |
| Diversity | 3 | The questions cover a range of aspects, including definitions, examples, implications, and theoretical underpinnings, providing a broad exploration of the topic. However, one additional question could enhance the diversity score. |","| Metric   | Score | Justification                                                                                                                                                                                                                   |
|----------|-------|--------------------------------------------------------------------------------------------------------------------------------------------------------------------------------------------------------------------------------|
| Relevance | 5     | All questions directly address the specific details and concepts presented in the statement, focusing on the act of subtracting a number from itself and its result of zero.                                            |
| Coherence | 4     | The questions progress logically from defining the operation to exploring its implications and examples, leading to questioning its applicability across different types of numbers.                                                   |
| Diversity | 4     | The questions cover a range of aspects related to the statement, including definitions, calculations, examples, significance, and generalizability, offering a comprehensive exploration of the topic. |","

| Metric | Score | Justification |
|---|---|---|
| Coherence | 4 | The questions follow a logical order, starting with basic concepts and gradually moving towards more complex ideas. However, there is room for better connection between the questions, especially in terms of building on each other's answers. |
| Relevance | 5 | All questions are directly relevant to the statement, focusing on understanding the concept and its implications. They do not stray into irrelevant tangents or assumptions beyond the scope of the statement. |
| Diversity | 3 | While the questions cover"
"Imagine you are a human, this is the first time you are coming across this Maths Statement or Equation, you have no previous knowledge of it ""A line segment's midpoint divides it into two equal parts.  "", what are the top 5 questions that would pop up in your head which would be most useful in learning about it as you are new to it. Give me a simple bullet point list, don't explain them or expand them","* What is a line segment?
* What is meant by ""midpoint""?
* How can we determine the midpoint of a line segment?
* What does it mean for a division to be ""equal""?
* How can I visually represent this concept?","| Metric | Score | Justification |
|---|---|---|
| Relevance | 5 | All questions directly relate to concepts introduced in the statement. |
| Coherence | 5 | Questions logically connect to each other, building upon previous questions. |
| Diversity | 4 | Questions cover various aspects of the statement, including definitions and implications.","| Metric    | Score | Justification                                                                |
|-----------|-------|------------------------------------------------------------------------------|
| Relevance | 5     | All questions directly relate to the concept of a line segment's midpoint.  |
| Coherence | 4     | The questions progress logically, but could be more tightly interconnected.|
| Diversity | 4     | The questions cover various aspects of the concept effectively.             |","

| Metric | Score | Justification |
|---|---|---|
| Coherence | 4 | The questions follow a logical order, starting with defining basic terms and gradually moving towards more complex ideas like visual representation and equality. |
| Relevance | 5 | All questions are directly related to the statement, focusing on essential components such as line segments, midpoints, and equal divisions. |
| Diversity | 4 | The questions cover various aspects of the statement, including definitions, methods of determination, visualization, and fundamental principles. However, there could be additional dimensions, such as"
"Imagine you are a human, this is the first time you are coming across this Maths Statement or Equation, you have no previous knowledge of it ""Opposite sides of a rectangle are equal in length.  "", what are the top 5 questions that would pop up in your head which would be most useful in learning about it as you are new to it. Give me a simple bullet point list, don't explain them or expand them","* What is a rectangle and how is it defined?
* How do you identify opposite sides of a rectangle?
* Can you provide an example of opposite sides of a rectangle?
* Is the statement always true for all rectangles, or only under certain conditions?
* How does this property relate to other properties of rectangles?","| Metric | Score | Justification |
|---|---|---|
| Relevance | 5 | All the questions directly pertain to the statement and aim to clarify and expand upon its elements. |
| Coherence | 5 | The questions follow a logical sequence, starting with basic definitions and progressing to more specific properties and implications. |
| Diversity | 5 | The questions cover a range of aspects related to the statement, including the definition of a rectangle, identification of opposite sides, conditions for equality, and connections to other properties. |","Relevance | 5 | The questions directly address the key aspects of the statement about opposite sides of a rectangle.
Coherence | 4 | The questions progress logically from defining a rectangle to exploring its properties.
Diversity | 4 | The questions cover different aspects such as definition, identification, examples, conditions, and relations.","

| Metric | Score | Justification |
|---|---|---|
| Relevance | 5 | All questions directly relate to the statement and its components, such as defining rectangles and exploring the concept of opposite sides. |
| Coherence | 4 | The questions generally follow a logical order, moving from basic definitions to more complex relationships and conditions. However, there could be clearer connections between some questions. |
| Diversity | 5 | The questions cover various aspects of the statement, including definitions, examples, conditions, and relationships, offering a comprehensive exploration of the topic. |"
"Imagine you are a human, this is the first time you are coming across this Maths Statement or Equation, you have no previous knowledge of it ""The product of two negative numbers is positive.  "", what are the top 5 questions that would pop up in your head which would be most useful in learning about it as you are new to it. Give me a simple bullet point list, don't explain them or expand them","* What does it mean for two numbers to be negative?
* How can I identify if a number is negative?
* What is meant by the ""product"" of two numbers?
* Why would multiplying two negative numbers result in a positive number?
* Are there any exceptions to this rule or specific cases where it doesn't apply?","| Metric | Score | Justification |
|---|---|---|
| Relevance | 5 | The questions directly address the key concepts of negative numbers, multiplication, and the result of multiplying two negative numbers. They seek to clarify the meaning and logic behind the mathematical statement. |
| Coherence | 4 | The questions progress logically, starting with the basics (identifying negative numbers and multiplication) and leading to the main concept (multiplying negative numbers) and potential exceptions. |
| Diversity | 4 | The questions cover a range of aspects, from understanding the properties of negative numbers to the implications of multiplying them and potential exceptions to the rule. |","Relevance        5       The questions directly address the key concepts introduced in the statement about negative numbers and their product.
Coherence        4       The questions progress logically from defining negative numbers to understanding multiplication of negatives.
Diversity        4       The questions cover various aspects such as definitions of negative numbers, product of numbers, exceptions, etc.","

| Metric | Score | Justification |
|---|---|---|
| Coherence | 4 | The questions follow a logical order, starting with basic concepts and gradually moving towards more complex ideas like the rule itself. However, the last question might be better placed earlier since it could influence the exploration of the concept. |
| Relevance | 5 | All questions are directly related to the statement, aiming to clarify the meaning of negative numbers, multiplication, and the rule itself. They focus on essential aspects of the statement without deviating into tangential topics. |
| Divers"
"Imagine you are a human, this is the first time you are coming across this Maths Statement or Equation, you have no previous knowledge of it ""Two lines perpendicular to the same line are parallel to each other.  "", what are the top 5 questions that would pop up in your head which would be most useful in learning about it as you are new to it. Give me a simple bullet point list, don't explain them or expand them","* What does ""perpendicular"" mean in math terms?
* What does ""parallel"" mean in math terms?
* How can I determine if two lines are perpendicular?
* How can I determine if two lines are parallel?
* Can this statement be proven or disproven with an example or counterexample?","| Metric | Score | Justification |
|---|---|---|
| Relevance | 4 | The questions focus on the key concepts mentioned in the statement, such as perpendicularity, parallelism, and how to determine if lines have these properties. |
| Coherence | 4 | The questions logically flow from one another, starting with definitions and moving on to methods for determining perpendicularity and parallelism. |
| Diversity | 4 | The questions cover a good range of aspects related to the statement, including definitions, methods of determination, and proofs or counterexamples. |","Metric | Score | Justification
Relevance | 5 | All questions directly relate to the concepts introduced in the statement about perpendicular and parallel lines.
Coherence | 4 | The questions flow logically from defining key terms to practical applications, but the last question slightly diverges in focus.
Diversity | 4 | The questions cover definitions, determinations, and examples, providing a well-rounded exploration of the topic.

*Note: This is a human evaluation and might not be completely accurate.*","

| Metric | Score | Justification |
|---|---|---|
| Coherence | 4 | The questions follow a logical order, starting with defining key terms before moving onto methods for determining relationships between lines. However, there is room for improvement in connecting the final question more directly to the initial concept. |
| Relevance | 5 | All questions relate directly to the provided statement, focusing on essential components like definitions and methods for identifying relationships between lines. No extraneous or tangential questions are included. |
| Diversity | 4 | The questions cover various aspects of the statement,"
"Imagine you are a human, this is the first time you are coming across this Maths Statement or Equation, you have no previous knowledge of it ""The length of a circle's diameter is twice its radius.  "", what are the top 5 questions that would pop up in your head which would be most useful in learning about it as you are new to it. Give me a simple bullet point list, don't explain them or expand them","* What is a circle and how is it defined mathematically?
* What is the diameter of a circle and how is it related to the radius?
* Can you provide an example or visual representation of a circle's diameter and radius?
* How does the length of the diameter compare to the radius in terms of numerical values?
* Is this statement always true for all circles, or are there any exceptions?","| Metric | Score | Justification |
|---|---|---|
| Relevance | 5 | All questions directly relate to the statement, focusing on the concepts of circle, diameter, and radius, exploring their definitions, relationships, and numerical aspects. |
| Coherence | 4 | The questions progress logically, starting with foundational definitions and progressing to comparative relationships, leading to a coherent exploration of the statement's core concepts. |
| Diversity | 4 | The questions cover various aspects of the statement, including definitions (circle, diameter, radius), relationships between diameter and radius, and the numerical relationship between them. |","Relevance | 5
Coherence | 4
Diversity | 5

Relevance - The questions directly pertain to the details provided in the statement about circle dimensions.
Coherence - The questions logically progress from defining a circle to comparing its diameter and radius.
Diversity - The questions cover various aspects such as definitions, visual representations, numerical values, and exceptions.","

| Metric | Score | Justification                                                                           |
|--------|-------|-----------------------------------------------------------------------------------|
| Relevance | 5     | All questions are directly relevant to the statement, aiming to clarify or expand upon the concept of circles, diameters, and radii. |
| Coherence | 4     | The questions generally follow a logical order, moving from basic definitions to comparisons and potential conditions; however, some connections could be clearer. |
| Diversity | 5     | The questions cover various aspects of the statement, including"
"Imagine you are a human, this is the first time you are coming across this Maths Statement or Equation, you have no previous knowledge of it ""Any number raised to the power of one is itself.  "", what are the top 5 questions that would pop up in your head which would be most useful in learning about it as you are new to it. Give me a simple bullet point list, don't explain them or expand them","* What does it mean for a number to be raised to a power?
* How is the base number affected when it is raised to the power of one?
* Is there a proof or explanation for why any number raised to the power of one equals itself?
* Are there any exceptions to this statement?
* Can this concept be extended to negative and fractional powers?","| Metric | Score | Justification |
|---|---|---|
| Relevance | 5 | All questions directly relate to the statement and explore its implications and applications. |
| Coherence | 4 | The questions follow a logical sequence, building upon each other to deepen understanding. |
| Diversity | 4 | The questions cover a range of aspects, from the definition of exponents to the limitations of the rule. |","Metric | Score | Justification
Relevance | 5 | All questions directly pertain to the statement about any number raised to the power of one.
Coherence | 4 | The questions follow a logical progression from defining the concept to exploring exceptions and extensions.
Diversity | 5 | The questions cover the basic concept, proof, exceptions, and extensions of raising a number to the power of one.","

| Metric | Score | Justification |
|---|---|---|
| Relevance | 4 | The questions are mostly relevant to the statement, except for the last one which slightly deviates into extending the concept beyond the initial statement. |
| Coherence | 5 | The questions follow a logical progression, moving from basic understanding to exploring potential exceptions and extensions. |
| Diversity | 4 | The questions cover various aspects such as definition, proof, exceptions, and extension, but could benefit from more diverse perspectives like real-world applications or historical context. |"
"Imagine you are a human, this is the first time you are coming across this Maths Statement or Equation, you have no previous knowledge of it ""A triangle with all sides of different lengths is called a scalene triangle.  "", what are the top 5 questions that would pop up in your head which would be most useful in learning about it as you are new to it. Give me a simple bullet point list, don't explain them or expand them","* What defines the length of each side in a scalene triangle?
* Are there any restrictions on the measurements of the sides in a scalene triangle?
* How does a scalene triangle differ from other types of triangles?
* Can a scalene triangle have any right angles or does it have to be completely oblique?
* Is there a specific method for calculating the area of a scalene triangle?","| Metric | Score | Justification |
|---|---|---|
| Relevance | 4 | The questions directly target the specific elements of a scalene triangle, such as side lengths, differentiation from other triangles, and area calculation. |
| Coherence | 3 | The questions have a logical progression, starting with basic aspects (side lengths) and gradually moving towards more specific inquiries (area calculation). However, the transition between the 4th and 5th questions could be smoother. |
| Diversity | 4 | The questions cover a range of aspects, from the definition and side length characteristics to the distinction from other triangles and mathematical calculations. |","Relevance | 5 | The questions directly address key aspects of a scalene triangle, such as side lengths, differences from other types of triangles, and calculation of area. 
Coherence | 4 | The questions build upon each other logically, progressing from defining side lengths to determining characteristics and calculations for scalene triangles. 
Diversity | 4 | The questions cover a range of essential aspects of scalene triangles, including measurements, differences from other triangles, and calculation methods.","

| Metric | Score | Justification |
|---|---|---|
| Coherence | 4 | The questions follow a logical progression from defining the concept to comparing it with other similar concepts, then exploring its unique properties and finally discussing calculations related to it. However, the questions could be more explicitly connected to each other through transition words or phrases. |
| Relevance | 5 | All questions are directly relevant to the concept of a scalene triangle, addressing various aspects such as definition, comparison, properties, and calculation. They do not stray into irrelevant tangents or overly complex topics."
"Imagine you are a human, this is the first time you are coming across this Maths Statement or Equation, you have no previous knowledge of it ""The area of a square is side².  "", what are the top 5 questions that would pop up in your head which would be most useful in learning about it as you are new to it. Give me a simple bullet point list, don't explain them or expand them","* What is a square and how is it defined?
* What does ""side"" refer to in the context of a square?
* What does the notation ""a^2"" mean?
* How is the area of a square calculated using the length of its side?
* Can this formula be applied to other types of geometric shapes?","| Metric | Score | Justification |
|---|---|---|
| Relevance | 5 | All questions are directly relevant to the statement, exploring the definition of a square, the meaning of ""side,"" and the formula for calculating the area. |
| Coherence | 4 | The questions follow a logical progression, starting with basic concepts (definition of a square) and gradually advancing to the formula and its application. |
| Diversity | 4 | The questions cover a range of aspects, including the definition of a square, the meaning of ""side,"" the notation ""a^2,"" the formula for area, and the applicability of the formula to other shapes. |","| Metric    | Score | Justification                                                                                 |
|-----------|-------|----------------------------------------------------------------------------------------------|
| Relevance | 5     | All questions directly relate to the statement and focus on understanding key concepts.     |
| Coherence | 4     | The questions flow logically and build upon each other, but could be slightly more interconnected. |
| Diversity | 4     | The questions cover various aspects of the statement like definitions, calculations, and applications. |","

| Metric | Score | Justification                                                                 |
|--------|-------|-----------------------------------------------------------------------------|
| Relevance | 5     | All questions are directly related to the concept of calculating the area of a square. |
| Coherence | 4     | The questions follow a logical order, starting with basic terminology and gradually moving towards more complex ideas. However, there is room for better thematic connections between questions. |
| Diversity | 4     | The questions cover various aspects of the topic, such as definitions, notations, and applications."
"Imagine you are a human, this is the first time you are coming across this Maths Statement or Equation, you have no previous knowledge of it ""In a right-angled triangle, the side opposite the right angle is called the hypotenuse.  "", what are the top 5 questions that would pop up in your head which would be most useful in learning about it as you are new to it. Give me a simple bullet point list, don't explain them or expand them","* What is a right-angled triangle?
* What defines the right angle in a triangle?
* How can I identify the hypotenuse in a right-angled triangle?
* What is the significance of the hypotenuse in a right-angled triangle?
* Are there any relationships between the hypotenuse and other sides in a right-angled triangle?","| Metric | Score | Justification |
|---|---|---|
| Relevance | 5 | All questions directly relate to the statement about right-angled triangles and the hypotenuse. They effectively unpack the elements and concepts of the statement, focusing on the immediate context. |
| Coherence | 4 | The questions progress logically and connect to each other, forming a coherent line of inquiry. They build upon each other, gradually expanding the understanding of right-angled triangles and the hypotenuse. |
| Diversity | 4 | The questions cover a diverse range of aspects related to the statement, including the definition of a right-angled triangle, defining the right angle, identifying the hypotenuse, its significance, and potential relationships with other sides. |","| Metric    | Score | Justification                                                                                                                    |
|-----------|-------|----------------------------------------------------------------------------------------------------------------------------------|
| Relevance | 5     | All questions directly pertain to the details presented in the statement about the right-angled triangle and its hypotenuse.      |
| Coherence | 4     | Questions progress logically from defining a right-angled triangle to exploring the significance and relationships involving the hypotenuse. |
| Diversity | 4     | Questions cover different aspects of understanding the statement, from basic definitions to relationships within the triangle.         |","

| Metric | Score | Justification |
|---|---|---|
| Coherence | 4 | The questions follow a logical order, starting with basic concepts and gradually moving towards more complex ideas. However, the last question could potentially be split into two separate questions to further improve coherence. |
| Relevance | 5 | All questions are highly relevant to the provided statement, focusing on essential aspects of right-angled triangles and the hypotenuse. They effectively address key points necessary for understanding the concept. |
| Diversity | 4 | The questions cover various dimensions of"
"Imagine you are a human, this is the first time you are coming across this Maths Statement or Equation, you have no previous knowledge of it ""A circle's diameter passes through its center.  "", what are the top 5 questions that would pop up in your head which would be most useful in learning about it as you are new to it. Give me a simple bullet point list, don't explain them or expand them","* What defines a circle and its properties?
* How is the diameter related to a circle?
* Where is the center of a circle located?
* Can a circle's diameter pass through more than one point on the circle?
* Is there a proof or explanation for why the diameter passes through the center?","| Metric | Score | Justification |
|---|---|---|
| Relevance | 5 | All questions directly pertain to the statement, exploring the definition of a circle, its properties, and the relationship between the diameter and center. |
| Coherence | 4 | The questions form a logical progression, starting with basic definitions and moving towards more specific inquiries about the diameter and center. |
| Diversity | 3 | The questions cover various aspects of the statement, including the definition of a circle, its properties, the location of its center, and the relationship between the diameter and center. However, they could explore more diverse applications or implications. |","| Metric    | Score | Justification                                                                             |
|-----------|-------|-------------------------------------------------------------------------------------------|
| Relevance | 5     | Questions directly pertain to the details of the statement about a circle and its diameter. |
| Coherence | 4     | The questions progress logically, but the third question could be better placed for coherence. |
| Diversity | 4     | The questions cover various aspects of a circle and its diameter, offering a well-rounded exploration. |","

| Metric | Score | Justification |
|---|---|---|
| Coherence | 4 | The questions follow a logical progression from defining basic terms to exploring the relationship between the circle's diameter and center. However, the last question slightly deviates from the theme by asking for a proof, which could potentially confuse beginners. |
| Relevance | 5 | All questions are directly relevant to the statement, aiming to clarify and expand upon the concept of circles, diameters, and centers. They effectively address various aspects of the statement without straying into tangential"
"Imagine you are a human, this is the first time you are coming across this Maths Statement or Equation, you have no previous knowledge of it ""Any number raised to the power of zero is one.  "", what are the top 5 questions that would pop up in your head which would be most useful in learning about it as you are new to it. Give me a simple bullet point list, don't explain them or expand them","* What does it mean for a number to be raised to the power of zero?
* How does this rule apply to different types of numbers (positive, negative, fractional, etc.)?
* Are there any exceptions to this rule?
* Why is the result always one and not some other value?
* Can this rule be applied to variables or only to specific numbers?","| Metric | Score | Justification |
|---|---|---|
| Relevance | 5 | All questions directly target the concepts presented in the statement, seeking to clarify its meaning, applicability, and implications. |
| Coherence | 4 | The questions flow logically, starting with fundamental definitions and progressing to deeper exploration and potential exceptions. |
| Diversity | 4 | The questions cover a wide range, from basic understanding to theoretical underpinnings, investigating the application of the rule to various number types and exploring its limitations. |","| Metric    | Score | Justification                                                                                             |
|-----------|-------|------------------------------------------------------------------------------------------------------------|
| Relevance | 5     | All questions directly inquire about the specific details and implications of the given statement.         |
| Coherence | 3     | The questions follow a logical progression, but the coherence could be improved with clearer connections.  |
| Diversity | 4     | The questions cover different aspects such as definitions, exceptions, applications, and generalizations. |","

| Metric | Score | Justification |
|---|---|---|
| Relevance | 5 | All questions are directly related to the concept presented in the statement. They aim to clarify various aspects of the rule, such as its application, exceptions, and underlying principles. |
| Coherence | 4 | The questions generally follow a logical order, moving from basic clarifications to more complex considerations like exceptions and variables. However, some connections could be stronger, particularly between questions about number types and those addressing exceptions or variables. |
| Diversity | 5 | The questions cover multiple"
"Imagine you are a human, this is the first time you are coming across this Maths Statement or Equation, you have no previous knowledge of it ""The larger of two fractions with the same denominator is the one with the larger numerator.  "", what are the top 5 questions that would pop up in your head which would be most useful in learning about it as you are new to it. Give me a simple bullet point list, don't explain them or expand them","* What is a fraction and its components (numerator and denominator)?
* How do you compare two fractions with the same denominator?
* Can the statement be applied to fractions with different denominators?
* Is there a way to determine if a fraction is larger without knowing another fraction for comparison?
* Are there any exceptions to this statement?","| Metric | Score | Justification |
|---|---|---|
| Relevance | 5 | All questions directly relate to the statement, focusing on understanding fractions, comparing fractions, and exploring the statement's applicability and exceptions. |
| Coherence | 4 | The questions logically progress from defining fractions to comparing them, extending the statement, and considering potential exceptions. |
| Diversity | 5 | The questions cover a wide range of aspects, including fraction concepts, comparison methods, and theoretical implications, providing a comprehensive exploration of the statement. |","Relevance | 5 | The questions directly pertain to the details of the statement about comparing fractions with the same denominator.
Coherence | 4 | The questions flow logically in exploring the concept of comparing fractions with the larger numerator.
Diversity | 4 | The questions cover various aspects such as fraction components, comparison methods, exceptions, and applicability of the statement.","

| Metric | Score | Justification                                                                                                                                                                                                                                                                                                                                                                                                                                                                                                                                                                                                                                                                                                                                                                                                                                                                                                                                                                                                                                                                                                                                                                                                                                                                                                                                                                                                                                                                                                                                                                                                                                                                                                                                                                                                                                                                                                                                                                "
"Imagine you are a human, this is the first time you are coming across this Maths Statement or Equation, you have no previous knowledge of it ""Dividing a number by one yields the number itself.  "", what are the top 5 questions that would pop up in your head which would be most useful in learning about it as you are new to it. Give me a simple bullet point list, don't explain them or expand them","* What is meant by ""dividing a number""?
* What does it mean for ""one"" to be the divisor?
* How does changing the dividend (the number being divided) affect the result?
* Are there any exceptions to this statement?
* Can this concept be applied to different types of numbers (e.g. negative numbers, fractions, etc.)?","| Metric | Score | Justification |
|---|---|---|
| Relevance | 5 | All questions directly relate to the statement, seeking clarification on key concepts like ""dividing a number,"" ""one"" as a divisor, and the effects of varying the dividend. |
| Coherence | 4 | The questions progress logically, starting with basic concepts and gradually exploring the statement's implications. The sequence facilitates a structured understanding of the topic. |
| Diversity | 4 | The questions cover various aspects of the statement, including definitions, effects of changing inputs, exceptions, and applicability to different number types. They offer a broad exploration. |","| Metric   | Score | Justification                                                                                           |
|----------|-------|---------------------------------------------------------------------------------------------------------|
| Relevance | 5     | All questions directly pertain to elements introduced in the statement about dividing by one number.   |
| Coherence | 4     | The questions progress logically in understanding the concept, but could benefit from clearer linkage. |
| Diversity | 5     | The questions cover various dimensions like definitions, exceptions, and applications of the concept. |","

| Metric | Score | Justification |
|---|---|---|
| Relevance | 4 | The questions are mostly relevant, except for the last one which slightly deviates from the original statement. |
| Coherence | 5 | The questions follow a logical order, starting with basic concepts and gradually moving towards more complex ones. |
| Diversity | 4 | The questions cover various aspects of the statement, but could benefit from exploring additional dimensions such as real-world applications or historical context. |"
"Imagine you are a human, this is the first time you are coming across this Maths Statement or Equation, you have no previous knowledge of it ""Two angles that add up to 90° are called complementary angles.  "", what are the top 5 questions that would pop up in your head which would be most useful in learning about it as you are new to it. Give me a simple bullet point list, don't explain them or expand them","* What is meant by ""two angles""?
* What does it mean for angles to ""add up"" to 90°?
* What does ""complementary"" mean in this context?
* Are there any specific requirements or restrictions on these two angles (e.g. they must be adjacent, they can't be obtuse, etc.)?
* How do complementary angles relate to other types of angles (e.g. supplementary, straight, full rotation)?","| Metric     | Score | Justification |
| ---------- | ----- | ------------- |
| Relevance   | 5     | All questions directly pertain to the concept of complementary angles and their relationship with 90°. |
| Coherence   | 4     | The questions follow a logical progression, starting from the basic definition and then exploring more specific aspects. |
| Diversity   | 4     | The questions cover a range of aspects, including definition, properties, and relationships with other types of angles. |","| Metric   | Score | Justification                                                                                                                                                                                                             |
|----------|-------|---------------------------------------------------------------------------------------------------------------------------------------------------------------------------------------------------------------------------|
| Relevance | 5     | All questions directly address key components of the statement about complementary angles and aim to clarify understanding.                                                                                               |
| Coherence | 4     | The questions flow logically in exploring the concept of complementary angles, building upon each other with a clear progression.                                                                                        |
| Diversity | 4     | The questions cover various aspects of complementary angles, including definitions, relationships with other types of angles, and specific details about the angles themselves.                                              |

Overall, this set of questions scores well across all metrics, maintaining a high level of relevance, coherence, and diversity in exploring the concept of complementary angles effectively for a beginner.","

| Metric | Score | Justification |
|---|---|---|
| Relevance | 4 | The questions are mostly relevant, except for the last one, which explores the relationship between complementary angles and other types of angles, which might be considered less directly related to the initial concept. |
| Coherence | 5 | The questions follow a logical order, starting with basic definitions and gradually moving towards more complex relationships, creating a coherent line of inquiry. |
| Diversity | 3 | Although the questions cover various aspects of the statement, some may argue that they lack"
"Imagine you are a human, this is the first time you are coming across this Maths Statement or Equation, you have no previous knowledge of it ""The smallest two-digit number is 10.  "", what are the top 5 questions that would pop up in your head which would be most useful in learning about it as you are new to it. Give me a simple bullet point list, don't explain them or expand them","* What defines a two-digit number?
* How is the concept of ""smallest"" applied to two-digit numbers?
* Is there a specific context or rule for determining the smallest two-digit number?
* Are there any other types of numbers (one-digit, three-digit, etc.) that can be compared to two-digit numbers?
* Can the statement be generalized to include all types of numbers?","| Metric | Score | Justification |
|---|---|---|
| Relevance | 5 | All questions directly relate to the concept of ""the smallest two-digit number."" |
| Coherence | 4 | Questions logically build upon each other, starting with the basic definition and progressing to comparisons and generalizations. |
| Diversity | 4 | Questions cover multiple aspects, including definitions, criteria, types of numbers, and mathematical principles. |","Relevance | 4 | The questions directly relate to the concept of two-digit numbers and the specific statement provided.
Coherence | 3 | The questions follow a logical progression but could be more interconnected to form a smoother inquiry.
Diversity | 3 | The questions cover various aspects related to two-digit numbers but could include more diverse angles of exploration.","

| Metric | Score | Justification |
|---|---|---|
| Relevance | 4 | The questions are mostly relevant to the statement, though some could be more specific to two-digit numbers. |
| Coherence | 5 | The questions follow a logical order, moving from basic definitions to broader comparisons. |
| Diversity | 3 | The questions cover various aspects, but could benefit from exploring additional dimensions such as place value or patterns in number systems. |"
"Imagine you are a human, this is the first time you are coming across this Maths Statement or Equation, you have no previous knowledge of it ""The largest single-digit number is 9.  "", what are the top 5 questions that would pop up in your head which would be most useful in learning about it as you are new to it. Give me a simple bullet point list, don't explain them or expand them","* What is considered a ""single-digit number""?
* How is the term ""largest"" being defined in this context?
* Is this statement referring only to positive integers?
* Are fractions, decimals, or negative numbers included?
* Why is the number 9 significant in this case?","| Metric | Score | Justification |
|---|---|---|
| Relevance | 5 | Directly pertain to the elements and concepts presented in the statement. |
| Coherence | 5 | Logically connect to one another and form a coherent line of inquiry. |
| Diversity | 4 | Cover a range of aspects related to the statement, including definitions, boundaries, and significance. |","| Metric   | Score | Justification                                                                                                                      |
|----------|-------|-------------------------------------------------------------------------------------------------------------------------------------|
| Relevance | 5     | All questions directly pertain to clarifying the elements and concepts presented in the statement.                                    |
| Coherence | 4     | The questions progressively build upon each other to explore the meaning of the statement and its implications.                       |
| Diversity | 4     | The questions cover various aspects such as definitions, scope of the statement, and significance of the number 9 within the context. |","

| Metric | Score | Justification |
|---|---|---|
| Coherence | 4 | The questions follow a logical order, starting with defining terms and gradually moving towards more complex considerations like the types of numbers excluded or included. |
| Relevance | 5 | All questions directly relate to the statement, seeking to clarify its meaning and scope. |
| Diversity | 4 | The questions cover various aspects of the statement, such as definitions, comparisons, and significance, providing a well-rounded exploration of the topic. However, they could delve deeper into"
"Imagine you are a human, this is the first time you are coming across this Maths Statement or Equation, you have no previous knowledge of it ""Two angles that add up to 180° are called supplementary angles.  "", what are the top 5 questions that would pop up in your head which would be most useful in learning about it as you are new to it. Give me a simple bullet point list, don't explain them or expand them","* What defines an ""angle"" in mathematics?
* How do we measure the size of an angle?
* What does it mean for two angles to ""add up"" to a certain value?
* What is special about the number 180 in relation to angles?
* What is the significance of calling two angles ""supplementary""?","| Metric | Score | Justification |
|:-------|:------:|:-------------:|
| Relevance | 5 | The questions directly pertain to the elements and concepts presented in the statement about supplementary angles.  |
| Coherence | 4 | The questions progress logically, starting from defining angles and progressing to the concept of supplementary angles.  |
| Diversity | 4 | The questions cover a range of aspects, including the definition of angles, measurement, addition, and the significance of supplementary angles. |","| Metric   | Score | Justification                                                                                            
|----------|-------|----------------------------------------------------------------------------------------------------------
| Relevance|     5 | The questions directly address the key concepts introduced in the statement about angles and their relationship. 
| Coherence|     4 | The questions flow logically from defining angles to understanding their measurement and further concepts related to supplementary angles. 
| Diversity|     4 | The questions cover a range of aspects related to angles, including definitions, measurement, addition, significance of specific values, and terminology.","

| Metric | Score | Justification |
|---|---|---|
| Relevance | 4 | All questions are directly related to understanding the concept of supplementary angles, however, some could be more specific to the statement such as asking about the relationship between supplementary angles and straight lines. |
| Coherence | 5 | The questions follow a logical order, starting with basic concepts like 'What defines an ""angle"" in mathematics?' and gradually moving towards more complex ones like 'What is the significance of calling two angles ""supplementary""?'. |
| Diversity | "
"Imagine you are a human, this is the first time you are coming across this Maths Statement or Equation, you have no previous knowledge of it ""The reflection of a number about zero on the number line is its negative.  "", what are the top 5 questions that would pop up in your head which would be most useful in learning about it as you are new to it. Give me a simple bullet point list, don't explain them or expand them","* What is a number line?
* What does it mean for a number to be reflected about zero?
* How is the reflection of a number determined?
* Is the reflection of a number always its negative?
* Can the concept of reflection about zero be applied to all types of numbers?","| Metric | Score | Justification |
|---|---|---|
| Relevance | 5 | All questions directly pertain to the key concepts and elements introduced in the statement, focusing on understanding the meaning and implications of number reflection about zero. |
| Coherence | 4 | The questions logically progress, beginning with defining a number line and the concept of reflection. They build upon each other to clarify and expand understanding. |
| Diversity | 4 | The questions cover a diverse range of aspects related to number reflection, including its definition, determination, and applicability to different types of numbers. |","Metric       Score   Justification
Relevance    5       The questions directly address the core concept of the statement and seek to clarify its implications.
Coherence    4       The questions progress logically from understanding basic concepts to exploring applications.
Diversity    4       The questions cover different aspects of the statement, such as definitions and applications.","

| Metric | Score | Justification |
|---|---|---|
| Coherence | 4 | The questions follow a logical order, starting with basic concepts before moving onto more specific aspects of the statement. However, there is room for better connection between the questions, such as explicitly linking the number line to the process of reflection. |
| Relevance | 5 | All questions are directly relevant to the statement, focusing on understanding the key components like the number line, reflection, and negatives. There is no deviation into tangential topics. |
| Diversity | 3 |"
"Imagine you are a human, this is the first time you are coming across this Maths Statement or Equation, you have no previous knowledge of it ""A polygon with five sides is called a pentagon.  "", what are the top 5 questions that would pop up in your head which would be most useful in learning about it as you are new to it. Give me a simple bullet point list, don't explain them or expand them","* What defines a polygon?
* How many sides does a pentagon have?
* Are there any other properties of a pentagon besides having five sides?
* Can a pentagon be regular or irregular?
* Is a pentagon a 3-dimensional shape or a 2-dimensional shape?","| Metric | Score | Justification |
|---|---|---|
| Relevance | 5 | The questions are directly relevant to the statement and aim to clarify essential elements of a pentagon, such as its definition, number of sides, and properties. |
| Coherence | 4 | The questions follow a coherent sequence, progressing from defining a polygon to exploring specific characteristics of a pentagon, making it easy for a beginner to build upon their understanding. |
| Diversity | 4 | The questions cover a range of aspects of a pentagon, including its definition, number of sides, properties, regularity, and dimensionality, providing a comprehensive exploration of the topic. |","| Metric   | Score | Justification                                                                                           |
|----------|-------|---------------------------------------------------------------------------------------------------------|
| Relevance | 5     | All questions directly relate to understanding the concept of a pentagon and its properties.            |
| Coherence | 4     | Questions progress logically from defining a polygon to exploring specific properties of a pentagon.    |
| Diversity | 4     | The questions cover different aspects such as definition, properties, regularity, and dimensions of a pentagon. |","

| Metric | Score | Justification |
|---|---|---|
| Coherence | 4 | The questions follow a logical order, starting with basic definitions and gradually moving towards more complex properties like regularity and dimensionality. However, the transition between some questions could be smoother. |
| Relevance | 5 | All questions are highly relevant to the statement, focusing on essential aspects of pentagons without deviating into tangential topics. |
| Diversity | 4 | The questions cover various aspects of pentagons, such as definition, number of sides, types"
"Imagine you are a human, this is the first time you are coming across this Maths Statement or Equation, you have no previous knowledge of it ""Zero divided by any non-zero number is zero.  "", what are the top 5 questions that would pop up in your head which would be most useful in learning about it as you are new to it. Give me a simple bullet point list, don't explain them or expand them","* What is the definition of division and why does it result in zero when zero is the dividend?
* How does this rule apply to negative numbers and fractions?
* Are there any exceptions to this rule or situations where it doesn't hold true?
* Why is it important to understand this concept in mathematics?
* Can this concept be applied to real-world scenarios or problems?","| Metric | Score | Justification |
|---|---|---|
| Relevance | 5 | All questions directly relate to the statement about dividing zero by a non-zero number. |
| Coherence | 4 | The questions progress logically, from defining division to exploring exceptions and applications. |
| Diversity | 3 | While the questions cover important aspects, they primarily focus on theoretical implications rather than real-world applications or alternative perspectives. |","| Metric     | Score | Justification                                                                                                                            |
|------------|-------|-------------------------------------------------------------------------------------------------------------------------------------------|
| Relevance  | 5     | All questions directly pertain to the statement and explore various aspects of the concept of dividing by zero.                            |
| Coherence  | 4     | The questions follow a logical progression from defining division to exploring exceptions and applications in real-world scenarios.        |
| Diversity  | 5     | The questions cover definitions, exceptions, applications, and implications of the statement, offering a broad exploration of the topic.  |","

| Metric | Score | Justification |
|---|---|---|
| Relevance | 4 | The questions are mostly relevant to the statement, except for the last one which slightly deviates towards application. However, it could still lead to a better understanding of the concept. |
| Coherence | 5 | The questions follow a logical sequence, starting with defining the concept and gradually moving towards more complex aspects like exceptions and applications. |
| Diversity | 4 | The questions cover various dimensions such as definition, conditions, exceptions, importance, and applications. However, they mainly focus"
"Imagine you are a human, this is the first time you are coming across this Maths Statement or Equation, you have no previous knowledge of it ""The successor of a number is one more than the number.  "", what are the top 5 questions that would pop up in your head which would be most useful in learning about it as you are new to it. Give me a simple bullet point list, don't explain them or expand them","* What is meant by ""number"" in this context?
* Is there a specific type of numbers this applies to (e.g. whole numbers, integers, etc.)?
* How do you find the successor of a given number?
* Can a number have more than one successor?
* What is the significance of the concept of a ""successor""?","| Metric | Score | Justification |
|---|---|---|
| Relevance | 4 | The questions directly address the core concepts and elements of the statement, such as the definition of ""number,"" types of numbers applicable, finding the successor, and the significance of the concept. |
| Coherence | 3 | The questions have a logical flow, starting with a foundational query about the meaning of ""number"" and progressing to more complex aspects such as applicability, computation, and significance. |
| Diversity | 4 | The questions cover a range of perspectives, including definitional, procedural, and theoretical aspects of the concept of a successor. |","Relevance | 5
- The questions directly pertain to the specific details and concepts presented in the statement.

Coherence | 4
- The questions form a logical progression in understanding the concept of a successor number, but the connection could be strengthened further.

Diversity | 4
- The questions cover various aspects related to the statement, offering a broad exploration of the topic.

Overall, this set of questions is relevant, coherent, and diverse in exploring the concept of a successor number.","

| Metric | Score | Justification |
|---|---|---|
| Relevance | 4 | Most questions are directly relevant to the statement, except for the last one which explores the significance of the concept rather than its definition or mechanics. |
| Coherence | 5 | The questions follow a logical order, starting with defining terms and gradually moving towards procedures and implications. |
| Diversity | 4 | The questions cover various aspects of the statement, but could benefit from exploring practical examples or real-world applications. |"
"Imagine you are a human, this is the first time you are coming across this Maths Statement or Equation, you have no previous knowledge of it ""A number less its negative equals twice the number.  "", what are the top 5 questions that would pop up in your head which would be most useful in learning about it as you are new to it. Give me a simple bullet point list, don't explain them or expand them","* What does ""its negative"" refer to in this context?
* How is the equation written in mathematical notation?
* Can the equation be solved for the unknown number?
* Are there any examples of numbers that satisfy the equation?
* Is the equation always true, or only under certain conditions?","| Metric | Score | Justification |
| ----------- | ----------- | ----------- |
| Relevance | 5 | All questions directly relate to and clarify the concepts within the statement. |
| Coherence | 4 | The sequence of questions logically progresses from the foundational concept to its application and implications. |
| Diversity | 5 | The questions cover a wide range of aspects, including definition, mathematical representation, solvability, examples, and the conditions of applicability. |","Metric | Score | Justification
Relevance | 5 | All questions directly pertain to understanding the given statement.
Coherence | 4 | The questions form a logical progression, but the last two could be reordered for better coherence.
Diversity | 5 | Each question explores a different aspect of the statement, offering a broad exploration.

Metric | Score | Justification
Relevance | 4 | All questions are relevant to the given statement but could focus more on the immediate context.
Coherence | 3 | The questions lack a clear progression and could be better connected to form a coherent line of inquiry.
Diversity | 3 | While each question addresses a different aspect, there is room for exploring more dimensions of the statement.

Metric | Score | Justification
Relevance | 5 | All questions directly address the elements of the given statement.
Coherence | 5 | The questions form a logical progression, building upon each other to explore the statement thoroughly.
Diversity | 5 | Each question offers a different perspective on the statement, ensuring a comprehensive exploration of the topic.","

| Metric | Score | Justification |
|---|---|---|
| Coherence | 4 | The questions follow a logical order, starting with seeking clarity on the terminology, moving to expressing the equation mathematically, solving it, providing examples, and finally questioning the generalizability of the equation. |
| Relevance | 5 | All questions directly relate to the statement, aiming to clarify, solve, and understand the given equation. |
| Diversity | 4 | The questions cover various aspects of the equation, such as definition, representation, solution process,"
"Imagine you are a human, this is the first time you are coming across this Maths Statement or Equation, you have no previous knowledge of it ""The sum of a number and its negative is zero.  "", what are the top 5 questions that would pop up in your head which would be most useful in learning about it as you are new to it. Give me a simple bullet point list, don't explain them or expand them","* What does it mean for a number to be ""negative""?
* How do I find the negative of a given number?
* Is there a specific set of numbers that this statement applies to?
* Can this statement be applied to variables or unknown values?
* Are there any exceptions to this statement or special cases to consider?","| Metric  | Score  | Justification  |
|---------|---------|---------|
| Relevance  | 4  | The questions directly relate to the elements of the statement, exploring the concept of negative numbers, their properties, and the applicability of the statement to different scenarios. |
| Coherence  | 4  | The sequence of questions flows logically, starting with foundational concepts like understanding negative numbers and leading to more complex questions about their applications and limitations. |
| Diversity  | 3  | The questions cover a range of aspects, including the definition of negative numbers, finding their values, considering their applicability to different number sets, and exploring exceptions. While they touch on various aspects, they could delve deeper into potential applications or theoretical implications. |","| Metric   | Score | Justification                                                                                            |
|----------|-------|----------------------------------------------------------------------------------------------------------|
| Relevance|   5   | All questions directly pertain to the details and concepts introduced in the statement.                  |
| Coherence|   4   | The questions form a coherent line of inquiry regarding the understanding of negative numbers and zero.   |
| Diversity|   4   | The questions cover various aspects such as definitions, applications, and exceptions related to the statement. |","

| Metric | Score | Justification                                                                                           |
|--------|-------|---------------------------------------------------------------------------------------------------|
| Relevance | 5     | All questions are directly related to the concept of the sum of a number and its negative being zero. |
| Coherence | 4     | The questions follow a logical progression, moving from basic definitions to broader applications. |
| Diversity | 5     | The questions cover various aspects, such as definition, calculation, applicability, and exceptions. |"
"Imagine you are a human, this is the first time you are coming across this Maths Statement or Equation, you have no previous knowledge of it ""Three points lie on a straight line if they are collinear.  "", what are the top 5 questions that would pop up in your head which would be most useful in learning about it as you are new to it. Give me a simple bullet point list, don't explain them or expand them","* What does ""collinear"" mean?
* How can I determine if three points are collinear?
* Can two points be considered collinear?
* Are there any special properties of collinear points on a straight line?
* Can the concept of collinearity be extended to more than three points?","| Metric | Score | Justification |
| ------ | ----- | ------------- |
| Relevance | 5 | The questions directly address the key concepts and elements presented in the statement, such as collinearity, straight line, and determining the condition for three points to lie on a straight line. |
| Coherence | 4 | The questions are logically connected, with each subsequent question building upon the previous one to delve deeper into the topic. They form a coherent progression of inquiry that allows for a structured exploration of the concept. |
| Diversity | 4 | The questions cover a range of aspects related to collinearity, including its definition, determination methods, special properties, and extensions. They provide a broad perspective on the topic, exploring both its core aspects and its potential implications. |","Metric | Score | Justification
Relevance | 5 | All questions directly pertain to the concept of collinearity and exploring its properties.
Coherence | 4 | The questions form a logical progression from defining collinearity to exploring its properties and extensions.
Diversity | 4 | The questions cover various aspects of collinearity, from definition to properties, allowing for a comprehensive understanding.","

| Metric | Score | Justification                                                                                                                                                                                                                                                                                                                                                                                                                                                                                                                                                                                                                                                                                                                                                                                                                                                                                                                                                                                                                                                                                                                                                                                                                                                                                                                                                                                                                                                                                                                                                                                                                                                                                                                                                                                                                                                                                                                                                                "
"Imagine you are a human, this is the first time you are coming across this Maths Statement or Equation, you have no previous knowledge of it ""A polygon with four sides is called a quadrilateral.  "", what are the top 5 questions that would pop up in your head which would be most useful in learning about it as you are new to it. Give me a simple bullet point list, don't explain them or expand them","* What defines a polygon and what are its characteristics?
* How does a quadrilateral differ from other types of polygons?
* What are the names and properties of the four sides and vertices of a quadrilateral?
* Are there different types of quadrilaterals and if so, how do they differ from one another?
* What are some real-world examples of quadrilaterals?","| Metric | Score | Justification |
|---|---|---|
| Relevance | 4 | The questions directly pertain to the details and concepts presented in the statement, exploring the definition, characteristics, and types of quadrilaterals. |
| Coherence | 4 | The questions follow a logical sequence, beginning with the definition of a polygon and then focusing specifically on quadrilaterals, their properties, and real-world examples. |
| Diversity | 5 | The questions cover a wide range of aspects, including the basic definition, differences from other polygons, properties of sides and vertices, types of quadrilaterals, and real-world applications. |","Metric | Score | Justification
Relevance | 5 | All questions directly pertain to the details and concepts presented in the statement about a quadrilateral.
Coherence | 4 | The questions connect logically and progress in understanding the topic of quadrilaterals, although a more distinct sequence could enhance coherence.
Diversity | 5 | The questions cover various aspects such as definitions, properties, types, and real-world examples, offering a broad exploration of quadrilaterals.","

| Metric | Score | Justification |
|---|---|---|
| Coherence | 4 | The questions follow a logical order, starting with general concepts and moving towards more specific properties of quadrilaterals. However, they could benefit from a stronger connection between the last two questions, linking real-world examples more explicitly to the properties of quadrilaterals. |
| Relevance | 5 | All questions are highly relevant to the statement, focusing on essential aspects of quadrilaterals without straying into tangential topics. They effectively address the user's need to understand the"
"Imagine you are a human, this is the first time you are coming across this Maths Statement or Equation, you have no previous knowledge of it ""The reciprocal of a fraction is obtained by swapping its numerator and denominator.  "", what are the top 5 questions that would pop up in your head which would be most useful in learning about it as you are new to it. Give me a simple bullet point list, don't explain them or expand them","* What is a fraction?
* What is a numerator and denominator in a fraction?
* How do I swap the numerator and denominator of a fraction?
* What does it mean for a number to be the reciprocal of another number?
* How can I use the concept of a reciprocal to solve math problems?","| Metric | Score | Justification |
|---|---|---|
| Relevance | 5 | All questions directly relate to the concept of reciprocals and fractions, providing a solid foundation for understanding the statement. |
| Coherence | 4 | The questions follow a logical sequence, starting with basic definitions and gradually progressing towards the application of reciprocals. |
| Diversity | 4 | The questions cover various aspects of reciprocals and fractions, including definitions, operations, and problem-solving, providing a diverse exploration. |","Relevance | 5 | The questions directly pertain to the details of the statement, focusing on understanding fractions, numerators, denominators, reciprocals, and their applications in math problems.
Coherence | 4 | The questions flow logically from defining fractions to understanding reciprocals, providing a structured progression of inquiry. However, the link between swapping numerator and denominator could be emphasized more.
Diversity | 4 | The questions cover a range of aspects related to fractions, reciprocals, and problem-solving, offering a diverse exploration of the topic. Exploring real-world applications could enhance diversity further.","

| Metric | Score | Justification |
|---|---|---|
| Coherence | 4 | The questions follow a logical order, starting with defining basic terms and gradually moving towards more complex concepts like solving problems using reciprocals. However, the last question might be too broad and abstract for beginners. |
| Relevance | 5 | All questions are directly related to the statement, aiming to clarify and expand upon the concept of reciprocals of fractions. They focus on essential aspects of the statement without deviating into tangential topics. |
| Diversity |"
"Imagine you are a human, this is the first time you are coming across this Maths Statement or Equation, you have no previous knowledge of it ""Any non-zero number raised to the power of two is positive.  "", what are the top 5 questions that would pop up in your head which would be most useful in learning about it as you are new to it. Give me a simple bullet point list, don't explain them or expand them","* What does it mean for a number to be raised to the power of two?
* How is the square of a negative number related to this statement?
* Are there any exceptions to this rule?
* Can this statement be extended to other exponent values?
* How can this statement be proven or disproven using mathematical principles?","| Metric | Score | Justification |
|---|---|---|
| Relevance | 5 | All questions directly address aspects presented in the statement, focusing on understanding the concept of squaring a number and its properties. |
| Coherence | 4 | The questions logically connect, starting with the definition of squaring, exploring exceptions, and progressing to broader mathematical implications. However, the order of questions 4 and 5 could be improved for smoother progression. |
| Diversity | 4 | The questions cover various aspects, including definition, exceptions, theoretical implications, and the possibility of extending the concept. While they cover a range of perspectives, adding a question on practical applications could enhance diversity. |","Metric | Score | Justification
Relevance | 5 | All questions directly pertain to the given statement about numbers raised to the power of two.
Coherence | 4 | The questions form a coherent progression of inquiry from understanding the concept to exploring exceptions and extensions.
Diversity | 4 | The questions cover different aspects such as definitions, exceptions, extensions, and proof, offering a broad exploration of the topic.","

| Metric | Score | Justification |
|---|---|---|
| Coherence | 4 | The questions follow a logical order, starting with seeking clarification on basic concepts before moving onto more complex ideas like proofs and extensions. |
| Relevance | 5 | All questions relate directly to the statement, exploring its meaning, limitations, and underlying principles. |
| Diversity | 4 | The questions cover various aspects of the statement, such as definition, implications, and theoretical foundations, but could benefit from addressing practical applications. |"
"Imagine you are a human, this is the first time you are coming across this Maths Statement or Equation, you have no previous knowledge of it ""A polygon with eight sides is called an octagon.  "", what are the top 5 questions that would pop up in your head which would be most useful in learning about it as you are new to it. Give me a simple bullet point list, don't explain them or expand them","* What defines a polygon and how many sides does it usually have?
* How do you differentiate an octagon from other types of polygons?
* Are all octagons regular or can they be irregular in shape?
* What is the sum of the interior angles of an octagon?
* Can you provide examples of objects or structures that have the shape of an octagon?","| Metric | Score | Justification |
|---|---|---|
| Relevance | 5 | All questions directly pertain to the definition and characteristics of an octagon, effectively exploring the elements of the statement. |
| Coherence | 4 | The questions are logically connected, building upon each other to provide a structured inquiry. The sequence facilitates a progressive understanding of octagons. |
| Diversity | 3 | While the questions cover various aspects, they primarily focus on the geometric properties of octagons. Including questions on historical origins or practical applications could enhance diversity. |","| Metric    | Score | Justification                                                                                      |
|-----------|-------|----------------------------------------------------------------------------------------------------|
| Relevance | 5     | All questions directly address the details and concepts presented in the statement.               |
| Coherence | 4     | The questions form a logical progression in understanding the term ""octagon"" for a beginner.        |
| Diversity | 3     | While the questions cover various aspects of an octagon, more depth or variety could be added.      |","

| Metric | Score | Justification |
|---|---|---|
| Coherence | 4 | The questions follow a logical order, starting with basic concepts like defining a polygon and gradually moving towards more complex ideas such as angle sums and real-world examples. However, there is room for improvement in terms of creating a stronger connection between questions. |
| Relevance | 5 | All questions are highly relevant to the initial statement, focusing on essential aspects of octagons without deviating into tangential topics. They effectively address various facets of the concept, providing a comprehensive introduction."
"Imagine you are a human, this is the first time you are coming across this Maths Statement or Equation, you have no previous knowledge of it ""The sum of an even number and an odd number is odd.  "", what are the top 5 questions that would pop up in your head which would be most useful in learning about it as you are new to it. Give me a simple bullet point list, don't explain them or expand them","* What is an even number?
* What is an odd number?
* Can you give me examples of even and odd numbers?
* How do I determine if a number is even or odd?
* How does adding an even number and an odd number result in an odd sum?","| Metric    | Score | Justification                                                                                                                                                                                                                                                                                                                                                                                                                                                                                                                                                                                                                                                                                                                                                                                                                                                                                                                                                                                                                                                                                                                                                                                                                                                                                                                                                                                                                                                                                                                                                                                                                                                                                                                                                                                                                                                                                                                                                                                                                                                                                                                                                                                                                                                                                                                                                                                                                                                                                                                                                                                                                                                                                                                                                                                                                                                                                                                                                                                                                                                                                                                                                                                                                                                                                                                                                                                                                                                                                                                                                                                                                                                                                                                                                                                                                                                                                                                                                                                                                                                                                                                                                                                                                                                                                                                                                                                                                                                                                                                                                                                                                                                                                                                                                                                                                                                                                                                                                                                                                                                                                                                                                                                                                                                                                                                                                                                                                                                                                                                                                                                                                                                                                                                                                                                                                                                                                                                                                                                                                                                                                                                                                                                                                                                                                                                                                                                                                                                                                                                                                                                                                                                                                                                                                                                                                                                                                                                                                                                                                                                                                                                                                                                                                                                                                                                                                                                                                                                                                                                                                                                                                                                                                                                                                                                                                                                                                                                                                                                                                                                                                                                                                                                                                                                                                                                                                                                                                                                                                                                                                                                                                                                                                                                                                                                                                                                                                                                                                                                                                                                                                                                                                                                                                                                                                                                                                                                                                                                                                                                                                                                                                                                                                                                                                                                                                                                                                                                                                                                                                                                                                                                                                                                                                                                                                                                                                                                                                                                                                                                                                                                                                                                                                                                                                                                                                                                                                                                                                                                                                                                                                                                                                                                                                                                                                                                                                                                                                                                                                                                                                                                                                                                                                                                                                                                                                                                                                                                                                                                                                                                                                                                                                                                                                                                                                                                                                                                                                                                                                                                                                                                                                                                                                                                                                                                                                                                                                                                                                                                                                                                                                                                                                                                                                                                                                                                                                                                                                                                                                                                                                                                                                                                                                                                                                                                                                                                                                                                                                                                                                                                                                                                                                                                                                                                                                                                                                                                                                                                                                                                                                                                                                                                                                                                                                                                                                                                                                                                                                                                                                                                                                                                                                                                                                                                                                                                                                                                                                                                                                                                                                                                                                                                                                                                                                                                                                                                                                                                                                                                                                                                                                                                                                                                                                                                                                                                                                                                                                                                                                                                                                                                                                                                                                                                                                                                                                                                                                                                                                                                                                                                                                                                                                                                                                                                                                                                                                                                                                                                                                                                                                                                                                                                                                                                                                                                                                                                                                                                                                                                                                                                                                                                                                                                                                                                                                                                                                                                                                                                                                                                                                                                                                                                                                                                                                                                                                                                                                                                                                                                                                                                                                                                                                                                                                                                                                                                                                                                                                                                                                                                                                                                                                                                                                                                                                                                                                                                                                                                                                                                                                                                                                                                                                                                                                                                                                                                                                                                                                                                                                                                                                                                                                                                                                                                                                                                                                                                                                                                                                                                                                                                                                                                                                                                                                                                                                                                                                                                                                                                                                                                                                                                                                                                                                                                                                                                                                                                                                                                                                                                                                                                                                                                                                                                                                                                                                                                                                                                                                                                                                                                                                                                                                                                                                                                                                                                                                                                                                                                                                                                                                                                                                                                                                                                                                                                                                                                                                                                                                                                                                                                                                                                                                                                                                                                                                                                                                                                                                                                                                                                                                                                                                                                                                                                                                                                                                                                                                                                                                                                                                                                                                                                                                                                                                                                                                                                                                                                                                                                                                                                                                                                                                                                                                                                                                                                                                                                                                                                                                                                                                                                                                                                                                                                                                                                                                                                                                                                                                                                                                                                                                                                                                                                                                                                                                                                                                                                                                                                                                                                                                                                                                                                                                                                                                                                                                                                                                                                                                                                                                                                                                                                                                                                                                                                                                                                                                                                                                                                                                                                                                                                                                                                                                                                                                                                                                                                                                                                                                                                                                                                                                                                                                                                                                                                                                                                                                                                                                                                                                                                                                                                                                                                                                                                                                                                                                                                                                                                                                                                                                                                                                                                                                                                                                                                                                                                                                                                                                                                                                                                                                                                                                                                                                                                                                                                                                                                                                                                                                                                                                                                                                                                                                                                                                                                                                                                                                                                                                                                                                                                                                                                                                                                                                                                                                                                                                                                                                                                                                                                                                                                                                                                                                                                                                                                                                                                                                                                                                                                                                                                                                                                                                                                                                                                                                                                                                                                                                                                                                                                                                                                                                                                                                                                                                                                                                                                                                                                                                                                                                                                                                                                                                                                                                                                                                                                                                                                                                                                                                                                                                                                                                                                                                                                                                                                                                                                                                                                                                                                                                                                                                                                                                                                                                                                                                                                                                                                                                                                                                                                                                                                                                                                                                                                                                                                                                                                                                                                                                                                                                                                                                                                                                                                                                                                                                                                                                                                                                                                                                                                                                                                                                                                                                                                                                                                                                                                                                                                                                                                                                                                                                                                                                                                                                                                                                                                                                                                                                                                                                                                                                                                                                                                                                                                                                                                                                                                                                                                                                                                                                                                                                                                                                                                                                                                                                                                                                                                                                                                                                                                                                                                                                                                                                                                                                                                                                                                                                                                                                                                                                                                                                                                                                                                                                                                                                                                                                                                                                                                                                                                                                                                                                                                                                                                                                                                                                                                                                                                                                                                                                                                                                                                                                                                                                                                                                                                                                                                                                                                                                                                                                                                                                                                                                                                                                                                                                                                                                                                                                                                                                                                                                                                                                                                                                                                                                                                                                                                                                                                                                                                                                                                                                                                                                                                                                                                                                                                                                                                                                                                                                                                                                                                                                                                                                                                                                                                                                                                                                                                                                                                                                                                                                                                                                                                                                                                                                                                                                                                                                                                                                                                                                                                                                                                                                                                                                                                                                                                                                                                                                                                                                                                                                                                                                                                                                                                                                                                                                                                                                                                                                                                                                                                                                                                                                                                                                                                                                                                                                                                                                                                                                                                                                                                                                                                                                                                                                                                                                                                                                                                                                                                                                                                                                                                                                                                                                                                                                                                                                                                                                                                                                                                                                                                                                                                                                                                                                                                                                                                                                                                                                                                                                                                                                                                                                                                                                                                                                                                                                                                                                                                                                                                                                                                                                                                                                                                                                                                                                                                                                                                                                                                                                                                                                                                                                                                                                                                                                                                                                                                                                                                                                                                                                                                                                                                                                                                                                                                                                                                                                                                                                                                                                                                                                                                                                                                                                                                                                                                                                                                                                                                                                                                                                                                                                                                                                                                                                                                                                                                                                                                                                                                                                                                                                                                                                                                                                                                                                                                                                                                                                                                                                                                                                                                                                                                                                                                                                                                                                                                                                                                                                                                                                                                                                                                                                                                                                                                                                                                                                                                                                                                                                                                                                                                                                                                                                                                                                                                                                                                                                                                                                                                                                                                                                                                                                                                                                                                                                                                                                                                                                                                                                                                                                                                                                                                                                                                                                                                                                                                                                                                                                                                                                                                                                                                                                                                                                                                                                                                                                                                                                                                                                                                                                                                                                                                                                                                                                                                                                                                                                                                                                                                                                                                                                                                                                                                                                                                                                                                                                                                                                                                                                                                                                                                                                                                                                                                                                                                                                                                                                                                                                                                                                                                                                                                                                                                                                                                                                                                                                                                                                                                                                                                                                                                                                                                                                                                                                                                                                                                                                                                                                                                                                                                                                                                                                                                                                                                                                                                                                                                                                                                                                                                                                                                                                                                                                                                                                                                                                                                                                                                                                                                                                                                                                                                                                                                                                                                                                                                                                                                                                                                                                                                                                                                                                                                                                                                                                                                                                                                                                                                                                                                                                                                                                                                                                                                                                                                                                                                                                                                                                                                                                                                                                                                                                                                                                                                                                                                                                                                                                                                                                                                                                                                                                                                                                                                                                                                                                                                                                                                                                                                                                                                                                                                                                                                                                                                                                                                                                                                                                                                                                                                                                                                                                                                                                                                                                                                                                                                                                                                                                                                                                                                                                                                                                                                                                                                                                                                                                                                                                                                                                                                                                                                                                                                                                                                                                                                                                                                                                                                                                                                                                                                                                                                                                                                                                                                                                                                                                                                                                                                                                                                                                                                                                                                                                                                                                                                                                                                                                                                                                                                                                                                                                                                                                                              
| | |                                                                                                                                                                                                                                                                                                                                                                                                                                                                                                                                                                                                                                                                                                                                                                                                                                                                                                                                                                                                                                                                                                                                                                                                                                                                                                                                                                                                                                                                                                                                                                                                                                                                                                                                                                                                                                                                                                                                                                                                                                                                                                                                                                                                                                                                                                                                                                                                                                                                                                                                                                                                                                                                                                                                                                                                                                                                                                                                                                                                                                                                                                                                                                                                                                                                                                                                                                                                                                                                                                                                                                                                                                                                                                                                                                                                                                                                                                                                                                                                                                                                                                                                                                                                                                                                                                                                                                                                                                                                                                                                                                                                                                                                                                                                                                                                                                                                                                                                                                                                                                                                                                                                                                                                                                                                                                                                                                                                                                                                                                                                                                                                                                                 ","Metric | Score | Justification
Relevance | 5 | All questions directly pertain to the statement and aim to clarify the basic concepts involved.
Coherence | 4 | The questions form a logical progression from defining even and odd numbers to understanding their sum.
Diversity | 4 | The questions cover various aspects such as definitions, examples, and determining even/odd status, offering a broad exploration of the topic.","

| Metric | Score | Justification |
|---|---|---|
| Relevance | 5 | All questions are directly related to understanding the concept of even and odd numbers and their relationship when added together. |
| Coherence | 4 | The questions follow a logical progression from defining terms to providing examples and then exploring the relationship between even and odd numbers. However, there is room for improvement in connecting the questions more explicitly to create a smoother flow. |
| Diversity | 5 | The questions cover various aspects of understanding even and odd numbers, such as definitions, characteristics"
"Imagine you are a human, this is the first time you are coming across this Maths Statement or Equation, you have no previous knowledge of it ""A set containing no elements is called an empty set or null set.  "", what are the top 5 questions that would pop up in your head which would be most useful in learning about it as you are new to it. Give me a simple bullet point list, don't explain them or expand them","* What is the definition of a set?
* Why is a set with no elements considered special and given a specific name?
* How does an empty set differ from other sets with elements?
* Are there any unique properties or characteristics associated with empty sets?
* How do we denote an empty set and use it in mathematical expressions?","| Metric | Score | Justification |
| ----------- | ----------- | ----------- |
| Relevance | 5 | All questions directly relate to the statement, aiming to clarify central aspects of the empty set concept. |
| Coherence | 4 | Questions logically flow from the definition to properties and mathematical usage of an empty set, promoting a structured inquiry. |
| Diversity | 4 | Questions cover the definition, uniqueness, and mathematical aspects of an empty set, providing a broad understanding of the concept. |","Relevance | 5 | The questions directly pertain to the definition and characteristics of an empty set, exploring its uniqueness.
Coherence | 4 | The questions form a logical progression, starting with defining a set and moving on to specific inquiries about empty sets.
Diversity | 4 | The questions cover various aspects of empty sets, including definitions, properties, and mathematical usage.

Relevance | 4 | The questions are relevant to understanding what an empty set is and why it is distinguished from other sets.
Coherence | 3 | The questions follow a somewhat logical sequence but could be more interconnected in exploring the concept.
Diversity | 4 | The questions address different aspects of empty sets, from their definition to their representation in mathematics.

Relevance | 5 | The questions directly address the definition, uniqueness, and characteristics of an empty set, staying focused on the topic.
Coherence | 5 | The questions flow logically from defining a set to exploring the specifics of an empty set, creating a coherent line of inquiry.
Diversity | 5 | The questions cover a wide range of aspects related to empty sets, providing a comprehensive understanding of the topic.","

| Metric | Score | Justification |
|---|---|---|
| Relevance | 5 | All questions are directly related to the concept of an empty set. |
| Coherence | 4 | The questions generally follow a logical order, moving from basic definitions to more complex uses and properties. However, some connections could be made clearer between questions. |
| Diversity | 5 | A wide range of aspects are covered, including definition, uniqueness, notation, and application in mathematical expressions. |"
"Imagine you are a human, this is the first time you are coming across this Maths Statement or Equation, you have no previous knowledge of it ""Doubling a number is the same as multiplying the number by two.  "", what are the top 5 questions that would pop up in your head which would be most useful in learning about it as you are new to it. Give me a simple bullet point list, don't explain them or expand them","* What is meant by ""doubling"" a number?
* How do I ""multiply"" a number by two?
* Are there any examples of this equation in action?
* Is this equation true for all numbers?
* Can this equation be written in mathematical notation?","| Metric    | Score | Justification           |
|---|---|-------------------------|
| Relevance | 5     | All questions directly pertain to the statement. |
| Coherence | 4     | Questions 1-3 form a logical progression of understanding, while 4-5 provide additional perspectives. |
| Diversity | 4     | Questions cover different aspects, including definitions, notation, examples, and general principles. |","Relevance   | 5 | The questions directly address the key concepts within the statement.
Coherence   | 4 | The questions flow logically and build upon each other effectively.
Diversity   | 4 | The questions cover different aspects of the statement, providing a broad understanding.","

| Metric | Score | Justification |
|---|---|---|
| Coherence | 4 | The questions follow a logical progression from defining terms to exploring the scope and representation of the equation. However, they could benefit from a more explicit connection between examples and general applicability. |
| Relevance | 5 | All questions are directly relevant to understanding the concept presented in the statement, focusing on clarifying key terms and exploring the equation's validity and representation. |
| Diversity | 4 | The questions cover various aspects of the statement, such as definition, application,"
"Imagine you are a human, this is the first time you are coming across this Maths Statement or Equation, you have no previous knowledge of it ""Halving a number is the same as dividing the number by two.  "", what are the top 5 questions that would pop up in your head which would be most useful in learning about it as you are new to it. Give me a simple bullet point list, don't explain them or expand them","* What does it mean for an operation to be ""the same as"" another operation?
* How does the process of halving a number work?
* Can any number be halved, or are there limitations?
* How does dividing a number by two differ from other types of division?
* Are there any examples or applications of this concept to help illustrate its use?","| Metric | Score | Justification |
|---|---|---|
| **Relevance** | 5 | All questions directly pertain to the statement and explore its key elements. |
| **Coherence** | 4 | The questions follow a logical progression, starting with the basic concept and moving towards applications and implications. |
| **Diversity** | 4 | The questions cover a range of aspects, including the definition, process, limitations, differences, and applications of the concept. |","Metric | Score | Justification
Relevance | 5 | All questions directly pertain to the concept of halving a number and dividing by two.
Coherence | 4 | The questions flow logically from understanding the meaning of the operation to its application and examples.
Diversity | 4 | The questions cover different aspects like the definition of the operation, process, limitations, comparison with other divisions, and practical examples.","

| Metric | Score | Justification |
|---|---|---|
| Relevance | 4 | Most questions are directly relevant to the statement, though some could be more specific to the operations mentioned. |
| Coherence | 5 | The questions follow a logical progression, moving from general understanding to specific applications. |
| Diversity | 3 | While the questions cover various aspects, they mostly focus on operational mechanics, leaving out potential connections to broader mathematical principles. |"
"Imagine you are a human, this is the first time you are coming across this Maths Statement or Equation, you have no previous knowledge of it ""The perimeter of a circle is also known as its circumference.  "", what are the top 5 questions that would pop up in your head which would be most useful in learning about it as you are new to it. Give me a simple bullet point list, don't explain them or expand them","* What is the definition of a circle?
* How is the circumference related to the radius or diameter of a circle?
* Is the circumference measured in the same units as the radius or diameter?
* Are there any formulas for calculating the circumference of a circle?
* Can the concept of circumference be extended to shapes other than circles?","| Metric | Score | Justification |
|---|---|---|
| Relevance | 4 | The questions directly explore the details of the statement by asking about the definition of a circle, the relationship between circumference and radius/diameter, and the existence of formulas for circumference calculation. However, they could be improved by also asking about the units of measurement for circumference. |
| Coherence | 3 | The questions form a logical sequence by starting with the basics (definition of a circle) and gradually moving towards more specific details (formulas, extension to other shapes). However, the transition between questions could be smoother, especially between question 3 and 4. |
| Diversity | 4 | The questions cover a range of aspects related to the statement, including definition, measurement, formulas, and potential extensions. However, they could be further improved by including questions about the practical applications of circumference or its relationship to other geometric concepts like area. |","Metric | Score | Justification
Relevance | 5 | All questions directly relate to the concept of the perimeter of a circle and its relationship to the circumference.
Coherence | 4 | The questions flow logically from defining a circle to understanding its circumference, although the last question slightly deviates from the central theme.
Diversity | 4 | The questions cover various aspects of the concept, such as definitions, relationships, formulas, and extensions, offering a broad exploration of the topic.

(Note: Scores are subjective and may vary based on individual assessment.)","

| Metric | Score | Justification |
|---|---|---|
| Relevance | 4 | The questions are mostly relevant to the statement, except for the last question which slightly deviates from the main topic. |
| Coherence | 5 | The questions follow a logical sequence, starting with defining a circle and gradually moving towards more complex concepts like unit measurement and extension to other shapes. |
| Diversity | 3 | While the questions cover various aspects of the statement, they all revolve around calculations and measurements, lacking some dimensions such as practical uses or historical background. |"
"Imagine you are a human, this is the first time you are coming across this Maths Statement or Equation, you have no previous knowledge of it ""A shape with all angles equal and all sides equal is called a regular shape.  "", what are the top 5 questions that would pop up in your head which would be most useful in learning about it as you are new to it. Give me a simple bullet point list, don't explain them or expand them","* What defines a ""shape"" in mathematical terms?
* What does it mean for angles to be ""equal""?
* What does it mean for sides to be ""equal""?
* Are there different types of ""regular shapes""?
* Can regular shapes only be found in two dimensions, or do they exist in three dimensions as well?","| Metric | Score | Justification |
|---|---|---|
| Relevance | 4 | The questions directly relate to the definition of a regular shape, exploring key concepts such as shape, angle equality, and side equality. |
| Coherence | 3 | The questions follow a logical progression, starting with the definition of a shape and gradually narrowing down to the specific characteristics of regular shapes. However, the transition between the third and fourth questions could be smoother. |
| Diversity | 4 | The questions cover various aspects of regular shapes, including their definition, geometric properties, and dimensionality, providing a diverse exploration of the concept. |","| Metric    | Score | Justification                                                                                                                      |
|-----------|-------|------------------------------------------------------------------------------------------------------------------------------------|
| Relevance | 5     | All questions directly pertain to the concept of a regular shape and its defining characteristics.                                 |
| Coherence | 4     | The questions progress logically from defining basic terms to exploring the dimensions and types of regular shapes.                  |
| Diversity | 4     | The questions cover various aspects of regular shapes including definitions, properties, and dimensional considerations.            |","

| Metric | Score | Justification |
|---|---|---|
| Coherence | 4 | The questions follow a logical progression from defining basic terms to exploring more complex aspects like dimensionality and variety of regular shapes. However, they could benefit from a stronger connection between the definition of a shape and the properties of angles and sides. |
| Relevance | 5 | All questions directly relate to the statement, focusing on clarifying key terms and expanding upon the concept of regular shapes. They effectively address various aspects of the statement without straying into tangential topics. |
| Divers"
"Imagine you are a human, this is the first time you are coming across this Maths Statement or Equation, you have no previous knowledge of it ""The number of vertices in a cube is eight.  "", what are the top 5 questions that would pop up in your head which would be most useful in learning about it as you are new to it. Give me a simple bullet point list, don't explain them or expand them","* What is a cube and how is it defined in mathematics?
* How are vertices defined in geometry?
* Is there a relationship between cubes and vertices in other dimensions?
* Can a cube have a different number of vertices through manipulation or distortion?
* Are there any exceptions or special cases where a cube might not have eight vertices?","| Metric | Score | Justification |
|---|---|---|
| Relevance | 4 | The questions are directly related to the statement about the number of vertices in a cube. |
| Coherence | 4 | The questions follow a logical order and build upon each other to explore different aspects of the statement. |
| Diversity | 3 | The questions cover a range of aspects related to the statement, including the definition of a cube, vertices, and the relationship between them. However, they could explore more theoretical or abstract implications. |","Relevance | 4 | The questions directly pertain to understanding the statement about the number of vertices in a cube.
Coherence | 4 | The questions flow logically and build upon each other in exploring the concept of cubes and vertices.
Diversity | 4 | The questions cover different aspects such as definitions, relationships, exceptions, and manipulations related to cubes and vertices.","

| Metric | Score | Justification                                                                                                                                                                                                                                                                                                                                                                                                                                                                                                                                                                                                                                                                                                                                                                                                                                                                                                                                                                                                                                                                                                                                                                                                                                                                                                                                                                                                                                                                                                                                                                                                                                                                                                                                                                                                                                                                                                                                                                "
"Imagine you are a human, this is the first time you are coming across this Maths Statement or Equation, you have no previous knowledge of it ""A fraction represents a part of a whole.  "", what are the top 5 questions that would pop up in your head which would be most useful in learning about it as you are new to it. Give me a simple bullet point list, don't explain them or expand them","* What is a fraction and how is it composed (numerator and denominator)?
* How does a fraction represent a part of a whole?
* Are there different types of fractions? If so, what are they?
* How can I compare and simplify fractions?
* How do I perform arithmetic operations with fractions?","| Metric | Score | Justification |
|---|---|---|
| Relevance | 5 | All five questions are directly related to the statement and aim to explore its key concepts. |
| Coherence | 4 | The questions follow a logical sequence, starting with the basic definition and progressing to more complex operations. |
| Diversity | 4 | The questions cover a range of aspects, including definition, representation, types, comparison, and operations. |","Metric | Score | Justification
Relevance | 5 | All questions directly address the core concept of fractions representing parts of a whole and related topics.
Coherence | 4 | The questions flow logically from defining fractions to understanding their representation and operations, with a slight jump in complexity between types of fractions and arithmetic operations.
Diversity | 4 | The questions cover various aspects of fractions, from basic definitions to comparisons, simplifications, and arithmetic operations, providing a well-rounded exploration of the topic.","

| Metric | Score | Justification                                                                                       |
|--------|-------|-----------------------------------------------------------------------------------------------|
| Relevance | 5     | All questions are directly related to the concept of fractions and their representation of parts of a whole. |
| Coherence | 4     | The questions follow a logical order, starting with basic composition and gradually moving towards more complex operations. However, the transition between some questions could be smoother. |
| Diversity | 5     | The questions cover various aspects of fractions, such as structure,"
"Imagine you are a human, this is the first time you are coming across this Maths Statement or Equation, you have no previous knowledge of it ""The difference between the largest and smallest values in a set is called the range."", what are the top 5 questions that would pop up in your head which would be most useful in learning about it as you are new to it. Give me a simple bullet point list, don't explain them or expand them","* What is a set in math terms?
* How do you determine the largest and smallest values in a set?
* Is there a specific order I need to follow when finding these values?
* Can a set only contain numbers or can it include other types of data?
* Are there any exceptions or special cases to consider with this concept?","| Metric      | Score | Justification |
| ----------- | ----- | ------------ |
| Relevance    | 3     | The questions are generally relevant to the concept of range, but some (e.g., ""Can a set only contain numbers or can it include other types of data?"") are less directly connected to the specific statement. |
| Coherence    | 4     | The questions mostly form a coherent line of inquiry, starting with a basic understanding of sets and progressing to more specific aspects of range. |
| Diversity    | 3     | The questions cover a range of aspects related to range, including definitions, procedures, and potential exceptions. However, they could delve deeper into applications or theoretical implications to improve diversity. |","Metric | Score | Justification
Relevance | 5 | All questions directly pertain to the concept of the range in a set and explore key components of the statement.
Coherence | 4 | The questions flow logically from defining a set to determining the largest and smallest values, with slight diversions in between.
Diversity | 4 | The questions cover a range of aspects related to the concept, including definitions, procedures, and special considerations.

Metric | Score | Justification
Relevance | 4 | The questions mostly pertain to the concept of range and sets, but some are slightly tangential.
Coherence | 3 | The questions do not flow seamlessly and lack a clear progression in inquiry.
Diversity | 3 | The questions could explore a wider range of aspects related to the concept of range and sets.

Metric | Score | Justification
Relevance | 5 | All questions directly explore elements of the statement regarding the difference between the largest and smallest values in a set.
Coherence | 5 | The questions follow a clear and logical sequence, building upon each other to deepen understanding.
Diversity | 5 | The questions cover a diverse range of aspects related to sets, ranges, and their relevance in mathematical contexts.

Metric | Score |","

| Metric | Score | Justification |
|---|---|---|
| Relevance | 4 | All questions are directly related to understanding the concept of range, asking about fundamental components like sets, values, and order. However, some questions could be more specific to ranges, such as asking about calculations or examples. |
| Coherence | 5 | The questions follow a logical progression, starting with defining a set and moving towards determining values and considering special cases. This structure allows for a clear understanding of the concept. |
| Diversity | 4 | The questions cover various aspects of"
"Imagine you are a human, this is the first time you are coming across this Maths Statement or Equation, you have no previous knowledge of it """", what are the top 5 questions that would pop up in your head which would be most useful in learning about it as you are new to it. Give me a simple bullet point list, don't explain them or expand them","* What does the notation ""∫"" represent in mathematics?
* What is the function being integrated in this equation?
* What are the variable and limits of integration?
* What is the meaning of the differential ""dx""?
* What is the antiderivative or integral of the given function?","| Metric | Score | Justification |
|---|---|---|
| Relevance | 5 | All five questions pertain directly to the key elements of the math statement, showing clear understanding of the equation. |
| Coherence | 4 | The questions form a logical sequence that progresses from understanding the basic notational conventions to exploring the function, integration limits, differential, and antiderivative. |
| Diversity | 4 | The questions cover a broad range of aspects, including notational meaning, function identification, integration parameters, and both the derivative and antiderivative aspects of integration, showcasing a diverse exploration of the key concepts. |","| Metric   | Score | Justification                                                     |
|----------|-------|-------------------------------------------------------------------|
| Relevance | 5     | All questions directly relate to understanding the given equation |
| Coherence | 4     | Follows a logical progression in exploring the integral concept  |
| Diversity | 4     | Covers key aspects like notation, function, limits, and antiderivative |","

| Metric | Score | Justification |
|---|---|---|
| Coherence | 4 | The questions follow a logical order, starting with basic terminology and gradually moving towards more specific components of the equation. |
| Relevance | 5 | All questions directly relate to the provided equation, aiming to clarify its structure and purpose. |
| Diversity | 4 | The questions cover various aspects of the equation, such as notation, functions, variables, and antiderivatives, providing a comprehensive introduction to the topic. |"
"Imagine you are a human, this is the first time you are coming across this Maths Statement or Equation, you have no previous knowledge of it """", what are the top 5 questions that would pop up in your head which would be most useful in learning about it as you are new to it. Give me a simple bullet point list, don't explain them or expand them","* What does the notation ""∫"" represent in mathematics?
* What is the function being integrated in the equation?
* What are the variable and limits of integration?
* What is the meaning of the differential ""dx""?
* What is the result or solution of the integral?","| Metric | Score | Justification |
|---|---|---|
| Relevance | 5 | All questions directly relate to the notation and process of integration. |
| Coherence | 5 | The questions follow a logical progression from notation to function, variables, differential, and solution. |
| Diversity | 4 | The questions cover various aspects of integration, including notation, function, limits, differential, and result. However, they could explore more theoretical underpinnings or applications. |","Metric | Score | Justification
Relevance | 5 | All questions directly address components of the given statement about the unfamiliar Math equation.
Coherence | 4 | The questions progress logically in understanding the integral equation, but a more structured sequence could enhance coherence.
Diversity | 4 | The questions cover various aspects of the integral equation, offering a broad exploration for a beginner.

Overall, the questions effectively meet the relevance and diversity criteria but could improve coherence by refining the sequence for better understanding.","

| Metric | Score | Justification                                                                 |
|--------|-------|-----------------------------------------------------------------------------|
| Relevance | 5     | All questions are directly related to understanding the equation and its components. |
| Coherence | 4     | The questions follow a logical order, moving from basic notation to final result. |
| Diversity | 5     | Each question explores a unique aspect of the equation, providing comprehensive coverage. |"
"Imagine you are a human, this is the first time you are coming across this Maths Statement or Equation, you have no previous knowledge of it """", what are the top 5 questions that would pop up in your head which would be most useful in learning about it as you are new to it. Give me a simple bullet point list, don't explain them or expand them","* What does the notation ""∫"" represent in mathematics?
* What is the function being integrated in this equation?
* What are the variable and limits of integration?
* What is the meaning of the differential ""dx""?
* What is the antiderivative or integral of the given function?","| Metric | Score | Justification |
|---|---|---|
| Relevance | 5 | All questions directly relate to core concepts in integration |
| Coherence | 4 | Questions follow a logical sequence from basic concepts to more specific details |
| Diversity | 3 | Questions cover a range of aspects but could delve deeper into theoretical underpinnings and applications |","| Metric   | Score | Justification                                                                                           |
|----------|-------|---------------------------------------------------------------------------------------------------------|
| Relevance| 5     | All questions directly address fundamental concepts of integration and the specific equation given.     |
| Coherence| 5     | The questions follow a logical progression from defining integration to solving the given equation.     |
| Diversity| 4     | The questions cover various aspects of integration, but could benefit from exploring real-world applications. |","

| Metric | Score | Justification |
|---|---|---|
| Coherence | 4 | The questions follow a logical order, starting with basic terminology and gradually moving towards more specific components of the equation. |
| Relevance | 5 | All questions relate directly to the provided equation, addressing fundamental concepts required to understand it. |
| Diversity | 4 | The questions cover various aspects of the equation, such as notation, functions, variables, and antiderivatives. However, some questions may overlap in terms of scope. |"
"Imagine you are a human, this is the first time you are coming across this Maths Statement or Equation, you have no previous knowledge of it """", what are the top 5 questions that would pop up in your head which would be most useful in learning about it as you are new to it. Give me a simple bullet point list, don't explain them or expand them","* What does the notation ""∫"" represent in mathematics?
* What is the function being integrated in this equation?
* What are the variable and limits of integration?
* What is the meaning of the differential ""dx""?
* What is the antiderivative or integral of the given function?","| Metric | Score | Justification |
|---|---|---|
| Relevance | 5 | The questions are directly relevant to understanding the integral notation, function, variable, limits, and differential, which are core concepts in the statement. |
| Coherence | 4 | The questions flow logically from the basic to the more specific, starting with the general notation and moving on to the specific components of the integral. |
| Diversity | 5 | The questions cover a wide range of aspects related to the integral, from the meaning of the notation to the specific function being integrated. |","| Metric   | Score | Justification                                                                                           |
|----------|-------|--------------------------------------------------------------------------------------------------------|
| Relevance | 5     | All questions directly pertain to understanding the mathematics statement and related concepts.      |
| Coherence | 4     | The questions form a logical progression in understanding integration, but could be more structured.   |
| Diversity | 4     | The questions cover different aspects of integration, but could include more real-world applications. |","

| Metric | Score | Justification |
|---|---|---|
| Coherence | 4 | The questions follow a logical order, starting with basic terminology and gradually moving towards more specific components of the equation. |
| Relevance | 5 | All questions relate directly to the provided equation, addressing key elements such as notation, variables, and functions. |
| Diversity | 4 | The questions cover various aspects of the equation, though there may be room for further exploration of its potential applications or real-world significance. |"
"Imagine you are a human, this is the first time you are coming across this Maths Statement or Equation, you have no previous knowledge of it """", what are the top 5 questions that would pop up in your head which would be most useful in learning about it as you are new to it. Give me a simple bullet point list, don't explain them or expand them","* What does the notation ""∫"" represent in mathematics?
* What is the function being integrated in this equation?
* What are the variable and limits of integration?
* What is the meaning of the differential ""dx""?
* What is the antiderivative or integral of the given function?","| Metric | Score | Justification |
|---|---|---|
| Relevance | 5 | All questions directly relate to the basic components and concepts of the mathematical statement, focusing on the notation, function, variables, and their significance. |
| Coherence | 5 | The questions progress logically, starting with the notation and moving on to the function, variables, and the antiderivative. This order facilitates a structured understanding of the statement. |
| Diversity | 4 | The questions cover a range of aspects, including the notation, function, variables, differential, and antiderivative. They provide a comprehensive exploration of the statement's key elements. |","Relevance     | 5 | The questions directly relate to the elements of the statement, focusing on understanding the integral notation, function, limits, differential, and antiderivative.
Coherence     | 4 | The questions progress logically from understanding the notation to the function, limits, and finally the antiderivative, but may benefit from slightly clearer thematic connection.
Diversity     | 4 | The questions cover a range of aspects related to integrals, including notation, function, limits, differential, and antiderivative, offering a diverse exploration of the topic.","

| Metric | Score | Justification                                                                           |
|--------|-------|-----------------------------------------------------------------------------------|
| Relevance | 5     | All questions are directly related to understanding the equation and its components. |
| Coherence | 4     | The questions follow a logical order, moving from basic terminology to more specific parts of the equation. |
| Diversity | 5     | Each question explores a unique aspect of the equation, providing a comprehensive overview. |"
"Imagine you are a human, this is the first time you are coming across this Maths Statement or Equation, you have no previous knowledge of it """", what are the top 5 questions that would pop up in your head which would be most useful in learning about it as you are new to it. Give me a simple bullet point list, don't explain them or expand them","* What does the notation ""∫"" represent in mathematics?
* What is the function being integrated in this equation?
* What are the variable and limits of integration?
* What is the meaning of the differential ""dx""?
* What is the antiderivative or integral of the given function?","| Metric | Score | Justification |
|---|---|---|
| Relevance | 3 | The questions are directly related to the mathematical equation, addressing its key elements. However, they do not delve into the theoretical or practical implications of the equation. |
| Coherence | 3 | The questions follow a logical sequence, from understanding the notation to identifying the function and variables involved. However, they could be more interconnected, such as explaining how the limits of integration relate to the function. |
| Diversity | 2 | The questions cover the basic components of the equation, but do not explore its applications or connections to other mathematical concepts. Expanding the scope of the questions would enhance diversity. |","| Metric    | Score | Justification                                                                                                      |
|-----------|-------|--------------------------------------------------------------------------------------------------------------------|
| Relevance | 5     | All questions directly pertain to understanding the given Maths statement.                                       |
| Coherence | 4     | The questions form a logical progression from defining notation to finding the integral of the given function.    |
| Diversity | 4     | The questions cover various aspects of the integral notation and function, offering a broad exploration of the topic. |","

| Metric | Score | Justification                                                                 |
|--------|-------|-----------------------------------------------------------------------------|
| Relevance | 5     | All questions are directly related to understanding the equation and its components. |
| Coherence | 4     | The questions follow a logical order, moving from basic notation to more specific components of the equation. However, some connections could be made clearer between questions. |
| Diversity | 5     | The questions cover various aspects of the equation, providing a comprehensive overview for someone unfamiliar with it.                                           |"
"Imagine you are a human, this is the first time you are coming across this Maths Statement or Equation, you have no previous knowledge of it """", what are the top 5 questions that would pop up in your head which would be most useful in learning about it as you are new to it. Give me a simple bullet point list, don't explain them or expand them","* What does the notation ""∫"" represent in mathematics?
* What is the function being integrated in this equation?
* What are the variable and limits of integration?
* What is the meaning of the differential ""dx""?
* What is the antiderivative or integral of the given function?","| Metric | Score | Justification |
| --------- | ----------- | ----------- |
| Relevance | 4 | The questions directly target the elements and concepts present in the equation, such as integration notation, function, variable, differential, and antiderivative. |
| Coherence | 5 | The questions logically progress from defining the integral notation to exploring the function, variable, and limits of integration, leading to the concept of antiderivative. |
| Diversity | 3 | The questions cover a range of aspects related to the equation, including notation, function, variable, differential, and antiderivative, but could delve further into applications or theoretical underpinnings. |","Coherence | 4 | The questions progress logically from understanding the integral notation to the function being integrated and then to the meaning of the differentials and antiderivatives. 
Relevance | 5 | Each question directly relates to elements within the given statement about the unknown equation, focusing on clarifying its components and meaning.
Diversity | 4 | The questions cover different aspects such as notation, function, limits, differentials, and antiderivatives, providing a well-rounded exploration of the statement.","

| Metric | Score | Justification |
|---|---|---|
| Coherence | 4 | The questions follow a logical order, starting with basic terminology and gradually moving towards more specific components of the equation. |
| Relevance | 5 | All questions relate directly to the provided equation, addressing key elements such as notation, variables, and functions. |
| Diversity | 4 | The questions cover various aspects of the equation, providing a comprehensive introduction to the topic. However, some connections between the questions could be strengthened to improve overall diversity. |"
"Imagine you are a human, this is the first time you are coming across this Maths Statement or Equation, you have no previous knowledge of it """", what are the top 5 questions that would pop up in your head which would be most useful in learning about it as you are new to it. Give me a simple bullet point list, don't explain them or expand them","* What does the notation ""∫"" represent in mathematics?
* What is the function being integrated in this equation?
* What are the variable and limits of integration?
* What is the meaning of the differential ""dx""?
* What is the antiderivative or integral of the given function?","| Metric | Score | Justification |
|---|---|---|
| Relevance | 5 | The questions directly address key elements of the integral notation, including the integral symbol, integrand, integration variable, differential, and antiderivative. |
| Coherence | 4 | The questions form a logical sequence, progressing from defining the integral notation to its components and interpretation, providing a structured exploration of the topic. |
| Diversity | 5 | The questions cover a broad range of aspects, from the notation itself to the function, variable, differential, and antiderivative, offering a multi-faceted understanding of the integral. |","| Metric    | Score | Justification                                                                                   |
|-----------|-------|-------------------------------------------------------------------------------------------------|
| Relevance | 5     | All questions directly address key components of the given statement.                          |
| Coherence | 4     | The questions flow logically and build upon previous knowledge in a progressive manner.      |
| Diversity | 3     | While the questions cover various aspects of integration, they could explore applications more. |","

| Metric | Score | Justification                                                                                           |
|--------|-------|---------------------------------------------------------------------------------------------------|
| Relevance | 5     | All questions are directly related to understanding the equation and its components.                |
| Coherence | 4     | The questions follow a logical order, starting with basic notation then moving towards the function and variables. |
| Diversity | 5     | A wide range of aspects are covered, including notation, function, variables, and antiderivatives. |"
